ano,id_municipio,rede,qtd_avaliados,qtd_alfabetizados,media_proficiencia
2024,1100015,municipal,275,186,752.5
2024,1100023,municipal,1066,699,748.2
2024,1100031,municipal,75,57,759.7
2024,1100049,estadual,155,104,748.5
2024,1100049,municipal,796,524,747.6
2024,1100056,municipal,244,163,749.7
2024,1100064,municipal,175,126,755.8
2024,1100072,municipal,129,94,759.6
2024,1100080,municipal,197,117,744.5
2024,1100098,estadual,63,40,743.9
2024,1100098,municipal,329,234,757.4
2024,1100106,estadual,54,36,743.8
2024,1100106,municipal,434,187,729.4
2024,1100114,estadual,36,30,766.4
2024,1100114,municipal,559,358,745.9
2024,1100122,estadual,677,398,743.9
2024,1100122,municipal,804,585,757.5
2024,1100130,municipal,405,262,748.2
2024,1100148,municipal,240,181,753.5
2024,1100155,municipal,362,240,749.7
2024,1100189,municipal,472,383,761.8
2024,1100205,estadual,268,186,755.3
2024,1100205,municipal,5154,2620,733.7
2024,1100254,estadual,58,35,742.9
2024,1100254,municipal,144,102,751.4
2024,1100262,municipal,62,39,743.6
2024,1100288,estadual,62,40,743.5
2024,1100288,municipal,611,459,757.5
2024,1100296,municipal,78,65,763.6
2024,1100304,municipal,1319,945,753.7
2024,1100320,municipal,302,209,754.5
2024,1100338,municipal,404,183,729.3
2024,1100346,estadual,36,28,758.8
2024,1100346,municipal,108,71,744.8
2024,1100379,municipal,186,148,759.1
2024,1100403,municipal,171,103,743.4
2024,1100452,municipal,438,317,753.3
2024,1100502,municipal,102,72,751.8
2024,1100601,municipal,68,54,754.9
2024,1100700,municipal,163,117,755.5
2024,1100809,municipal,366,189,733.5
2024,1100908,municipal,50,33,745.8
2024,1100924,municipal,154,112,751.5
2024,1100940,municipal,260,176,751.0
2024,1101005,municipal,124,88,753.3
2024,1101104,municipal,160,113,754.4
2024,1101203,municipal,82,57,752.0
2024,1101302,municipal,130,96,753.3
2024,1101401,municipal,172,120,747.4
2024,1101435,municipal,85,60,751.7
2024,1101450,municipal,59,42,751.3
2024,1101468,municipal,36,21,739.5
2024,1101476,municipal,59,34,742.1
2024,1101484,municipal,53,42,760.9
2024,1101492,municipal,264,166,751.0
2024,1101500,municipal,186,123,746.2
2024,1101559,municipal,53,35,754.2
2024,1101609,municipal,114,90,758.2
2024,1101708,municipal,146,89,749.5
2024,1101757,municipal,115,64,740.4
2024,1101807,municipal,78,34,735.5
2024,1200013,municipal,180,107,746.1
2024,1200054,municipal,103,51,737.6
2024,1200104,estadual,78,42,744.3
2024,1200104,municipal,307,143,737.0
2024,1200138,estadual,31,6,714.6
2024,1200138,municipal,145,39,709.0
2024,1200179,municipal,151,53,715.1
2024,1200203,estadual,557,342,750.8
2024,1200203,municipal,546,230,732.2
2024,1200252,municipal,293,153,737.1
2024,1200302,estadual,218,159,763.7
2024,1200302,municipal,173,92,742.4
2024,1200328,estadual,51,21,726.2
2024,1200328,municipal,46,9,715.4
2024,1200336,municipal,215,82,733.4
2024,1200344,municipal,189,80,732.1
2024,1200351,municipal,136,85,751.8
2024,1200385,estadual,52,22,731.5
2024,1200385,municipal,162,55,718.7
2024,1200393,municipal,87,35,729.4
2024,1200401,estadual,3090,1671,741.4
2024,1200401,municipal,1401,779,743.2
2024,1200427,municipal,143,56,731.5
2024,1200435,municipal,58,9,702.8
2024,1200450,estadual,165,84,736.0
2024,1200450,municipal,115,50,728.2
2024,1200500,estadual,23,15,753.3
2024,1200500,municipal,459,298,751.8
2024,1200609,estadual,122,85,754.6
2024,1200609,municipal,497,225,732.4
2024,1200708,estadual,99,52,739.3
2024,1200708,municipal,106,55,742.5
2024,1200807,municipal,236,94,724.9
2024,1300029,estadual,86,56,742.1
2024,1300029,municipal,148,87,739.4
2024,1300060,municipal,176,114,743.9
2024,1300086,estadual,27,21,759.2
2024,1300086,municipal,32,17,742.5
2024,1300102,estadual,88,62,751.1
2024,1300102,municipal,189,146,759.1
2024,1300144,estadual,100,79,757.7
2024,1300144,municipal,145,71,734.2
2024,1300201,municipal,164,138,765.8
2024,1300300,estadual,145,67,733.9
2024,1300300,municipal,132,46,726.0
2024,1300409,estadual,53,39,750.4
2024,1300409,municipal,173,66,725.9
2024,1300508,estadual,113,30,716.5
2024,1300508,municipal,297,72,709.2
2024,1300607,estadual,116,67,746.1
2024,1300607,municipal,664,228,725.4
2024,1300631,estadual,95,76,758.7
2024,1300631,municipal,132,107,758.9
2024,1300680,estadual,31,21,751.7
2024,1300680,municipal,147,47,723.0
2024,1300706,estadual,154,87,745.2
2024,1300706,municipal,194,87,731.0
2024,1300805,estadual,202,109,736.8
2024,1300805,municipal,129,29,713.8
2024,1300839,estadual,52,24,734.3
2024,1300839,municipal,71,15,703.7
2024,1300904,estadual,44,42,774.5
2024,1300904,municipal,121,86,753.0
2024,1301001,estadual,139,106,754.3
2024,1301001,municipal,201,99,730.6
2024,1301100,estadual,83,48,742.4
2024,1301100,municipal,91,16,706.1
2024,1301159,estadual,18,10,747.0
2024,1301159,municipal,94,26,715.4
2024,1301209,estadual,498,238,735.1
2024,1301209,municipal,434,142,720.6
2024,1301308,estadual,116,70,738.3
2024,1301308,municipal,172,70,729.5
2024,1301407,estadual,251,139,737.1
2024,1301407,municipal,164,39,709.3
2024,1301506,estadual,96,79,759.7
2024,1301506,municipal,138,27,709.7
2024,1301605,estadual,78,56,748.8
2024,1301605,municipal,164,58,724.7
2024,1301654,municipal,158,86,739.5
2024,1301704,estadual,96,58,742.7
2024,1301704,municipal,666,381,740.6
2024,1301803,estadual,41,29,751.6
2024,1301803,municipal,207,131,749.3
2024,1301852,estadual,124,67,737.9
2024,1301852,municipal,761,262,721.2
2024,1301902,estadual,251,190,756.8
2024,1301902,municipal,897,383,726.1
2024,1301951,estadual,15,13,761.4
2024,1301951,municipal,105,86,761.2
2024,1302009,estadual,62,18,721.4
2024,1302009,municipal,51,17,725.8
2024,1302108,estadual,18,15,767.8
2024,1302108,municipal,77,71,773.1
2024,1302207,estadual,86,42,732.7
2024,1302207,municipal,51,23,730.2
2024,1302306,estadual,74,44,744.3
2024,1302306,municipal,286,88,720.6
2024,1302405,estadual,149,106,753.9
2024,1302405,municipal,318,213,747.4
2024,1302504,estadual,250,119,732.5
2024,1302504,municipal,1030,384,725.9
2024,1302553,municipal,186,38,712.2
2024,1302603,estadual,4459,2520,740.4
2024,1302603,municipal,18666,9359,734.4
2024,1302702,estadual,206,143,751.2
2024,1302702,municipal,351,200,740.8
2024,1302801,estadual,84,47,742.8
2024,1302801,municipal,100,48,739.0
2024,1302900,estadual,201,127,741.7
2024,1302900,municipal,329,151,730.6
2024,1303007,estadual,52,33,742.4
2024,1303007,municipal,84,48,741.7
2024,1303106,estadual,102,49,734.7
2024,1303106,municipal,202,66,725.2
2024,1303205,estadual,49,34,751.8
2024,1303205,municipal,198,113,738.5
2024,1303304,estadual,131,73,742.1
2024,1303304,municipal,121,62,736.0
2024,1303403,estadual,556,428,758.2
2024,1303403,municipal,799,410,737.2
2024,1303502,municipal,207,100,732.9
2024,1303536,municipal,450,152,717.3
2024,1303569,municipal,356,166,733.9
2024,1303601,estadual,61,23,724.8
2024,1303601,municipal,75,27,722.6
2024,1303700,estadual,68,43,750.5
2024,1303700,municipal,487,185,728.0
2024,1303809,estadual,349,177,730.9
2024,1303809,municipal,340,107,717.9
2024,1303908,estadual,140,81,744.6
2024,1303908,municipal,637,204,720.9
2024,1303957,estadual,41,30,757.9
2024,1303957,municipal,81,24,723.2
2024,1304005,estadual,15,12,768.7
2024,1304005,municipal,166,64,728.3
2024,1304062,estadual,229,118,733.9
2024,1304062,municipal,927,350,726.0
2024,1304104,estadual,71,34,737.3
2024,1304104,municipal,184,95,736.1
2024,1304203,estadual,416,238,742.8
2024,1304203,municipal,790,291,725.4
2024,1304237,municipal,296,89,718.5
2024,1304260,estadual,55,21,730.9
2024,1304260,municipal,144,16,702.6
2024,1304302,estadual,26,21,765.2
2024,1304302,municipal,154,114,754.6
2024,1304401,estadual,39,12,715.0
2024,1304401,municipal,218,101,735.4
2024,1500107,municipal,1270,455,722.1
2024,1500131,municipal,93,51,735.8
2024,1500206,municipal,517,216,729.7
2024,1500305,municipal,615,235,725.4
2024,1500347,municipal,185,95,735.8
2024,1500404,estadual,20,9,732.6
2024,1500404,municipal,725,252,720.3
2024,1500503,municipal,355,138,726.6
2024,1500602,municipal,1559,707,730.6
2024,1500701,municipal,339,115,719.7
2024,1500800,estadual,1086,600,738.2
2024,1500800,municipal,3028,1597,736.6
2024,1500859,municipal,318,154,732.6
2024,1500909,municipal,512,225,729.7
2024,1500958,municipal,216,120,739.1
2024,1501006,municipal,106,68,746.1
2024,1501105,municipal,276,147,739.0
2024,1501204,municipal,261,100,726.8
2024,1501253,municipal,53,25,731.7
2024,1501303,municipal,1438,568,724.4
2024,1501402,estadual,4530,2603,741.3
2024,1501402,municipal,4086,1883,730.2
2024,1501451,municipal,197,113,743.1
2024,1501501,estadual,11,7,747.1
2024,1501501,municipal,1017,664,746.5
2024,1501576,municipal,178,92,735.9
2024,1501600,municipal,86,28,725.0
2024,1501709,municipal,1230,455,724.7
2024,1501725,municipal,207,181,771.8
2024,1501758,municipal,91,69,757.5
2024,1501782,municipal,503,254,737.0
2024,1501808,municipal,990,550,739.2
2024,1501907,municipal,229,118,737.1
2024,1501956,municipal,141,73,732.4
2024,1502004,estadual,15,9,736.1
2024,1502004,municipal,192,64,722.7
2024,1502103,municipal,1141,446,723.0
2024,1502152,municipal,1402,913,748.0
2024,1502202,estadual,30,16,740.7
2024,1502202,municipal,622,370,743.1
2024,1502301,municipal,465,228,734.8
2024,1502400,municipal,1890,623,717.8
2024,1502509,municipal,196,145,754.0
2024,1502608,municipal,97,36,723.2
2024,1502707,estadual,17,9,742.5
2024,1502707,municipal,489,248,733.5
2024,1502756,municipal,250,136,739.2
2024,1502764,municipal,155,70,737.2
2024,1502772,municipal,271,197,755.1
2024,1502806,municipal,510,123,709.0
2024,1502855,municipal,172,73,720.7
2024,1502905,municipal,315,105,720.0
2024,1502939,municipal,510,353,751.2
2024,1502954,municipal,292,148,731.7
2024,1503002,municipal,148,77,740.5
2024,1503044,municipal,228,154,750.0
2024,1503077,municipal,340,112,714.2
2024,1503093,municipal,300,127,728.8
2024,1503101,municipal,473,181,725.2
2024,1503200,estadual,60,42,752.0
2024,1503200,municipal,243,98,727.0
2024,1503309,municipal,630,260,724.2
2024,1503408,municipal,98,45,724.3
2024,1503457,municipal,328,141,724.5
2024,1503507,municipal,198,98,735.3
2024,1503606,municipal,1827,1082,742.0
2024,1503705,municipal,486,215,732.6
2024,1503754,municipal,187,47,716.1
2024,1503804,municipal,464,176,725.6
2024,1503903,estadual,20,4,723.9
2024,1503903,municipal,762,389,738.9
2024,1504000,municipal,256,122,732.0
2024,1504059,municipal,367,172,734.9
2024,1504109,municipal,60,36,748.6
2024,1504208,municipal,2997,1519,735.6
2024,1504307,municipal,197,94,728.6
2024,1504406,municipal,189,86,729.8
2024,1504422,municipal,1472,721,732.5
2024,1504455,municipal,292,141,731.9
2024,1504505,municipal,354,101,714.2
2024,1504604,municipal,294,110,723.4
2024,1504703,municipal,769,264,717.4
2024,1504752,municipal,178,78,730.9
2024,1504802,municipal,732,342,733.0
2024,1504901,municipal,592,199,722.4
2024,1504950,municipal,218,109,731.8
2024,1504976,municipal,182,96,741.1
2024,1505007,municipal,120,62,730.1
2024,1505031,municipal,466,265,740.8
2024,1505064,municipal,707,339,732.8
2024,1505106,municipal,538,290,740.6
2024,1505205,municipal,373,116,715.3
2024,1505304,municipal,734,225,716.1
2024,1505403,estadual,18,7,733.2
2024,1505403,municipal,129,73,738.5
2024,1505437,municipal,425,226,736.6
2024,1505486,municipal,500,227,731.9
2024,1505494,municipal,57,25,725.8
2024,1505502,municipal,1446,820,741.5
2024,1505536,municipal,2854,1412,734.5
2024,1505551,municipal,64,31,733.3
2024,1505601,municipal,70,59,763.2
2024,1505635,municipal,153,87,739.2
2024,1505650,municipal,196,109,741.6
2024,1505700,estadual,52,32,748.2
2024,1505700,municipal,244,139,741.3
2024,1505809,municipal,766,312,726.4
2024,1505908,municipal,430,349,763.9
2024,1506005,municipal,452,196,730.4
2024,1506104,municipal,133,66,736.2
2024,1506112,municipal,143,68,730.2
2024,1506138,municipal,1080,629,741.0
2024,1506161,municipal,219,123,739.3
2024,1506187,municipal,376,259,750.8
2024,1506195,municipal,320,175,740.5
2024,1506203,municipal,525,265,734.9
2024,1506302,municipal,191,95,731.9
2024,1506351,municipal,256,119,728.9
2024,1506401,municipal,104,54,742.8
2024,1506500,municipal,766,262,722.5
2024,1506559,municipal,158,63,729.0
2024,1506583,municipal,246,104,731.0
2024,1506609,municipal,237,94,726.5
2024,1506708,municipal,561,328,744.9
2024,1506807,municipal,4040,2072,736.5
2024,1506906,municipal,61,48,757.3
2024,1507003,municipal,331,105,720.5
2024,1507102,municipal,140,98,751.9
2024,1507151,municipal,194,78,727.5
2024,1507201,municipal,184,61,721.2
2024,1507300,municipal,704,218,717.5
2024,1507409,municipal,103,39,719.6
2024,1507458,municipal,315,164,737.5
2024,1507466,municipal,20,9,727.9
2024,1507474,municipal,222,90,726.6
2024,1507508,municipal,197,70,722.0
2024,1507607,municipal,676,335,734.0
2024,1507706,municipal,377,179,732.6
2024,1507755,municipal,84,60,757.5
2024,1507805,municipal,327,117,717.4
2024,1507904,municipal,395,207,735.6
2024,1507953,municipal,1000,379,721.8
2024,1507961,municipal,72,36,732.4
2024,1507979,municipal,313,205,750.2
2024,1508001,municipal,1105,547,733.2
2024,1508035,municipal,193,72,727.3
2024,1508050,municipal,227,141,742.8
2024,1508084,municipal,467,227,735.8
2024,1508100,municipal,1132,507,729.8
2024,1508126,municipal,377,232,746.6
2024,1508159,municipal,397,242,742.2
2024,1508209,municipal,447,169,723.0
2024,1508308,municipal,682,261,724.4
2024,1508357,municipal,263,184,750.0
2024,1508407,municipal,599,295,731.9
2024,1600055,municipal,49,36,768.6
2024,1600105,estadual,9,2,718.8
2024,1600105,municipal,103,20,713.9
2024,1600154,municipal,184,81,736.2
2024,1600204,estadual,24,11,740.0
2024,1600204,municipal,154,60,732.4
2024,1600212,municipal,82,44,742.9
2024,1600238,estadual,11,4,723.4
2024,1600238,municipal,139,104,777.6
2024,1600253,municipal,105,46,733.5
2024,1600279,municipal,539,214,732.4
2024,1600303,estadual,2298,865,727.7
2024,1600303,municipal,4238,2083,742.7
2024,1600402,municipal,347,153,737.3
2024,1600501,municipal,384,81,710.4
2024,1600535,estadual,83,45,753.5
2024,1600535,municipal,254,186,773.8
2024,1600550,municipal,48,15,718.2
2024,1600600,estadual,487,232,741.3
2024,1600600,municipal,1222,676,750.7
2024,1600709,estadual,15,4,710.5
2024,1600709,municipal,269,253,802.8
2024,1600808,municipal,170,60,723.4
2024,1700251,municipal,28,21,762.1
2024,1700301,municipal,77,32,731.3
2024,1700350,municipal,65,49,765.3
2024,1700400,municipal,126,61,736.1
2024,1700707,municipal,110,79,760.3
2024,1701002,municipal,145,68,739.9
2024,1701051,municipal,34,20,751.1
2024,1701101,municipal,70,25,730.7
2024,1701309,municipal,55,29,741.5
2024,1701903,municipal,84,41,742.9
2024,1702000,municipal,59,24,725.3
2024,1702109,municipal,1972,996,744.0
2024,1702158,municipal,63,24,729.5
2024,1702208,municipal,312,158,746.1
2024,1702307,municipal,65,44,757.6
2024,1702406,municipal,85,52,748.4
2024,1702554,municipal,191,114,752.1
2024,1702703,municipal,29,12,738.9
2024,1702901,municipal,97,39,736.8
2024,1703008,municipal,68,13,704.2
2024,1703057,municipal,45,17,726.2
2024,1703073,municipal,72,13,712.3
2024,1703107,municipal,68,34,740.8
2024,1703206,municipal,56,33,756.4
2024,1703305,municipal,59,17,722.0
2024,1703602,municipal,29,20,764.6
2024,1703701,municipal,63,31,739.3
2024,1703800,municipal,113,57,739.2
2024,1703826,municipal,25,16,748.6
2024,1703842,municipal,148,57,730.3
2024,1703867,municipal,57,30,749.3
2024,1703883,municipal,36,10,726.2
2024,1703891,municipal,34,8,717.3
2024,1703909,municipal,60,19,721.1
2024,1704105,municipal,30,20,751.1
2024,1704600,municipal,16,1,709.6
2024,1705102,municipal,42,22,746.0
2024,1705508,municipal,442,247,750.0
2024,1705557,municipal,55,31,746.8
2024,1705607,municipal,69,25,730.7
2024,1706001,municipal,74,36,740.7
2024,1706100,municipal,89,55,747.0
2024,1706258,municipal,23,19,780.8
2024,1706506,municipal,82,37,732.7
2024,1707009,municipal,233,143,751.6
2024,1707108,municipal,85,52,754.2
2024,1707207,municipal,62,33,749.1
2024,1707306,municipal,50,34,759.9
2024,1707405,municipal,99,47,743.4
2024,1707553,municipal,37,21,755.0
2024,1707652,municipal,62,32,745.9
2024,1707702,municipal,55,7,689.5
2024,1708205,municipal,176,80,740.9
2024,1708254,municipal,66,34,740.0
2024,1708304,municipal,41,16,725.4
2024,1709005,municipal,127,49,735.3
2024,1709302,municipal,209,101,737.6
2024,1709500,municipal,728,393,746.1
2024,1709500,privada,24,16,756.6
2024,1709807,municipal,14,3,703.6
2024,1710508,municipal,44,18,736.0
2024,1710706,municipal,49,9,704.6
2024,1710904,municipal,45,24,745.9
2024,1711100,municipal,25,6,721.5
2024,1711506,municipal,32,20,756.5
2024,1711803,municipal,36,18,738.9
2024,1711902,municipal,177,63,729.4
2024,1711951,municipal,52,8,694.4
2024,1712009,municipal,55,21,729.6
2024,1712157,municipal,29,17,759.7
2024,1712405,municipal,21,4,708.6
2024,1712454,municipal,47,23,742.6
2024,1712504,municipal,58,21,727.1
2024,1712702,municipal,22,2,685.0
2024,1712801,municipal,38,8,712.1
2024,1713205,municipal,135,63,746.3
2024,1713304,municipal,132,83,751.9
2024,1713601,municipal,64,13,718.7
2024,1713700,municipal,26,12,739.9
2024,1713809,municipal,82,41,737.6
2024,1713957,municipal,32,16,741.9
2024,1714203,municipal,104,46,740.3
2024,1714302,municipal,50,17,724.3
2024,1714880,municipal,164,67,732.9
2024,1715002,municipal,29,16,756.9
2024,1715101,municipal,47,17,725.1
2024,1715150,municipal,24,17,768.6
2024,1715259,municipal,34,21,753.6
2024,1715507,municipal,19,6,742.3
2024,1715705,municipal,81,25,719.7
2024,1715754,municipal,81,63,772.7
2024,1716109,municipal,611,388,757.8
2024,1716208,municipal,120,82,756.7
2024,1716307,municipal,58,22,730.4
2024,1716505,municipal,231,131,749.6
2024,1716604,municipal,63,27,746.3
2024,1716653,municipal,55,34,755.5
2024,1716703,municipal,59,36,756.5
2024,1717008,municipal,56,19,718.1
2024,1717206,municipal,22,12,740.3
2024,1717503,municipal,64,28,743.1
2024,1717800,municipal,42,19,731.6
2024,1717909,municipal,99,31,722.1
2024,1718006,municipal,47,18,728.3
2024,1718204,municipal,713,314,734.4
2024,1718303,municipal,39,15,732.3
2024,1718402,municipal,45,26,741.9
2024,1718451,municipal,22,9,720.4
2024,1718501,municipal,48,24,738.4
2024,1718550,municipal,51,28,754.4
2024,1718659,municipal,35,7,714.1
2024,1718709,municipal,39,18,742.5
2024,1718758,municipal,71,19,714.1
2024,1718808,municipal,85,37,735.0
2024,1718840,municipal,45,24,757.3
2024,1718865,municipal,70,22,729.1
2024,1718881,municipal,41,16,739.9
2024,1718899,municipal,30,13,739.7
2024,1718907,municipal,75,28,730.4
2024,1719004,municipal,49,12,715.9
2024,1720002,municipal,42,24,753.8
2024,1720101,municipal,76,40,743.6
2024,1720150,municipal,21,13,750.1
2024,1720200,municipal,165,61,729.1
2024,1720259,municipal,45,27,751.4
2024,1720309,municipal,49,29,745.7
2024,1720499,municipal,41,19,743.8
2024,1720655,municipal,75,28,731.6
2024,1720804,municipal,144,73,744.0
2024,1720853,municipal,29,17,751.6
2024,1720903,municipal,173,73,735.0
2024,1720937,municipal,27,15,752.3
2024,1720978,municipal,31,23,765.4
2024,1721000,municipal,2964,1689,751.1
2024,1721109,municipal,51,26,749.7
2024,1721208,municipal,218,77,727.3
2024,1721257,municipal,24,16,755.0
2024,1721307,municipal,26,14,747.9
2024,1722081,municipal,94,39,735.0
2024,1722107,municipal,119,51,734.1
2024,2100055,municipal,1208,758,750.1
2024,2100105,municipal,58,54,771.8
2024,2100154,municipal,119,76,750.7
2024,2100204,municipal,110,78,756.1
2024,2100303,municipal,212,96,732.6
2024,2100402,municipal,52,38,750.5
2024,2100436,municipal,165,85,739.6
2024,2100477,municipal,332,187,740.6
2024,2100501,municipal,156,81,736.4
2024,2100550,municipal,102,44,723.5
2024,2100600,municipal,309,128,731.5
2024,2100709,municipal,141,58,736.1
2024,2100808,municipal,109,38,735.0
2024,2100832,municipal,165,64,725.1
2024,2100873,municipal,145,133,763.3
2024,2100907,municipal,239,102,734.9
2024,2100956,municipal,133,99,760.2
2024,2101004,municipal,319,231,755.1
2024,2101103,municipal,143,103,757.5
2024,2101202,municipal,902,463,733.6
2024,2101251,municipal,194,104,741.0
2024,2101301,municipal,177,102,743.1
2024,2101350,municipal,18,18,810.2
2024,2101400,municipal,1244,492,726.4
2024,2101509,municipal,120,62,732.3
2024,2101608,municipal,782,501,750.7
2024,2101707,municipal,762,598,767.8
2024,2101731,municipal,108,78,757.6
2024,2101772,municipal,245,190,761.6
2024,2101806,municipal,72,34,735.8
2024,2101905,municipal,77,46,743.5
2024,2101939,municipal,33,29,779.4
2024,2101970,municipal,110,88,766.0
2024,2102002,estadual,11,4,737.9
2024,2102002,municipal,321,224,758.1
2024,2102036,municipal,405,256,749.7
2024,2102077,municipal,105,100,775.3
2024,2102101,municipal,272,158,742.9
2024,2102150,municipal,93,46,739.4
2024,2102200,municipal,251,73,715.1
2024,2102309,municipal,245,140,750.5
2024,2102325,estadual,15,15,765.0
2024,2102325,municipal,693,291,727.5
2024,2102358,municipal,156,86,734.9
2024,2102374,municipal,92,52,743.4
2024,2102408,municipal,68,44,747.2
2024,2102507,municipal,72,25,716.1
2024,2102556,municipal,178,110,749.7
2024,2102606,municipal,231,114,737.9
2024,2102705,municipal,208,147,754.5
2024,2102754,municipal,101,92,780.6
2024,2102804,municipal,252,128,733.6
2024,2102903,municipal,288,176,744.7
2024,2103000,municipal,1394,769,739.1
2024,2103109,municipal,88,59,751.1
2024,2103125,municipal,88,74,776.0
2024,2103158,municipal,117,103,771.8
2024,2103174,municipal,178,66,724.8
2024,2103208,municipal,685,285,730.4
2024,2103257,municipal,170,147,775.5
2024,2103307,municipal,1166,593,735.3
2024,2103406,municipal,430,327,766.8
2024,2103505,municipal,392,196,738.3
2024,2103554,municipal,179,97,739.6
2024,2103604,municipal,553,308,742.8
2024,2103703,municipal,276,183,749.3
2024,2103752,municipal,153,107,755.8
2024,2103802,municipal,170,75,726.0
2024,2103901,municipal,169,138,761.8
2024,2104008,municipal,189,154,771.1
2024,2104057,municipal,500,299,747.4
2024,2104073,municipal,109,71,746.2
2024,2104081,municipal,73,57,768.7
2024,2104099,municipal,198,167,774.0
2024,2104107,municipal,194,152,771.9
2024,2104206,municipal,310,223,750.3
2024,2104305,municipal,158,140,768.0
2024,2104404,municipal,94,63,748.8
2024,2104503,municipal,93,73,763.9
2024,2104552,municipal,306,206,750.6
2024,2104602,municipal,106,51,737.7
2024,2104628,municipal,96,88,770.6
2024,2104651,municipal,82,64,765.7
2024,2104677,municipal,281,171,746.3
2024,2104701,municipal,72,54,764.0
2024,2104800,municipal,987,452,732.8
2024,2104909,municipal,127,110,764.6
2024,2105005,municipal,334,198,747.4
2024,2105104,municipal,234,161,756.8
2024,2105153,municipal,145,113,759.5
2024,2105203,municipal,97,86,778.2
2024,2105302,municipal,2612,1430,740.5
2024,2105351,municipal,162,118,758.0
2024,2105401,municipal,772,467,747.6
2024,2105427,municipal,252,152,746.6
2024,2105450,municipal,92,63,755.9
2024,2105476,municipal,86,60,754.7
2024,2105500,municipal,245,137,740.1
2024,2105609,municipal,120,90,761.3
2024,2105658,municipal,87,59,753.0
2024,2105708,municipal,410,325,763.0
2024,2105807,municipal,68,66,775.3
2024,2105906,municipal,109,84,760.6
2024,2105922,municipal,79,62,766.4
2024,2105948,municipal,78,72,776.7
2024,2105963,municipal,106,103,776.8
2024,2105989,municipal,78,51,751.3
2024,2106003,municipal,131,119,779.3
2024,2106102,municipal,129,85,748.5
2024,2106201,municipal,113,96,768.8
2024,2106300,municipal,144,118,762.7
2024,2106326,municipal,315,131,730.1
2024,2106359,municipal,41,16,726.9
2024,2106375,municipal,122,119,796.7
2024,2106409,municipal,199,153,762.2
2024,2106508,municipal,186,87,733.2
2024,2106607,municipal,269,93,732.0
2024,2106631,municipal,68,39,739.9
2024,2106672,municipal,33,32,784.8
2024,2106706,municipal,216,121,739.5
2024,2106755,municipal,270,136,739.2
2024,2106805,municipal,143,99,748.4
2024,2106904,municipal,245,89,725.6
2024,2107001,municipal,114,63,739.9
2024,2107100,municipal,239,160,758.0
2024,2107209,municipal,128,60,734.9
2024,2107258,municipal,70,54,763.9
2024,2107308,municipal,47,24,737.6
2024,2107357,municipal,164,102,748.6
2024,2107407,municipal,141,83,739.1
2024,2107456,municipal,86,32,736.6
2024,2107506,municipal,1548,860,740.5
2024,2107605,municipal,119,83,750.9
2024,2107704,municipal,261,195,758.6
2024,2107803,municipal,322,176,742.7
2024,2107902,municipal,201,117,746.5
2024,2108009,municipal,229,147,750.4
2024,2108058,municipal,179,123,753.2
2024,2108108,municipal,211,191,773.1
2024,2108207,municipal,267,172,752.2
2024,2108256,municipal,189,109,739.9
2024,2108306,municipal,382,244,754.5
2024,2108405,municipal,84,51,747.0
2024,2108454,municipal,206,145,759.8
2024,2108504,municipal,399,204,738.1
2024,2108603,municipal,539,252,733.0
2024,2108702,municipal,219,139,751.2
2024,2108801,municipal,103,44,733.4
2024,2108900,municipal,80,62,761.5
2024,2109007,municipal,278,206,762.8
2024,2109056,municipal,48,17,734.8
2024,2109106,municipal,429,194,728.0
2024,2109205,municipal,82,48,744.2
2024,2109239,municipal,68,51,762.4
2024,2109270,municipal,219,87,725.9
2024,2109304,municipal,94,45,729.1
2024,2109403,municipal,89,61,753.5
2024,2109452,municipal,431,208,733.7
2024,2109502,municipal,283,147,738.6
2024,2109551,municipal,56,28,731.4
2024,2109601,municipal,388,223,745.5
2024,2109700,municipal,67,52,762.4
2024,2109759,municipal,44,18,722.9
2024,2109809,municipal,200,145,754.9
2024,2109908,estadual,48,46,798.0
2024,2109908,municipal,817,396,735.3
2024,2110005,municipal,694,408,742.3
2024,2110039,municipal,243,208,771.7
2024,2110104,municipal,189,152,764.0
2024,2110203,municipal,376,213,746.3
2024,2110237,municipal,60,33,750.1
2024,2110278,municipal,124,49,722.5
2024,2110302,municipal,115,83,758.7
2024,2110401,municipal,183,70,727.4
2024,2110500,municipal,309,245,767.7
2024,2110609,municipal,321,218,752.2
2024,2110658,municipal,116,43,717.4
2024,2110708,municipal,348,174,736.8
2024,2110807,municipal,30,13,727.1
2024,2110856,municipal,138,59,731.1
2024,2110906,municipal,134,112,765.1
2024,2111003,municipal,89,52,747.7
2024,2111029,municipal,173,122,755.9
2024,2111052,municipal,109,48,734.6
2024,2111078,municipal,161,86,742.2
2024,2111102,municipal,276,152,742.1
2024,2111201,municipal,1923,1088,743.4
2024,2111250,municipal,73,41,740.0
2024,2111300,estadual,53,33,750.8
2024,2111300,municipal,6198,3514,741.8
2024,2111409,municipal,132,93,750.5
2024,2111508,municipal,453,300,752.4
2024,2111532,municipal,157,87,736.1
2024,2111573,municipal,72,43,749.4
2024,2111607,municipal,254,215,774.7
2024,2111631,municipal,47,26,754.3
2024,2111672,municipal,28,10,729.1
2024,2111706,municipal,108,83,767.0
2024,2111722,municipal,62,49,766.6
2024,2111748,municipal,101,97,788.1
2024,2111763,municipal,133,85,749.9
2024,2111789,municipal,74,40,758.1
2024,2111805,municipal,250,136,740.9
2024,2111904,municipal,110,66,741.8
2024,2111953,municipal,31,25,764.2
2024,2112001,municipal,127,70,741.7
2024,2112100,municipal,293,131,731.6
2024,2112209,municipal,1666,1262,759.7
2024,2112233,municipal,236,214,782.3
2024,2112274,municipal,73,26,713.8
2024,2112308,municipal,298,198,748.6
2024,2112407,municipal,294,189,750.7
2024,2112456,municipal,241,120,736.8
2024,2112506,municipal,637,367,743.0
2024,2112605,municipal,277,107,731.8
2024,2112704,municipal,526,508,786.5
2024,2112803,municipal,518,276,741.7
2024,2112852,municipal,167,124,759.8
2024,2112902,municipal,249,150,747.4
2024,2113009,municipal,258,189,756.3
2024,2114007,municipal,408,295,760.0
2024,2200053,municipal,61,50,771.9
2024,2200103,municipal,63,38,752.4
2024,2200202,municipal,187,172,797.4
2024,2200251,municipal,59,44,754.9
2024,2200277,municipal,38,21,752.1
2024,2200301,municipal,84,69,782.7
2024,2200400,municipal,577,357,755.9
2024,2200459,municipal,60,25,740.2
2024,2200509,municipal,198,65,724.4
2024,2200608,municipal,97,93,799.3
2024,2200707,municipal,126,72,753.6
2024,2200806,municipal,42,31,772.9
2024,2200905,municipal,30,9,730.7
2024,2200954,municipal,21,17,774.5
2024,2201002,municipal,54,53,813.5
2024,2201051,municipal,83,58,762.3
2024,2201101,municipal,122,55,739.1
2024,2201150,municipal,201,163,783.9
2024,2201176,municipal,44,41,788.3
2024,2201200,municipal,557,335,751.6
2024,2201309,municipal,27,14,738.4
2024,2201408,municipal,50,20,728.9
2024,2201507,municipal,208,98,739.7
2024,2201556,municipal,38,34,798.5
2024,2201572,municipal,26,26,811.8
2024,2201606,municipal,111,76,759.8
2024,2201705,municipal,53,23,733.1
2024,2201739,municipal,104,86,770.1
2024,2201770,municipal,45,21,738.5
2024,2201804,municipal,20,11,748.6
2024,2201903,municipal,285,282,826.8
2024,2201919,municipal,37,28,769.1
2024,2201929,municipal,89,32,728.6
2024,2201945,municipal,63,49,771.9
2024,2201960,municipal,94,40,736.0
2024,2201988,municipal,43,41,796.9
2024,2202000,municipal,298,184,751.1
2024,2202026,municipal,59,58,805.7
2024,2202059,municipal,84,44,747.9
2024,2202075,municipal,24,18,760.1
2024,2202083,municipal,142,89,762.6
2024,2202091,municipal,22,22,824.8
2024,2202109,municipal,32,32,821.3
2024,2202117,municipal,34,20,741.4
2024,2202133,municipal,72,69,805.7
2024,2202174,municipal,60,39,774.8
2024,2202208,municipal,448,244,747.1
2024,2202251,municipal,39,34,781.5
2024,2202307,municipal,200,73,729.7
2024,2202406,municipal,137,74,746.0
2024,2202455,municipal,53,41,780.1
2024,2202505,municipal,118,58,741.8
2024,2202539,municipal,78,53,775.1
2024,2202554,municipal,56,33,756.7
2024,2202604,municipal,167,138,777.5
2024,2202653,municipal,43,20,733.1
2024,2202703,municipal,318,267,782.2
2024,2202711,municipal,60,36,758.1
2024,2202729,municipal,81,71,792.6
2024,2202737,municipal,73,69,807.8
2024,2202752,municipal,64,57,778.1
2024,2202778,municipal,56,24,745.4
2024,2202802,municipal,62,44,767.8
2024,2202851,municipal,44,27,759.8
2024,2202901,municipal,263,99,734.9
2024,2203008,municipal,88,70,771.9
2024,2203107,municipal,20,17,784.8
2024,2203206,municipal,137,112,777.0
2024,2203230,municipal,39,36,802.3
2024,2203255,municipal,41,11,726.8
2024,2203271,municipal,73,35,738.3
2024,2203305,municipal,101,74,766.6
2024,2203354,municipal,44,5,703.8
2024,2203404,municipal,73,56,775.7
2024,2203420,municipal,45,37,793.8
2024,2203453,municipal,55,48,786.9
2024,2203503,municipal,92,47,738.7
2024,2203602,municipal,41,27,756.7
2024,2203701,municipal,414,303,782.4
2024,2203750,municipal,25,13,736.6
2024,2203800,municipal,54,23,731.3
2024,2203859,municipal,22,12,759.9
2024,2203909,municipal,526,281,745.7
2024,2204006,municipal,38,32,780.5
2024,2204105,municipal,62,20,731.0
2024,2204154,municipal,21,20,811.7
2024,2204204,municipal,42,20,739.4
2024,2204303,municipal,88,85,815.9
2024,2204352,municipal,43,23,743.9
2024,2204402,municipal,136,53,735.5
2024,2204501,municipal,128,88,758.5
2024,2204550,municipal,29,22,765.5
2024,2204600,municipal,50,41,771.6
2024,2204659,municipal,148,52,724.6
2024,2204709,municipal,122,82,762.1
2024,2204808,municipal,72,69,819.0
2024,2204907,municipal,90,31,722.2
2024,2205003,municipal,84,62,767.6
2024,2205102,municipal,64,55,777.8
2024,2205151,municipal,51,43,787.0
2024,2205201,municipal,164,96,752.2
2024,2205250,municipal,34,26,779.0
2024,2205276,municipal,41,39,791.9
2024,2205300,municipal,57,43,769.7
2024,2205359,municipal,31,30,786.1
2024,2205409,municipal,187,152,786.1
2024,2205458,municipal,45,20,733.8
2024,2205508,municipal,451,194,733.5
2024,2205516,municipal,43,31,760.5
2024,2205524,municipal,14,14,793.3
2024,2205532,municipal,61,60,810.6
2024,2205540,municipal,34,30,795.5
2024,2205557,municipal,94,55,753.7
2024,2205565,municipal,81,48,752.6
2024,2205573,municipal,86,66,772.4
2024,2205581,municipal,55,25,734.1
2024,2205599,municipal,27,17,755.5
2024,2205607,municipal,58,58,821.6
2024,2205706,municipal,305,157,742.0
2024,2205805,municipal,208,115,748.5
2024,2205854,municipal,102,57,742.8
2024,2205904,municipal,68,56,772.9
2024,2205953,municipal,139,125,793.2
2024,2206001,municipal,63,51,776.0
2024,2206050,municipal,43,26,749.1
2024,2206100,municipal,111,58,739.7
2024,2206209,municipal,329,200,751.1
2024,2206308,municipal,13,11,760.0
2024,2206357,municipal,12,4,723.9
2024,2206407,municipal,122,52,734.4
2024,2206506,municipal,87,85,835.5
2024,2206605,municipal,115,67,757.3
2024,2206654,municipal,72,14,710.3
2024,2206670,municipal,77,31,730.7
2024,2206696,municipal,84,55,754.3
2024,2206704,municipal,48,19,729.1
2024,2206720,municipal,128,67,743.7
2024,2206753,municipal,21,20,800.1
2024,2206803,municipal,158,72,738.8
2024,2206902,municipal,56,50,804.0
2024,2206951,municipal,56,46,769.8
2024,2207009,municipal,337,244,761.1
2024,2207108,municipal,21,18,780.8
2024,2207207,municipal,86,86,836.3
2024,2207306,municipal,64,29,735.7
2024,2207355,municipal,25,16,757.5
2024,2207405,municipal,36,26,771.5
2024,2207504,municipal,150,69,733.0
2024,2207553,municipal,34,17,743.6
2024,2207603,municipal,117,55,740.5
2024,2207702,municipal,1474,567,730.4
2024,2207751,municipal,42,27,754.4
2024,2207777,municipal,46,29,749.2
2024,2207793,municipal,27,14,735.6
2024,2207801,municipal,236,119,741.1
2024,2207850,municipal,40,36,787.7
2024,2207900,municipal,367,154,731.1
2024,2207934,municipal,23,11,735.6
2024,2207959,municipal,63,31,741.9
2024,2208007,municipal,528,290,747.1
2024,2208106,municipal,68,42,762.3
2024,2208205,municipal,197,115,750.7
2024,2208304,municipal,394,325,780.3
2024,2208403,municipal,728,397,745.8
2024,2208502,municipal,155,56,733.1
2024,2208551,municipal,42,27,754.3
2024,2208601,municipal,50,24,737.5
2024,2208650,municipal,89,60,760.1
2024,2208700,municipal,77,62,778.2
2024,2208809,municipal,161,50,726.2
2024,2208858,municipal,66,61,813.5
2024,2208874,municipal,31,17,742.9
2024,2208908,municipal,93,79,788.9
2024,2209005,municipal,67,28,735.3
2024,2209104,municipal,54,53,820.7
2024,2209153,municipal,44,30,753.9
2024,2209203,municipal,100,62,757.8
2024,2209302,municipal,34,19,755.8
2024,2209351,municipal,40,27,761.0
2024,2209377,municipal,44,23,743.3
2024,2209401,municipal,32,18,748.8
2024,2209450,municipal,23,18,768.4
2024,2209500,municipal,41,35,785.8
2024,2209559,municipal,66,44,766.2
2024,2209609,municipal,28,18,773.5
2024,2209658,municipal,57,21,730.9
2024,2209708,municipal,65,42,761.3
2024,2209757,municipal,28,17,743.3
2024,2209807,municipal,53,34,757.4
2024,2209856,municipal,27,26,809.5
2024,2209872,municipal,45,20,740.3
2024,2209906,municipal,50,47,786.4
2024,2209955,municipal,23,20,800.7
2024,2209971,municipal,115,101,783.2
2024,2210003,municipal,251,164,760.3
2024,2210052,municipal,68,63,803.4
2024,2210102,municipal,40,30,763.8
2024,2210201,municipal,34,33,807.2
2024,2210300,municipal,58,51,789.7
2024,2210359,municipal,26,19,765.8
2024,2210375,municipal,18,11,769.2
2024,2210383,municipal,15,12,765.0
2024,2210391,municipal,25,16,747.9
2024,2210409,municipal,104,47,743.5
2024,2210508,municipal,192,129,765.8
2024,2210607,municipal,413,303,772.1
2024,2210623,municipal,56,28,734.0
2024,2210631,municipal,52,40,780.5
2024,2210656,municipal,54,41,767.6
2024,2210706,municipal,195,168,779.3
2024,2210805,municipal,120,81,757.4
2024,2210904,municipal,26,8,713.4
2024,2210938,municipal,62,35,749.0
2024,2210953,municipal,43,28,759.1
2024,2210979,municipal,20,10,732.2
2024,2211001,estadual,132,98,765.4
2024,2211001,municipal,6764,3874,750.8
2024,2211100,municipal,468,165,726.7
2024,2211209,municipal,280,88,722.4
2024,2211308,municipal,184,78,734.2
2024,2211357,municipal,48,15,728.8
2024,2211407,municipal,42,32,765.9
2024,2211506,municipal,35,17,744.0
2024,2211605,municipal,20,20,807.0
2024,2211704,municipal,35,19,744.1
2024,2300101,municipal,95,87,790.9
2024,2300150,municipal,168,136,786.4
2024,2300200,municipal,835,816,824.1
2024,2300309,municipal,365,236,757.7
2024,2300408,municipal,154,117,769.4
2024,2300507,municipal,105,104,851.6
2024,2300606,municipal,113,100,822.2
2024,2300705,municipal,187,176,818.7
2024,2300754,municipal,669,550,784.8
2024,2300804,municipal,91,86,806.5
2024,2300903,municipal,137,102,768.2
2024,2301000,municipal,1053,884,791.0
2024,2301109,municipal,848,773,810.4
2024,2301208,municipal,317,288,794.0
2024,2301257,municipal,154,153,844.7
2024,2301307,municipal,285,220,770.5
2024,2301406,municipal,176,142,789.4
2024,2301505,municipal,50,38,771.0
2024,2301604,municipal,260,255,843.0
2024,2301703,municipal,211,156,775.3
2024,2301802,municipal,36,33,810.7
2024,2301851,municipal,239,182,778.2
2024,2301901,municipal,705,620,796.9
2024,2301950,municipal,305,278,804.8
2024,2302008,municipal,164,105,754.6
2024,2302057,municipal,254,243,818.8
2024,2302107,municipal,324,281,789.7
2024,2302206,municipal,676,552,783.9
2024,2302305,municipal,275,269,829.7
2024,2302404,municipal,396,358,805.0
2024,2302503,municipal,532,508,810.0
2024,2302602,municipal,745,701,820.8
2024,2302701,municipal,204,169,788.0
2024,2302800,estadual,12,11,787.3
2024,2302800,municipal,803,763,815.7
2024,2302909,municipal,174,152,789.2
2024,2303006,municipal,157,155,839.7
2024,2303105,municipal,162,160,844.2
2024,2303204,municipal,338,279,789.3
2024,2303303,municipal,168,160,807.7
2024,2303402,municipal,226,189,796.1
2024,2303501,municipal,957,790,787.5
2024,2303600,municipal,64,52,788.2
2024,2303659,municipal,64,64,837.7
2024,2303709,estadual,149,78,742.0
2024,2303709,municipal,3635,2509,765.3
2024,2303808,municipal,162,160,823.0
2024,2303907,municipal,153,140,802.3
2024,2303931,municipal,152,145,823.8
2024,2303956,municipal,244,237,817.4
2024,2304004,municipal,277,277,868.0
2024,2304103,estadual,11,10,807.1
2024,2304103,municipal,663,645,824.1
2024,2304202,municipal,1210,1154,823.0
2024,2304236,municipal,233,231,849.7
2024,2304251,municipal,477,472,829.2
2024,2304269,municipal,85,84,817.1
2024,2304277,municipal,59,56,811.9
2024,2304285,municipal,949,891,811.8
2024,2304301,municipal,175,168,827.2
2024,2304350,municipal,229,229,862.2
2024,2304400,estadual,151,151,836.3
2024,2304400,municipal,17571,13148,773.2
2024,2304459,municipal,225,210,818.6
2024,2304509,municipal,221,217,825.7
2024,2304608,municipal,85,83,832.1
2024,2304657,municipal,157,157,847.9
2024,2304707,municipal,675,660,839.3
2024,2304806,municipal,59,54,811.8
2024,2304905,municipal,125,121,822.2
2024,2304954,municipal,243,194,781.7
2024,2305001,municipal,620,593,824.0
2024,2305100,municipal,73,70,825.8
2024,2305209,municipal,179,172,832.1
2024,2305233,municipal,914,879,826.5
2024,2305266,municipal,132,80,759.7
2024,2305308,municipal,313,305,817.3
2024,2305332,municipal,89,86,825.3
2024,2305357,municipal,292,223,777.0
2024,2305407,municipal,549,414,769.0
2024,2305506,municipal,741,469,756.4
2024,2305605,municipal,143,141,840.4
2024,2305654,municipal,124,123,849.6
2024,2305704,municipal,126,112,797.6
2024,2305803,municipal,441,382,793.3
2024,2305902,municipal,433,431,826.7
2024,2306009,municipal,177,149,807.8
2024,2306108,municipal,340,329,817.5
2024,2306207,municipal,92,89,809.7
2024,2306256,municipal,771,656,788.7
2024,2306306,municipal,491,441,798.2
2024,2306405,estadual,10,3,731.5
2024,2306405,municipal,1451,1291,797.1
2024,2306504,municipal,174,161,803.0
2024,2306553,municipal,456,422,807.2
2024,2306603,municipal,222,220,840.2
2024,2306702,municipal,174,163,818.5
2024,2306801,municipal,98,92,806.4
2024,2306900,municipal,335,299,798.0
2024,2307007,municipal,346,305,800.6
2024,2307106,municipal,349,247,769.5
2024,2307205,municipal,93,72,781.0
2024,2307254,municipal,452,443,825.1
2024,2307304,municipal,2361,1404,750.5
2024,2307403,municipal,278,251,800.4
2024,2307502,municipal,245,182,773.0
2024,2307601,municipal,524,470,803.1
2024,2307635,municipal,187,178,824.5
2024,2307650,estadual,37,23,760.4
2024,2307650,municipal,3073,2610,791.5
2024,2307700,municipal,1097,896,785.8
2024,2307809,municipal,445,430,820.5
2024,2307908,municipal,132,131,839.0
2024,2308005,municipal,422,401,817.2
2024,2308104,municipal,532,450,785.5
2024,2308203,municipal,222,218,838.5
2024,2308302,municipal,256,203,779.6
2024,2308351,municipal,144,141,822.8
2024,2308377,municipal,151,129,797.6
2024,2308401,municipal,396,326,784.4
2024,2308500,municipal,415,388,811.7
2024,2308609,estadual,55,50,803.9
2024,2308609,municipal,156,155,833.6
2024,2308708,municipal,561,427,770.0
2024,2308807,municipal,84,78,823.0
2024,2308906,municipal,269,263,835.2
2024,2309003,municipal,170,168,831.5
2024,2309102,municipal,108,96,799.4
2024,2309201,municipal,213,212,856.1
2024,2309300,municipal,273,272,831.2
2024,2309409,municipal,334,334,837.6
2024,2309458,municipal,321,272,785.9
2024,2309508,municipal,224,203,795.5
2024,2309607,municipal,667,586,794.0
2024,2309706,municipal,812,636,780.0
2024,2309805,municipal,136,124,813.2
2024,2309904,municipal,73,73,837.2
2024,2310001,municipal,122,91,771.7
2024,2310100,municipal,123,116,806.1
2024,2310209,municipal,568,540,819.9
2024,2310258,municipal,453,425,818.5
2024,2310308,municipal,256,226,789.0
2024,2310407,municipal,69,65,813.8
2024,2310506,municipal,335,334,840.1
2024,2310605,municipal,118,75,757.3
2024,2310704,municipal,357,326,816.2
2024,2310803,municipal,246,230,818.4
2024,2310852,municipal,272,241,787.9
2024,2310902,municipal,152,152,836.1
2024,2310951,municipal,68,68,866.2
2024,2311009,estadual,14,14,804.0
2024,2311009,municipal,122,122,829.5
2024,2311108,municipal,252,232,813.4
2024,2311207,municipal,67,61,809.0
2024,2311231,municipal,79,77,830.8
2024,2311264,estadual,11,10,795.2
2024,2311264,municipal,198,197,838.0
2024,2311306,municipal,811,750,808.8
2024,2311355,municipal,154,136,797.0
2024,2311405,municipal,876,865,835.8
2024,2311504,municipal,175,163,801.1
2024,2311603,municipal,318,294,807.7
2024,2311702,municipal,199,196,836.4
2024,2311801,municipal,763,722,810.2
2024,2311900,municipal,141,115,783.2
2024,2311959,municipal,253,249,819.1
2024,2312007,municipal,287,282,824.7
2024,2312106,municipal,172,166,820.2
2024,2312205,municipal,385,366,819.2
2024,2312304,estadual,19,18,799.5
2024,2312304,municipal,551,524,819.3
2024,2312403,municipal,999,857,796.7
2024,2312502,municipal,55,53,825.4
2024,2312601,municipal,111,72,757.1
2024,2312700,municipal,191,188,826.9
2024,2312809,municipal,113,112,850.1
2024,2312908,municipal,2307,2274,838.0
2024,2313005,municipal,192,190,846.5
2024,2313104,municipal,253,213,789.3
2024,2313203,municipal,236,232,827.4
2024,2313252,municipal,97,89,815.4
2024,2313302,municipal,527,485,815.8
2024,2313351,municipal,226,181,779.5
2024,2313401,municipal,1093,941,792.1
2024,2313500,municipal,813,746,811.7
2024,2313559,municipal,232,221,817.2
2024,2313609,municipal,451,429,817.5
2024,2313708,municipal,53,47,796.5
2024,2313757,municipal,208,171,785.3
2024,2313807,municipal,224,184,783.8
2024,2313906,municipal,200,198,832.9
2024,2313955,municipal,205,201,828.4
2024,2314003,municipal,420,382,807.9
2024,2314102,municipal,765,690,808.1
2024,2400109,municipal,93,36,727.4
2024,2400208,estadual,13,4,721.7
2024,2400208,municipal,312,127,734.2
2024,2400307,estadual,17,4,716.3
2024,2400307,municipal,43,25,742.2
2024,2400406,municipal,29,12,729.8
2024,2400505,municipal,134,79,751.6
2024,2400604,estadual,24,15,754.2
2024,2400604,municipal,28,6,724.1
2024,2400703,municipal,137,72,750.2
2024,2400802,estadual,39,23,754.7
2024,2400802,municipal,50,26,748.7
2024,2400901,estadual,14,11,761.6
2024,2400901,municipal,34,13,737.3
2024,2401008,estadual,33,9,721.5
2024,2401008,municipal,162,79,737.4
2024,2401107,estadual,35,16,726.7
2024,2401107,municipal,141,56,730.1
2024,2401206,municipal,149,47,721.5
2024,2401305,municipal,71,31,732.5
2024,2401404,municipal,74,26,717.2
2024,2401453,municipal,183,81,741.5
2024,2401503,municipal,21,16,765.4
2024,2401602,municipal,55,16,722.4
2024,2401651,municipal,10,6,773.5
2024,2401701,estadual,47,22,739.6
2024,2401701,municipal,47,25,738.9
2024,2401800,estadual,48,34,762.0
2024,2401800,municipal,55,22,729.3
2024,2401859,municipal,65,17,723.0
2024,2401909,estadual,15,7,733.2
2024,2401909,municipal,36,12,724.5
2024,2402006,estadual,65,39,749.9
2024,2402006,municipal,244,109,738.0
2024,2402105,municipal,52,21,740.4
2024,2402204,municipal,309,100,723.9
2024,2402303,estadual,45,21,738.7
2024,2402303,municipal,80,32,723.0
2024,2402402,municipal,58,17,719.0
2024,2402501,estadual,22,14,764.9
2024,2402501,municipal,50,21,726.1
2024,2402600,estadual,142,60,732.8
2024,2402600,municipal,512,166,722.8
2024,2402709,municipal,99,41,733.6
2024,2402808,municipal,40,13,718.7
2024,2402907,municipal,40,19,736.7
2024,2403004,estadual,16,8,744.9
2024,2403004,municipal,56,34,753.1
2024,2403103,estadual,27,11,732.0
2024,2403103,municipal,230,108,739.1
2024,2403202,municipal,44,23,749.7
2024,2403251,municipal,1330,469,726.7
2024,2403301,municipal,63,42,763.7
2024,2403400,municipal,47,28,749.8
2024,2403509,municipal,72,34,736.6
2024,2403608,estadual,62,19,719.0
2024,2403608,municipal,516,178,725.5
2024,2403707,municipal,47,24,736.5
2024,2403756,estadual,12,8,754.5
2024,2403756,municipal,17,10,741.3
2024,2403806,estadual,18,6,733.8
2024,2403806,municipal,32,14,744.9
2024,2403905,municipal,19,15,773.8
2024,2404002,estadual,10,7,764.7
2024,2404002,municipal,34,16,736.9
2024,2404101,municipal,35,19,742.3
2024,2404200,municipal,373,132,730.8
2024,2404309,estadual,25,14,759.3
2024,2404309,municipal,52,25,733.8
2024,2404408,estadual,23,17,763.3
2024,2404408,municipal,61,40,756.0
2024,2404507,municipal,138,60,739.1
2024,2404606,estadual,9,3,720.9
2024,2404606,municipal,113,34,718.4
2024,2404705,estadual,20,6,727.9
2024,2404705,municipal,110,47,738.7
2024,2404804,municipal,9,2,719.7
2024,2404853,municipal,65,26,731.9
2024,2404903,estadual,16,8,734.8
2024,2404903,municipal,31,16,738.0
2024,2405009,estadual,21,11,739.0
2024,2405009,municipal,58,23,726.6
2024,2405108,estadual,17,4,712.0
2024,2405108,municipal,43,13,713.9
2024,2405207,estadual,14,5,723.2
2024,2405207,municipal,29,11,721.4
2024,2405306,municipal,41,8,713.6
2024,2405405,estadual,22,4,711.1
2024,2405405,municipal,35,11,716.9
2024,2405504,municipal,38,12,718.6
2024,2405603,estadual,20,7,731.6
2024,2405603,municipal,77,49,754.9
2024,2405702,estadual,19,16,781.9
2024,2405702,municipal,53,30,746.4
2024,2405801,municipal,277,99,724.8
2024,2405900,municipal,18,7,723.5
2024,2406007,municipal,42,21,736.9
2024,2406106,estadual,9,7,750.2
2024,2406106,municipal,103,45,739.4
2024,2406155,municipal,15,5,728.6
2024,2406205,estadual,19,10,742.0
2024,2406205,municipal,26,3,696.8
2024,2406304,municipal,49,14,724.1
2024,2406403,municipal,27,8,724.4
2024,2406502,municipal,161,57,720.1
2024,2406601,estadual,13,8,741.3
2024,2406601,municipal,41,26,752.3
2024,2406700,estadual,10,2,715.5
2024,2406700,municipal,65,23,724.5
2024,2406809,municipal,32,15,726.4
2024,2406908,municipal,21,9,736.4
2024,2407005,estadual,26,16,751.4
2024,2407005,municipal,44,12,716.2
2024,2407104,estadual,44,15,725.5
2024,2407104,municipal,512,154,721.9
2024,2407203,estadual,34,11,721.6
2024,2407203,municipal,145,47,720.3
2024,2407252,municipal,45,27,755.7
2024,2407302,estadual,16,5,715.5
2024,2407302,municipal,22,5,700.6
2024,2407401,estadual,15,9,764.3
2024,2407401,municipal,75,40,741.1
2024,2407500,municipal,98,34,726.2
2024,2407609,municipal,38,10,711.7
2024,2407708,municipal,120,53,733.8
2024,2407807,municipal,209,107,745.9
2024,2407906,municipal,31,10,729.5
2024,2408003,estadual,593,243,733.9
2024,2408003,municipal,1028,467,738.2
2024,2408102,estadual,937,423,735.7
2024,2408102,municipal,2780,928,723.7
2024,2408201,estadual,15,5,723.9
2024,2408201,municipal,272,135,742.9
2024,2408300,estadual,18,4,716.4
2024,2408300,municipal,158,45,720.6
2024,2408409,municipal,13,4,736.5
2024,2408508,municipal,60,44,757.5
2024,2408607,municipal,35,10,713.7
2024,2408706,municipal,14,2,700.7
2024,2408805,municipal,60,17,716.0
2024,2408904,estadual,110,84,771.3
2024,2408904,municipal,100,51,750.7
2024,2408953,municipal,88,28,721.6
2024,2409100,estadual,13,7,749.2
2024,2409100,municipal,86,35,729.0
2024,2409209,municipal,24,12,744.1
2024,2409308,estadual,10,3,727.9
2024,2409308,municipal,75,25,720.0
2024,2409332,municipal,23,10,721.1
2024,2409407,estadual,110,47,730.6
2024,2409407,municipal,100,39,731.3
2024,2409506,municipal,40,18,736.3
2024,2409605,municipal,16,6,733.0
2024,2409704,estadual,11,7,750.5
2024,2409704,municipal,25,5,700.2
2024,2409803,estadual,42,10,705.9
2024,2409803,municipal,38,9,711.6
2024,2409902,municipal,115,38,728.2
2024,2410009,municipal,19,12,751.1
2024,2410108,municipal,65,16,719.0
2024,2410207,municipal,71,46,758.4
2024,2410256,municipal,40,17,739.4
2024,2410306,municipal,66,27,729.9
2024,2410405,estadual,14,3,699.2
2024,2410405,municipal,82,30,727.7
2024,2410504,estadual,9,3,727.9
2024,2410504,municipal,24,10,722.6
2024,2410603,municipal,19,13,759.5
2024,2410702,municipal,16,6,733.0
2024,2410801,municipal,31,17,749.8
2024,2410900,estadual,13,2,692.2
2024,2410900,municipal,66,18,721.9
2024,2411007,estadual,10,6,756.5
2024,2411007,municipal,34,14,730.3
2024,2411056,estadual,20,9,730.2
2024,2411056,municipal,18,4,708.0
2024,2411106,municipal,20,7,727.2
2024,2411205,estadual,23,15,759.8
2024,2411205,municipal,351,115,717.6
2024,2411403,estadual,38,24,752.8
2024,2411403,municipal,21,11,733.7
2024,2411429,municipal,22,9,731.7
2024,2411502,estadual,69,34,742.2
2024,2411502,municipal,76,18,711.7
2024,2411601,municipal,56,18,729.3
2024,2411700,municipal,42,14,723.1
2024,2411809,municipal,27,18,754.4
2024,2411908,municipal,55,38,760.3
2024,2412005,estadual,60,27,737.4
2024,2412005,municipal,652,212,728.3
2024,2412104,estadual,10,4,745.3
2024,2412104,municipal,54,39,767.7
2024,2412203,estadual,47,12,719.0
2024,2412203,municipal,494,172,722.3
2024,2412302,estadual,30,15,745.4
2024,2412302,municipal,62,31,745.3
2024,2412401,municipal,36,20,738.4
2024,2412500,municipal,217,97,737.4
2024,2412559,municipal,81,25,721.6
2024,2412609,municipal,114,42,724.9
2024,2412708,estadual,18,9,742.0
2024,2412708,municipal,11,0,689.6
2024,2412807,municipal,41,10,716.5
2024,2412906,estadual,15,13,776.5
2024,2412906,municipal,48,18,730.1
2024,2413003,estadual,25,13,740.7
2024,2413003,municipal,23,11,739.4
2024,2413102,estadual,17,4,713.5
2024,2413102,municipal,40,11,704.9
2024,2413201,municipal,51,14,716.9
2024,2413300,municipal,43,18,733.2
2024,2413359,municipal,88,24,720.2
2024,2413409,municipal,48,15,719.7
2024,2413508,municipal,56,27,741.0
2024,2413557,estadual,15,9,747.6
2024,2413557,municipal,28,18,748.6
2024,2413607,municipal,73,35,734.4
2024,2413706,municipal,39,19,743.1
2024,2413805,municipal,25,18,786.5
2024,2413904,estadual,30,20,763.5
2024,2413904,municipal,63,11,707.0
2024,2414001,estadual,42,20,733.2
2024,2414001,municipal,95,35,728.6
2024,2414100,estadual,12,7,754.5
2024,2414100,municipal,87,45,745.3
2024,2414159,municipal,52,19,730.4
2024,2414209,municipal,216,54,714.6
2024,2414308,municipal,15,6,724.1
2024,2414407,estadual,22,10,738.4
2024,2414407,municipal,256,98,731.4
2024,2414456,municipal,37,4,697.8
2024,2414506,estadual,20,9,735.2
2024,2414506,municipal,10,5,743.4
2024,2414605,estadual,22,5,731.5
2024,2414605,municipal,38,17,729.4
2024,2414704,municipal,35,16,740.9
2024,2414753,municipal,13,7,757.4
2024,2414803,municipal,132,57,732.6
2024,2414902,municipal,21,13,760.7
2024,2415008,municipal,50,20,730.2
2024,2500106,municipal,87,46,749.0
2024,2500205,municipal,45,28,755.8
2024,2500304,municipal,312,89,722.4
2024,2500403,municipal,235,210,793.6
2024,2500502,municipal,141,75,746.0
2024,2500536,municipal,87,40,737.2
2024,2500577,municipal,52,26,747.0
2024,2500601,municipal,216,66,717.9
2024,2500700,municipal,113,82,765.6
2024,2500734,municipal,29,12,717.3
2024,2500775,municipal,46,29,750.2
2024,2500809,municipal,104,50,743.9
2024,2500908,municipal,53,28,750.7
2024,2501005,municipal,133,54,728.2
2024,2501104,municipal,212,192,792.4
2024,2501153,municipal,22,8,723.5
2024,2501203,municipal,101,71,764.9
2024,2501302,municipal,203,90,741.3
2024,2501351,municipal,66,62,784.9
2024,2501401,municipal,148,66,739.9
2024,2501500,municipal,148,81,748.9
2024,2501534,municipal,59,53,777.7
2024,2501575,municipal,61,30,752.9
2024,2501609,municipal,76,35,737.9
2024,2501708,municipal,46,36,770.5
2024,2501807,estadual,35,20,753.5
2024,2501807,municipal,393,144,726.8
2024,2501906,municipal,99,34,728.7
2024,2502003,municipal,55,22,734.9
2024,2502052,municipal,35,33,798.9
2024,2502102,municipal,50,24,734.5
2024,2502151,municipal,73,36,746.1
2024,2502201,municipal,19,13,758.8
2024,2502300,municipal,38,17,742.9
2024,2502409,municipal,83,51,758.1
2024,2502508,municipal,95,36,728.8
2024,2502607,municipal,49,39,769.5
2024,2502706,municipal,41,28,764.7
2024,2502805,municipal,97,50,748.5
2024,2502904,municipal,34,22,753.3
2024,2503001,municipal,241,72,724.4
2024,2503100,municipal,39,35,800.2
2024,2503209,estadual,8,5,771.2
2024,2503209,municipal,557,319,753.0
2024,2503308,municipal,59,31,743.5
2024,2503407,municipal,40,21,748.1
2024,2503506,municipal,137,87,765.2
2024,2503555,municipal,105,50,743.7
2024,2503605,municipal,54,39,768.7
2024,2503704,estadual,49,41,779.7
2024,2503704,municipal,435,221,746.3
2024,2503803,municipal,45,15,721.2
2024,2503902,municipal,63,43,763.5
2024,2504009,estadual,154,99,754.0
2024,2504009,municipal,2582,1237,742.1
2024,2504033,municipal,106,64,751.4
2024,2504074,municipal,42,37,776.4
2024,2504108,municipal,24,22,796.4
2024,2504157,municipal,87,51,752.5
2024,2504207,municipal,50,48,814.4
2024,2504306,municipal,221,101,737.7
2024,2504355,municipal,56,43,775.6
2024,2504405,estadual,22,18,775.0
2024,2504405,municipal,130,125,805.0
2024,2504504,municipal,52,24,742.9
2024,2504603,municipal,406,282,771.1
2024,2504702,municipal,32,13,736.9
2024,2504801,municipal,106,52,743.1
2024,2504850,municipal,15,14,781.0
2024,2504900,municipal,115,55,747.1
2024,2505006,municipal,86,84,818.2
2024,2505105,municipal,151,94,755.8
2024,2505204,municipal,57,14,710.9
2024,2505238,municipal,65,14,713.4
2024,2505279,municipal,27,15,745.4
2024,2505303,municipal,16,10,753.7
2024,2505352,municipal,49,25,747.2
2024,2505402,municipal,66,30,734.9
2024,2505501,municipal,24,14,741.7
2024,2505600,municipal,28,20,760.1
2024,2505709,municipal,79,76,803.7
2024,2505808,municipal,35,21,753.0
2024,2505907,municipal,21,8,742.7
2024,2506004,municipal,253,162,757.6
2024,2506103,municipal,60,25,732.2
2024,2506202,municipal,14,10,760.3
2024,2506251,municipal,27,19,775.7
2024,2506301,municipal,422,252,753.1
2024,2506400,municipal,87,24,720.5
2024,2506509,municipal,29,29,816.1
2024,2506608,municipal,29,17,758.9
2024,2506707,estadual,23,12,754.8
2024,2506707,municipal,77,31,733.9
2024,2506806,municipal,128,60,735.4
2024,2506905,estadual,12,4,706.8
2024,2506905,municipal,146,81,742.7
2024,2507002,municipal,163,79,737.0
2024,2507101,municipal,143,120,782.9
2024,2507200,municipal,79,29,725.0
2024,2507309,municipal,113,58,745.5
2024,2507408,municipal,54,13,713.5
2024,2507507,estadual,476,246,741.5
2024,2507507,municipal,4971,2760,750.1
2024,2507606,municipal,50,18,723.4
2024,2507705,municipal,150,68,735.5
2024,2507804,municipal,68,52,768.1
2024,2507903,estadual,17,7,737.6
2024,2507903,municipal,93,43,743.2
2024,2508000,municipal,82,39,741.3
2024,2508109,municipal,30,18,754.5
2024,2508208,municipal,68,29,739.2
2024,2508307,municipal,210,98,743.6
2024,2508406,municipal,29,24,769.9
2024,2508505,municipal,56,31,754.8
2024,2508554,municipal,39,37,791.5
2024,2508604,municipal,176,79,736.5
2024,2508703,municipal,11,7,755.9
2024,2508802,municipal,59,29,740.7
2024,2508901,municipal,467,321,765.7
2024,2509008,estadual,41,30,772.1
2024,2509008,municipal,54,27,740.3
2024,2509057,estadual,33,5,701.3
2024,2509057,municipal,96,23,719.2
2024,2509107,municipal,189,132,763.9
2024,2509156,municipal,55,54,802.4
2024,2509206,municipal,101,41,739.8
2024,2509305,municipal,178,90,742.5
2024,2509339,municipal,36,26,772.5
2024,2509370,municipal,11,2,728.2
2024,2509396,municipal,84,51,755.1
2024,2509404,municipal,99,60,752.0
2024,2509503,municipal,69,57,777.2
2024,2509602,municipal,45,42,794.8
2024,2509701,municipal,300,183,756.2
2024,2509800,estadual,26,23,797.4
2024,2509800,municipal,55,30,752.2
2024,2509909,municipal,74,35,740.7
2024,2510006,municipal,42,27,747.3
2024,2510105,municipal,109,74,758.5
2024,2510204,municipal,68,26,726.6
2024,2510303,municipal,47,36,770.6
2024,2510402,estadual,19,18,782.9
2024,2510402,municipal,45,40,787.8
2024,2510501,municipal,46,19,738.6
2024,2510600,municipal,29,29,822.4
2024,2510709,municipal,21,14,767.4
2024,2510808,municipal,785,530,762.8
2024,2510907,municipal,72,29,732.9
2024,2511004,municipal,40,28,769.6
2024,2511103,municipal,67,56,784.1
2024,2511202,municipal,376,183,742.5
2024,2511301,municipal,55,21,738.5
2024,2511400,municipal,191,82,736.9
2024,2511509,municipal,86,33,729.0
2024,2511608,municipal,89,54,754.5
2024,2511707,municipal,38,21,756.1
2024,2511806,municipal,59,24,736.7
2024,2511905,municipal,182,94,741.7
2024,2512002,municipal,218,118,746.9
2024,2512036,municipal,43,35,776.8
2024,2512077,municipal,41,24,751.2
2024,2512101,municipal,247,162,761.5
2024,2512200,municipal,41,26,762.1
2024,2512309,estadual,11,10,785.9
2024,2512309,municipal,182,157,790.7
2024,2512408,municipal,210,130,754.6
2024,2512507,municipal,561,520,801.8
2024,2512606,municipal,22,10,742.2
2024,2512705,municipal,142,70,745.4
2024,2512721,municipal,39,9,714.4
2024,2512747,municipal,25,18,769.5
2024,2512754,municipal,37,17,741.4
2024,2512762,municipal,27,20,760.6
2024,2512788,municipal,18,10,738.6
2024,2512804,municipal,56,25,736.9
2024,2512903,estadual,68,11,708.3
2024,2512903,municipal,163,98,754.7
2024,2513000,municipal,38,32,797.5
2024,2513109,municipal,37,15,734.2
2024,2513158,municipal,54,26,741.9
2024,2513208,municipal,60,52,787.4
2024,2513307,municipal,57,55,806.9
2024,2513356,municipal,26,10,737.7
2024,2513406,municipal,149,81,745.2
2024,2513505,municipal,40,40,805.1
2024,2513604,municipal,38,20,739.7
2024,2513653,municipal,30,27,778.2
2024,2513703,estadual,144,83,755.1
2024,2513703,municipal,786,281,727.3
2024,2513802,municipal,35,15,746.8
2024,2513851,municipal,25,9,723.6
2024,2513901,municipal,221,104,739.0
2024,2513927,municipal,35,21,749.1
2024,2513943,municipal,40,40,828.5
2024,2513968,municipal,22,12,758.2
2024,2513984,municipal,39,38,799.7
2024,2514008,municipal,41,25,754.8
2024,2514107,municipal,33,16,749.4
2024,2514206,municipal,84,50,759.4
2024,2514305,municipal,57,30,739.3
2024,2514404,municipal,47,21,738.9
2024,2514453,municipal,56,15,713.6
2024,2514503,municipal,134,75,743.8
2024,2514552,municipal,11,9,766.7
2024,2514602,municipal,31,9,718.4
2024,2514651,municipal,20,6,727.7
2024,2514701,municipal,31,15,739.1
2024,2514800,municipal,21,20,777.7
2024,2514909,municipal,60,29,740.9
2024,2515005,municipal,23,23,787.3
2024,2515104,municipal,74,42,747.2
2024,2515203,municipal,33,23,751.6
2024,2515302,municipal,376,147,733.2
2024,2515401,municipal,81,44,743.4
2024,2515500,municipal,100,54,748.5
2024,2515609,municipal,29,14,733.3
2024,2515708,municipal,28,20,768.8
2024,2515807,municipal,14,12,756.7
2024,2515906,municipal,55,41,776.5
2024,2515930,municipal,63,47,770.7
2024,2515971,municipal,27,11,742.4
2024,2516003,municipal,187,86,738.5
2024,2516102,municipal,111,52,739.2
2024,2516151,municipal,55,37,765.6
2024,2516201,estadual,28,15,749.5
2024,2516201,municipal,496,330,760.2
2024,2516300,municipal,132,85,751.7
2024,2516409,municipal,45,35,768.3
2024,2516508,municipal,123,111,785.8
2024,2516607,municipal,77,52,760.3
2024,2516706,municipal,123,101,777.6
2024,2516755,municipal,35,17,743.4
2024,2516805,municipal,61,39,747.1
2024,2516904,estadual,14,7,741.5
2024,2516904,municipal,110,49,742.3
2024,2517001,municipal,111,88,785.0
2024,2517100,municipal,27,17,760.2
2024,2517209,municipal,39,25,763.5
2024,2517407,municipal,24,16,749.0
2024,2600054,municipal,722,335,734.6
2024,2600104,municipal,387,272,755.5
2024,2600203,municipal,172,103,745.2
2024,2600302,municipal,230,147,749.5
2024,2600401,municipal,174,97,751.1
2024,2600500,municipal,441,264,744.6
2024,2600609,municipal,171,92,740.4
2024,2600708,municipal,237,93,737.7
2024,2600807,municipal,111,76,756.9
2024,2600906,municipal,151,83,748.8
2024,2601003,municipal,88,55,748.9
2024,2601052,municipal,221,118,743.5
2024,2601102,municipal,937,488,739.7
2024,2601201,municipal,670,469,750.7
2024,2601300,municipal,104,90,775.2
2024,2601409,municipal,421,223,746.4
2024,2601508,municipal,123,98,763.3
2024,2601607,municipal,174,109,748.7
2024,2601706,municipal,658,289,729.0
2024,2601805,municipal,92,71,764.2
2024,2601904,municipal,401,228,744.3
2024,2602001,municipal,289,137,728.3
2024,2602100,municipal,462,281,742.2
2024,2602209,municipal,297,205,761.0
2024,2602308,municipal,347,277,764.0
2024,2602407,municipal,78,67,772.4
2024,2602506,municipal,105,83,766.6
2024,2602605,municipal,420,205,737.3
2024,2602704,municipal,124,106,772.3
2024,2602803,municipal,508,282,746.6
2024,2602902,municipal,1976,1002,737.8
2024,2603009,municipal,311,190,749.8
2024,2603108,municipal,179,114,748.4
2024,2603207,municipal,364,208,743.5
2024,2603306,municipal,59,24,724.2
2024,2603405,municipal,83,71,771.7
2024,2603454,municipal,1192,686,738.8
2024,2603504,municipal,169,116,759.3
2024,2603603,municipal,51,34,755.7
2024,2603702,municipal,226,148,747.4
2024,2603801,municipal,211,147,749.9
2024,2603900,municipal,252,233,779.9
2024,2603926,municipal,53,53,790.8
2024,2604007,municipal,570,337,749.3
2024,2604106,municipal,3085,1801,743.2
2024,2604155,municipal,73,62,776.1
2024,2604205,municipal,267,58,717.6
2024,2604304,municipal,78,49,749.0
2024,2604403,municipal,128,81,750.9
2024,2604502,municipal,245,143,744.7
2024,2604601,municipal,203,88,729.6
2024,2604700,municipal,130,94,759.5
2024,2604809,municipal,85,60,760.3
2024,2604908,municipal,81,77,782.2
2024,2605004,municipal,292,260,776.5
2024,2605103,municipal,366,310,770.5
2024,2605152,municipal,169,141,768.3
2024,2605202,municipal,406,124,724.6
2024,2605301,municipal,335,185,753.0
2024,2605400,municipal,219,182,774.2
2024,2605459,estadual,43,37,773.2
2024,2605509,municipal,82,34,731.1
2024,2605608,municipal,145,99,759.7
2024,2605707,municipal,228,118,739.7
2024,2605806,municipal,97,69,755.4
2024,2605905,municipal,162,125,765.4
2024,2606002,municipal,1278,891,751.9
2024,2606101,municipal,197,130,752.3
2024,2606200,municipal,702,322,731.9
2024,2606309,municipal,109,74,759.2
2024,2606408,municipal,447,193,727.2
2024,2606507,municipal,173,142,766.3
2024,2606606,estadual,15,13,772.7
2024,2606606,municipal,254,157,742.0
2024,2606705,municipal,58,36,747.7
2024,2606804,municipal,1170,783,748.5
2024,2606903,municipal,73,61,775.2
2024,2607000,municipal,266,212,767.1
2024,2607109,municipal,49,44,778.6
2024,2607208,municipal,1323,849,754.3
2024,2607307,municipal,363,254,753.5
2024,2607406,municipal,35,17,735.5
2024,2607505,municipal,205,120,736.5
2024,2607604,municipal,205,104,740.3
2024,2607653,municipal,247,107,728.6
2024,2607703,municipal,120,107,775.8
2024,2607752,municipal,274,227,771.7
2024,2607802,municipal,78,45,744.5
2024,2607901,municipal,4684,2575,741.8
2024,2607950,municipal,71,58,771.9
2024,2608008,municipal,131,49,729.9
2024,2608057,municipal,110,75,755.6
2024,2608107,municipal,169,128,762.0
2024,2608206,municipal,92,44,740.7
2024,2608255,municipal,174,120,749.2
2024,2608305,municipal,234,161,749.2
2024,2608404,municipal,155,94,742.0
2024,2608453,municipal,139,83,750.1
2024,2608503,municipal,165,131,764.0
2024,2608602,municipal,97,83,768.5
2024,2608701,municipal,103,89,776.9
2024,2608750,municipal,344,232,761.9
2024,2608800,municipal,407,234,738.7
2024,2608909,municipal,377,253,756.7
2024,2609006,municipal,214,175,768.1
2024,2609105,municipal,123,119,792.9
2024,2609154,municipal,174,92,742.5
2024,2609204,municipal,105,61,751.9
2024,2609303,municipal,166,96,752.3
2024,2609402,municipal,385,169,728.9
2024,2609501,municipal,221,126,745.0
2024,2609600,municipal,2716,1692,749.1
2024,2609709,municipal,94,86,778.5
2024,2609808,municipal,116,59,735.4
2024,2609907,municipal,510,157,722.3
2024,2610004,municipal,322,209,748.9
2024,2610103,municipal,62,37,749.2
2024,2610202,municipal,237,224,792.4
2024,2610301,municipal,138,92,757.4
2024,2610400,municipal,175,103,740.3
2024,2610509,municipal,201,153,762.5
2024,2610608,municipal,518,342,751.1
2024,2610707,estadual,33,6,708.7
2024,2610707,municipal,2007,1115,741.1
2024,2610806,municipal,174,95,739.8
2024,2610905,municipal,460,296,751.5
2024,2611002,municipal,412,273,751.7
2024,2611101,municipal,4624,3249,755.9
2024,2611200,municipal,83,53,748.5
2024,2611309,municipal,133,54,727.3
2024,2611408,municipal,83,42,752.7
2024,2611507,municipal,221,128,747.3
2024,2611533,municipal,123,107,782.5
2024,2611606,estadual,59,52,778.4
2024,2611606,municipal,9859,5360,740.7
2024,2611705,municipal,154,105,747.1
2024,2611804,municipal,221,145,752.5
2024,2611903,municipal,209,190,786.9
2024,2612000,municipal,79,64,773.9
2024,2612109,municipal,51,47,793.2
2024,2612208,municipal,723,543,763.2
2024,2612307,municipal,164,129,768.6
2024,2612406,municipal,171,113,752.6
2024,2612455,municipal,154,106,756.1
2024,2612471,municipal,124,108,774.5
2024,2612505,municipal,1020,571,740.4
2024,2612554,municipal,90,48,740.6
2024,2612604,municipal,462,297,757.3
2024,2612703,municipal,90,63,761.8
2024,2612802,municipal,132,105,766.8
2024,2612901,municipal,71,50,755.4
2024,2613008,municipal,549,352,745.7
2024,2613107,municipal,338,180,739.3
2024,2613206,municipal,177,96,744.4
2024,2613305,municipal,233,168,763.7
2024,2613404,municipal,244,96,730.8
2024,2613503,municipal,408,246,748.8
2024,2613602,municipal,298,219,759.0
2024,2613701,municipal,914,487,738.3
2024,2613800,municipal,136,58,725.1
2024,2613909,municipal,815,635,762.7
2024,2614006,municipal,201,120,747.5
2024,2614105,municipal,302,171,746.3
2024,2614204,municipal,353,263,760.9
2024,2614303,municipal,104,59,743.7
2024,2614402,municipal,70,66,783.6
2024,2614501,municipal,286,168,743.8
2024,2614600,municipal,298,206,752.9
2024,2614709,municipal,96,42,723.2
2024,2614808,municipal,151,111,763.3
2024,2614857,municipal,258,148,748.8
2024,2615003,municipal,235,140,743.8
2024,2615102,municipal,50,38,761.9
2024,2615201,municipal,115,82,751.0
2024,2615300,municipal,346,268,767.7
2024,2615409,municipal,548,350,747.7
2024,2615508,municipal,123,90,763.2
2024,2615607,municipal,387,268,753.6
2024,2615706,municipal,134,108,768.3
2024,2615805,municipal,194,133,750.2
2024,2615904,municipal,98,81,771.6
2024,2616001,municipal,109,65,741.6
2024,2616100,municipal,61,42,756.5
2024,2616183,municipal,81,67,773.7
2024,2616209,municipal,168,96,745.3
2024,2616308,municipal,223,152,746.2
2024,2616407,municipal,1004,509,735.2
2024,2616506,municipal,160,130,769.0
2024,2700102,municipal,150,73,735.2
2024,2700201,municipal,151,68,732.5
2024,2700300,municipal,2473,1082,729.6
2024,2700409,municipal,433,192,728.8
2024,2700508,municipal,235,77,721.2
2024,2700607,municipal,122,48,723.1
2024,2700706,municipal,146,67,736.2
2024,2700805,municipal,43,28,752.7
2024,2700904,municipal,90,89,802.8
2024,2701001,municipal,238,210,777.2
2024,2701100,municipal,118,94,765.8
2024,2701209,municipal,157,85,744.1
2024,2701308,municipal,233,78,712.5
2024,2701357,municipal,97,60,746.0
2024,2701407,municipal,456,308,755.5
2024,2701506,municipal,46,17,721.6
2024,2701605,municipal,199,124,749.5
2024,2701704,municipal,201,86,724.1
2024,2701803,municipal,157,61,726.8
2024,2701902,municipal,56,29,745.0
2024,2702009,municipal,97,75,769.8
2024,2702108,municipal,184,135,761.4
2024,2702207,municipal,75,41,740.3
2024,2702306,municipal,787,725,788.9
2024,2702355,municipal,206,139,751.2
2024,2702405,municipal,560,158,714.9
2024,2702504,municipal,83,53,747.5
2024,2702553,municipal,137,49,721.7
2024,2702603,municipal,223,99,733.5
2024,2702702,municipal,61,28,738.9
2024,2702801,municipal,157,77,736.5
2024,2702900,municipal,395,158,730.3
2024,2703007,municipal,79,43,745.9
2024,2703106,municipal,242,59,707.2
2024,2703205,municipal,249,126,737.6
2024,2703304,estadual,11,3,718.8
2024,2703304,municipal,215,179,770.6
2024,2703403,municipal,75,41,742.4
2024,2703502,municipal,83,64,773.7
2024,2703601,municipal,98,27,712.3
2024,2703700,municipal,62,25,733.1
2024,2703759,municipal,115,110,794.1
2024,2703809,estadual,27,7,728.0
2024,2703809,municipal,170,47,718.3
2024,2703908,municipal,52,23,729.7
2024,2704005,municipal,272,154,742.0
2024,2704104,municipal,130,57,732.1
2024,2704203,municipal,318,142,732.2
2024,2704302,estadual,1177,459,725.1
2024,2704302,municipal,5283,2163,726.1
2024,2704401,municipal,190,72,728.0
2024,2704500,municipal,408,186,732.6
2024,2704609,municipal,111,83,761.0
2024,2704708,municipal,869,402,731.2
2024,2704807,municipal,94,39,732.8
2024,2704906,municipal,33,19,743.8
2024,2705002,municipal,120,51,731.8
2024,2705101,municipal,256,125,736.0
2024,2705200,municipal,231,97,723.5
2024,2705309,municipal,64,18,726.1
2024,2705408,municipal,90,28,718.8
2024,2705507,municipal,234,198,766.0
2024,2705606,municipal,138,55,725.7
2024,2705705,municipal,276,125,732.2
2024,2705804,municipal,139,50,720.1
2024,2705903,municipal,28,23,765.8
2024,2706000,municipal,176,142,770.8
2024,2706109,municipal,112,59,739.4
2024,2706208,municipal,80,41,739.2
2024,2706307,estadual,38,15,717.9
2024,2706307,municipal,586,227,725.8
2024,2706406,municipal,307,170,742.0
2024,2706422,estadual,35,12,732.4
2024,2706422,municipal,56,39,745.9
2024,2706448,municipal,232,83,722.7
2024,2706505,municipal,172,56,719.0
2024,2706604,municipal,78,30,732.4
2024,2706703,estadual,34,20,742.2
2024,2706703,municipal,589,249,731.3
2024,2706802,municipal,226,96,732.8
2024,2706901,municipal,528,242,733.7
2024,2707008,municipal,27,13,743.0
2024,2707107,municipal,375,94,709.3
2024,2707206,municipal,163,80,736.6
2024,2707305,municipal,298,137,725.8
2024,2707404,municipal,133,37,712.1
2024,2707503,estadual,37,28,761.5
2024,2707503,municipal,120,100,767.5
2024,2707602,municipal,166,102,749.9
2024,2707701,municipal,1249,485,722.6
2024,2707800,municipal,101,46,729.1
2024,2707909,municipal,68,26,723.6
2024,2708006,municipal,513,227,729.2
2024,2708105,municipal,86,84,790.7
2024,2708204,municipal,93,66,752.4
2024,2708303,municipal,171,163,789.6
2024,2708402,municipal,398,201,737.9
2024,2708501,municipal,398,213,740.6
2024,2708600,municipal,564,322,745.2
2024,2708709,municipal,155,79,737.6
2024,2708808,municipal,336,143,727.2
2024,2708907,municipal,269,148,739.2
2024,2708956,municipal,159,91,742.7
2024,2709004,municipal,75,40,736.4
2024,2709103,municipal,239,93,729.7
2024,2709152,municipal,381,219,748.7
2024,2709202,municipal,160,76,737.2
2024,2709301,municipal,633,600,791.7
2024,2709400,municipal,254,127,734.8
2024,2800100,municipal,10,5,716.1
2024,2800209,municipal,86,18,696.8
2024,2800308,estadual,1144,436,723.5
2024,2800308,municipal,2520,1189,734.0
2024,2800407,municipal,108,31,712.5
2024,2800506,municipal,147,66,725.1
2024,2800605,estadual,30,9,714.1
2024,2800605,municipal,248,70,713.8
2024,2800670,estadual,22,11,735.9
2024,2800670,municipal,142,47,713.3
2024,2800704,municipal,139,48,725.6
2024,2801009,estadual,24,2,684.6
2024,2801009,municipal,100,42,723.0
2024,2801108,municipal,28,18,751.5
2024,2801207,municipal,460,123,715.4
2024,2801306,municipal,317,113,723.8
2024,2801405,municipal,123,42,717.8
2024,2801504,municipal,147,24,702.2
2024,2801603,municipal,32,15,737.6
2024,2801702,municipal,185,64,715.1
2024,2801900,municipal,33,18,735.1
2024,2802007,municipal,51,10,713.6
2024,2802106,estadual,58,25,723.4
2024,2802106,municipal,479,143,710.4
2024,2802205,municipal,86,22,708.4
2024,2802304,municipal,91,34,725.1
2024,2802403,municipal,94,34,727.0
2024,2802502,municipal,32,7,705.2
2024,2802601,municipal,12,2,726.8
2024,2802700,municipal,114,19,699.8
2024,2802809,municipal,235,81,722.3
2024,2802908,estadual,124,44,724.3
2024,2802908,municipal,652,272,724.2
2024,2803005,municipal,469,275,742.3
2024,2803104,municipal,20,7,712.5
2024,2803203,municipal,345,136,728.0
2024,2803302,municipal,167,97,741.9
2024,2803401,municipal,137,54,725.9
2024,2803500,estadual,136,93,756.2
2024,2803500,municipal,621,194,715.7
2024,2803609,municipal,215,59,711.3
2024,2803708,municipal,24,7,721.4
2024,2803807,municipal,67,25,725.9
2024,2803906,municipal,128,47,717.6
2024,2804003,municipal,122,38,719.6
2024,2804102,municipal,90,52,744.6
2024,2804201,municipal,169,59,719.4
2024,2804300,municipal,35,8,710.2
2024,2804409,estadual,62,27,729.8
2024,2804409,municipal,138,35,712.2
2024,2804458,municipal,46,27,748.5
2024,2804508,estadual,121,66,740.9
2024,2804508,municipal,313,98,711.1
2024,2804607,estadual,25,7,718.2
2024,2804607,municipal,196,56,711.2
2024,2804706,municipal,60,35,746.5
2024,2804805,estadual,159,48,714.7
2024,2804805,municipal,1626,485,712.3
2024,2804904,municipal,106,30,716.7
2024,2805000,municipal,23,11,730.6
2024,2805109,municipal,62,7,699.0
2024,2805208,municipal,42,17,720.4
2024,2805307,municipal,100,38,723.0
2024,2805406,municipal,345,92,709.6
2024,2805505,municipal,153,62,725.2
2024,2805604,estadual,18,3,726.4
2024,2805604,municipal,210,35,699.9
2024,2805703,estadual,48,24,739.2
2024,2805703,municipal,145,43,714.9
2024,2805802,municipal,125,43,721.5
2024,2805901,municipal,92,29,722.4
2024,2806008,estadual,17,10,738.9
2024,2806008,municipal,94,36,729.2
2024,2806107,municipal,128,50,729.3
2024,2806206,municipal,175,79,727.8
2024,2806305,municipal,123,27,710.9
2024,2806404,municipal,89,20,713.1
2024,2806503,municipal,41,11,703.5
2024,2806602,estadual,45,23,732.0
2024,2806602,municipal,56,15,712.2
2024,2806701,estadual,24,9,726.3
2024,2806701,municipal,710,486,754.4
2024,2806800,municipal,47,14,721.2
2024,2806909,municipal,16,13,759.9
2024,2807006,municipal,26,12,742.5
2024,2807105,estadual,74,42,745.9
2024,2807105,municipal,284,86,718.6
2024,2807204,municipal,71,37,733.8
2024,2807303,municipal,38,16,739.0
2024,2807402,municipal,415,192,732.1
2024,2807501,municipal,113,46,729.5
2024,2807600,municipal,183,72,722.2
2024,2900108,municipal,33,14,728.4
2024,2900207,municipal,159,29,709.6
2024,2900306,municipal,93,55,746.9
2024,2900355,municipal,139,59,734.5
2024,2900405,municipal,69,21,726.9
2024,2900504,municipal,43,16,734.6
2024,2900603,municipal,57,15,715.9
2024,2900702,municipal,988,362,725.1
2024,2900801,municipal,250,74,721.6
2024,2900900,municipal,46,11,720.4
2024,2901007,municipal,249,127,740.2
2024,2901106,municipal,140,66,733.6
2024,2901155,municipal,192,83,729.9
2024,2901205,municipal,115,37,719.4
2024,2901304,municipal,136,65,735.5
2024,2901353,municipal,109,31,715.5
2024,2901403,municipal,109,31,723.4
2024,2901502,municipal,84,47,739.2
2024,2901601,municipal,82,19,717.0
2024,2901700,municipal,66,17,714.0
2024,2901809,municipal,79,20,717.3
2024,2901908,municipal,230,38,707.1
2024,2901957,municipal,74,32,728.5
2024,2902005,municipal,83,24,722.5
2024,2902054,municipal,115,44,728.9
2024,2902104,municipal,331,81,713.5
2024,2902203,municipal,78,14,711.5
2024,2902252,municipal,61,8,707.5
2024,2902302,municipal,80,48,749.7
2024,2902401,municipal,122,41,721.3
2024,2902500,municipal,142,51,723.4
2024,2902609,municipal,87,32,732.7
2024,2902658,estadual,52,4,697.9
2024,2902658,municipal,98,36,730.0
2024,2902708,municipal,474,135,717.7
2024,2902807,municipal,265,125,735.0
2024,2902906,municipal,487,149,719.7
2024,2903003,municipal,111,36,726.6
2024,2903102,municipal,53,21,735.6
2024,2903201,municipal,1654,597,727.8
2024,2903235,municipal,121,36,720.4
2024,2903276,municipal,91,42,736.2
2024,2903300,municipal,89,22,724.5
2024,2903409,municipal,168,57,724.3
2024,2903508,municipal,124,41,723.0
2024,2903607,municipal,57,17,722.8
2024,2903706,municipal,129,60,734.6
2024,2903805,municipal,140,45,715.8
2024,2903904,municipal,683,236,723.8
2024,2903953,municipal,90,22,718.3
2024,2904001,municipal,96,47,736.2
2024,2904050,municipal,150,51,730.4
2024,2904100,municipal,100,32,717.0
2024,2904209,municipal,57,27,739.5
2024,2904308,municipal,147,70,732.1
2024,2904407,municipal,94,38,729.2
2024,2904506,municipal,82,50,749.7
2024,2904605,municipal,548,231,732.8
2024,2904704,estadual,14,3,719.9
2024,2904704,municipal,126,37,717.5
2024,2904803,municipal,50,25,746.3
2024,2904852,municipal,119,39,720.9
2024,2904902,municipal,242,80,723.8
2024,2905008,municipal,196,94,741.2
2024,2905107,municipal,79,29,726.9
2024,2905156,municipal,28,13,734.2
2024,2905206,municipal,428,167,728.4
2024,2905305,municipal,135,41,717.0
2024,2905404,municipal,286,94,721.7
2024,2905503,municipal,149,42,712.1
2024,2905602,municipal,191,47,714.8
2024,2905701,municipal,2552,933,726.1
2024,2905800,municipal,236,67,716.9
2024,2905909,municipal,189,53,719.0
2024,2906006,municipal,619,242,729.1
2024,2906105,municipal,88,26,718.8
2024,2906204,municipal,255,86,721.6
2024,2906303,municipal,272,78,717.6
2024,2906402,municipal,52,16,719.6
2024,2906501,municipal,510,187,726.4
2024,2906600,municipal,120,50,734.5
2024,2906709,municipal,162,50,723.7
2024,2906808,municipal,332,77,713.3
2024,2906824,municipal,156,47,721.4
2024,2906857,municipal,66,30,733.3
2024,2906873,municipal,242,71,719.1
2024,2906899,municipal,90,32,725.4
2024,2906907,municipal,225,112,738.5
2024,2907004,municipal,115,38,726.7
2024,2907103,municipal,316,101,723.9
2024,2907202,municipal,430,90,711.0
2024,2907301,municipal,203,62,721.0
2024,2907400,municipal,35,9,715.9
2024,2907509,municipal,231,91,727.2
2024,2907558,municipal,59,30,743.9
2024,2907608,municipal,78,20,717.6
2024,2907707,municipal,105,38,725.2
2024,2907806,municipal,156,57,731.0
2024,2907905,municipal,193,60,721.5
2024,2908002,municipal,115,45,727.8
2024,2908101,municipal,207,107,738.9
2024,2908200,municipal,142,39,716.7
2024,2908309,municipal,51,21,734.7
2024,2908408,municipal,446,138,721.4
2024,2908507,municipal,208,78,731.7
2024,2908606,municipal,167,47,719.2
2024,2908804,municipal,32,13,727.7
2024,2908903,municipal,169,36,709.9
2024,2909000,municipal,61,32,741.2
2024,2909109,municipal,140,43,722.4
2024,2909208,municipal,111,40,722.8
2024,2909307,municipal,214,57,719.1
2024,2909406,municipal,105,44,728.2
2024,2909505,municipal,55,19,725.0
2024,2909604,municipal,151,65,732.7
2024,2909703,municipal,144,63,730.7
2024,2909802,municipal,432,145,723.8
2024,2909901,municipal,388,89,715.8
2024,2910008,municipal,112,46,730.2
2024,2910057,municipal,555,179,718.8
2024,2910107,municipal,124,53,728.4
2024,2910206,municipal,42,22,741.1
2024,2910305,municipal,34,12,737.7
2024,2910404,municipal,153,57,730.4
2024,2910503,municipal,255,83,725.7
2024,2910602,municipal,359,86,712.8
2024,2910701,estadual,17,1,703.5
2024,2910701,municipal,417,135,722.0
2024,2910727,municipal,787,302,727.8
2024,2910750,municipal,117,58,737.1
2024,2910776,municipal,66,30,735.5
2024,2910800,municipal,3528,1171,723.5
2024,2910859,municipal,136,50,723.0
2024,2910909,municipal,43,10,708.3
2024,2911006,municipal,78,32,733.1
2024,2911105,municipal,234,66,721.4
2024,2911204,municipal,214,101,736.0
2024,2911253,municipal,38,18,738.7
2024,2911303,municipal,81,44,741.0
2024,2911402,estadual,21,1,687.5
2024,2911402,municipal,64,19,714.0
2024,2911501,municipal,68,34,738.4
2024,2911600,municipal,141,41,717.4
2024,2911659,municipal,87,32,728.3
2024,2911709,municipal,776,360,735.4
2024,2911808,municipal,159,36,711.5
2024,2911857,municipal,66,24,726.4
2024,2911907,municipal,263,75,714.8
2024,2912004,municipal,67,41,746.6
2024,2912103,municipal,166,63,730.3
2024,2912202,municipal,249,81,720.2
2024,2912301,municipal,84,42,738.7
2024,2912400,municipal,160,59,726.1
2024,2912509,municipal,94,44,739.2
2024,2912608,municipal,32,5,703.4
2024,2912707,municipal,204,45,714.8
2024,2912806,municipal,148,56,730.7
2024,2912905,municipal,195,73,726.9
2024,2913002,municipal,91,34,727.6
2024,2913101,municipal,100,28,718.6
2024,2913200,municipal,289,95,721.9
2024,2913309,municipal,28,9,738.4
2024,2913408,municipal,101,43,733.0
2024,2913457,municipal,55,24,732.0
2024,2913507,municipal,108,34,720.6
2024,2913606,estadual,23,10,730.6
2024,2913606,municipal,1355,357,715.6
2024,2913705,municipal,229,69,719.0
2024,2913804,municipal,86,40,733.9
2024,2913903,municipal,326,82,716.2
2024,2914000,municipal,415,143,721.5
2024,2914109,municipal,71,42,745.4
2024,2914208,municipal,26,17,755.6
2024,2914307,municipal,33,12,723.7
2024,2914406,municipal,269,119,734.8
2024,2914505,municipal,83,27,718.0
2024,2914604,municipal,600,281,736.9
2024,2914653,municipal,313,78,715.9
2024,2914703,municipal,375,154,727.2
2024,2914802,municipal,931,277,717.2
2024,2914901,municipal,218,68,720.1
2024,2915007,municipal,110,50,738.5
2024,2915106,municipal,119,28,713.9
2024,2915205,municipal,190,84,731.1
2024,2915304,municipal,80,20,717.0
2024,2915353,municipal,125,41,721.5
2024,2915403,municipal,59,9,710.3
2024,2915502,municipal,88,30,723.0
2024,2915601,municipal,556,208,729.9
2024,2915700,municipal,68,25,725.6
2024,2915809,municipal,252,68,715.6
2024,2915908,municipal,53,13,716.7
2024,2916104,municipal,210,60,721.5
2024,2916203,municipal,65,23,729.5
2024,2916302,municipal,64,15,724.8
2024,2916401,municipal,537,173,722.2
2024,2916500,municipal,326,167,742.6
2024,2916609,municipal,71,26,719.5
2024,2916708,municipal,73,25,727.4
2024,2916807,municipal,112,46,734.1
2024,2916856,municipal,166,90,742.6
2024,2916906,municipal,60,18,726.0
2024,2917003,municipal,247,52,709.3
2024,2917102,municipal,104,30,720.5
2024,2917201,municipal,191,84,733.3
2024,2917300,municipal,120,35,714.8
2024,2917334,municipal,94,24,711.0
2024,2917359,municipal,95,41,733.7
2024,2917409,municipal,102,58,742.9
2024,2917508,municipal,558,159,717.6
2024,2917607,municipal,527,283,743.6
2024,2917706,municipal,233,95,727.2
2024,2917805,municipal,143,67,736.5
2024,2917904,municipal,97,35,729.9
2024,2918001,municipal,927,366,730.5
2024,2918100,municipal,193,57,722.4
2024,2918209,municipal,45,21,746.8
2024,2918308,municipal,98,40,730.5
2024,2918357,municipal,254,135,742.6
2024,2918407,municipal,2494,731,716.5
2024,2918506,municipal,122,53,736.3
2024,2918555,municipal,57,18,725.2
2024,2918605,municipal,39,13,730.7
2024,2918704,municipal,23,13,747.5
2024,2918803,municipal,110,50,737.5
2024,2918902,municipal,29,14,737.8
2024,2919009,municipal,33,7,715.3
2024,2919058,municipal,58,25,738.5
2024,2919108,municipal,46,9,705.2
2024,2919157,municipal,301,76,716.1
2024,2919207,municipal,1280,368,716.1
2024,2919306,municipal,77,29,730.6
2024,2919405,municipal,84,55,754.5
2024,2919504,municipal,402,153,727.5
2024,2919553,municipal,1313,469,724.4
2024,2919603,municipal,146,44,719.4
2024,2919702,municipal,114,51,732.3
2024,2919801,municipal,273,86,720.7
2024,2919900,municipal,40,5,695.9
2024,2919926,municipal,186,48,715.9
2024,2919959,municipal,38,18,737.7
2024,2920007,municipal,86,28,722.4
2024,2920106,municipal,111,26,717.7
2024,2920205,municipal,190,64,724.4
2024,2920304,municipal,74,52,760.6
2024,2920403,municipal,120,50,728.3
2024,2920452,municipal,59,22,728.3
2024,2920502,municipal,179,78,737.5
2024,2920601,municipal,167,91,742.9
2024,2920809,municipal,70,13,707.6
2024,2920908,municipal,101,27,710.1
2024,2921005,municipal,636,362,745.1
2024,2921054,municipal,127,54,734.8
2024,2921104,municipal,226,106,736.6
2024,2921203,municipal,184,68,724.1
2024,2921302,municipal,76,35,732.0
2024,2921401,municipal,119,35,722.1
2024,2921450,municipal,78,36,736.8
2024,2921500,municipal,251,69,717.5
2024,2921609,municipal,90,26,725.4
2024,2921708,municipal,219,62,718.6
2024,2921807,municipal,105,63,749.7
2024,2921906,municipal,85,33,731.9
2024,2922003,municipal,392,188,737.3
2024,2922052,municipal,111,32,718.2
2024,2922102,municipal,126,42,720.1
2024,2922201,municipal,63,26,729.9
2024,2922250,municipal,118,26,713.2
2024,2922300,municipal,174,90,740.2
2024,2922409,municipal,139,68,738.7
2024,2922607,municipal,97,49,736.6
2024,2922656,municipal,176,46,715.4
2024,2922706,municipal,16,8,734.0
2024,2922730,municipal,47,15,721.5
2024,2922755,municipal,49,24,744.1
2024,2922805,municipal,101,35,731.2
2024,2922854,municipal,37,10,725.2
2024,2922904,municipal,242,76,724.1
2024,2923001,municipal,481,179,728.1
2024,2923035,municipal,82,60,756.3
2024,2923050,municipal,64,25,732.4
2024,2923100,municipal,202,43,712.1
2024,2923209,municipal,196,77,728.6
2024,2923308,municipal,85,43,738.6
2024,2923357,municipal,141,48,721.3
2024,2923407,municipal,151,54,725.7
2024,2923506,municipal,89,36,728.5
2024,2923605,municipal,141,69,735.7
2024,2923704,municipal,233,57,711.8
2024,2923803,municipal,196,78,725.0
2024,2923902,estadual,10,1,681.0
2024,2923902,municipal,124,43,724.6
2024,2924009,municipal,944,288,722.1
2024,2924058,municipal,51,20,725.1
2024,2924108,municipal,30,4,711.6
2024,2924207,municipal,132,27,706.7
2024,2924306,municipal,150,68,737.5
2024,2924405,municipal,391,88,713.4
2024,2924504,municipal,120,46,730.7
2024,2924603,municipal,222,87,726.8
2024,2924652,municipal,79,44,749.2
2024,2924678,municipal,42,18,727.6
2024,2924702,municipal,85,48,744.8
2024,2924801,municipal,138,56,730.2
2024,2924900,municipal,56,24,735.1
2024,2925006,municipal,181,44,715.3
2024,2925105,municipal,389,167,729.6
2024,2925204,municipal,291,150,740.4
2024,2925253,municipal,173,64,729.9
2024,2925303,municipal,2200,1001,734.8
2024,2925402,municipal,69,19,719.1
2024,2925501,estadual,70,35,737.1
2024,2925501,municipal,321,93,722.5
2024,2925600,municipal,100,20,703.4
2024,2925709,municipal,107,34,722.6
2024,2925808,municipal,188,57,722.6
2024,2925907,municipal,132,46,722.4
2024,2925931,municipal,53,40,760.7
2024,2925956,municipal,173,58,721.4
2024,2926004,municipal,329,116,727.1
2024,2926103,municipal,123,29,715.7
2024,2926301,municipal,172,66,726.3
2024,2926400,municipal,198,104,739.4
2024,2926509,municipal,162,55,722.9
2024,2926608,municipal,501,204,729.1
2024,2926657,municipal,76,40,740.3
2024,2926707,municipal,122,68,745.1
2024,2926806,municipal,89,39,734.4
2024,2926905,municipal,32,5,715.4
2024,2927002,municipal,268,89,725.4
2024,2927101,estadual,14,7,741.6
2024,2927101,municipal,148,39,710.1
2024,2927200,municipal,247,69,722.5
2024,2927309,municipal,201,92,734.6
2024,2927408,estadual,46,30,754.2
2024,2927408,municipal,12112,4451,725.8
2024,2927507,municipal,133,42,724.8
2024,2927606,municipal,155,44,721.3
2024,2927705,municipal,364,136,728.4
2024,2927804,municipal,54,20,725.7
2024,2927903,municipal,93,44,737.2
2024,2928000,municipal,199,58,714.0
2024,2928059,municipal,95,27,712.2
2024,2928109,municipal,251,66,715.9
2024,2928208,municipal,230,89,731.0
2024,2928307,municipal,61,14,713.9
2024,2928406,municipal,259,83,721.3
2024,2928505,municipal,76,21,717.6
2024,2928604,municipal,395,146,728.4
2024,2928703,municipal,467,191,730.6
2024,2928802,municipal,499,159,720.0
2024,2928901,municipal,307,166,741.5
2024,2928950,municipal,51,27,748.5
2024,2929008,municipal,83,26,718.0
2024,2929057,municipal,164,60,727.5
2024,2929107,municipal,141,58,729.4
2024,2929206,municipal,342,88,712.4
2024,2929255,municipal,158,53,723.5
2024,2929305,municipal,203,50,717.4
2024,2929354,municipal,77,21,709.4
2024,2929370,municipal,88,25,720.9
2024,2929404,municipal,68,25,731.6
2024,2929503,municipal,269,124,736.3
2024,2929602,municipal,123,80,753.0
2024,2929701,municipal,88,27,724.9
2024,2929750,municipal,76,40,746.1
2024,2929800,municipal,82,17,705.6
2024,2929909,municipal,406,142,724.9
2024,2930006,municipal,59,25,737.3
2024,2930105,municipal,487,117,712.3
2024,2930154,municipal,439,117,717.2
2024,2930204,municipal,429,104,713.8
2024,2930303,municipal,136,45,726.4
2024,2930402,municipal,90,33,722.6
2024,2930501,municipal,487,97,709.4
2024,2930600,municipal,144,37,717.3
2024,2930709,municipal,1151,485,730.6
2024,2930766,municipal,73,31,730.3
2024,2930774,municipal,302,104,725.6
2024,2930808,municipal,132,42,721.0
2024,2930907,municipal,127,55,730.0
2024,2931004,municipal,97,46,736.5
2024,2931053,municipal,178,110,747.6
2024,2931103,municipal,75,23,721.4
2024,2931202,municipal,141,67,735.8
2024,2931301,municipal,110,46,732.8
2024,2931350,municipal,1367,479,726.9
2024,2931400,municipal,72,22,718.5
2024,2931509,municipal,186,55,716.0
2024,2931608,municipal,143,64,735.6
2024,2931707,municipal,95,27,721.4
2024,2931806,municipal,77,33,738.3
2024,2931905,municipal,256,91,726.3
2024,2932002,municipal,216,87,729.8
2024,2932101,municipal,131,51,726.4
2024,2932200,municipal,151,47,719.7
2024,2932309,municipal,105,44,731.7
2024,2932408,municipal,83,23,721.6
2024,2932457,municipal,122,28,711.1
2024,2932507,municipal,196,114,745.3
2024,2932606,municipal,148,60,732.4
2024,2932705,municipal,159,42,716.1
2024,2932804,municipal,115,38,723.0
2024,2932903,municipal,417,133,720.0
2024,2933000,municipal,102,38,727.2
2024,2933059,municipal,82,17,712.7
2024,2933109,municipal,55,24,723.6
2024,2933158,municipal,156,28,704.4
2024,2933174,municipal,70,28,727.8
2024,2933208,municipal,405,155,727.5
2024,2933257,municipal,53,19,726.9
2024,2933307,municipal,2826,1208,732.6
2024,2933406,municipal,100,45,736.2
2024,2933455,municipal,121,67,742.2
2024,2933505,municipal,154,48,726.5
2024,2933604,municipal,524,169,725.1
2024,3100104,municipal,52,50,779.9
2024,3100203,estadual,67,59,791.2
2024,3100203,municipal,118,86,756.5
2024,3100302,estadual,87,74,770.7
2024,3100302,municipal,15,13,786.2
2024,3100401,municipal,25,18,758.8
2024,3100500,estadual,22,17,780.3
2024,3100609,estadual,108,84,759.7
2024,3100708,municipal,20,11,752.4
2024,3100807,municipal,46,41,780.3
2024,3100906,estadual,176,108,746.4
2024,3100906,municipal,13,9,744.5
2024,3101003,municipal,123,92,759.8
2024,3101102,estadual,120,80,754.4
2024,3101102,municipal,112,65,748.6
2024,3101201,municipal,56,48,775.8
2024,3101300,municipal,29,26,778.8
2024,3101409,municipal,41,38,779.1
2024,3101508,municipal,259,143,741.2
2024,3101607,estadual,229,154,755.7
2024,3101607,municipal,424,325,762.9
2024,3101631,municipal,92,72,766.0
2024,3101706,municipal,408,225,739.2
2024,3101805,municipal,62,44,752.0
2024,3101904,municipal,155,122,766.8
2024,3102001,municipal,144,123,776.1
2024,3102050,municipal,93,81,773.5
2024,3102100,estadual,26,24,774.6
2024,3102100,municipal,64,55,773.8
2024,3102209,estadual,16,13,795.5
2024,3102209,municipal,30,26,779.0
2024,3102308,estadual,51,46,776.5
2024,3102308,municipal,57,41,759.7
2024,3102407,estadual,47,27,739.1
2024,3102407,municipal,20,17,771.4
2024,3102506,municipal,29,21,754.3
2024,3102605,municipal,320,240,761.1
2024,3102704,municipal,59,46,754.2
2024,3102803,municipal,89,60,754.0
2024,3102852,municipal,87,74,773.2
2024,3102902,estadual,33,24,747.4
2024,3102902,municipal,58,41,759.3
2024,3103009,estadual,64,54,775.7
2024,3103108,municipal,15,13,764.6
2024,3103207,municipal,18,13,763.9
2024,3103306,municipal,23,20,765.8
2024,3103405,estadual,208,139,752.4
2024,3103405,municipal,69,35,730.4
2024,3103504,estadual,279,187,752.9
2024,3103504,municipal,753,488,751.4
2024,3103603,municipal,28,16,729.4
2024,3103702,estadual,47,44,779.6
2024,3103702,municipal,12,11,788.6
2024,3103751,municipal,117,86,761.2
2024,3103801,municipal,26,24,774.9
2024,3103900,municipal,93,82,785.7
2024,3104007,municipal,1076,811,761.9
2024,3104106,municipal,56,46,770.5
2024,3104205,municipal,364,323,779.2
2024,3104304,municipal,154,136,776.2
2024,3104403,municipal,28,25,778.8
2024,3104452,estadual,21,19,782.4
2024,3104452,municipal,39,33,771.7
2024,3104502,estadual,78,40,732.9
2024,3104502,municipal,105,49,734.2
2024,3104601,municipal,123,109,777.2
2024,3104700,estadual,31,10,725.1
2024,3104700,municipal,66,44,751.2
2024,3104809,municipal,49,24,738.6
2024,3104908,municipal,120,93,759.6
2024,3105004,municipal,50,45,773.6
2024,3105103,municipal,161,130,770.9
2024,3105202,municipal,40,31,770.2
2024,3105301,municipal,72,68,775.5
2024,3105400,municipal,335,210,748.2
2024,3105509,municipal,37,33,774.8
2024,3105608,estadual,342,294,775.2
2024,3105608,municipal,518,425,767.0
2024,3105707,estadual,34,32,774.9
2024,3105905,municipal,154,128,768.6
2024,3106002,estadual,24,17,755.3
2024,3106002,municipal,88,65,759.1
2024,3106101,municipal,29,17,748.7
2024,3106200,estadual,4736,3508,759.7
2024,3106200,municipal,11276,7733,754.2
2024,3106309,municipal,250,165,751.3
2024,3106408,municipal,78,76,787.1
2024,3106507,estadual,55,49,780.3
2024,3106606,municipal,40,34,776.0
2024,3106655,municipal,42,35,770.3
2024,3106705,estadual,49,49,801.8
2024,3106705,municipal,4184,2787,751.4
2024,3106804,municipal,16,16,792.3
2024,3106903,municipal,107,76,752.9
2024,3107000,municipal,29,17,746.7
2024,3107109,municipal,447,333,765.8
2024,3107208,municipal,53,39,754.7
2024,3107307,estadual,417,337,770.3
2024,3107307,municipal,97,66,754.0
2024,3107406,estadual,183,158,774.3
2024,3107406,municipal,284,187,750.8
2024,3107505,municipal,83,50,738.8
2024,3107604,municipal,47,41,776.9
2024,3107703,estadual,14,9,734.9
2024,3107703,municipal,50,49,777.4
2024,3107802,estadual,93,73,766.8
2024,3107802,municipal,50,38,762.1
2024,3107901,municipal,145,99,753.4
2024,3108008,municipal,124,104,777.4
2024,3108107,municipal,62,53,766.1
2024,3108206,estadual,15,9,740.8
2024,3108206,municipal,39,28,766.5
2024,3108255,estadual,11,3,724.2
2024,3108255,municipal,66,32,734.0
2024,3108305,estadual,30,23,751.4
2024,3108305,municipal,136,110,766.0
2024,3108404,estadual,64,52,760.6
2024,3108404,municipal,80,70,777.4
2024,3108503,estadual,49,42,769.0
2024,3108503,municipal,9,6,743.8
2024,3108552,municipal,206,158,761.6
2024,3108602,estadual,245,187,764.9
2024,3108602,municipal,38,29,765.9
2024,3108701,municipal,37,30,768.9
2024,3108800,municipal,31,20,763.9
2024,3108909,municipal,149,118,767.0
2024,3109006,municipal,394,346,773.0
2024,3109105,municipal,93,77,767.5
2024,3109204,municipal,76,58,763.2
2024,3109253,municipal,20,17,773.0
2024,3109303,estadual,13,10,759.2
2024,3109303,municipal,292,184,750.9
2024,3109402,municipal,268,168,746.5
2024,3109451,municipal,98,54,736.1
2024,3109501,municipal,95,82,777.3
2024,3109600,municipal,25,20,769.3
2024,3109709,municipal,138,112,767.3
2024,3109808,municipal,19,18,777.4
2024,3109907,municipal,99,72,758.5
2024,3110004,municipal,345,245,754.2
2024,3110103,municipal,30,23,759.9
2024,3110202,municipal,46,32,750.2
2024,3110301,municipal,121,88,759.8
2024,3110400,municipal,30,26,782.1
2024,3110509,municipal,289,169,745.2
2024,3110608,municipal,252,207,767.2
2024,3110707,estadual,18,12,741.9
2024,3110707,municipal,92,78,773.6
2024,3110806,municipal,26,12,733.9
2024,3110905,municipal,157,102,749.0
2024,3111002,municipal,183,150,769.3
2024,3111101,municipal,120,90,760.2
2024,3111150,municipal,37,27,760.8
2024,3111200,municipal,388,332,777.1
2024,3111309,municipal,89,68,760.2
2024,3111408,municipal,97,51,731.6
2024,3111507,municipal,155,101,749.1
2024,3111606,municipal,204,147,761.4
2024,3111705,estadual,32,27,768.9
2024,3111705,municipal,24,21,770.3
2024,3111804,estadual,25,13,748.2
2024,3111804,municipal,72,55,770.5
2024,3111903,municipal,46,43,779.6
2024,3112000,municipal,93,84,782.4
2024,3112059,municipal,36,24,750.4
2024,3112109,municipal,66,45,754.8
2024,3112208,municipal,31,24,767.4
2024,3112307,estadual,281,235,770.5
2024,3112307,municipal,199,161,766.7
2024,3112406,municipal,67,53,766.3
2024,3112505,municipal,110,86,762.7
2024,3112604,municipal,173,126,760.8
2024,3112653,municipal,43,33,759.5
2024,3112703,municipal,149,95,744.9
2024,3112802,estadual,38,36,781.9
2024,3112802,municipal,67,53,763.9
2024,3112901,municipal,78,65,760.0
2024,3113008,estadual,113,78,756.9
2024,3113008,municipal,46,33,747.5
2024,3113107,municipal,12,10,767.3
2024,3113206,estadual,38,35,776.5
2024,3113206,municipal,171,138,763.5
2024,3113305,estadual,144,97,752.2
2024,3113305,municipal,114,60,742.1
2024,3113404,municipal,855,576,752.8
2024,3113503,municipal,86,61,750.9
2024,3113602,municipal,70,52,761.5
2024,3113701,municipal,139,78,746.3
2024,3113800,municipal,30,19,742.5
2024,3113909,municipal,132,104,764.0
2024,3114006,municipal,72,49,754.6
2024,3114105,estadual,26,25,796.8
2024,3114105,municipal,119,85,759.5
2024,3114204,municipal,205,148,759.0
2024,3114303,estadual,10,9,772.8
2024,3114303,municipal,275,237,777.6
2024,3114402,municipal,163,111,756.5
2024,3114501,municipal,169,138,768.3
2024,3114550,municipal,109,70,747.4
2024,3114600,municipal,49,44,767.8
2024,3114709,municipal,29,29,787.7
2024,3114808,municipal,32,23,761.5
2024,3114907,municipal,17,16,784.6
2024,3115003,municipal,28,24,781.1
2024,3115102,estadual,10,9,771.5
2024,3115102,municipal,160,123,771.8
2024,3115201,municipal,27,19,752.2
2024,3115300,estadual,228,154,756.5
2024,3115300,municipal,189,114,740.0
2024,3115359,municipal,59,42,757.5
2024,3115409,estadual,25,20,759.5
2024,3115458,estadual,25,18,749.4
2024,3115458,municipal,89,59,757.3
2024,3115474,municipal,56,42,764.5
2024,3115508,estadual,24,13,744.3
2024,3115508,municipal,136,106,760.4
2024,3115706,municipal,55,40,764.5
2024,3115805,estadual,31,30,791.3
2024,3115805,municipal,65,58,770.2
2024,3115904,municipal,49,22,726.0
2024,3116001,estadual,32,20,743.4
2024,3116001,municipal,24,17,747.7
2024,3116100,municipal,72,48,748.1
2024,3116159,municipal,208,144,753.1
2024,3116209,municipal,46,35,762.0
2024,3116308,estadual,35,27,762.6
2024,3116308,municipal,12,11,784.2
2024,3116407,municipal,68,58,768.6
2024,3116506,municipal,64,44,758.7
2024,3116605,municipal,294,244,774.3
2024,3116704,municipal,77,64,769.7
2024,3116803,municipal,77,70,786.4
2024,3116902,municipal,39,29,757.2
2024,3117009,municipal,47,32,759.3
2024,3117108,municipal,97,76,765.1
2024,3117207,municipal,30,23,760.0
2024,3117306,municipal,311,182,745.8
2024,3117405,municipal,24,18,748.5
2024,3117504,estadual,20,12,747.6
2024,3117504,municipal,186,153,769.6
2024,3117603,estadual,31,28,773.4
2024,3117603,municipal,9,9,793.7
2024,3117702,municipal,129,101,762.3
2024,3117801,municipal,106,82,758.8
2024,3117836,estadual,47,31,750.4
2024,3117876,municipal,74,51,756.5
2024,3117900,municipal,117,98,769.5
2024,3118007,municipal,551,408,762.4
2024,3118106,municipal,35,21,751.9
2024,3118205,municipal,75,49,754.3
2024,3118304,estadual,331,284,770.5
2024,3118304,municipal,895,736,769.4
2024,3118403,estadual,31,14,727.4
2024,3118403,municipal,177,101,740.6
2024,3118502,municipal,18,7,726.2
2024,3118601,estadual,606,468,761.5
2024,3118601,municipal,3995,2759,753.8
2024,3118700,municipal,74,61,767.8
2024,3118809,estadual,163,133,773.5
2024,3118809,municipal,25,17,755.0
2024,3118908,municipal,44,35,757.2
2024,3119005,municipal,34,25,751.5
2024,3119104,municipal,231,198,770.9
2024,3119203,municipal,64,47,756.4
2024,3119302,estadual,196,169,771.8
2024,3119302,municipal,93,59,744.3
2024,3119401,municipal,668,428,750.0
2024,3119500,municipal,63,43,752.5
2024,3119609,municipal,24,14,736.4
2024,3119708,municipal,51,47,782.0
2024,3119807,municipal,29,22,758.2
2024,3119906,municipal,51,51,794.2
2024,3119955,municipal,52,50,794.2
2024,3120003,municipal,32,20,752.7
2024,3120102,municipal,50,39,769.2
2024,3120151,municipal,63,31,740.5
2024,3120201,municipal,122,105,768.0
2024,3120300,municipal,51,28,743.3
2024,3120409,municipal,59,53,773.9
2024,3120508,municipal,128,105,769.2
2024,3120607,municipal,52,47,780.5
2024,3120706,municipal,73,59,767.0
2024,3120805,estadual,53,41,757.0
2024,3120805,municipal,84,63,764.7
2024,3120839,municipal,52,36,755.6
2024,3120870,municipal,102,82,762.6
2024,3120904,estadual,23,23,801.0
2024,3120904,municipal,703,504,755.1
2024,3121001,municipal,72,65,778.0
2024,3121100,municipal,43,40,780.9
2024,3121209,municipal,88,60,753.2
2024,3121258,municipal,110,53,731.9
2024,3121308,municipal,38,28,754.7
2024,3121407,municipal,58,46,767.6
2024,3121506,municipal,29,28,791.2
2024,3121605,estadual,297,217,763.1
2024,3121605,municipal,187,132,756.4
2024,3121704,municipal,35,27,758.6
2024,3121803,municipal,61,44,758.4
2024,3121902,municipal,52,39,757.3
2024,3122009,estadual,38,28,765.4
2024,3122009,municipal,148,99,755.5
2024,3122108,estadual,21,18,776.7
2024,3122108,municipal,26,22,761.5
2024,3122207,municipal,93,81,770.4
2024,3122306,estadual,870,707,771.3
2024,3122306,municipal,898,663,760.5
2024,3122355,municipal,99,62,750.7
2024,3122405,municipal,76,51,751.4
2024,3122454,municipal,78,57,754.7
2024,3122470,estadual,16,12,765.3
2024,3122470,municipal,13,11,765.5
2024,3122504,municipal,46,34,754.4
2024,3122603,estadual,42,32,761.6
2024,3122702,municipal,39,36,778.9
2024,3122801,municipal,20,17,778.5
2024,3122900,municipal,69,66,783.3
2024,3123007,municipal,101,77,762.7
2024,3123106,municipal,51,37,760.8
2024,3123205,municipal,117,100,764.5
2024,3123304,municipal,50,48,781.8
2024,3123403,municipal,21,14,761.3
2024,3123502,estadual,19,15,765.0
2024,3123528,estadual,21,15,759.7
2024,3123528,municipal,50,36,756.2
2024,3123601,municipal,249,162,752.6
2024,3123700,municipal,85,54,750.2
2024,3123809,municipal,93,71,754.3
2024,3123858,municipal,62,48,763.4
2024,3123908,estadual,27,20,751.6
2024,3123908,municipal,108,99,779.2
2024,3124005,municipal,151,128,772.1
2024,3124104,estadual,284,201,757.0
2024,3124104,municipal,630,424,752.7
2024,3124203,estadual,94,53,743.6
2024,3124203,municipal,114,70,750.7
2024,3124302,estadual,191,149,763.5
2024,3124302,municipal,109,68,747.2
2024,3124401,municipal,96,64,753.3
2024,3124500,estadual,65,49,766.8
2024,3124500,municipal,34,31,777.4
2024,3124609,municipal,21,14,755.0
2024,3124708,municipal,18,18,784.6
2024,3124807,estadual,20,18,776.8
2024,3124807,municipal,42,29,750.4
2024,3124906,municipal,71,49,751.1
2024,3125002,municipal,59,38,747.5
2024,3125101,municipal,725,503,755.6
2024,3125200,municipal,23,20,777.9
2024,3125309,municipal,13,9,746.7
2024,3125408,municipal,73,58,764.6
2024,3125507,municipal,29,24,768.5
2024,3125606,municipal,92,65,755.7
2024,3125705,municipal,108,81,756.7
2024,3125804,municipal,21,11,749.0
2024,3125903,estadual,32,32,784.2
2024,3125903,municipal,19,13,758.3
2024,3125952,municipal,128,98,760.1
2024,3126000,municipal,78,67,777.7
2024,3126109,estadual,42,32,759.2
2024,3126109,municipal,427,371,774.9
2024,3126208,estadual,23,23,773.9
2024,3126208,municipal,80,60,759.2
2024,3126307,municipal,35,22,753.4
2024,3126406,municipal,22,20,774.7
2024,3126505,estadual,19,19,800.9
2024,3126604,municipal,16,6,731.9
2024,3126703,estadual,62,37,752.2
2024,3126703,municipal,114,40,723.8
2024,3126752,estadual,9,9,771.4
2024,3126752,municipal,37,24,754.8
2024,3126802,municipal,76,53,756.1
2024,3126901,municipal,93,60,752.4
2024,3126950,estadual,23,20,774.5
2024,3127008,municipal,135,103,761.2
2024,3127057,estadual,15,12,754.7
2024,3127057,municipal,29,17,744.3
2024,3127073,municipal,40,27,758.5
2024,3127107,municipal,525,386,760.5
2024,3127206,estadual,12,8,750.5
2024,3127206,municipal,42,29,760.3
2024,3127305,municipal,68,42,748.1
2024,3127339,estadual,36,25,752.7
2024,3127339,municipal,13,7,746.5
2024,3127354,municipal,14,10,761.4
2024,3127370,municipal,35,32,765.1
2024,3127388,municipal,31,25,758.8
2024,3127404,municipal,48,37,760.0
2024,3127503,municipal,40,33,773.4
2024,3127602,municipal,134,122,782.9
2024,3127701,estadual,1033,732,758.0
2024,3127701,municipal,1106,753,753.8
2024,3127800,municipal,130,112,778.0
2024,3127909,estadual,17,16,779.9
2024,3128006,estadual,79,67,770.5
2024,3128006,municipal,227,156,753.0
2024,3128105,municipal,143,115,762.4
2024,3128204,estadual,68,58,769.1
2024,3128204,municipal,8,6,777.3
2024,3128253,municipal,52,42,760.8
2024,3128303,municipal,210,137,751.6
2024,3128402,municipal,72,56,769.8
2024,3128501,municipal,33,24,756.8
2024,3128600,municipal,65,34,744.2
2024,3128709,municipal,454,304,753.3
2024,3128808,municipal,81,47,749.3
2024,3128907,municipal,93,79,768.1
2024,3129004,municipal,42,35,774.2
2024,3129103,municipal,43,37,771.0
2024,3129202,municipal,67,45,753.7
2024,3129301,municipal,90,61,760.4
2024,3129400,municipal,50,44,787.5
2024,3129509,municipal,204,159,761.5
2024,3129608,municipal,60,46,759.3
2024,3129657,estadual,17,15,775.5
2024,3129657,municipal,32,12,727.9
2024,3129707,estadual,51,43,778.0
2024,3129707,municipal,114,84,761.4
2024,3129806,estadual,382,291,763.0
2024,3129806,municipal,1265,805,749.1
2024,3129905,municipal,32,25,758.3
2024,3130002,municipal,12,10,767.9
2024,3130051,estadual,52,38,759.0
2024,3130051,municipal,68,53,763.3
2024,3130101,municipal,532,393,759.7
2024,3130200,municipal,126,100,764.7
2024,3130309,municipal,66,62,798.1
2024,3130408,municipal,52,43,768.8
2024,3130507,municipal,143,93,753.6
2024,3130556,municipal,49,43,773.6
2024,3130606,municipal,49,42,772.4
2024,3130655,municipal,48,43,782.1
2024,3130705,municipal,69,37,737.4
2024,3130804,municipal,24,21,780.2
2024,3130903,municipal,151,128,769.3
2024,3131000,municipal,68,53,757.5
2024,3131109,municipal,76,59,757.7
2024,3131158,municipal,190,148,763.4
2024,3131208,municipal,179,139,762.4
2024,3131307,estadual,601,519,776.3
2024,3131307,municipal,1330,943,756.6
2024,3131406,municipal,38,29,759.9
2024,3131505,municipal,74,47,753.5
2024,3131604,municipal,77,60,760.3
2024,3131703,estadual,179,140,763.0
2024,3131703,municipal,810,552,753.6
2024,3131802,municipal,102,85,765.1
2024,3131901,estadual,69,55,765.3
2024,3131901,municipal,610,491,764.4
2024,3132008,municipal,18,18,780.5
2024,3132107,estadual,40,24,743.4
2024,3132107,municipal,125,91,760.8
2024,3132206,municipal,142,129,779.4
2024,3132305,estadual,46,32,754.4
2024,3132305,municipal,79,44,739.4
2024,3132404,municipal,708,560,765.3
2024,3132503,estadual,96,83,787.9
2024,3132503,municipal,246,200,767.4
2024,3132602,municipal,38,28,761.3
2024,3132701,estadual,103,59,736.2
2024,3132701,municipal,106,60,737.6
2024,3132800,municipal,12,10,776.1
2024,3132909,municipal,104,83,768.9
2024,3133006,municipal,118,97,766.9
2024,3133105,estadual,23,15,757.6
2024,3133105,municipal,84,71,774.7
2024,3133204,municipal,111,95,776.8
2024,3133303,estadual,25,19,772.5
2024,3133303,municipal,155,77,731.2
2024,3133402,municipal,115,89,767.5
2024,3133501,estadual,73,63,773.8
2024,3133501,municipal,69,58,779.4
2024,3133600,municipal,152,103,749.3
2024,3133709,estadual,12,8,755.6
2024,3133709,municipal,150,121,765.3
2024,3133758,municipal,124,111,776.9
2024,3133808,estadual,125,101,771.6
2024,3133808,municipal,541,480,776.7
2024,3133907,estadual,32,29,785.7
2024,3133907,municipal,17,13,774.1
2024,3134004,estadual,45,23,738.6
2024,3134004,municipal,63,41,747.5
2024,3134103,estadual,21,16,768.2
2024,3134103,municipal,42,34,762.4
2024,3134202,estadual,297,172,748.3
2024,3134202,municipal,597,398,753.6
2024,3134301,estadual,22,21,768.1
2024,3134301,municipal,30,22,758.8
2024,3134400,municipal,357,248,754.0
2024,3134509,municipal,32,24,763.7
2024,3134608,municipal,197,149,761.7
2024,3134707,municipal,109,60,735.5
2024,3134806,municipal,84,72,774.2
2024,3134905,municipal,244,193,764.1
2024,3135001,municipal,25,21,764.7
2024,3135050,estadual,366,211,741.0
2024,3135050,municipal,170,108,743.1
2024,3135076,municipal,27,12,732.6
2024,3135100,estadual,449,322,757.7
2024,3135100,municipal,293,181,750.2
2024,3135209,estadual,595,351,746.7
2024,3135209,municipal,80,38,739.4
2024,3135308,estadual,15,13,775.3
2024,3135308,municipal,38,30,760.8
2024,3135357,estadual,34,28,768.1
2024,3135357,municipal,37,22,742.1
2024,3135407,municipal,70,62,783.2
2024,3135456,estadual,44,26,750.2
2024,3135506,estadual,42,36,777.8
2024,3135506,municipal,80,68,770.9
2024,3135605,municipal,82,58,752.8
2024,3135704,municipal,55,36,744.7
2024,3135803,estadual,60,43,756.2
2024,3135803,municipal,112,62,739.8
2024,3135902,municipal,60,49,776.2
2024,3136009,estadual,19,9,743.7
2024,3136009,municipal,114,73,753.3
2024,3136108,municipal,27,23,766.2
2024,3136207,estadual,269,234,777.5
2024,3136207,municipal,383,305,764.1
2024,3136306,estadual,404,305,762.8
2024,3136306,municipal,141,99,750.9
2024,3136405,municipal,41,29,750.8
2024,3136504,estadual,86,48,744.1
2024,3136520,municipal,35,27,773.3
2024,3136553,municipal,33,26,764.9
2024,3136579,municipal,33,30,779.9
2024,3136603,municipal,70,65,777.5
2024,3136652,municipal,354,243,755.7
2024,3136702,estadual,1074,715,752.9
2024,3136702,municipal,2269,1124,734.8
2024,3136801,municipal,27,15,741.1
2024,3136900,municipal,122,101,770.9
2024,3136959,estadual,20,9,737.2
2024,3136959,municipal,26,14,752.7
2024,3137007,municipal,85,46,739.4
2024,3137106,municipal,37,21,746.8
2024,3137205,estadual,178,155,773.6
2024,3137205,municipal,328,262,769.6
2024,3137304,municipal,30,21,754.9
2024,3137403,municipal,132,115,773.5
2024,3137502,municipal,199,163,769.9
2024,3137536,municipal,97,74,763.8
2024,3137601,estadual,25,24,783.5
2024,3137601,municipal,509,368,756.1
2024,3137700,municipal,209,145,758.6
2024,3137809,estadual,48,27,741.1
2024,3137809,municipal,138,103,762.0
2024,3137908,estadual,19,18,789.4
2024,3138005,municipal,50,41,768.4
2024,3138104,municipal,50,24,732.3
2024,3138203,estadual,45,44,786.8
2024,3138203,municipal,736,494,753.4
2024,3138302,estadual,35,26,763.8
2024,3138351,estadual,23,15,757.3
2024,3138351,municipal,40,37,778.3
2024,3138401,estadual,130,84,749.8
2024,3138401,municipal,270,176,750.3
2024,3138500,municipal,38,27,770.9
2024,3138609,municipal,129,90,750.7
2024,3138625,municipal,119,71,751.3
2024,3138658,municipal,90,70,763.9
2024,3138674,municipal,80,70,767.3
2024,3138682,estadual,45,34,761.1
2024,3138682,municipal,20,17,769.7
2024,3138708,municipal,41,40,784.1
2024,3138807,estadual,67,58,771.3
2024,3138807,municipal,77,67,772.1
2024,3138906,municipal,62,41,755.6
2024,3139003,estadual,70,68,793.3
2024,3139003,municipal,245,213,765.8
2024,3139102,municipal,59,42,759.4
2024,3139201,estadual,125,93,762.0
2024,3139201,municipal,62,48,761.7
2024,3139250,municipal,68,45,747.2
2024,3139300,estadual,91,39,732.4
2024,3139300,municipal,110,45,724.2
2024,3139409,estadual,473,380,769.1
2024,3139409,municipal,493,354,755.8
2024,3139508,municipal,207,142,759.5
2024,3139607,municipal,222,158,755.8
2024,3139706,municipal,70,54,758.5
2024,3139805,estadual,122,90,756.9
2024,3139805,municipal,34,17,742.7
2024,3139904,municipal,137,107,773.4
2024,3140001,estadual,105,83,765.4
2024,3140001,municipal,496,325,751.9
2024,3140100,municipal,53,30,743.6
2024,3140159,municipal,149,110,765.1
2024,3140209,municipal,42,25,744.7
2024,3140308,municipal,31,22,746.6
2024,3140407,municipal,26,22,767.1
2024,3140506,estadual,71,62,773.1
2024,3140506,municipal,89,63,763.0
2024,3140530,municipal,93,78,767.7
2024,3140555,estadual,24,14,753.1
2024,3140555,municipal,73,51,756.0
2024,3140605,municipal,44,13,732.0
2024,3140704,municipal,415,312,764.2
2024,3140803,municipal,114,90,765.9
2024,3140852,municipal,112,35,721.0
2024,3140902,estadual,170,150,779.2
2024,3140902,municipal,77,50,750.6
2024,3141009,estadual,78,62,766.6
2024,3141009,municipal,57,35,747.1
2024,3141108,estadual,108,83,761.6
2024,3141108,municipal,274,159,743.6
2024,3141207,municipal,37,34,785.2
2024,3141306,municipal,42,33,768.1
2024,3141405,estadual,12,6,735.7
2024,3141405,municipal,182,120,752.3
2024,3141504,municipal,55,33,746.4
2024,3141603,municipal,74,63,773.4
2024,3141702,municipal,63,40,754.1
2024,3141801,municipal,238,188,765.0
2024,3141900,municipal,35,27,763.3
2024,3142007,estadual,33,23,752.6
2024,3142007,municipal,87,42,737.2
2024,3142106,municipal,63,47,760.5
2024,3142205,estadual,15,11,757.4
2024,3142205,municipal,79,63,761.5
2024,3142254,estadual,24,9,722.0
2024,3142254,municipal,12,5,729.9
2024,3142304,municipal,53,48,774.2
2024,3142403,municipal,90,74,765.9
2024,3142502,estadual,10,9,765.0
2024,3142502,municipal,20,19,771.4
2024,3142601,municipal,89,70,767.7
2024,3142700,estadual,69,51,760.9
2024,3142700,municipal,84,51,746.2
2024,3142809,municipal,218,124,738.0
2024,3142908,estadual,129,86,751.0
2024,3142908,municipal,9,6,748.9
2024,3143005,municipal,141,114,764.1
2024,3143104,estadual,302,249,768.5
2024,3143104,municipal,120,101,770.6
2024,3143153,municipal,23,19,764.5
2024,3143203,municipal,174,107,746.9
2024,3143302,estadual,1436,1063,761.3
2024,3143302,municipal,2059,1548,760.4
2024,3143401,municipal,189,141,763.1
2024,3143450,municipal,65,58,770.7
2024,3143500,municipal,76,49,755.5
2024,3143609,municipal,28,19,749.8
2024,3143708,municipal,34,21,746.6
2024,3143807,municipal,91,75,765.4
2024,3143906,estadual,181,156,774.7
2024,3143906,municipal,746,546,758.7
2024,3144003,estadual,135,111,768.7
2024,3144003,municipal,110,84,762.1
2024,3144102,municipal,181,137,762.8
2024,3144201,municipal,25,16,748.1
2024,3144300,estadual,200,123,746.7
2024,3144300,municipal,110,63,743.0
2024,3144359,municipal,71,46,750.2
2024,3144375,municipal,48,31,751.3
2024,3144409,municipal,43,37,772.8
2024,3144508,municipal,88,75,771.5
2024,3144607,municipal,184,143,760.7
2024,3144656,municipal,66,51,757.2
2024,3144672,municipal,25,12,732.7
2024,3144706,municipal,177,128,763.9
2024,3144805,municipal,855,681,765.7
2024,3144904,municipal,19,17,769.7
2024,3145000,municipal,171,135,768.7
2024,3145059,municipal,54,28,738.7
2024,3145109,municipal,174,151,773.1
2024,3145208,municipal,1397,1012,758.6
2024,3145307,estadual,169,127,760.3
2024,3145307,municipal,120,98,774.1
2024,3145356,estadual,27,21,760.2
2024,3145356,municipal,63,39,750.2
2024,3145372,municipal,30,28,770.4
2024,3145406,municipal,17,15,772.9
2024,3145455,municipal,62,56,780.9
2024,3145505,municipal,31,29,762.1
2024,3145604,estadual,112,108,787.4
2024,3145604,municipal,236,190,764.3
2024,3145703,municipal,18,15,765.7
2024,3145802,estadual,12,10,769.6
2024,3145851,municipal,40,33,770.0
2024,3145877,municipal,122,93,756.3
2024,3145901,municipal,387,315,766.6
2024,3146008,estadual,10,10,792.3
2024,3146008,municipal,220,187,773.7
2024,3146107,estadual,233,185,764.9
2024,3146107,municipal,374,267,757.3
2024,3146206,municipal,88,69,766.4
2024,3146255,estadual,11,11,801.9
2024,3146255,municipal,47,30,749.0
2024,3146305,estadual,83,57,758.0
2024,3146305,municipal,107,52,732.5
2024,3146404,municipal,47,39,775.9
2024,3146503,municipal,70,61,778.5
2024,3146552,municipal,56,43,767.4
2024,3146602,municipal,14,13,789.1
2024,3146701,municipal,33,25,750.8
2024,3146750,estadual,12,9,765.1
2024,3146750,municipal,48,33,751.8
2024,3146909,estadual,10,10,784.0
2024,3146909,municipal,124,110,768.2
2024,3147006,estadual,338,259,762.1
2024,3147006,municipal,613,390,752.0
2024,3147105,estadual,399,337,773.6
2024,3147105,municipal,455,316,753.8
2024,3147204,municipal,184,127,755.7
2024,3147303,municipal,186,152,769.8
2024,3147402,estadual,51,39,750.1
2024,3147402,municipal,174,124,752.5
2024,3147501,municipal,11,10,792.6
2024,3147600,estadual,83,70,768.9
2024,3147600,municipal,58,44,759.8
2024,3147709,municipal,89,70,761.2
2024,3147808,municipal,22,17,763.4
2024,3147907,estadual,279,204,761.7
2024,3147907,municipal,802,691,773.3
2024,3147956,estadual,21,13,756.8
2024,3147956,municipal,39,38,783.9
2024,3148004,estadual,832,675,768.4
2024,3148004,municipal,448,344,763.6
2024,3148103,estadual,189,102,744.4
2024,3148103,municipal,801,610,762.2
2024,3148202,municipal,54,43,764.1
2024,3148301,estadual,11,11,804.6
2024,3148301,municipal,68,61,778.2
2024,3148400,municipal,43,39,777.6
2024,3148509,estadual,36,31,771.8
2024,3148509,municipal,43,35,757.7
2024,3148608,estadual,79,64,765.4
2024,3148608,municipal,31,19,743.8
2024,3148707,municipal,215,131,743.7
2024,3148756,estadual,29,19,749.6
2024,3148756,municipal,34,31,775.1
2024,3148806,municipal,34,29,767.8
2024,3148905,municipal,31,31,786.0
2024,3149002,municipal,35,28,765.1
2024,3149101,municipal,90,77,770.8
2024,3149150,municipal,75,35,735.4
2024,3149200,municipal,35,28,761.6
2024,3149309,estadual,198,175,769.0
2024,3149309,municipal,404,280,756.0
2024,3149408,municipal,13,13,803.4
2024,3149507,municipal,42,29,762.9
2024,3149606,municipal,57,46,766.3
2024,3149705,municipal,150,121,770.1
2024,3149804,municipal,229,191,776.6
2024,3149903,municipal,168,133,765.2
2024,3149952,municipal,75,33,734.3
2024,3150000,municipal,58,45,769.8
2024,3150109,municipal,32,24,753.3
2024,3150158,municipal,141,104,757.7
2024,3150208,municipal,36,29,763.2
2024,3150307,municipal,55,35,744.2
2024,3150406,municipal,52,44,770.8
2024,3150505,municipal,71,67,789.0
2024,3150539,municipal,48,39,768.7
2024,3150570,municipal,95,62,744.6
2024,3150604,municipal,63,48,760.7
2024,3150703,municipal,99,76,763.2
2024,3150802,estadual,23,19,760.5
2024,3150802,municipal,101,76,757.2
2024,3150901,municipal,38,30,765.1
2024,3151008,municipal,101,86,771.3
2024,3151107,municipal,95,63,746.8
2024,3151206,estadual,72,48,751.6
2024,3151206,municipal,516,360,753.9
2024,3151305,estadual,10,6,749.6
2024,3151305,municipal,111,97,778.1
2024,3151404,estadual,198,151,767.9
2024,3151404,municipal,71,61,771.8
2024,3151503,municipal,309,227,761.7
2024,3151602,municipal,142,94,748.7
2024,3151701,municipal,140,99,760.4
2024,3151800,estadual,120,83,754.9
2024,3151800,municipal,997,792,764.6
2024,3151909,estadual,64,55,777.0
2024,3151909,municipal,22,21,792.8
2024,3152006,estadual,107,91,773.6
2024,3152006,municipal,185,104,740.6
2024,3152105,estadual,119,85,750.1
2024,3152105,municipal,314,255,763.7
2024,3152131,municipal,51,39,764.4
2024,3152170,municipal,90,61,751.0
2024,3152204,estadual,250,181,761.8
2024,3152204,municipal,84,59,754.0
2024,3152303,estadual,57,55,789.1
2024,3152402,estadual,43,23,740.8
2024,3152402,municipal,68,54,764.5
2024,3152501,estadual,405,264,751.2
2024,3152501,municipal,789,557,755.8
2024,3152600,municipal,61,49,769.8
2024,3152709,municipal,58,54,780.7
2024,3152808,municipal,334,169,737.0
2024,3152907,estadual,16,4,726.8
2024,3152907,municipal,69,61,785.1
2024,3153004,municipal,49,26,738.0
2024,3153103,municipal,25,22,770.0
2024,3153202,municipal,22,12,749.0
2024,3153301,municipal,44,35,762.4
2024,3153400,municipal,152,119,767.9
2024,3153509,municipal,80,63,765.3
2024,3153608,estadual,37,26,757.1
2024,3153608,municipal,84,51,750.4
2024,3153707,municipal,19,12,746.9
2024,3153806,municipal,20,19,775.3
2024,3153905,municipal,146,102,758.0
2024,3154002,estadual,54,44,769.8
2024,3154002,municipal,114,97,767.0
2024,3154101,estadual,12,5,727.6
2024,3154101,municipal,64,41,752.4
2024,3154150,estadual,11,11,764.0
2024,3154150,municipal,81,68,766.0
2024,3154200,municipal,84,69,766.3
2024,3154309,municipal,129,79,745.6
2024,3154408,municipal,43,35,768.1
2024,3154457,municipal,89,65,758.2
2024,3154507,municipal,90,63,760.7
2024,3154606,estadual,565,363,749.4
2024,3154606,municipal,2856,1695,744.4
2024,3154705,municipal,40,32,759.6
2024,3154804,municipal,111,81,755.5
2024,3154903,municipal,116,73,751.3
2024,3155009,municipal,21,19,791.0
2024,3155108,municipal,55,42,762.8
2024,3155207,estadual,30,25,771.9
2024,3155306,municipal,49,48,782.6
2024,3155405,municipal,89,58,762.5
2024,3155504,municipal,193,116,751.4
2024,3155603,estadual,51,48,789.0
2024,3155603,municipal,217,185,771.5
2024,3155702,estadual,27,25,776.7
2024,3155702,municipal,108,83,764.8
2024,3155801,municipal,141,111,766.3
2024,3155900,municipal,34,21,746.7
2024,3156007,estadual,35,26,752.7
2024,3156007,municipal,68,41,750.0
2024,3156106,municipal,34,28,767.6
2024,3156205,municipal,24,14,748.7
2024,3156304,municipal,122,100,769.8
2024,3156403,municipal,37,26,764.4
2024,3156452,municipal,23,18,763.3
2024,3156502,municipal,37,28,755.5
2024,3156601,municipal,61,39,747.1
2024,3156700,municipal,1108,794,756.1
2024,3156809,estadual,76,64,768.1
2024,3156809,municipal,46,28,745.9
2024,3156908,estadual,25,20,759.5
2024,3156908,municipal,298,237,765.7
2024,3157005,estadual,19,15,768.0
2024,3157005,municipal,373,288,761.3
2024,3157104,municipal,74,44,743.8
2024,3157203,municipal,311,207,750.7
2024,3157252,municipal,95,67,757.0
2024,3157278,municipal,25,17,746.9
2024,3157302,municipal,45,41,777.2
2024,3157336,municipal,79,35,730.4
2024,3157377,municipal,22,16,751.5
2024,3157401,estadual,10,7,742.2
2024,3157401,municipal,19,15,751.7
2024,3157500,municipal,50,38,761.1
2024,3157609,municipal,40,29,755.3
2024,3157658,estadual,20,17,766.6
2024,3157658,municipal,44,40,775.7
2024,3157708,municipal,210,122,745.4
2024,3157807,estadual,414,248,746.3
2024,3157807,municipal,1886,1362,758.7
2024,3157906,municipal,170,104,748.1
2024,3158003,municipal,103,80,762.8
2024,3158102,estadual,22,8,733.1
2024,3158102,municipal,41,25,734.1
2024,3158201,estadual,71,68,781.6
2024,3158201,municipal,47,31,754.5
2024,3158300,estadual,26,23,776.4
2024,3158300,municipal,32,28,777.8
2024,3158409,municipal,23,17,765.9
2024,3158508,municipal,37,24,745.3
2024,3158607,municipal,36,29,758.0
2024,3158706,municipal,23,20,775.3
2024,3158805,municipal,45,39,787.0
2024,3158904,municipal,70,54,761.3
2024,3158953,municipal,328,229,755.2
2024,3159001,municipal,59,47,772.9
2024,3159100,municipal,18,17,776.8
2024,3159209,municipal,66,61,770.6
2024,3159308,municipal,54,42,762.7
2024,3159357,municipal,42,25,735.1
2024,3159407,municipal,25,22,778.5
2024,3159506,municipal,44,38,779.4
2024,3159605,estadual,94,91,787.3
2024,3159605,municipal,278,201,756.5
2024,3159704,municipal,48,38,770.8
2024,3159803,estadual,63,46,754.6
2024,3159803,municipal,189,113,752.1
2024,3159902,municipal,161,129,766.0
2024,3160009,municipal,31,14,728.9
2024,3160108,municipal,52,49,780.2
2024,3160207,municipal,29,14,738.6
2024,3160306,municipal,101,66,749.4
2024,3160405,municipal,284,231,771.8
2024,3160454,municipal,59,39,755.1
2024,3160504,municipal,12,11,761.7
2024,3160603,municipal,15,14,770.9
2024,3160702,estadual,223,164,758.5
2024,3160702,municipal,83,58,753.6
2024,3160801,municipal,60,46,751.7
2024,3160900,municipal,43,35,767.3
2024,3160959,municipal,94,88,797.8
2024,3161007,municipal,121,102,776.1
2024,3161056,municipal,33,22,749.3
2024,3161106,estadual,250,165,753.5
2024,3161106,municipal,362,211,743.5
2024,3161205,municipal,64,58,777.2
2024,3161304,municipal,67,49,760.2
2024,3161403,municipal,46,36,760.6
2024,3161502,estadual,37,29,759.0
2024,3161502,municipal,69,64,780.8
2024,3161601,municipal,30,21,747.0
2024,3161650,municipal,38,29,770.0
2024,3161700,municipal,58,48,768.4
2024,3161809,municipal,95,75,769.9
2024,3161908,municipal,164,150,780.9
2024,3162005,estadual,18,14,763.8
2024,3162005,municipal,221,168,758.7
2024,3162104,estadual,33,24,764.8
2024,3162104,municipal,495,374,759.8
2024,3162203,municipal,88,74,777.1
2024,3162252,municipal,51,40,759.3
2024,3162302,municipal,25,18,748.6
2024,3162401,municipal,177,112,750.9
2024,3162450,municipal,62,21,717.8
2024,3162500,estadual,336,272,767.5
2024,3162500,municipal,372,275,760.5
2024,3162559,municipal,152,109,754.9
2024,3162575,municipal,59,42,763.3
2024,3162609,municipal,76,51,757.0
2024,3162658,municipal,22,19,762.0
2024,3162708,municipal,213,186,774.1
2024,3162807,municipal,151,106,755.0
2024,3162906,municipal,205,143,754.8
2024,3162922,municipal,427,351,769.2
2024,3162948,municipal,91,68,762.0
2024,3162955,municipal,328,246,760.2
2024,3163003,municipal,26,14,748.3
2024,3163102,municipal,46,38,765.6
2024,3163201,municipal,50,43,771.7
2024,3163300,estadual,18,14,764.0
2024,3163300,municipal,24,13,750.9
2024,3163409,municipal,50,43,768.4
2024,3163508,municipal,55,45,769.8
2024,3163607,municipal,30,26,767.4
2024,3163706,municipal,367,313,770.4
2024,3163805,municipal,68,53,760.9
2024,3163904,municipal,70,68,789.4
2024,3164001,municipal,77,53,752.8
2024,3164100,estadual,13,11,761.3
2024,3164100,municipal,30,27,775.8
2024,3164209,municipal,86,67,761.4
2024,3164308,municipal,40,31,758.6
2024,3164407,municipal,75,68,776.1
2024,3164431,municipal,26,24,780.7
2024,3164472,municipal,73,59,766.3
2024,3164506,estadual,43,35,768.3
2024,3164605,municipal,130,99,762.3
2024,3164704,municipal,668,542,769.9
2024,3164803,municipal,9,9,781.3
2024,3164902,municipal,23,21,776.9
2024,3165008,estadual,35,31,782.0
2024,3165008,municipal,59,56,791.4
2024,3165107,municipal,84,69,769.8
2024,3165206,estadual,8,8,775.9
2024,3165206,municipal,63,56,771.7
2024,3165305,municipal,71,58,768.0
2024,3165404,municipal,69,52,758.7
2024,3165503,municipal,60,51,776.7
2024,3165537,municipal,475,391,767.6
2024,3165552,estadual,112,78,757.3
2024,3165552,municipal,10,6,747.4
2024,3165560,municipal,13,11,772.7
2024,3165578,estadual,70,39,737.0
2024,3165578,municipal,46,35,767.3
2024,3165602,municipal,22,18,765.6
2024,3165701,municipal,85,78,780.0
2024,3165800,municipal,10,7,766.7
2024,3165909,municipal,32,29,773.6
2024,3166006,municipal,51,44,780.8
2024,3166105,municipal,23,13,738.0
2024,3166204,estadual,23,20,771.9
2024,3166204,municipal,60,47,767.3
2024,3166303,municipal,65,55,771.3
2024,3166402,municipal,20,15,753.4
2024,3166501,estadual,30,22,759.3
2024,3166600,municipal,10,9,779.2
2024,3166709,municipal,84,55,746.9
2024,3166808,municipal,162,118,762.5
2024,3166907,municipal,77,62,768.5
2024,3166956,municipal,26,25,795.0
2024,3167004,municipal,26,21,777.0
2024,3167103,estadual,149,99,753.7
2024,3167202,estadual,906,736,764.9
2024,3167202,municipal,767,463,747.0
2024,3167301,municipal,22,19,779.3
2024,3167400,municipal,65,57,772.8
2024,3167509,municipal,24,12,731.2
2024,3167608,estadual,72,58,758.8
2024,3167608,municipal,133,91,754.0
2024,3167707,municipal,40,30,756.8
2024,3167806,municipal,63,56,772.7
2024,3167905,municipal,44,33,756.4
2024,3168002,estadual,22,16,760.6
2024,3168002,municipal,358,309,776.4
2024,3168051,municipal,25,20,762.9
2024,3168101,municipal,64,51,758.0
2024,3168200,municipal,11,11,799.9
2024,3168309,municipal,53,50,783.7
2024,3168408,estadual,74,56,768.1
2024,3168408,municipal,22,17,759.1
2024,3168507,estadual,16,8,733.6
2024,3168507,municipal,72,55,757.5
2024,3168606,estadual,665,431,753.0
2024,3168606,municipal,525,353,752.6
2024,3168705,estadual,332,289,777.9
2024,3168705,municipal,323,227,758.2
2024,3168804,municipal,63,43,759.2
2024,3168903,municipal,62,51,765.5
2024,3169000,municipal,152,109,756.8
2024,3169059,municipal,16,15,772.0
2024,3169109,municipal,109,97,769.6
2024,3169208,municipal,67,54,774.7
2024,3169307,municipal,580,407,755.1
2024,3169356,estadual,38,31,773.4
2024,3169356,municipal,245,205,770.1
2024,3169406,estadual,69,56,771.8
2024,3169406,municipal,471,385,769.0
2024,3169505,municipal,51,38,759.5
2024,3169604,municipal,227,132,741.4
2024,3169703,estadual,107,95,772.7
2024,3169703,municipal,79,58,766.8
2024,3169802,municipal,70,47,749.0
2024,3169901,estadual,64,48,757.5
2024,3169901,municipal,745,589,763.4
2024,3170008,estadual,19,14,756.5
2024,3170008,municipal,75,44,751.6
2024,3170057,estadual,68,47,755.1
2024,3170057,municipal,95,67,756.1
2024,3170107,estadual,852,592,755.4
2024,3170107,municipal,2006,1157,742.8
2024,3170206,estadual,1512,1069,757.1
2024,3170206,municipal,4442,2782,748.6
2024,3170305,municipal,30,16,753.0
2024,3170404,estadual,414,308,761.4
2024,3170404,municipal,350,207,746.3
2024,3170438,municipal,33,24,754.4
2024,3170479,municipal,35,28,772.4
2024,3170503,estadual,27,22,767.9
2024,3170503,municipal,69,56,763.3
2024,3170529,municipal,95,64,759.4
2024,3170578,municipal,60,50,771.2
2024,3170602,municipal,13,9,755.6
2024,3170651,municipal,49,44,771.2
2024,3170701,municipal,1027,735,757.6
2024,3170750,municipal,105,98,779.1
2024,3170800,municipal,302,212,758.2
2024,3170909,estadual,74,47,753.9
2024,3170909,municipal,99,73,763.6
2024,3171006,estadual,84,49,747.0
2024,3171006,municipal,90,65,754.5
2024,3171030,estadual,84,41,735.4
2024,3171030,municipal,6,1,735.1
2024,3171071,municipal,65,50,767.1
2024,3171105,municipal,34,26,768.2
2024,3171154,municipal,44,36,771.5
2024,3171204,estadual,24,22,788.5
2024,3171204,municipal,1436,1011,755.6
2024,3171303,estadual,204,181,772.4
2024,3171303,municipal,330,238,756.4
2024,3171402,municipal,36,27,761.6
2024,3171501,municipal,43,29,751.6
2024,3171600,municipal,73,62,771.1
2024,3171709,municipal,84,63,761.6
2024,3171808,municipal,124,81,753.8
2024,3171907,municipal,31,22,751.0
2024,3172004,estadual,265,207,766.7
2024,3172004,municipal,97,64,743.9
2024,3172103,municipal,38,29,756.4
2024,3172202,municipal,25,18,749.4
2024,3200102,estadual,76,62,776.0
2024,3200102,municipal,201,192,791.1
2024,3200136,municipal,146,138,788.4
2024,3200169,municipal,152,124,766.9
2024,3200201,estadual,69,65,783.6
2024,3200201,municipal,190,159,769.3
2024,3200300,municipal,102,89,775.8
2024,3200359,municipal,92,77,774.2
2024,3200409,municipal,385,340,772.8
2024,3200508,municipal,70,44,749.3
2024,3200607,municipal,1243,924,758.7
2024,3200706,municipal,113,88,763.0
2024,3200805,municipal,275,205,758.5
2024,3200904,estadual,12,9,765.8
2024,3200904,municipal,457,399,774.1
2024,3201001,estadual,20,18,766.4
2024,3201001,municipal,175,149,774.6
2024,3201100,municipal,108,73,750.6
2024,3201159,estadual,58,52,776.2
2024,3201159,municipal,160,142,777.4
2024,3201209,municipal,1808,1296,756.7
2024,3201308,municipal,4438,2868,748.8
2024,3201407,municipal,303,251,771.0
2024,3201506,estadual,62,56,774.7
2024,3201506,municipal,1050,814,764.6
2024,3201605,estadual,10,6,742.8
2024,3201605,municipal,386,263,758.1
2024,3201704,municipal,152,128,771.5
2024,3201803,municipal,56,46,772.5
2024,3201902,estadual,64,56,781.1
2024,3201902,municipal,318,258,770.9
2024,3202009,municipal,103,84,770.1
2024,3202108,estadual,19,17,768.1
2024,3202108,municipal,179,170,785.2
2024,3202207,municipal,191,119,747.8
2024,3202256,estadual,71,60,773.4
2024,3202256,municipal,35,27,765.8
2024,3202306,municipal,344,264,763.0
2024,3202405,municipal,1503,1142,760.8
2024,3202454,municipal,342,282,767.0
2024,3202504,municipal,116,94,768.5
2024,3202553,estadual,23,22,785.0
2024,3202553,municipal,149,119,768.7
2024,3202603,municipal,134,102,762.2
2024,3202652,municipal,142,116,768.8
2024,3202702,estadual,14,11,755.1
2024,3202702,municipal,128,113,777.8
2024,3202801,estadual,34,25,750.8
2024,3202801,municipal,482,364,760.8
2024,3202900,municipal,81,67,773.9
2024,3203007,estadual,25,25,772.7
2024,3203007,municipal,345,234,758.0
2024,3203056,municipal,432,347,767.9
2024,3203106,municipal,154,119,768.9
2024,3203130,municipal,125,97,764.9
2024,3203163,estadual,13,13,791.2
2024,3203163,municipal,56,49,774.8
2024,3203205,estadual,49,38,762.9
2024,3203205,municipal,2009,1358,752.3
2024,3203304,municipal,163,155,790.5
2024,3203320,municipal,568,394,757.1
2024,3203346,municipal,197,171,771.7
2024,3203353,municipal,124,97,771.6
2024,3203403,municipal,197,129,755.5
2024,3203502,municipal,220,176,767.8
2024,3203601,municipal,69,58,783.1
2024,3203700,estadual,50,40,768.3
2024,3203700,municipal,125,103,770.3
2024,3203809,municipal,140,106,763.7
2024,3203908,estadual,9,9,802.2
2024,3203908,municipal,496,413,769.8
2024,3204005,estadual,26,23,772.5
2024,3204005,municipal,120,103,782.8
2024,3204054,estadual,13,12,779.0
2024,3204054,municipal,300,243,771.1
2024,3204104,estadual,36,35,781.9
2024,3204104,municipal,246,203,777.5
2024,3204203,municipal,320,227,757.2
2024,3204252,municipal,85,68,772.1
2024,3204302,municipal,182,127,756.9
2024,3204351,municipal,241,200,772.2
2024,3204401,municipal,134,104,766.1
2024,3204500,municipal,99,74,764.7
2024,3204559,estadual,289,259,780.1
2024,3204559,municipal,226,180,773.7
2024,3204609,estadual,22,19,767.1
2024,3204609,municipal,213,175,769.1
2024,3204658,municipal,96,81,772.7
2024,3204708,municipal,338,273,765.7
2024,3204807,municipal,101,63,753.3
2024,3204906,estadual,128,107,779.2
2024,3204906,municipal,1386,964,755.5
2024,3204955,municipal,103,92,778.7
2024,3205002,estadual,844,705,767.2
2024,3205002,municipal,5552,3171,742.9
2024,3205010,municipal,431,305,755.9
2024,3205036,municipal,224,161,759.8
2024,3205069,estadual,142,133,781.9
2024,3205069,municipal,139,114,773.7
2024,3205101,municipal,1080,743,757.9
2024,3205150,municipal,62,38,753.2
2024,3205176,estadual,48,44,788.0
2024,3205176,municipal,179,137,769.1
2024,3205200,municipal,4241,2873,756.4
2024,3205309,municipal,2698,1975,761.3
2024,3300100,municipal,1777,1080,743.8
2024,3300159,municipal,91,62,754.2
2024,3300209,municipal,1329,743,740.7
2024,3300225,municipal,138,88,749.6
2024,3300233,municipal,634,435,752.4
2024,3300258,municipal,377,219,741.1
2024,3300308,municipal,712,342,732.4
2024,3300407,municipal,1314,839,746.4
2024,3300456,municipal,3174,1235,721.1
2024,3300506,municipal,227,151,749.2
2024,3300605,municipal,249,176,756.0
2024,3300704,municipal,2212,1218,741.8
2024,3300803,municipal,474,234,734.8
2024,3300902,municipal,109,70,750.4
2024,3300936,municipal,138,82,744.3
2024,3300951,municipal,100,66,745.2
2024,3301009,estadual,64,46,749.0
2024,3301009,municipal,3890,1491,722.2
2024,3301108,municipal,162,84,736.5
2024,3301157,municipal,163,57,718.6
2024,3301207,municipal,140,95,744.4
2024,3301306,municipal,500,292,740.4
2024,3301405,municipal,179,101,736.6
2024,3301504,municipal,188,121,743.0
2024,3301603,municipal,138,90,750.5
2024,3301702,municipal,6581,2986,729.7
2024,3301801,municipal,84,47,738.0
2024,3301850,municipal,593,283,734.2
2024,3301876,municipal,305,215,754.7
2024,3301900,municipal,2438,1230,734.8
2024,3302007,municipal,1455,606,725.1
2024,3302056,municipal,104,64,741.2
2024,3302106,municipal,188,132,751.5
2024,3302205,municipal,679,443,748.8
2024,3302254,municipal,348,235,746.7
2024,3302270,municipal,1085,400,721.1
2024,3302304,municipal,64,31,736.2
2024,3302403,municipal,2721,1618,743.7
2024,3302452,municipal,105,82,760.0
2024,3302502,municipal,2969,1385,731.8
2024,3302601,municipal,429,176,722.3
2024,3302700,municipal,1946,1167,742.8
2024,3302809,municipal,147,84,735.8
2024,3302858,municipal,1227,431,721.7
2024,3302908,municipal,223,157,753.5
2024,3303005,municipal,231,161,753.8
2024,3303104,municipal,110,63,739.3
2024,3303203,municipal,851,403,734.6
2024,3303302,municipal,2361,1209,737.7
2024,3303401,municipal,1534,1056,749.7
2024,3303500,municipal,6380,2132,717.9
2024,3303609,municipal,367,257,748.4
2024,3303708,municipal,349,181,736.2
2024,3303807,municipal,415,203,734.9
2024,3303856,municipal,292,222,761.5
2024,3303906,municipal,2256,1462,745.9
2024,3303955,municipal,282,178,744.6
2024,3304003,municipal,277,167,744.2
2024,3304102,municipal,123,64,733.2
2024,3304110,municipal,225,142,750.6
2024,3304128,municipal,114,68,745.5
2024,3304144,municipal,1260,474,719.2
2024,3304151,municipal,262,184,753.5
2024,3304201,municipal,983,713,754.5
2024,3304300,municipal,528,304,741.3
2024,3304409,municipal,147,96,747.8
2024,3304508,municipal,75,51,749.2
2024,3304524,municipal,1585,1088,750.4
2024,3304557,estadual,71,60,764.9
2024,3304557,municipal,43340,27633,747.1
2024,3304607,municipal,70,45,741.5
2024,3304706,municipal,331,244,754.6
2024,3304755,municipal,487,231,731.6
2024,3304805,municipal,338,165,730.3
2024,3304904,municipal,4415,1930,727.7
2024,3305000,municipal,554,323,742.5
2024,3305109,municipal,2543,915,720.8
2024,3305133,municipal,36,29,764.3
2024,3305158,municipal,252,193,757.4
2024,3305208,municipal,1152,642,741.4
2024,3305307,municipal,59,29,736.9
2024,3305406,municipal,198,129,748.7
2024,3305505,municipal,1186,741,746.2
2024,3305554,municipal,980,495,733.0
2024,3305604,municipal,260,149,740.3
2024,3305703,municipal,134,101,756.3
2024,3305752,municipal,339,185,741.4
2024,3305802,municipal,1463,939,746.7
2024,3305901,municipal,61,48,759.4
2024,3306008,municipal,636,327,735.8
2024,3306107,municipal,718,401,738.4
2024,3306156,municipal,60,50,761.9
2024,3306206,municipal,348,210,744.3
2024,3306305,municipal,2463,1558,746.2
2024,3500105,municipal,200,132,756.0
2024,3500204,municipal,44,38,779.1
2024,3500303,estadual,50,39,770.1
2024,3500303,municipal,305,178,748.0
2024,3500402,municipal,53,33,750.7
2024,3500501,estadual,11,6,756.3
2024,3500501,municipal,171,75,730.3
2024,3500550,municipal,104,51,740.9
2024,3500600,municipal,42,34,766.2
2024,3500709,municipal,330,213,756.3
2024,3500758,municipal,62,38,749.9
2024,3500808,estadual,36,27,773.7
2024,3500907,municipal,27,17,757.0
2024,3501004,municipal,164,111,757.1
2024,3501103,municipal,39,28,768.9
2024,3501152,municipal,189,101,742.3
2024,3501202,municipal,22,16,765.9
2024,3501301,municipal,247,178,769.8
2024,3501400,municipal,30,18,740.8
2024,3501509,municipal,48,44,779.9
2024,3501608,estadual,773,505,759.3
2024,3501608,municipal,743,478,754.9
2024,3501707,municipal,359,256,768.9
2024,3501806,municipal,37,29,772.5
2024,3501905,estadual,120,84,768.0
2024,3501905,municipal,361,216,752.0
2024,3502002,municipal,64,44,752.2
2024,3502101,municipal,487,319,757.7
2024,3502200,municipal,232,139,750.2
2024,3502309,municipal,66,30,737.6
2024,3502408,municipal,40,23,749.2
2024,3502507,municipal,321,173,744.0
2024,3502606,municipal,38,33,778.1
2024,3502705,estadual,151,97,760.2
2024,3502705,municipal,112,99,783.2
2024,3502754,municipal,226,122,745.0
2024,3502804,municipal,1479,1098,768.0
2024,3502903,municipal,374,210,747.9
2024,3503000,municipal,54,39,764.2
2024,3503109,municipal,81,46,747.9
2024,3503158,municipal,24,9,738.1
2024,3503208,estadual,1010,701,765.5
2024,3503208,municipal,843,523,755.2
2024,3503307,estadual,362,275,769.3
2024,3503307,municipal,681,406,751.7
2024,3503356,municipal,22,17,780.0
2024,3503406,municipal,86,68,771.2
2024,3503505,municipal,30,17,727.7
2024,3503604,municipal,131,98,766.5
2024,3503703,municipal,61,53,774.8
2024,3503802,municipal,505,275,746.3
2024,3503901,municipal,1016,616,749.8
2024,3503950,estadual,22,21,806.5
2024,3504008,municipal,869,477,746.0
2024,3504107,estadual,20,10,749.5
2024,3504107,municipal,1677,1098,759.3
2024,3504206,municipal,100,78,775.4
2024,3504305,municipal,44,29,760.1
2024,3504404,municipal,118,91,773.6
2024,3504503,municipal,813,427,741.2
2024,3504602,municipal,255,157,751.0
2024,3504701,municipal,10,10,819.9
2024,3504800,municipal,72,60,780.7
2024,3504909,municipal,70,41,743.3
2024,3505005,municipal,40,26,760.6
2024,3505104,municipal,74,48,757.6
2024,3505203,municipal,259,187,766.5
2024,3505302,municipal,210,168,778.6
2024,3505351,municipal,49,32,748.6
2024,3505401,municipal,55,19,719.4
2024,3505500,municipal,1117,653,750.5
2024,3505609,municipal,356,183,739.7
2024,3505708,municipal,4293,2926,761.6
2024,3505807,municipal,221,104,736.9
2024,3505906,estadual,109,76,761.4
2024,3505906,municipal,366,204,746.6
2024,3506003,estadual,1531,1040,764.1
2024,3506003,municipal,1255,635,739.0
2024,3506102,municipal,567,316,746.7
2024,3506201,municipal,32,27,782.0
2024,3506300,municipal,92,44,743.9
2024,3506359,municipal,963,670,766.2
2024,3506409,municipal,68,51,767.6
2024,3506508,municipal,1037,810,775.7
2024,3506607,municipal,302,158,740.5
2024,3506706,municipal,141,78,750.5
2024,3506805,municipal,69,34,737.5
2024,3506904,municipal,115,80,762.5
2024,3507001,municipal,647,452,761.7
2024,3507100,municipal,292,157,743.8
2024,3507159,municipal,54,30,748.2
2024,3507209,municipal,12,7,745.1
2024,3507308,municipal,66,44,754.9
2024,3507407,estadual,72,68,795.8
2024,3507407,municipal,46,33,772.2
2024,3507456,municipal,52,28,742.5
2024,3507506,municipal,1152,658,748.1
2024,3507605,municipal,1425,760,744.0
2024,3507704,municipal,54,40,763.5
2024,3507753,municipal,24,24,803.4
2024,3507803,municipal,239,130,743.4
2024,3507902,municipal,216,121,749.6
2024,3508009,municipal,278,176,755.3
2024,3508108,municipal,161,109,759.3
2024,3508207,municipal,49,28,756.1
2024,3508306,municipal,49,38,767.4
2024,3508405,municipal,668,432,752.3
2024,3508504,municipal,752,333,735.1
2024,3508603,municipal,229,96,732.6
2024,3508702,estadual,17,4,715.8
2024,3508702,municipal,147,112,773.2
2024,3508801,estadual,23,12,748.0
2024,3508801,municipal,155,95,750.6
2024,3508900,municipal,24,16,766.5
2024,3509007,estadual,26,13,745.2
2024,3509007,municipal,999,522,742.6
2024,3509106,municipal,27,22,777.9
2024,3509205,municipal,967,514,744.1
2024,3509254,municipal,385,221,747.9
2024,3509304,municipal,96,58,753.0
2024,3509403,municipal,218,120,750.1
2024,3509452,municipal,65,28,735.6
2024,3509502,estadual,7063,5106,768.3
2024,3509502,municipal,1836,762,730.4
2024,3509601,municipal,846,413,738.5
2024,3509700,municipal,442,252,748.6
2024,3509809,municipal,61,53,777.9
2024,3509908,municipal,120,72,754.7
2024,3509957,municipal,53,26,741.1
2024,3510005,estadual,74,55,765.1
2024,3510005,municipal,194,127,753.8
2024,3510104,municipal,26,24,791.7
2024,3510153,municipal,87,69,774.3
2024,3510203,municipal,504,376,765.7
2024,3510302,municipal,284,135,737.1
2024,3510401,municipal,567,378,757.3
2024,3510500,municipal,1504,875,749.3
2024,3510609,estadual,3104,1912,754.3
2024,3510609,municipal,873,391,732.9
2024,3510708,municipal,97,58,762.6
2024,3510807,municipal,217,134,751.1
2024,3510906,municipal,32,24,766.0
2024,3511003,municipal,209,95,730.4
2024,3511102,municipal,741,521,762.6
2024,3511201,municipal,66,56,777.3
2024,3511300,municipal,143,80,751.0
2024,3511409,municipal,236,94,732.0
2024,3511508,municipal,396,274,759.4
2024,3511607,municipal,264,135,739.9
2024,3511706,municipal,183,114,753.4
2024,3511904,municipal,66,36,744.8
2024,3512001,municipal,188,109,742.9
2024,3512100,municipal,107,78,767.3
2024,3512209,municipal,337,187,747.7
2024,3512308,municipal,144,100,763.8
2024,3512407,municipal,324,225,764.5
2024,3512506,municipal,57,42,763.1
2024,3512605,municipal,44,17,725.0
2024,3512704,municipal,44,37,774.6
2024,3512803,municipal,529,315,749.2
2024,3512902,municipal,68,38,744.6
2024,3513009,municipal,2899,1435,738.5
2024,3513108,municipal,335,198,749.5
2024,3513207,municipal,90,45,737.6
2024,3513306,municipal,17,8,734.1
2024,3513405,municipal,451,253,746.1
2024,3513504,estadual,159,69,735.4
2024,3513504,municipal,934,424,733.5
2024,3513603,municipal,135,78,750.3
2024,3513702,municipal,233,188,778.9
2024,3513801,estadual,1645,1234,769.2
2024,3513801,municipal,2120,1018,738.7
2024,3513850,municipal,13,11,773.3
2024,3513900,municipal,83,51,757.0
2024,3514007,estadual,92,86,806.5
2024,3514106,municipal,249,143,745.7
2024,3514205,municipal,26,17,751.3
2024,3514304,municipal,79,57,758.5
2024,3514403,municipal,327,205,755.6
2024,3514502,municipal,110,85,768.8
2024,3514601,municipal,87,56,760.7
2024,3514700,municipal,83,79,791.3
2024,3514809,municipal,85,64,771.5
2024,3514908,municipal,207,116,745.3
2024,3514924,municipal,33,28,778.7
2024,3514957,municipal,26,19,768.1
2024,3515004,estadual,950,641,759.7
2024,3515004,municipal,1945,788,728.6
2024,3515103,estadual,453,298,763.7
2024,3515103,municipal,303,137,735.7
2024,3515129,municipal,26,23,764.9
2024,3515152,municipal,181,87,737.2
2024,3515186,estadual,136,126,793.6
2024,3515186,municipal,156,95,753.6
2024,3515194,municipal,48,27,745.2
2024,3515202,municipal,79,47,746.6
2024,3515301,municipal,28,25,787.9
2024,3515350,municipal,63,44,759.5
2024,3515400,municipal,158,131,779.0
2024,3515509,estadual,9,5,772.0
2024,3515509,municipal,500,306,751.0
2024,3515608,municipal,64,55,784.4
2024,3515657,municipal,25,11,732.3
2024,3515707,municipal,1961,1276,759.0
2024,3515806,municipal,11,3,715.0
2024,3515905,municipal,27,26,807.9
2024,3516002,municipal,84,46,747.0
2024,3516101,estadual,35,30,783.7
2024,3516200,estadual,1175,974,780.3
2024,3516200,municipal,2169,1400,756.5
2024,3516309,estadual,81,51,756.5
2024,3516309,municipal,2079,1050,740.6
2024,3516408,estadual,134,92,763.0
2024,3516408,municipal,1658,772,735.8
2024,3516507,municipal,28,24,784.2
2024,3516606,municipal,68,45,760.4
2024,3516705,municipal,303,174,749.3
2024,3516804,municipal,30,16,741.5
2024,3516853,municipal,61,45,767.0
2024,3516903,municipal,96,65,757.9
2024,3517000,municipal,48,33,770.3
2024,3517109,municipal,38,33,780.9
2024,3517208,municipal,126,76,756.4
2024,3517307,municipal,49,41,781.1
2024,3517406,municipal,306,164,744.7
2024,3517505,municipal,186,131,764.2
2024,3517604,municipal,144,87,750.3
2024,3517703,municipal,180,137,770.3
2024,3517802,municipal,36,22,744.3
2024,3517901,municipal,101,74,772.9
2024,3518008,municipal,14,8,762.3
2024,3518107,municipal,55,26,745.5
2024,3518206,municipal,241,173,767.1
2024,3518305,municipal,385,296,773.6
2024,3518404,municipal,904,505,747.9
2024,3518503,municipal,151,103,762.7
2024,3518602,municipal,380,299,771.9
2024,3518701,estadual,1155,648,749.0
2024,3518701,municipal,1868,824,733.0
2024,3518800,estadual,3184,2136,760.2
2024,3518800,municipal,9951,4398,733.0
2024,3518859,municipal,59,20,725.8
2024,3518909,municipal,42,34,778.4
2024,3519006,municipal,86,70,772.8
2024,3519055,municipal,143,89,757.3
2024,3519071,municipal,2413,1328,746.8
2024,3519105,municipal,88,86,797.7
2024,3519204,estadual,50,37,762.9
2024,3519253,municipal,54,23,738.8
2024,3519303,municipal,394,271,759.0
2024,3519402,municipal,117,72,753.1
2024,3519501,municipal,65,47,767.3
2024,3519600,municipal,511,251,739.8
2024,3519709,municipal,963,511,744.0
2024,3519808,municipal,50,41,767.1
2024,3519907,municipal,82,44,744.6
2024,3520004,municipal,209,162,774.4
2024,3520103,municipal,209,116,746.1
2024,3520202,municipal,130,66,745.7
2024,3520301,estadual,14,10,745.5
2024,3520301,municipal,276,170,751.3
2024,3520400,municipal,410,177,729.8
2024,3520426,municipal,167,113,759.4
2024,3520442,municipal,209,169,778.9
2024,3520509,municipal,2404,1510,756.3
2024,3520608,municipal,34,24,758.0
2024,3520707,municipal,38,30,770.1
2024,3520806,municipal,39,37,798.7
2024,3520905,municipal,140,77,748.1
2024,3521002,municipal,380,170,733.0
2024,3521101,municipal,99,62,750.6
2024,3521150,municipal,68,29,734.5
2024,3521200,municipal,32,21,756.9
2024,3521309,municipal,143,91,758.4
2024,3521408,municipal,237,148,753.8
2024,3521507,municipal,76,58,767.4
2024,3521606,municipal,47,45,810.4
2024,3521705,estadual,152,131,783.0
2024,3521804,municipal,282,132,740.0
2024,3521903,municipal,147,122,783.9
2024,3522000,municipal,38,17,742.3
2024,3522109,municipal,1291,620,737.3
2024,3522158,municipal,27,14,750.1
2024,3522208,estadual,110,69,756.4
2024,3522208,municipal,1768,971,744.8
2024,3522307,estadual,169,137,777.7
2024,3522307,municipal,1350,686,738.8
2024,3522406,municipal,980,551,745.5
2024,3522505,municipal,3253,1804,745.8
2024,3522604,estadual,59,42,761.2
2024,3522604,municipal,461,287,755.9
2024,3522653,municipal,57,17,725.7
2024,3522703,estadual,87,63,766.9
2024,3522703,municipal,238,184,772.6
2024,3522802,municipal,122,86,761.8
2024,3522901,municipal,147,78,740.3
2024,3523008,municipal,47,37,769.8
2024,3523107,estadual,165,107,756.9
2024,3523107,municipal,4528,2590,748.7
2024,3523206,municipal,486,258,741.7
2024,3523305,estadual,48,21,732.9
2024,3523305,municipal,153,109,759.0
2024,3523404,municipal,1007,740,767.1
2024,3523503,municipal,210,114,744.1
2024,3523602,municipal,160,112,765.3
2024,3523701,municipal,48,40,770.7
2024,3523800,estadual,69,48,756.1
2024,3523909,municipal,1577,973,754.3
2024,3524006,municipal,646,312,738.9
2024,3524105,municipal,285,142,741.5
2024,3524204,municipal,67,45,765.3
2024,3524303,municipal,449,260,749.8
2024,3524402,municipal,2047,1054,742.8
2024,3524501,municipal,97,66,760.5
2024,3524600,municipal,129,71,749.7
2024,3524709,municipal,546,383,765.3
2024,3524808,municipal,385,272,764.0
2024,3524907,municipal,63,36,748.0
2024,3525003,municipal,912,469,742.1
2024,3525102,municipal,402,183,735.3
2024,3525201,municipal,507,223,736.6
2024,3525300,municipal,1024,562,746.3
2024,3525409,municipal,40,20,730.9
2024,3525508,municipal,134,77,749.2
2024,3525607,municipal,60,39,755.8
2024,3525706,estadual,174,110,758.2
2024,3525706,municipal,146,80,744.3
2024,3525805,municipal,49,27,751.4
2024,3525854,municipal,41,21,736.5
2024,3525904,municipal,3499,2466,762.7
2024,3526001,municipal,191,154,779.1
2024,3526100,municipal,194,107,740.9
2024,3526209,estadual,172,124,766.2
2024,3526209,municipal,177,99,744.8
2024,3526308,municipal,63,41,751.1
2024,3526407,municipal,271,161,748.3
2024,3526506,municipal,35,21,758.3
2024,3526605,municipal,83,38,735.8
2024,3526704,municipal,993,613,755.1
2024,3526803,municipal,607,386,755.4
2024,3526902,estadual,132,87,758.1
2024,3526902,municipal,2293,1439,755.3
2024,3527009,municipal,77,47,750.5
2024,3527108,estadual,460,353,776.6
2024,3527108,municipal,171,158,796.1
2024,3527207,municipal,656,314,737.4
2024,3527256,municipal,18,13,764.2
2024,3527306,municipal,624,363,749.0
2024,3527405,municipal,152,104,754.2
2024,3527504,municipal,28,21,769.7
2024,3527603,municipal,123,53,727.9
2024,3527702,municipal,47,26,747.1
2024,3527801,municipal,36,22,753.4
2024,3527900,municipal,22,17,763.8
2024,3528007,municipal,182,114,750.1
2024,3528106,municipal,54,52,797.8
2024,3528205,municipal,40,29,770.2
2024,3528304,municipal,33,31,801.3
2024,3528403,municipal,466,230,737.0
2024,3528502,municipal,898,569,757.3
2024,3528601,municipal,112,74,760.5
2024,3528700,municipal,29,14,739.3
2024,3528809,municipal,110,100,797.8
2024,3528858,municipal,37,37,796.9
2024,3528908,municipal,31,15,740.6
2024,3529005,estadual,319,226,761.9
2024,3529005,municipal,1347,866,756.2
2024,3529104,municipal,13,13,804.6
2024,3529203,municipal,193,123,754.6
2024,3529302,estadual,439,338,774.0
2024,3529302,municipal,234,146,756.1
2024,3529401,estadual,3746,2765,768.5
2024,3529401,municipal,79,36,737.6
2024,3529500,municipal,65,50,762.8
2024,3529609,municipal,46,31,759.9
2024,3529658,municipal,16,9,726.2
2024,3529708,municipal,155,45,717.4
2024,3529807,municipal,97,66,753.5
2024,3529906,municipal,230,151,759.5
2024,3530003,municipal,29,27,778.8
2024,3530102,municipal,162,88,740.9
2024,3530201,estadual,15,13,778.1
2024,3530201,municipal,101,88,788.2
2024,3530300,municipal,489,301,754.2
2024,3530409,municipal,48,27,745.6
2024,3530508,estadual,234,191,778.6
2024,3530508,municipal,273,168,757.6
2024,3530607,municipal,4279,2049,737.2
2024,3530706,municipal,1351,857,756.1
2024,3530805,municipal,657,379,749.4
2024,3530904,municipal,56,42,772.4
2024,3531001,municipal,26,21,777.8
2024,3531100,municipal,748,310,731.8
2024,3531209,municipal,60,34,751.2
2024,3531308,municipal,304,179,751.4
2024,3531407,municipal,154,101,762.2
2024,3531506,municipal,125,69,749.3
2024,3531605,municipal,32,30,779.3
2024,3531704,municipal,51,26,745.0
2024,3531803,municipal,754,354,736.3
2024,3531902,municipal,279,126,738.1
2024,3532009,municipal,128,61,738.6
2024,3532058,municipal,41,32,763.9
2024,3532108,municipal,32,32,802.7
2024,3532157,municipal,40,14,724.5
2024,3532207,municipal,85,52,753.7
2024,3532306,municipal,64,37,744.5
2024,3532405,estadual,74,41,747.8
2024,3532405,municipal,137,86,752.4
2024,3532504,municipal,78,58,768.0
2024,3532603,estadual,9,8,796.7
2024,3532603,municipal,61,41,758.0
2024,3532702,municipal,57,46,775.2
2024,3532801,municipal,61,45,767.7
2024,3532827,municipal,109,67,755.1
2024,3532843,municipal,18,13,770.9
2024,3532868,municipal,12,3,730.4
2024,3532900,municipal,86,59,764.4
2024,3533007,municipal,181,108,754.1
2024,3533106,municipal,18,15,781.1
2024,3533205,municipal,45,40,781.3
2024,3533254,municipal,78,50,752.2
2024,3533304,municipal,41,30,764.7
2024,3533403,municipal,491,285,751.9
2024,3533502,municipal,357,270,770.3
2024,3533601,municipal,77,50,758.9
2024,3533700,municipal,52,47,783.0
2024,3533809,municipal,20,14,766.7
2024,3533908,municipal,541,404,771.3
2024,3534005,municipal,43,32,759.7
2024,3534104,municipal,43,17,729.5
2024,3534203,municipal,77,37,743.4
2024,3534302,municipal,293,167,747.6
2024,3534401,municipal,6664,3275,737.4
2024,3534500,municipal,25,22,775.8
2024,3534609,municipal,223,132,750.3
2024,3534708,estadual,78,43,753.2
2024,3534708,municipal,841,451,743.3
2024,3534757,municipal,120,108,793.7
2024,3534807,municipal,88,67,771.4
2024,3534906,municipal,80,43,739.4
2024,3535002,municipal,130,94,764.1
2024,3535101,municipal,98,76,777.4
2024,3535200,municipal,76,64,769.9
2024,3535309,municipal,170,103,750.6
2024,3535408,municipal,171,158,790.8
2024,3535507,municipal,404,230,748.2
2024,3535606,municipal,183,107,750.3
2024,3535705,municipal,46,40,782.5
2024,3535804,municipal,212,90,731.4
2024,3535903,municipal,58,48,773.7
2024,3536000,municipal,98,72,767.1
2024,3536109,municipal,95,54,749.9
2024,3536208,municipal,173,106,751.8
2024,3536257,municipal,32,29,797.0
2024,3536307,municipal,190,127,756.9
2024,3536406,municipal,112,85,772.9
2024,3536505,municipal,1040,638,753.8
2024,3536570,municipal,19,14,763.0
2024,3536604,municipal,60,49,770.7
2024,3536703,municipal,400,187,736.2
2024,3536802,municipal,41,19,739.5
2024,3536901,municipal,22,16,789.4
2024,3537008,municipal,170,88,746.5
2024,3537107,municipal,411,387,806.8
2024,3537156,municipal,31,21,762.2
2024,3537206,municipal,106,49,735.6
2024,3537305,estadual,134,93,763.9
2024,3537305,municipal,401,245,751.2
2024,3537404,municipal,205,171,779.1
2024,3537503,municipal,98,65,754.8
2024,3537602,municipal,715,335,733.4
2024,3537701,municipal,62,48,773.3
2024,3537800,municipal,622,393,753.5
2024,3537909,municipal,316,200,752.7
2024,3538006,municipal,1412,901,758.3
2024,3538105,municipal,113,72,753.1
2024,3538204,municipal,138,109,774.3
2024,3538303,municipal,36,16,752.1
2024,3538501,municipal,87,61,766.4
2024,3538600,municipal,277,159,750.7
2024,3538709,estadual,532,475,792.0
2024,3538709,municipal,3066,1690,745.8
2024,3538808,municipal,281,201,762.9
2024,3538907,municipal,145,67,736.1
2024,3539004,municipal,103,78,771.9
2024,3539103,municipal,260,106,727.9
2024,3539202,municipal,230,160,764.2
2024,3539301,municipal,460,259,746.0
2024,3539400,municipal,102,45,736.8
2024,3539509,municipal,339,228,761.4
2024,3539608,municipal,50,42,782.4
2024,3539707,municipal,39,33,778.3
2024,3539806,municipal,1172,606,741.7
2024,3539905,estadual,45,26,755.5
2024,3540002,municipal,170,103,749.0
2024,3540101,municipal,33,30,806.5
2024,3540200,municipal,376,242,758.9
2024,3540259,municipal,38,20,744.2
2024,3540309,municipal,23,17,773.5
2024,3540408,municipal,40,32,782.8
2024,3540507,municipal,82,50,754.1
2024,3540606,municipal,519,364,766.6
2024,3540705,municipal,460,230,738.3
2024,3540754,municipal,197,92,738.3
2024,3540804,municipal,196,123,752.7
2024,3540853,municipal,10,8,790.8
2024,3540903,municipal,191,119,756.6
2024,3541000,municipal,3853,1975,741.7
2024,3541059,municipal,82,46,750.6
2024,3541109,estadual,23,14,751.0
2024,3541208,municipal,64,51,777.8
2024,3541307,estadual,245,182,771.1
2024,3541307,municipal,162,112,764.4
2024,3541406,municipal,1708,1044,752.7
2024,3541505,municipal,254,194,771.9
2024,3541604,estadual,111,72,754.5
2024,3541604,municipal,162,128,775.0
2024,3541653,municipal,59,39,751.8
2024,3541703,municipal,110,75,758.9
2024,3541901,municipal,95,65,759.4
2024,3542008,municipal,68,44,762.1
2024,3542107,municipal,112,79,770.8
2024,3542206,municipal,346,208,753.6
2024,3542305,municipal,51,43,780.8
2024,3542404,municipal,170,104,752.6
2024,3542503,municipal,71,60,788.9
2024,3542602,municipal,514,328,754.8
2024,3542701,municipal,105,58,744.1
2024,3542800,municipal,24,13,736.0
2024,3542909,municipal,101,54,748.6
2024,3543006,municipal,230,149,757.0
2024,3543105,municipal,59,44,778.0
2024,3543204,municipal,46,27,759.1
2024,3543238,municipal,12,11,795.7
2024,3543253,municipal,82,50,753.2
2024,3543303,estadual,597,403,762.4
2024,3543303,municipal,405,269,758.0
2024,3543402,estadual,2498,1645,759.1
2024,3543402,municipal,2324,1046,735.0
2024,3543501,municipal,83,53,757.9
2024,3543709,municipal,89,67,774.8
2024,3543808,estadual,85,54,751.1
2024,3543907,estadual,29,17,747.4
2024,3543907,municipal,1619,883,744.6
2024,3544004,municipal,292,171,747.1
2024,3544103,estadual,380,236,756.2
2024,3544103,municipal,14,8,738.3
2024,3544202,municipal,85,72,787.8
2024,3544251,estadual,37,35,798.2
2024,3544251,municipal,122,96,769.8
2024,3544301,municipal,129,87,753.2
2024,3544400,municipal,28,23,773.1
2024,3544509,municipal,32,24,776.2
2024,3544608,municipal,43,20,742.8
2024,3544707,municipal,24,22,801.0
2024,3544806,municipal,69,47,759.6
2024,3544905,municipal,95,48,730.9
2024,3545001,municipal,198,130,756.7
2024,3545100,municipal,54,33,757.0
2024,3545159,municipal,101,65,754.0
2024,3545209,estadual,550,423,770.6
2024,3545209,municipal,753,456,749.8
2024,3545308,estadual,37,25,758.6
2024,3545308,municipal,431,194,733.2
2024,3545407,municipal,91,41,736.6
2024,3545506,municipal,50,45,794.5
2024,3545605,municipal,120,77,754.8
2024,3545704,municipal,65,38,755.3
2024,3545803,estadual,264,214,778.4
2024,3545803,municipal,1315,844,757.9
2024,3546009,municipal,106,53,738.5
2024,3546108,municipal,26,26,810.4
2024,3546207,municipal,30,22,762.2
2024,3546256,municipal,21,9,734.7
2024,3546306,municipal,278,166,749.3
2024,3546405,estadual,103,68,763.3
2024,3546405,municipal,285,206,761.4
2024,3546504,municipal,47,43,802.2
2024,3546603,municipal,338,183,747.9
2024,3546702,municipal,290,186,754.4
2024,3546801,municipal,506,340,758.8
2024,3546900,municipal,93,66,757.2
2024,3547007,municipal,71,62,790.8
2024,3547106,municipal,36,29,790.3
2024,3547304,municipal,1695,1029,751.2
2024,3547403,municipal,17,9,758.8
2024,3547502,municipal,158,107,763.1
2024,3547601,municipal,199,150,768.5
2024,3547650,estadual,22,21,811.8
2024,3547700,municipal,87,69,775.4
2024,3547809,estadual,898,692,773.8
2024,3547809,municipal,3608,2038,748.5
2024,3547908,municipal,64,43,758.3
2024,3548005,municipal,213,132,755.3
2024,3548054,municipal,87,54,756.4
2024,3548104,municipal,69,50,767.2
2024,3548203,municipal,72,53,768.0
2024,3548302,municipal,28,28,798.0
2024,3548401,municipal,62,48,778.1
2024,3548500,estadual,51,28,754.0
2024,3548500,municipal,2224,1174,745.8
2024,3548609,municipal,75,43,745.8
2024,3548708,municipal,6727,3646,744.4
2024,3548807,municipal,1096,725,757.7
2024,3548906,estadual,1070,780,767.8
2024,3548906,municipal,978,492,741.2
2024,3549003,estadual,18,15,775.3
2024,3549102,municipal,627,386,754.1
2024,3549201,municipal,10,8,768.7
2024,3549250,municipal,18,8,735.3
2024,3549300,municipal,14,14,796.8
2024,3549409,estadual,304,228,771.1
2024,3549409,municipal,112,56,738.0
2024,3549508,municipal,81,41,741.4
2024,3549607,municipal,34,18,737.6
2024,3549706,estadual,189,136,766.5
2024,3549706,municipal,226,145,761.6
2024,3549805,municipal,3296,1874,746.8
2024,3549904,estadual,1154,732,755.8
2024,3549904,municipal,5609,3632,758.4
2024,3549953,municipal,137,80,744.1
2024,3550001,municipal,88,53,750.1
2024,3550100,municipal,414,251,750.6
2024,3550209,municipal,315,232,765.6
2024,3550308,estadual,52622,32983,755.6
2024,3550308,municipal,41751,20148,739.0
2024,3550407,municipal,326,190,748.6
2024,3550506,municipal,84,60,759.9
2024,3550605,municipal,725,373,742.2
2024,3550704,municipal,985,437,735.4
2024,3550803,municipal,98,67,761.3
2024,3550902,estadual,17,13,760.1
2024,3550902,municipal,66,43,761.9
2024,3551009,estadual,60,38,747.4
2024,3551009,municipal,2988,1432,738.6
2024,3551108,municipal,107,57,745.3
2024,3551207,municipal,45,36,776.8
2024,3551306,municipal,34,26,775.8
2024,3551405,municipal,91,41,732.9
2024,3551504,municipal,493,217,732.1
2024,3551603,estadual,267,187,763.3
2024,3551702,municipal,1386,751,744.9
2024,3551801,municipal,143,75,744.9
2024,3551900,municipal,161,99,752.9
2024,3552007,municipal,70,33,733.1
2024,3552106,estadual,31,21,761.8
2024,3552106,municipal,216,129,752.4
2024,3552205,estadual,970,657,760.4
2024,3552205,municipal,5364,2813,742.9
2024,3552304,municipal,65,37,747.6
2024,3552403,estadual,832,616,774.5
2024,3552403,municipal,1870,946,741.2
2024,3552502,estadual,1340,791,752.6
2024,3552502,municipal,2298,1075,735.4
2024,3552551,municipal,32,29,789.7
2024,3552601,municipal,85,84,815.0
2024,3552700,estadual,18,10,736.0
2024,3552700,municipal,153,96,752.8
2024,3552809,estadual,50,30,738.4
2024,3552809,municipal,2415,1184,739.9
2024,3552908,municipal,76,51,763.6
2024,3553005,municipal,134,96,764.2
2024,3553104,municipal,46,18,722.8
2024,3553203,municipal,61,35,750.0
2024,3553302,municipal,189,113,755.7
2024,3553401,municipal,233,173,769.9
2024,3553500,municipal,103,59,747.6
2024,3553609,municipal,111,88,772.3
2024,3553658,municipal,11,3,731.6
2024,3553708,municipal,406,296,769.8
2024,3553807,municipal,229,130,744.4
2024,3553856,municipal,83,39,741.6
2024,3553906,municipal,78,53,757.2
2024,3553955,municipal,192,176,795.9
2024,3554003,municipal,1236,666,742.3
2024,3554102,municipal,2159,1163,744.9
2024,3554201,municipal,64,38,750.4
2024,3554300,estadual,19,19,819.2
2024,3554300,municipal,204,144,762.8
2024,3554409,municipal,73,54,765.3
2024,3554508,municipal,301,188,757.7
2024,3554607,municipal,29,17,741.2
2024,3554656,municipal,26,8,724.4
2024,3554706,estadual,89,59,756.8
2024,3554755,municipal,19,9,730.4
2024,3554805,municipal,312,171,745.6
2024,3554904,municipal,76,53,760.7
2024,3554953,municipal,65,36,745.5
2024,3555000,estadual,204,125,752.3
2024,3555000,municipal,332,170,745.1
2024,3555109,municipal,122,114,804.3
2024,3555208,municipal,15,14,784.1
2024,3555307,municipal,17,12,745.1
2024,3555356,municipal,69,51,769.4
2024,3555406,municipal,972,356,723.4
2024,3555505,municipal,66,37,745.8
2024,3555604,municipal,98,86,787.5
2024,3555703,estadual,15,12,765.6
2024,3555802,estadual,73,56,770.8
2024,3555901,municipal,16,16,794.7
2024,3556008,municipal,114,75,758.5
2024,3556107,municipal,134,115,778.0
2024,3556206,municipal,829,400,739.2
2024,3556305,municipal,269,189,765.4
2024,3556354,municipal,86,56,754.9
2024,3556404,municipal,370,228,753.3
2024,3556453,municipal,545,352,755.6
2024,3556503,municipal,1188,632,743.2
2024,3556602,municipal,94,48,745.3
2024,3556701,municipal,660,370,748.4
2024,3556800,municipal,159,96,749.4
2024,3556909,municipal,87,46,748.6
2024,3556958,municipal,14,14,829.4
2024,3557006,municipal,1103,603,743.8
2024,3557105,municipal,743,458,753.6
2024,3557154,municipal,25,20,784.6
2024,3557204,municipal,112,58,743.7
2024,3557303,municipal,84,43,737.0
2024,4100103,municipal,76,44,744.7
2024,4100202,municipal,70,43,746.4
2024,4100301,municipal,140,123,775.9
2024,4100400,municipal,1101,497,728.9
2024,4100459,municipal,47,35,750.3
2024,4100509,municipal,229,179,759.2
2024,4100608,municipal,156,109,753.6
2024,4100707,municipal,125,81,749.6
2024,4100806,municipal,106,77,752.2
2024,4100905,municipal,77,59,756.7
2024,4101002,municipal,231,162,754.3
2024,4101051,municipal,33,23,751.4
2024,4101101,municipal,200,130,745.9
2024,4101150,municipal,43,37,786.4
2024,4101200,municipal,198,126,749.5
2024,4101309,municipal,93,82,764.5
2024,4101408,municipal,1191,938,764.1
2024,4101507,municipal,1193,847,755.2
2024,4101606,municipal,342,231,751.0
2024,4101655,municipal,49,37,764.6
2024,4101705,municipal,173,134,758.3
2024,4101804,municipal,1943,1341,752.0
2024,4101853,municipal,26,18,745.4
2024,4101903,municipal,160,128,766.6
2024,4102000,municipal,393,316,766.0
2024,4102109,municipal,256,193,762.3
2024,4102208,municipal,44,39,782.0
2024,4102307,municipal,226,170,758.8
2024,4102406,municipal,302,220,757.1
2024,4102505,municipal,93,72,762.8
2024,4102604,municipal,125,92,758.7
2024,4102703,municipal,33,24,764.2
2024,4102752,municipal,41,36,770.7
2024,4102802,municipal,158,87,738.4
2024,4102901,municipal,229,160,756.0
2024,4103008,municipal,54,50,773.4
2024,4103024,municipal,28,26,774.3
2024,4103040,municipal,64,39,749.8
2024,4103057,municipal,90,48,738.9
2024,4103107,municipal,229,131,742.0
2024,4103156,municipal,42,39,783.4
2024,4103206,municipal,89,65,753.1
2024,4103222,municipal,49,35,750.5
2024,4103305,municipal,77,58,768.5
2024,4103354,municipal,48,41,765.0
2024,4103370,municipal,36,28,759.3
2024,4103404,municipal,33,21,754.3
2024,4103453,municipal,289,226,764.2
2024,4103479,municipal,49,32,754.8
2024,4103503,municipal,143,99,750.9
2024,4103602,municipal,179,104,742.0
2024,4103701,municipal,1120,855,760.5
2024,4103800,municipal,91,76,764.8
2024,4103909,municipal,227,176,764.3
2024,4103958,municipal,78,66,768.1
2024,4104006,municipal,698,467,751.7
2024,4104055,municipal,47,37,763.5
2024,4104105,municipal,99,80,760.9
2024,4104204,municipal,1576,1090,754.1
2024,4104253,municipal,345,200,742.4
2024,4104303,municipal,1062,815,760.5
2024,4104402,municipal,153,131,768.7
2024,4104428,municipal,216,140,746.4
2024,4104451,municipal,184,132,756.1
2024,4104501,municipal,200,159,767.0
2024,4104600,municipal,203,158,758.5
2024,4104659,municipal,314,217,755.9
2024,4104709,municipal,156,103,749.7
2024,4104808,municipal,3374,2508,757.9
2024,4104907,municipal,899,670,761.1
2024,4105003,municipal,117,66,741.6
2024,4105102,municipal,94,70,755.0
2024,4105201,municipal,184,92,732.2
2024,4105300,municipal,130,110,769.2
2024,4105409,municipal,232,164,756.7
2024,4105508,municipal,896,672,759.1
2024,4105607,municipal,155,98,750.4
2024,4105706,municipal,199,149,756.4
2024,4105805,municipal,3101,1881,745.2
2024,4105904,municipal,204,160,763.8
2024,4106001,municipal,103,42,732.6
2024,4106100,municipal,49,34,761.1
2024,4106209,municipal,270,209,761.4
2024,4106308,municipal,229,195,765.9
2024,4106407,municipal,388,284,758.3
2024,4106456,municipal,78,49,748.5
2024,4106506,municipal,301,225,760.8
2024,4106555,municipal,58,51,772.6
2024,4106571,municipal,38,33,775.6
2024,4106605,municipal,241,177,754.2
2024,4106704,municipal,49,35,751.0
2024,4106803,municipal,183,155,765.2
2024,4106852,municipal,36,34,779.4
2024,4106902,municipal,12923,8524,750.1
2024,4107009,municipal,159,110,754.7
2024,4107108,municipal,56,44,757.2
2024,4107124,municipal,36,30,767.3
2024,4107157,municipal,74,55,753.5
2024,4107207,municipal,530,438,768.8
2024,4107256,municipal,110,76,750.3
2024,4107306,municipal,60,37,749.0
2024,4107405,municipal,66,56,774.4
2024,4107504,municipal,121,99,762.5
2024,4107520,municipal,31,22,753.8
2024,4107538,municipal,50,48,784.4
2024,4107546,municipal,78,64,770.8
2024,4107553,municipal,49,47,774.9
2024,4107603,municipal,212,152,757.7
2024,4107652,municipal,1941,1256,749.6
2024,4107702,municipal,42,26,749.5
2024,4107736,municipal,79,63,766.3
2024,4107751,municipal,92,72,766.7
2024,4107801,municipal,54,46,762.1
2024,4107850,municipal,62,53,765.9
2024,4107900,municipal,167,124,757.3
2024,4108007,municipal,98,62,745.4
2024,4108106,municipal,24,19,764.8
2024,4108205,municipal,67,57,770.7
2024,4108304,municipal,3084,2221,756.7
2024,4108320,municipal,100,80,762.8
2024,4108403,municipal,1041,795,761.3
2024,4108452,municipal,82,64,760.4
2024,4108502,municipal,146,81,741.1
2024,4108551,municipal,27,20,765.2
2024,4108601,municipal,262,167,750.2
2024,4108650,municipal,63,57,780.2
2024,4108700,municipal,87,54,748.3
2024,4108809,municipal,379,264,753.5
2024,4108908,municipal,84,68,764.4
2024,4108957,municipal,89,64,754.1
2024,4109005,municipal,69,52,761.3
2024,4109104,municipal,18,12,746.1
2024,4109203,municipal,44,33,758.1
2024,4109302,municipal,183,130,754.6
2024,4109401,municipal,2301,1542,751.4
2024,4109500,municipal,63,36,736.6
2024,4109609,municipal,629,421,751.6
2024,4109658,municipal,70,51,760.2
2024,4109708,municipal,336,241,757.2
2024,4109757,municipal,88,62,746.5
2024,4109807,municipal,641,416,751.1
2024,4109906,municipal,105,54,742.4
2024,4110003,municipal,67,39,747.0
2024,4110052,municipal,23,10,742.7
2024,4110078,municipal,183,129,755.5
2024,4110102,municipal,468,365,762.6
2024,4110201,municipal,147,103,757.0
2024,4110300,municipal,33,23,751.0
2024,4110409,municipal,53,37,750.6
2024,4110508,municipal,196,161,770.1
2024,4110607,municipal,129,89,751.0
2024,4110656,municipal,27,23,767.4
2024,4110706,municipal,677,598,773.2
2024,4110805,municipal,153,123,768.3
2024,4110904,municipal,54,41,759.5
2024,4110953,municipal,173,146,772.3
2024,4111001,municipal,55,44,762.0
2024,4111100,municipal,63,55,764.5
2024,4111209,municipal,190,143,758.9
2024,4111258,municipal,443,233,739.2
2024,4111308,municipal,40,16,738.2
2024,4111407,municipal,173,143,765.8
2024,4111506,municipal,257,186,754.3
2024,4111555,municipal,83,64,759.2
2024,4111605,municipal,29,25,768.1
2024,4111704,municipal,84,62,760.4
2024,4111803,municipal,341,163,736.0
2024,4111902,municipal,196,122,745.9
2024,4112009,municipal,440,348,764.4
2024,4112108,municipal,184,126,754.6
2024,4112207,municipal,56,43,760.3
2024,4112306,municipal,45,29,751.9
2024,4112405,municipal,90,73,768.9
2024,4112504,municipal,94,73,762.4
2024,4112603,municipal,13,12,776.8
2024,4112702,municipal,132,80,744.2
2024,4112751,municipal,62,56,766.6
2024,4112801,municipal,165,140,766.2
2024,4112900,municipal,47,26,743.4
2024,4112959,municipal,69,44,753.1
2024,4113007,municipal,77,51,753.2
2024,4113106,municipal,41,32,757.8
2024,4113205,municipal,505,378,759.9
2024,4113254,municipal,93,43,730.8
2024,4113304,municipal,408,278,752.4
2024,4113403,municipal,39,35,760.1
2024,4113429,municipal,43,36,766.1
2024,4113452,municipal,75,55,758.2
2024,4113502,municipal,217,160,755.7
2024,4113601,municipal,52,29,745.5
2024,4113700,estadual,55,36,746.0
2024,4113700,municipal,4719,3444,756.5
2024,4113734,municipal,92,80,768.1
2024,4113759,municipal,54,38,747.3
2024,4113809,municipal,32,25,757.1
2024,4113908,municipal,169,148,773.0
2024,4114005,municipal,133,99,762.1
2024,4114104,municipal,338,211,745.6
2024,4114203,municipal,410,334,768.1
2024,4114302,municipal,328,212,748.4
2024,4114351,municipal,31,22,768.1
2024,4114401,municipal,166,110,752.1
2024,4114500,municipal,122,88,751.9
2024,4114609,municipal,659,504,758.6
2024,4114708,municipal,56,28,738.2
2024,4114807,municipal,495,362,755.8
2024,4114906,municipal,108,92,767.6
2024,4115002,municipal,86,65,762.6
2024,4115101,municipal,106,55,740.4
2024,4115200,estadual,40,31,769.2
2024,4115200,municipal,3279,2571,763.2
2024,4115309,municipal,80,54,751.0
2024,4115358,municipal,108,83,753.7
2024,4115408,municipal,171,145,768.7
2024,4115457,municipal,73,60,763.4
2024,4115507,municipal,42,32,759.6
2024,4115606,municipal,244,174,753.3
2024,4115705,municipal,485,306,746.8
2024,4115739,municipal,27,25,770.5
2024,4115754,municipal,149,120,764.3
2024,4115804,municipal,665,526,765.5
2024,4115853,municipal,103,96,780.5
2024,4115903,municipal,25,14,743.8
2024,4116000,municipal,29,15,739.8
2024,4116059,municipal,136,113,764.1
2024,4116109,municipal,106,83,757.6
2024,4116208,municipal,231,138,745.8
2024,4116307,municipal,60,48,759.2
2024,4116406,municipal,39,37,771.5
2024,4116505,municipal,16,7,739.0
2024,4116604,municipal,33,26,760.4
2024,4116703,municipal,130,97,761.8
2024,4116802,municipal,99,87,769.0
2024,4116901,municipal,230,172,761.2
2024,4116950,municipal,84,74,770.2
2024,4117008,municipal,69,55,761.7
2024,4117057,municipal,78,53,749.7
2024,4117107,municipal,142,105,760.8
2024,4117206,municipal,71,65,773.0
2024,4117214,municipal,54,43,768.6
2024,4117222,municipal,139,100,761.1
2024,4117255,municipal,132,96,761.7
2024,4117271,municipal,41,35,775.9
2024,4117297,municipal,35,34,781.8
2024,4117305,estadual,12,4,732.4
2024,4117305,municipal,233,136,743.5
2024,4117404,municipal,40,23,744.2
2024,4117453,municipal,71,64,777.1
2024,4117503,municipal,760,478,748.0
2024,4117602,municipal,629,341,739.8
2024,4117701,municipal,390,257,754.8
2024,4117800,municipal,131,91,756.1
2024,4117909,municipal,404,300,756.9
2024,4118006,municipal,151,102,752.3
2024,4118105,municipal,131,105,763.0
2024,4118204,municipal,1256,775,746.3
2024,4118303,municipal,39,24,747.9
2024,4118402,municipal,994,739,760.3
2024,4118451,municipal,77,70,779.9
2024,4118501,municipal,921,655,754.5
2024,4118600,municipal,57,43,756.6
2024,4118709,municipal,83,70,765.4
2024,4118808,municipal,156,116,761.5
2024,4118857,municipal,90,63,747.4
2024,4118907,municipal,135,84,748.7
2024,4119004,municipal,61,54,770.1
2024,4119103,municipal,188,157,770.0
2024,4119152,municipal,1315,754,742.3
2024,4119202,municipal,88,68,758.6
2024,4119251,municipal,34,33,784.2
2024,4119301,municipal,445,273,746.3
2024,4119400,municipal,260,193,755.9
2024,4119509,municipal,1321,668,736.4
2024,4119608,municipal,350,257,757.2
2024,4119657,municipal,35,29,768.2
2024,4119707,municipal,45,36,768.2
2024,4119806,municipal,124,98,770.1
2024,4119905,municipal,3191,2422,760.7
2024,4119954,municipal,388,238,746.4
2024,4120002,municipal,87,76,766.8
2024,4120101,municipal,57,44,763.5
2024,4120150,municipal,28,24,775.9
2024,4120200,municipal,57,41,755.5
2024,4120309,municipal,40,30,756.9
2024,4120333,municipal,53,39,756.3
2024,4120358,municipal,55,44,764.5
2024,4120408,municipal,43,27,756.5
2024,4120507,municipal,85,53,745.8
2024,4120606,municipal,486,403,766.6
2024,4120655,municipal,37,23,753.4
2024,4120705,municipal,94,85,771.0
2024,4120804,municipal,324,218,750.6
2024,4120853,municipal,68,61,772.0
2024,4120903,estadual,25,14,735.4
2024,4120903,municipal,429,266,747.6
2024,4121000,municipal,144,72,740.7
2024,4121109,municipal,45,33,756.0
2024,4121208,municipal,244,185,760.4
2024,4121257,municipal,62,48,758.0
2024,4121307,municipal,49,42,768.6
2024,4121356,municipal,23,13,731.5
2024,4121406,municipal,208,166,768.1
2024,4121505,municipal,193,149,757.7
2024,4121604,municipal,82,68,764.1
2024,4121703,municipal,301,244,763.8
2024,4121752,municipal,90,75,762.8
2024,4121802,municipal,143,123,767.1
2024,4121901,municipal,156,132,770.2
2024,4122008,municipal,188,168,774.3
2024,4122107,municipal,36,25,759.1
2024,4122156,estadual,44,25,737.9
2024,4122156,municipal,186,149,764.5
2024,4122172,municipal,44,32,754.8
2024,4122206,municipal,439,269,747.8
2024,4122305,municipal,371,329,775.4
2024,4122404,municipal,864,621,754.6
2024,4122503,municipal,141,108,758.3
2024,4122602,municipal,97,40,731.3
2024,4122651,municipal,70,54,755.7
2024,4122701,municipal,144,114,764.5
2024,4122800,municipal,58,54,776.7
2024,4122909,municipal,59,43,757.9
2024,4123006,municipal,168,128,758.3
2024,4123105,municipal,35,32,777.0
2024,4123204,municipal,35,28,756.7
2024,4123303,municipal,107,63,745.9
2024,4123402,municipal,127,82,751.9
2024,4123501,municipal,343,272,762.4
2024,4123600,municipal,15,15,772.4
2024,4123709,municipal,107,80,760.0
2024,4123808,municipal,116,96,765.8
2024,4123824,municipal,42,36,767.1
2024,4123857,municipal,134,94,754.1
2024,4123907,municipal,97,81,764.3
2024,4123956,municipal,45,36,757.2
2024,4124004,municipal,55,30,740.9
2024,4124020,municipal,225,175,759.9
2024,4124053,municipal,219,174,760.4
2024,4124103,municipal,554,305,741.2
2024,4124202,municipal,34,30,772.6
2024,4124301,municipal,27,22,766.2
2024,4124400,municipal,244,199,766.4
2024,4124509,municipal,86,69,760.6
2024,4124608,municipal,75,55,757.0
2024,4124707,municipal,88,63,753.2
2024,4124806,municipal,134,117,767.6
2024,4124905,municipal,58,54,776.6
2024,4125001,municipal,102,75,751.2
2024,4125100,municipal,191,152,761.5
2024,4125209,municipal,99,84,768.1
2024,4125308,municipal,55,39,760.7
2024,4125357,municipal,71,64,767.2
2024,4125407,municipal,67,51,757.3
2024,4125456,municipal,55,41,757.9
2024,4125506,municipal,3798,2443,747.6
2024,4125555,municipal,26,19,755.6
2024,4125605,municipal,507,358,754.7
2024,4125704,municipal,334,260,762.0
2024,4125753,municipal,68,55,765.9
2024,4125803,municipal,72,62,769.2
2024,4125902,municipal,16,12,749.8
2024,4126009,municipal,68,60,765.6
2024,4126108,municipal,73,51,752.6
2024,4126207,municipal,89,74,765.4
2024,4126256,municipal,1465,828,739.3
2024,4126272,municipal,98,84,764.6
2024,4126306,municipal,226,185,764.7
2024,4126355,municipal,52,43,765.7
2024,4126405,municipal,65,59,779.7
2024,4126504,municipal,133,82,746.1
2024,4126603,municipal,266,220,764.5
2024,4126652,municipal,37,28,752.4
2024,4126678,municipal,128,84,747.7
2024,4126702,municipal,47,22,739.7
2024,4126801,municipal,149,91,745.2
2024,4126900,municipal,44,34,760.5
2024,4127007,municipal,136,120,771.1
2024,4127106,municipal,921,568,743.8
2024,4127205,municipal,217,193,773.8
2024,4127304,municipal,174,142,763.2
2024,4127403,municipal,185,141,757.0
2024,4127502,municipal,278,216,762.3
2024,4127601,municipal,242,166,749.9
2024,4127700,municipal,1590,1299,766.6
2024,4127809,municipal,67,56,764.0
2024,4127858,municipal,128,97,761.2
2024,4127882,municipal,124,93,758.2
2024,4127908,municipal,85,58,754.7
2024,4127957,municipal,97,77,763.3
2024,4127965,municipal,213,181,766.2
2024,4128005,municipal,254,197,764.7
2024,4128104,municipal,1108,699,745.8
2024,4128203,municipal,542,397,753.5
2024,4128302,municipal,15,11,754.0
2024,4128401,municipal,65,43,752.1
2024,4128500,municipal,208,155,760.5
2024,4128534,municipal,130,100,762.7
2024,4128559,municipal,111,84,754.3
2024,4128609,municipal,96,65,752.8
2024,4128625,municipal,44,30,752.3
2024,4128633,municipal,64,44,753.7
2024,4128658,municipal,60,49,765.3
2024,4128708,municipal,115,81,752.4
2024,4128807,municipal,74,41,745.3
2024,4200051,municipal,39,30,758.0
2024,4200101,estadual,24,8,719.4
2024,4200101,municipal,226,135,748.6
2024,4200200,municipal,154,117,762.7
2024,4200309,municipal,53,37,752.6
2024,4200408,municipal,75,54,754.8
2024,4200507,estadual,62,39,748.6
2024,4200507,municipal,25,19,750.2
2024,4200556,municipal,17,15,775.0
2024,4200606,municipal,85,67,770.1
2024,4200705,estadual,43,28,751.5
2024,4200705,municipal,71,27,725.7
2024,4200754,municipal,27,23,759.8
2024,4200804,estadual,19,10,744.4
2024,4200804,municipal,47,43,778.5
2024,4200903,estadual,30,20,752.0
2024,4200903,municipal,10,9,772.5
2024,4201000,estadual,14,12,770.3
2024,4201000,municipal,57,44,763.7
2024,4201109,municipal,26,15,749.2
2024,4201208,estadual,27,18,765.2
2024,4201208,municipal,143,107,763.7
2024,4201257,municipal,93,66,758.8
2024,4201273,municipal,55,53,786.2
2024,4201307,municipal,562,278,740.1
2024,4201406,estadual,389,237,749.5
2024,4201406,municipal,245,151,745.1
2024,4201505,estadual,46,36,760.6
2024,4201505,municipal,76,60,771.2
2024,4201604,municipal,45,34,765.4
2024,4201653,municipal,26,20,768.6
2024,4201703,estadual,64,31,737.6
2024,4201703,municipal,23,22,782.0
2024,4201802,estadual,18,15,763.5
2024,4201802,municipal,23,15,760.1
2024,4201901,estadual,42,32,761.3
2024,4201901,municipal,22,17,775.4
2024,4201950,municipal,119,61,739.5
2024,4202057,municipal,140,72,739.8
2024,4202073,estadual,26,16,741.2
2024,4202073,municipal,154,76,736.1
2024,4202081,municipal,45,26,746.1
2024,4202099,municipal,18,12,746.8
2024,4202107,estadual,17,13,762.9
2024,4202107,municipal,329,154,735.1
2024,4202131,municipal,65,53,768.8
2024,4202156,municipal,35,28,765.0
2024,4202206,estadual,82,57,751.6
2024,4202206,municipal,39,28,761.3
2024,4202305,estadual,353,182,740.6
2024,4202305,municipal,228,80,724.7
2024,4202404,estadual,739,465,748.8
2024,4202404,municipal,2049,1327,754.0
2024,4202438,municipal,47,13,721.9
2024,4202453,municipal,230,157,754.6
2024,4202503,estadual,21,9,730.6
2024,4202503,municipal,28,8,729.2
2024,4202537,municipal,40,22,742.5
2024,4202578,municipal,24,23,789.8
2024,4202602,estadual,40,18,724.4
2024,4202602,municipal,67,32,740.9
2024,4202701,estadual,41,26,754.8
2024,4202701,municipal,38,25,761.2
2024,4202800,estadual,131,73,744.2
2024,4202800,municipal,259,154,747.4
2024,4202859,municipal,41,26,756.8
2024,4202875,estadual,11,9,786.3
2024,4202875,municipal,16,11,755.2
2024,4202909,estadual,472,301,752.9
2024,4202909,municipal,833,560,755.5
2024,4203006,estadual,200,133,753.5
2024,4203006,municipal,554,363,751.2
2024,4203105,estadual,33,25,755.6
2024,4203105,municipal,31,8,722.5
2024,4203154,municipal,75,43,751.2
2024,4203303,municipal,145,87,747.7
2024,4203402,estadual,33,12,726.2
2024,4203402,municipal,30,16,741.8
2024,4203501,municipal,122,59,743.0
2024,4203600,estadual,158,98,753.5
2024,4203600,municipal,237,154,754.5
2024,4203709,estadual,10,4,723.9
2024,4203709,municipal,69,29,730.2
2024,4203808,estadual,247,210,773.0
2024,4203808,municipal,324,233,757.9
2024,4203907,municipal,283,197,754.8
2024,4203956,estadual,91,56,748.5
2024,4203956,municipal,132,78,750.9
2024,4204004,municipal,142,103,766.0
2024,4204103,municipal,46,28,756.6
2024,4204152,municipal,45,34,758.5
2024,4204178,municipal,26,13,736.6
2024,4204194,municipal,47,31,746.2
2024,4204202,estadual,791,503,748.8
2024,4204202,municipal,1916,1078,744.9
2024,4204251,estadual,28,17,742.7
2024,4204251,municipal,79,48,738.4
2024,4204301,estadual,203,116,747.7
2024,4204301,municipal,747,562,762.9
2024,4204350,municipal,94,61,747.3
2024,4204400,municipal,102,88,777.9
2024,4204459,municipal,31,28,772.7
2024,4204509,municipal,189,151,766.9
2024,4204558,estadual,44,26,747.0
2024,4204558,municipal,124,70,739.8
2024,4204608,estadual,171,103,753.4
2024,4204608,municipal,1851,1106,745.7
2024,4204707,estadual,58,41,760.5
2024,4204707,municipal,65,50,771.5
2024,4204756,estadual,8,8,787.9
2024,4204806,estadual,181,111,751.6
2024,4204806,municipal,231,124,741.4
2024,4204905,estadual,7,2,727.2
2024,4204905,municipal,61,43,758.9
2024,4205001,estadual,34,28,763.1
2024,4205001,municipal,138,91,756.5
2024,4205100,municipal,54,48,773.2
2024,4205159,municipal,38,30,769.1
2024,4205175,municipal,32,21,753.0
2024,4205191,municipal,49,34,759.5
2024,4205209,municipal,49,28,746.1
2024,4205308,municipal,129,86,753.9
2024,4205357,municipal,24,14,741.4
2024,4205407,estadual,1188,547,732.2
2024,4205407,municipal,1673,883,741.6
2024,4205431,municipal,30,23,767.9
2024,4205456,estadual,67,40,747.0
2024,4205456,municipal,338,216,754.2
2024,4205506,estadual,14,10,746.1
2024,4205506,municipal,438,340,765.8
2024,4205555,municipal,21,20,772.9
2024,4205605,municipal,47,33,756.1
2024,4205704,municipal,342,259,763.0
2024,4205803,municipal,230,153,757.2
2024,4205902,estadual,188,106,747.5
2024,4205902,municipal,436,301,757.0
2024,4206009,municipal,115,77,755.3
2024,4206108,estadual,8,6,765.4
2024,4206108,municipal,70,49,755.1
2024,4206207,estadual,88,55,750.7
2024,4206207,municipal,26,20,763.1
2024,4206306,municipal,285,211,760.5
2024,4206405,municipal,85,71,764.4
2024,4206504,municipal,488,313,752.7
2024,4206603,municipal,93,56,749.1
2024,4206652,estadual,16,11,755.1
2024,4206652,municipal,109,42,725.4
2024,4206702,estadual,19,17,773.7
2024,4206702,municipal,206,123,750.5
2024,4206751,municipal,27,26,777.2
2024,4206801,municipal,35,19,749.8
2024,4206900,municipal,203,146,757.3
2024,4207007,estadual,229,156,757.1
2024,4207007,municipal,434,303,757.8
2024,4207106,estadual,27,11,736.3
2024,4207106,municipal,161,76,740.4
2024,4207205,estadual,15,6,739.1
2024,4207205,municipal,96,43,727.9
2024,4207304,estadual,201,98,736.0
2024,4207304,municipal,284,175,750.5
2024,4207403,municipal,84,67,767.0
2024,4207502,estadual,217,138,750.3
2024,4207502,municipal,667,452,756.2
2024,4207577,municipal,33,32,802.2
2024,4207601,municipal,52,44,765.9
2024,4207650,estadual,45,39,771.4
2024,4207650,municipal,42,39,770.3
2024,4207684,municipal,59,46,763.9
2024,4207700,municipal,92,58,750.7
2024,4207759,municipal,33,23,761.6
2024,4207809,estadual,27,12,738.2
2024,4207809,municipal,96,69,757.0
2024,4207858,municipal,25,22,768.0
2024,4207908,municipal,129,102,767.3
2024,4208005,estadual,13,4,732.9
2024,4208005,municipal,83,64,765.3
2024,4208104,estadual,127,69,742.8
2024,4208104,municipal,120,69,744.7
2024,4208203,estadual,54,42,758.4
2024,4208203,municipal,2111,1145,744.8
2024,4208302,municipal,657,451,756.1
2024,4208401,estadual,45,44,794.7
2024,4208401,municipal,186,145,766.3
2024,4208450,municipal,233,124,744.1
2024,4208500,estadual,184,125,755.9
2024,4208500,municipal,114,88,766.8
2024,4208609,municipal,40,31,764.5
2024,4208708,estadual,11,4,719.5
2024,4208708,municipal,102,72,756.5
2024,4208807,estadual,95,58,748.3
2024,4208807,municipal,207,116,744.6
2024,4208906,estadual,394,255,753.8
2024,4208906,municipal,1276,958,763.9
2024,4208955,municipal,17,13,777.7
2024,4209003,estadual,19,17,762.9
2024,4209003,municipal,166,117,754.1
2024,4209102,estadual,619,416,753.8
2024,4209102,municipal,4689,3226,756.2
2024,4209151,estadual,14,3,721.9
2024,4209151,municipal,59,31,744.3
2024,4209177,municipal,19,11,753.6
2024,4209201,municipal,36,27,765.3
2024,4209300,estadual,692,334,735.5
2024,4209300,municipal,786,439,742.2
2024,4209409,estadual,214,124,746.8
2024,4209409,municipal,74,25,727.7
2024,4209458,municipal,30,20,756.2
2024,4209508,municipal,84,51,744.1
2024,4209607,estadual,64,41,756.1
2024,4209607,municipal,98,71,754.6
2024,4209706,estadual,15,13,780.8
2024,4209706,municipal,123,69,744.9
2024,4209805,municipal,24,15,759.4
2024,4209854,municipal,46,39,763.5
2024,4209904,municipal,179,105,747.4
2024,4210001,estadual,60,21,723.0
2024,4210001,municipal,126,96,771.0
2024,4210035,municipal,59,47,768.7
2024,4210050,municipal,16,9,761.1
2024,4210100,estadual,223,156,753.5
2024,4210100,municipal,305,236,765.4
2024,4210209,municipal,22,17,769.6
2024,4210308,municipal,89,66,758.4
2024,4210407,municipal,99,61,749.4
2024,4210506,estadual,149,113,762.6
2024,4210506,municipal,201,153,763.8
2024,4210555,municipal,20,15,766.4
2024,4210605,estadual,35,26,768.1
2024,4210605,municipal,183,141,765.5
2024,4210704,municipal,39,15,732.1
2024,4210803,municipal,83,40,744.1
2024,4210852,municipal,27,20,767.0
2024,4210902,municipal,41,39,789.4
2024,4211009,estadual,10,7,759.2
2024,4211009,municipal,94,53,750.5
2024,4211058,municipal,118,62,737.7
2024,4211108,estadual,48,33,755.9
2024,4211108,municipal,60,26,737.4
2024,4211207,municipal,264,180,753.7
2024,4211256,estadual,27,19,759.5
2024,4211256,municipal,11,9,769.9
2024,4211306,estadual,26,12,732.7
2024,4211306,municipal,795,424,741.9
2024,4211405,municipal,70,51,758.7
2024,4211454,municipal,45,32,760.5
2024,4211504,estadual,38,25,757.8
2024,4211504,municipal,70,36,744.7
2024,4211603,estadual,49,30,757.2
2024,4211603,municipal,103,82,770.0
2024,4211652,municipal,23,20,770.9
2024,4211702,estadual,110,66,744.0
2024,4211702,municipal,127,87,753.6
2024,4211751,estadual,73,41,747.6
2024,4211751,municipal,179,127,759.3
2024,4211801,municipal,59,48,773.4
2024,4211850,municipal,15,10,761.7
2024,4211876,municipal,22,12,758.0
2024,4211892,estadual,25,12,730.9
2024,4211900,estadual,766,372,736.0
2024,4211900,municipal,1030,479,733.1
2024,4212007,municipal,89,71,770.2
2024,4212056,municipal,28,16,750.7
2024,4212106,estadual,56,36,756.1
2024,4212106,municipal,107,69,754.6
2024,4212205,estadual,21,20,776.6
2024,4212205,municipal,156,100,752.0
2024,4212239,municipal,31,26,767.4
2024,4212254,municipal,159,95,750.1
2024,4212270,estadual,41,29,759.6
2024,4212270,municipal,10,6,746.3
2024,4212304,municipal,118,47,729.8
2024,4212403,municipal,30,21,765.0
2024,4212502,municipal,320,155,736.5
2024,4212601,municipal,24,21,774.4
2024,4212650,municipal,120,55,740.1
2024,4212700,municipal,76,51,757.5
2024,4212809,municipal,374,201,742.3
2024,4212908,estadual,107,75,752.1
2024,4212908,municipal,138,108,766.9
2024,4213005,municipal,52,41,757.3
2024,4213104,municipal,67,56,775.5
2024,4213153,municipal,32,29,782.1
2024,4213203,municipal,356,252,757.5
2024,4213302,estadual,18,8,719.2
2024,4213302,municipal,33,20,742.4
2024,4213351,municipal,47,33,751.9
2024,4213401,estadual,91,40,733.6
2024,4213401,municipal,73,49,750.1
2024,4213500,municipal,255,160,750.6
2024,4213609,estadual,141,103,760.5
2024,4213609,municipal,108,64,746.9
2024,4213708,estadual,176,114,752.6
2024,4213708,municipal,69,41,741.6
2024,4213807,estadual,29,23,764.2
2024,4213807,municipal,81,56,759.2
2024,4213906,municipal,21,13,753.3
2024,4214003,estadual,110,68,754.6
2024,4214003,municipal,113,63,747.9
2024,4214102,municipal,36,21,751.6
2024,4214151,municipal,36,23,753.9
2024,4214201,municipal,118,83,759.4
2024,4214300,estadual,11,9,761.7
2024,4214300,municipal,27,22,760.4
2024,4214409,municipal,64,29,735.5
2024,4214508,estadual,18,17,777.1
2024,4214508,municipal,39,29,762.2
2024,4214607,estadual,5,1,730.9
2024,4214607,municipal,58,41,754.9
2024,4214706,municipal,105,72,759.7
2024,4214805,estadual,177,88,741.5
2024,4214805,municipal,295,150,745.0
2024,4214904,municipal,63,43,759.4
2024,4215000,estadual,35,26,755.3
2024,4215000,municipal,451,302,752.6
2024,4215059,municipal,23,18,757.9
2024,4215075,municipal,39,28,757.4
2024,4215109,estadual,13,8,755.3
2024,4215109,municipal,107,73,757.2
2024,4215208,municipal,41,32,765.2
2024,4215307,estadual,26,17,759.2
2024,4215307,municipal,84,57,758.2
2024,4215356,municipal,24,18,764.9
2024,4215406,municipal,51,37,765.4
2024,4215455,estadual,97,37,725.8
2024,4215455,municipal,60,41,761.4
2024,4215505,municipal,230,132,741.9
2024,4215554,municipal,24,16,766.6
2024,4215604,municipal,37,32,780.8
2024,4215653,estadual,19,13,762.0
2024,4215653,municipal,97,72,761.3
2024,4215679,estadual,36,29,764.7
2024,4215679,municipal,63,44,764.8
2024,4215687,municipal,24,23,779.6
2024,4215695,municipal,22,18,768.4
2024,4215703,estadual,49,35,759.6
2024,4215703,municipal,213,129,751.6
2024,4215752,municipal,40,28,763.6
2024,4215802,estadual,171,151,777.8
2024,4215802,municipal,622,477,765.7
2024,4215901,estadual,19,14,755.9
2024,4216008,estadual,92,63,754.4
2024,4216008,municipal,36,29,767.5
2024,4216057,municipal,50,25,737.7
2024,4216107,estadual,11,10,769.8
2024,4216107,municipal,66,51,764.0
2024,4216206,estadual,119,70,746.2
2024,4216206,municipal,320,158,735.4
2024,4216255,municipal,65,60,785.8
2024,4216305,estadual,27,13,736.9
2024,4216305,municipal,250,177,757.4
2024,4216354,municipal,64,41,752.0
2024,4216404,municipal,115,88,759.1
2024,4216503,estadual,70,32,734.0
2024,4216503,municipal,215,93,731.0
2024,4216602,estadual,581,320,743.6
2024,4216602,municipal,1302,743,745.2
2024,4216701,municipal,159,131,773.5
2024,4216800,estadual,37,19,742.6
2024,4216800,municipal,37,24,744.9
2024,4216909,municipal,302,215,762.1
2024,4217006,municipal,189,130,756.2
2024,4217105,estadual,23,10,740.6
2024,4217105,municipal,20,14,762.1
2024,4217154,municipal,19,16,777.6
2024,4217204,estadual,75,29,731.9
2024,4217204,municipal,363,275,766.5
2024,4217253,estadual,22,14,747.9
2024,4217253,municipal,40,24,754.4
2024,4217303,estadual,16,15,787.0
2024,4217303,municipal,124,100,766.0
2024,4217402,estadual,44,28,751.4
2024,4217402,municipal,219,166,764.9
2024,4217501,estadual,106,54,741.2
2024,4217501,municipal,133,94,762.8
2024,4217550,municipal,40,39,790.2
2024,4217600,estadual,14,11,766.3
2024,4217600,municipal,109,58,748.4
2024,4217709,estadual,103,59,742.5
2024,4217709,municipal,229,114,741.0
2024,4217758,municipal,26,19,762.2
2024,4217808,estadual,57,44,763.1
2024,4217808,municipal,119,84,757.1
2024,4217907,estadual,36,27,760.3
2024,4217907,municipal,50,39,763.8
2024,4217956,municipal,37,34,775.7
2024,4218004,estadual,41,18,726.4
2024,4218004,municipal,59,9,706.9
2024,4218103,municipal,65,52,760.0
2024,4218202,estadual,168,118,756.9
2024,4218202,municipal,263,205,767.0
2024,4218251,municipal,81,31,733.6
2024,4218301,estadual,36,21,742.7
2024,4218301,municipal,198,95,734.7
2024,4218350,municipal,34,19,751.8
2024,4218400,municipal,90,56,749.4
2024,4218509,municipal,138,99,759.0
2024,4218608,municipal,87,55,750.9
2024,4218707,estadual,486,268,741.4
2024,4218707,municipal,378,258,755.1
2024,4218756,estadual,12,11,773.9
2024,4218756,municipal,38,28,766.4
2024,4218806,estadual,47,37,770.1
2024,4218806,municipal,82,57,754.9
2024,4218855,municipal,29,19,760.3
2024,4218905,municipal,113,87,761.1
2024,4218954,estadual,17,5,726.3
2024,4218954,municipal,26,9,732.2
2024,4219002,estadual,108,75,755.7
2024,4219002,municipal,108,78,760.5
2024,4219101,municipal,40,21,745.5
2024,4219150,municipal,24,17,754.7
2024,4219176,estadual,16,14,765.4
2024,4219176,municipal,60,41,756.8
2024,4219200,municipal,68,57,771.3
2024,4219309,estadual,170,107,751.1
2024,4219309,municipal,414,265,750.0
2024,4219358,municipal,52,40,759.4
2024,4219408,municipal,44,34,760.5
2024,4219507,estadual,157,104,749.5
2024,4219507,municipal,297,214,760.0
2024,4219606,municipal,30,24,775.6
2024,4219705,estadual,15,10,735.9
2024,4219705,municipal,409,243,749.6
2024,4219853,municipal,75,43,745.0
2024,4220000,estadual,45,18,728.5
2024,4220000,municipal,164,90,739.3
2024,4300034,municipal,46,24,742.3
2024,4300059,municipal,29,16,744.2
2024,4300109,estadual,16,9,755.9
2024,4300109,municipal,146,83,750.2
2024,4300208,estadual,13,7,757.5
2024,4300208,municipal,33,27,771.2
2024,4300307,estadual,52,23,733.2
2024,4300307,municipal,12,4,739.7
2024,4300406,estadual,346,161,735.2
2024,4300406,municipal,155,63,734.1
2024,4300455,estadual,15,11,778.1
2024,4300455,municipal,17,10,754.7
2024,4300471,estadual,11,4,732.0
2024,4300505,municipal,61,41,758.0
2024,4300554,estadual,11,7,764.2
2024,4300570,municipal,31,18,747.2
2024,4300604,estadual,546,188,723.3
2024,4300604,municipal,1424,527,726.2
2024,4300638,estadual,18,10,753.9
2024,4300638,municipal,23,13,745.2
2024,4300646,estadual,19,15,784.5
2024,4300646,municipal,48,34,763.9
2024,4300661,municipal,15,5,726.9
2024,4300703,estadual,31,22,752.3
2024,4300802,estadual,28,21,771.5
2024,4300802,municipal,59,28,732.7
2024,4300851,municipal,20,11,733.5
2024,4300877,municipal,99,43,735.8
2024,4300901,estadual,19,8,723.6
2024,4300901,municipal,41,16,738.9
2024,4301008,municipal,165,105,757.0
2024,4301057,municipal,136,64,738.7
2024,4301073,municipal,22,4,713.5
2024,4301107,estadual,39,14,725.5
2024,4301107,municipal,91,39,728.6
2024,4301206,estadual,15,10,772.9
2024,4301206,municipal,55,36,754.3
2024,4301305,estadual,61,30,744.5
2024,4301305,municipal,55,21,733.1
2024,4301404,estadual,58,47,767.6
2024,4301404,municipal,22,14,747.6
2024,4301503,estadual,10,1,702.3
2024,4301503,municipal,19,12,752.3
2024,4301552,estadual,11,9,757.9
2024,4301552,municipal,16,6,742.0
2024,4301602,estadual,294,108,723.9
2024,4301602,municipal,604,282,736.0
2024,4301636,municipal,163,71,732.6
2024,4301651,municipal,31,17,741.5
2024,4301701,estadual,15,11,765.0
2024,4301701,municipal,60,46,770.4
2024,4301750,municipal,25,1,698.2
2024,4301800,municipal,43,24,745.5
2024,4301859,estadual,12,7,736.6
2024,4301875,estadual,17,5,722.5
2024,4301875,municipal,47,12,721.6
2024,4301909,estadual,20,2,700.2
2024,4301909,municipal,52,23,734.7
2024,4301958,estadual,10,5,733.4
2024,4301958,municipal,13,7,728.5
2024,4302006,estadual,47,35,776.2
2024,4302006,municipal,39,18,744.2
2024,4302105,estadual,301,133,735.2
2024,4302105,municipal,732,373,742.3
2024,4302204,estadual,15,6,734.6
2024,4302204,municipal,57,42,769.3
2024,4302220,municipal,18,12,763.9
2024,4302238,municipal,23,6,721.8
2024,4302253,municipal,24,18,766.2
2024,4302303,estadual,73,31,738.9
2024,4302303,municipal,55,22,729.6
2024,4302352,estadual,39,14,713.8
2024,4302352,municipal,132,73,748.8
2024,4302378,municipal,14,10,749.9
2024,4302402,estadual,16,11,764.6
2024,4302402,municipal,115,74,755.2
2024,4302451,estadual,20,14,752.6
2024,4302501,estadual,18,11,755.9
2024,4302501,municipal,26,10,720.8
2024,4302584,municipal,22,6,727.1
2024,4302600,estadual,23,12,742.4
2024,4302600,municipal,10,2,703.5
2024,4302659,estadual,13,7,745.0
2024,4302659,municipal,47,27,757.3
2024,4302709,estadual,67,31,734.5
2024,4302709,municipal,119,53,731.6
2024,4302808,estadual,92,52,746.4
2024,4302808,municipal,183,81,733.9
2024,4302907,estadual,34,17,740.6
2024,4302907,municipal,37,18,734.5
2024,4303004,estadual,305,124,726.8
2024,4303004,municipal,201,81,735.6
2024,4303103,estadual,264,105,727.5
2024,4303103,municipal,898,367,731.7
2024,4303202,municipal,19,11,741.2
2024,4303301,municipal,24,15,761.6
2024,4303400,estadual,20,10,745.3
2024,4303509,estadual,234,150,751.5
2024,4303509,municipal,326,184,749.8
2024,4303558,municipal,36,20,744.2
2024,4303608,estadual,28,14,734.4
2024,4303608,municipal,11,7,751.6
2024,4303673,municipal,21,17,771.3
2024,4303707,municipal,44,22,742.9
2024,4303806,estadual,23,14,759.6
2024,4303806,municipal,25,17,753.5
2024,4303905,estadual,22,13,746.2
2024,4303905,municipal,585,266,734.8
2024,4304002,estadual,20,9,732.8
2024,4304002,municipal,36,17,741.1
2024,4304101,estadual,12,3,716.3
2024,4304101,municipal,31,11,731.1
2024,4304200,estadual,45,24,742.1
2024,4304200,municipal,183,97,742.1
2024,4304309,estadual,18,13,752.4
2024,4304309,municipal,35,17,746.4
2024,4304358,estadual,69,25,724.2
2024,4304358,municipal,27,11,728.9
2024,4304408,estadual,177,99,749.1
2024,4304408,municipal,288,122,731.2
2024,4304507,estadual,77,55,762.1
2024,4304507,municipal,261,135,743.4
2024,4304606,estadual,518,254,737.2
2024,4304606,municipal,2035,848,729.7
2024,4304622,municipal,15,9,755.8
2024,4304630,estadual,129,61,732.7
2024,4304630,municipal,489,168,724.7
2024,4304655,municipal,21,15,765.5
2024,4304663,estadual,37,15,730.3
2024,4304663,municipal,204,57,713.3
2024,4304671,municipal,36,16,734.2
2024,4304689,municipal,85,46,747.8
2024,4304697,municipal,33,19,744.4
2024,4304705,estadual,281,143,743.4
2024,4304705,municipal,266,112,730.8
2024,4304713,municipal,48,30,752.8
2024,4304804,estadual,81,47,746.6
2024,4304804,municipal,178,115,759.0
2024,4304853,municipal,12,6,722.1
2024,4304903,estadual,30,24,766.1
2024,4304903,municipal,54,41,762.5
2024,4304952,municipal,20,8,736.4
2024,4305009,estadual,20,12,748.9
2024,4305009,municipal,43,33,761.7
2024,4305108,estadual,771,348,735.2
2024,4305108,municipal,2893,1251,732.1
2024,4305116,estadual,13,9,756.2
2024,4305116,municipal,12,9,759.2
2024,4305124,municipal,41,16,719.9
2024,4305132,municipal,12,8,752.8
2024,4305157,estadual,14,9,751.5
2024,4305157,municipal,6,6,766.4
2024,4305173,estadual,29,13,731.5
2024,4305173,municipal,53,22,728.8
2024,4305207,estadual,22,6,713.0
2024,4305207,municipal,91,49,740.4
2024,4305306,municipal,59,28,735.0
2024,4305355,estadual,76,39,743.5
2024,4305355,municipal,246,126,738.5
2024,4305371,municipal,7,0,704.6
2024,4305405,estadual,19,14,770.4
2024,4305405,municipal,13,11,789.3
2024,4305439,estadual,14,11,769.0
2024,4305439,municipal,19,4,716.3
2024,4305447,municipal,41,28,754.0
2024,4305454,estadual,38,19,734.6
2024,4305454,municipal,107,30,716.7
2024,4305504,estadual,17,14,763.7
2024,4305504,municipal,14,12,772.1
2024,4305587,municipal,25,10,740.2
2024,4305603,estadual,17,14,765.7
2024,4305603,municipal,10,9,755.9
2024,4305702,estadual,7,6,782.2
2024,4305702,municipal,54,31,752.1
2024,4305801,estadual,23,14,738.3
2024,4305801,municipal,82,37,738.3
2024,4305850,municipal,12,5,742.2
2024,4305871,municipal,31,21,757.3
2024,4305900,estadual,39,20,755.2
2024,4305900,municipal,38,14,720.7
2024,4305959,municipal,34,15,740.9
2024,4305975,municipal,40,21,745.7
2024,4306007,municipal,116,67,754.6
2024,4306056,estadual,33,17,738.0
2024,4306056,municipal,32,25,764.4
2024,4306072,estadual,14,13,775.5
2024,4306106,estadual,271,159,744.5
2024,4306106,municipal,264,134,736.5
2024,4306130,municipal,14,9,746.7
2024,4306205,municipal,59,21,729.2
2024,4306304,estadual,30,20,756.6
2024,4306304,municipal,11,5,747.8
2024,4306320,municipal,20,16,764.3
2024,4306379,municipal,27,14,738.7
2024,4306403,estadual,70,43,751.5
2024,4306403,municipal,271,154,746.0
2024,4306452,municipal,36,19,749.5
2024,4306502,estadual,23,18,767.2
2024,4306502,municipal,82,29,719.5
2024,4306551,municipal,14,8,746.1
2024,4306601,estadual,180,93,738.3
2024,4306601,municipal,132,58,734.4
2024,4306700,municipal,15,4,718.8
2024,4306734,municipal,41,26,754.0
2024,4306759,municipal,15,12,761.4
2024,4306767,estadual,11,5,745.4
2024,4306767,municipal,311,87,715.6
2024,4306809,estadual,66,41,756.5
2024,4306809,municipal,122,65,747.3
2024,4306908,estadual,140,85,752.6
2024,4306908,municipal,101,40,734.1
2024,4306924,municipal,17,7,734.9
2024,4306932,estadual,42,19,739.3
2024,4306932,municipal,25,13,748.2
2024,4306957,estadual,13,12,794.7
2024,4306957,municipal,20,12,750.9
2024,4306973,estadual,16,8,745.5
2024,4306973,municipal,13,5,711.6
2024,4307005,estadual,587,277,737.3
2024,4307005,municipal,342,157,734.0
2024,4307054,municipal,17,11,762.3
2024,4307104,estadual,22,11,756.4
2024,4307104,municipal,22,14,749.2
2024,4307203,estadual,14,10,765.8
2024,4307203,municipal,39,15,728.5
2024,4307302,municipal,32,16,736.7
2024,4307401,municipal,37,18,732.4
2024,4307450,municipal,35,28,776.6
2024,4307500,estadual,111,60,740.7
2024,4307500,municipal,26,10,733.5
2024,4307559,municipal,68,31,742.2
2024,4307609,estadual,25,6,718.1
2024,4307609,municipal,520,231,732.9
2024,4307708,estadual,22,8,714.2
2024,4307708,municipal,613,288,739.3
2024,4307807,estadual,49,27,738.3
2024,4307807,municipal,211,104,740.2
2024,4307815,municipal,25,15,758.3
2024,4307831,municipal,14,7,739.4
2024,4307864,municipal,26,18,768.4
2024,4307906,estadual,149,79,745.6
2024,4307906,municipal,554,314,747.5
2024,4308003,estadual,23,21,780.9
2024,4308003,municipal,12,8,760.1
2024,4308052,municipal,14,7,739.7
2024,4308078,municipal,54,35,745.7
2024,4308102,estadual,60,24,735.0
2024,4308102,municipal,71,36,741.5
2024,4308201,estadual,66,39,749.1
2024,4308201,municipal,213,127,748.4
2024,4308250,municipal,7,5,756.0
2024,4308300,estadual,24,18,765.6
2024,4308300,municipal,35,21,746.7
2024,4308409,estadual,29,19,751.9
2024,4308409,municipal,15,6,735.2
2024,4308433,municipal,20,11,749.3
2024,4308458,estadual,11,7,762.6
2024,4308458,municipal,11,8,755.9
2024,4308508,estadual,225,152,760.7
2024,4308508,municipal,69,37,741.1
2024,4308607,estadual,66,47,759.6
2024,4308607,municipal,237,129,743.9
2024,4308706,municipal,47,35,760.0
2024,4308805,estadual,39,9,720.2
2024,4308854,municipal,14,12,766.2
2024,4308904,estadual,82,54,756.2
2024,4308904,municipal,80,42,742.9
2024,4309001,estadual,54,33,749.1
2024,4309001,municipal,83,39,740.1
2024,4309050,municipal,68,23,728.6
2024,4309100,estadual,42,33,763.2
2024,4309100,municipal,400,223,747.4
2024,4309126,municipal,8,3,752.2
2024,4309159,estadual,8,3,715.2
2024,4309209,estadual,335,126,727.8
2024,4309209,municipal,2021,829,731.3
2024,4309258,municipal,15,10,759.2
2024,4309308,estadual,208,77,722.8
2024,4309308,municipal,738,233,722.9
2024,4309407,estadual,58,29,743.0
2024,4309407,municipal,182,90,744.4
2024,4309506,estadual,13,13,814.4
2024,4309506,municipal,46,31,761.7
2024,4309555,estadual,25,15,740.7
2024,4309555,municipal,49,35,764.5
2024,4309571,estadual,17,6,732.4
2024,4309605,municipal,187,107,752.8
2024,4309654,estadual,16,3,708.2
2024,4309654,municipal,47,20,739.9
2024,4309704,municipal,49,30,746.7
2024,4309753,estadual,12,8,753.6
2024,4309753,municipal,29,12,735.1
2024,4309803,estadual,9,5,747.4
2024,4309803,municipal,26,16,752.9
2024,4309902,municipal,53,26,746.0
2024,4309951,estadual,12,5,734.0
2024,4309951,municipal,17,12,758.1
2024,4310009,estadual,116,78,758.8
2024,4310009,municipal,77,43,743.7
2024,4310108,estadual,41,14,723.6
2024,4310108,municipal,334,166,739.4
2024,4310207,estadual,291,137,735.2
2024,4310207,municipal,476,294,753.0
2024,4310306,municipal,29,14,745.0
2024,4310330,estadual,19,8,729.3
2024,4310330,municipal,269,101,726.5
2024,4310363,municipal,12,6,756.4
2024,4310405,municipal,47,27,749.9
2024,4310413,municipal,17,6,721.5
2024,4310439,estadual,12,7,752.6
2024,4310439,municipal,39,24,754.7
2024,4310462,municipal,18,8,745.9
2024,4310504,municipal,49,29,755.0
2024,4310538,municipal,53,20,727.3
2024,4310553,municipal,10,4,731.9
2024,4310579,municipal,17,13,773.8
2024,4310603,estadual,157,83,741.1
2024,4310603,municipal,170,75,732.3
2024,4310652,estadual,12,7,741.7
2024,4310652,municipal,20,14,775.8
2024,4310702,estadual,10,4,736.3
2024,4310702,municipal,19,7,729.6
2024,4310751,municipal,15,9,753.5
2024,4310801,municipal,226,128,744.1
2024,4310850,estadual,11,8,745.4
2024,4310850,municipal,24,6,713.8
2024,4310900,municipal,21,13,762.8
2024,4311007,estadual,93,60,752.5
2024,4311007,municipal,112,38,725.5
2024,4311106,estadual,15,12,763.1
2024,4311106,municipal,43,23,745.8
2024,4311122,estadual,14,9,757.8
2024,4311122,municipal,28,7,719.9
2024,4311130,municipal,21,8,741.0
2024,4311155,estadual,40,22,749.7
2024,4311205,estadual,35,14,736.0
2024,4311205,municipal,97,41,733.5
2024,4311239,municipal,11,6,748.5
2024,4311254,estadual,21,17,784.4
2024,4311254,municipal,14,6,738.2
2024,4311270,municipal,25,9,726.4
2024,4311304,estadual,167,86,743.0
2024,4311304,municipal,99,54,744.7
2024,4311403,estadual,154,79,739.1
2024,4311403,municipal,579,275,738.6
2024,4311429,estadual,14,10,773.2
2024,4311429,municipal,10,6,755.6
2024,4311502,municipal,40,18,738.2
2024,4311601,estadual,15,7,748.8
2024,4311601,municipal,19,14,767.3
2024,4311627,estadual,19,9,726.2
2024,4311627,municipal,61,22,735.9
2024,4311643,municipal,17,7,740.2
2024,4311700,estadual,14,9,762.2
2024,4311700,municipal,40,26,750.5
2024,4311718,estadual,8,7,780.8
2024,4311718,municipal,42,18,735.9
2024,4311734,municipal,36,20,749.9
2024,4311759,estadual,36,17,749.6
2024,4311759,municipal,12,6,734.2
2024,4311775,estadual,50,18,721.9
2024,4311791,municipal,25,15,756.9
2024,4311809,estadual,123,66,743.4
2024,4311809,municipal,309,135,737.1
2024,4311908,municipal,31,24,768.8
2024,4311981,municipal,20,4,711.7
2024,4312005,municipal,12,7,754.0
2024,4312054,municipal,25,12,742.8
2024,4312104,estadual,11,6,736.9
2024,4312104,municipal,11,5,739.2
2024,4312138,municipal,28,11,732.7
2024,4312153,estadual,12,9,759.0
2024,4312153,municipal,41,24,746.6
2024,4312179,municipal,12,7,759.4
2024,4312203,estadual,22,11,744.5
2024,4312203,municipal,15,5,732.1
2024,4312252,estadual,30,10,732.7
2024,4312252,municipal,55,38,759.8
2024,4312302,estadual,21,8,734.9
2024,4312302,municipal,33,17,742.6
2024,4312351,municipal,12,9,760.8
2024,4312377,municipal,33,12,727.2
2024,4312385,municipal,13,10,767.1
2024,4312401,estadual,298,140,734.5
2024,4312401,municipal,353,140,727.5
2024,4312427,estadual,17,9,747.6
2024,4312443,estadual,14,7,739.7
2024,4312443,municipal,16,12,754.5
2024,4312450,estadual,18,10,746.2
2024,4312450,municipal,43,20,745.7
2024,4312476,estadual,20,12,751.7
2024,4312476,municipal,13,10,770.0
2024,4312500,estadual,41,16,729.5
2024,4312500,municipal,89,36,728.3
2024,4312609,estadual,10,3,730.0
2024,4312609,municipal,28,15,746.8
2024,4312617,estadual,19,15,761.6
2024,4312617,municipal,17,5,718.7
2024,4312625,estadual,13,9,750.7
2024,4312658,estadual,37,24,753.8
2024,4312658,municipal,120,70,750.9
2024,4312708,estadual,65,24,726.3
2024,4312708,municipal,71,37,746.4
2024,4312757,estadual,13,7,765.1
2024,4312757,municipal,21,15,754.7
2024,4312807,municipal,61,37,757.7
2024,4312906,estadual,21,18,775.6
2024,4312906,municipal,54,28,738.5
2024,4312955,municipal,24,16,756.9
2024,4313003,municipal,18,17,781.0
2024,4313011,municipal,35,21,754.5
2024,4313037,estadual,12,5,731.6
2024,4313037,municipal,38,31,773.8
2024,4313060,estadual,16,7,735.4
2024,4313060,municipal,228,103,735.2
2024,4313086,municipal,18,11,748.6
2024,4313102,estadual,21,17,771.0
2024,4313102,municipal,14,5,729.2
2024,4313201,estadual,112,69,750.7
2024,4313201,municipal,132,69,747.5
2024,4313300,estadual,84,48,747.1
2024,4313300,municipal,162,99,752.0
2024,4313334,municipal,25,7,715.0
2024,4313359,municipal,30,25,771.8
2024,4313375,municipal,357,232,755.0
2024,4313391,municipal,39,30,760.1
2024,4313409,estadual,83,48,740.6
2024,4313409,municipal,1962,707,725.1
2024,4313425,estadual,10,6,750.9
2024,4313441,municipal,19,9,733.2
2024,4313490,estadual,11,4,749.9
2024,4313490,municipal,24,9,730.8
2024,4313508,estadual,136,51,727.1
2024,4313508,municipal,329,147,732.2
2024,4313607,municipal,30,16,742.0
2024,4313656,estadual,59,36,747.9
2024,4313656,municipal,92,42,739.8
2024,4313706,estadual,212,112,742.4
2024,4313706,municipal,69,34,745.7
2024,4313805,estadual,36,28,770.4
2024,4313805,municipal,53,36,759.0
2024,4313904,estadual,190,117,749.9
2024,4313904,municipal,323,166,746.6
2024,4313953,estadual,11,7,754.4
2024,4313953,municipal,92,24,721.3
2024,4314001,estadual,46,32,760.3
2024,4314001,municipal,52,31,749.2
2024,4314027,estadual,14,8,749.7
2024,4314027,municipal,19,10,755.2
2024,4314035,municipal,48,26,741.2
2024,4314050,estadual,14,7,751.1
2024,4314050,municipal,614,233,726.1
2024,4314068,municipal,16,12,759.1
2024,4314076,estadual,28,18,764.7
2024,4314076,municipal,24,12,744.6
2024,4314100,estadual,630,207,723.0
2024,4314100,municipal,1170,452,728.3
2024,4314134,municipal,20,10,738.5
2024,4314159,estadual,13,9,765.7
2024,4314159,municipal,47,19,729.7
2024,4314175,municipal,20,11,743.7
2024,4314209,estadual,17,10,738.0
2024,4314209,municipal,34,8,717.2
2024,4314308,estadual,11,4,725.0
2024,4314308,municipal,32,20,757.5
2024,4314407,estadual,733,287,727.7
2024,4314407,municipal,1230,486,729.1
2024,4314423,municipal,52,30,745.2
2024,4314456,municipal,24,8,735.2
2024,4314464,municipal,17,6,741.4
2024,4314472,estadual,20,8,730.3
2024,4314472,municipal,21,10,737.8
2024,4314498,estadual,27,20,761.3
2024,4314498,municipal,13,10,769.0
2024,4314506,estadual,23,8,729.8
2024,4314506,municipal,58,29,740.1
2024,4314555,estadual,11,8,762.8
2024,4314605,estadual,106,61,748.7
2024,4314605,municipal,30,13,739.2
2024,4314704,estadual,33,20,749.9
2024,4314704,municipal,65,35,743.1
2024,4314753,municipal,24,16,750.7
2024,4314779,municipal,22,10,732.0
2024,4314787,municipal,19,11,756.3
2024,4314803,estadual,9,4,738.1
2024,4314803,municipal,308,122,730.3
2024,4314902,estadual,4904,1545,719.6
2024,4314902,municipal,2485,508,705.3
2024,4315008,estadual,23,18,768.7
2024,4315008,municipal,9,9,789.5
2024,4315057,municipal,22,21,788.3
2024,4315073,municipal,17,15,771.2
2024,4315107,estadual,38,23,757.9
2024,4315107,municipal,31,17,745.7
2024,4315131,municipal,17,16,789.2
2024,4315149,municipal,45,26,749.5
2024,4315156,municipal,20,13,746.7
2024,4315172,municipal,16,12,767.0
2024,4315206,municipal,29,24,773.3
2024,4315305,estadual,179,91,739.5
2024,4315305,municipal,64,23,722.6
2024,4315313,municipal,15,6,730.7
2024,4315321,estadual,8,2,723.2
2024,4315354,estadual,13,13,786.6
2024,4315354,municipal,27,23,772.1
2024,4315404,estadual,11,9,783.2
2024,4315404,municipal,48,29,752.8
2024,4315503,estadual,48,28,745.6
2024,4315503,municipal,69,23,720.2
2024,4315552,estadual,10,7,758.2
2024,4315552,municipal,14,12,778.4
2024,4315602,estadual,340,152,736.2
2024,4315602,municipal,1178,509,732.9
2024,4315701,estadual,239,144,750.2
2024,4315701,municipal,78,49,754.1
2024,4315750,estadual,10,10,778.9
2024,4315750,municipal,19,8,735.1
2024,4315800,municipal,83,37,740.3
2024,4315909,estadual,36,21,753.0
2024,4315909,municipal,33,16,740.7
2024,4316006,estadual,38,25,764.0
2024,4316006,municipal,152,101,757.2
2024,4316105,estadual,19,10,750.6
2024,4316105,municipal,58,31,749.9
2024,4316204,municipal,32,24,767.1
2024,4316303,estadual,10,6,751.8
2024,4316303,municipal,24,18,768.1
2024,4316402,estadual,177,68,724.7
2024,4316402,municipal,103,35,727.2
2024,4316428,municipal,16,7,748.8
2024,4316436,municipal,23,16,753.9
2024,4316451,estadual,43,28,757.7
2024,4316451,municipal,32,16,743.2
2024,4316477,estadual,18,14,762.3
2024,4316477,municipal,18,8,745.8
2024,4316501,municipal,61,43,759.6
2024,4316600,estadual,61,43,763.4
2024,4316600,municipal,99,43,736.1
2024,4316709,estadual,12,9,744.0
2024,4316709,municipal,72,27,726.8
2024,4316733,municipal,22,9,733.3
2024,4316758,estadual,18,4,714.6
2024,4316758,municipal,61,33,744.4
2024,4316808,estadual,479,259,744.7
2024,4316808,municipal,553,243,733.9
2024,4316907,estadual,569,237,730.5
2024,4316907,municipal,1117,445,729.0
2024,4316956,municipal,37,22,751.9
2024,4316972,municipal,35,9,722.3
2024,4317004,estadual,18,12,753.3
2024,4317004,municipal,24,3,715.4
2024,4317103,estadual,496,244,739.3
2024,4317103,municipal,184,83,737.2
2024,4317202,estadual,346,149,731.0
2024,4317202,municipal,363,214,750.6
2024,4317301,estadual,86,41,737.8
2024,4317301,municipal,167,76,736.4
2024,4317400,estadual,139,81,748.6
2024,4317400,municipal,253,155,753.3
2024,4317509,estadual,311,138,736.9
2024,4317509,municipal,301,125,729.6
2024,4317558,municipal,26,9,731.8
2024,4317608,estadual,122,67,744.5
2024,4317608,municipal,175,108,752.4
2024,4317707,estadual,22,13,746.2
2024,4317707,municipal,75,40,743.8
2024,4317756,municipal,22,17,764.6
2024,4317806,estadual,66,39,749.9
2024,4317806,municipal,81,57,756.0
2024,4317905,estadual,33,19,752.5
2024,4317905,municipal,106,64,747.5
2024,4317954,estadual,14,12,776.0
2024,4317954,municipal,9,6,755.0
2024,4318002,estadual,192,99,740.4
2024,4318002,municipal,300,139,736.5
2024,4318051,estadual,20,8,742.6
2024,4318101,estadual,49,41,780.4
2024,4318101,municipal,64,29,738.4
2024,4318200,estadual,147,71,737.9
2024,4318200,municipal,100,38,727.8
2024,4318309,estadual,176,82,732.7
2024,4318309,municipal,357,127,721.5
2024,4318408,estadual,101,57,751.5
2024,4318408,municipal,32,23,751.5
2024,4318424,estadual,16,13,775.2
2024,4318424,municipal,37,26,761.0
2024,4318432,estadual,13,12,775.6
2024,4318440,municipal,18,12,760.1
2024,4318457,municipal,18,11,750.4
2024,4318465,estadual,9,3,725.5
2024,4318481,municipal,32,14,737.7
2024,4318499,municipal,24,12,752.5
2024,4318507,estadual,59,30,732.7
2024,4318507,municipal,183,70,729.4
2024,4318606,estadual,25,10,732.5
2024,4318606,municipal,35,13,739.5
2024,4318614,municipal,16,6,726.2
2024,4318622,municipal,47,17,733.8
2024,4318705,estadual,390,151,723.3
2024,4318705,municipal,1444,540,726.5
2024,4318804,estadual,65,34,742.7
2024,4318804,municipal,287,170,749.6
2024,4318903,estadual,199,110,746.5
2024,4318903,municipal,169,71,733.3
2024,4319000,estadual,53,30,759.5
2024,4319000,municipal,99,38,730.2
2024,4319109,municipal,59,38,748.3
2024,4319125,estadual,18,5,721.2
2024,4319125,municipal,13,6,736.8
2024,4319158,estadual,14,9,752.0
2024,4319158,municipal,61,29,729.8
2024,4319208,estadual,27,15,742.0
2024,4319208,municipal,14,1,704.5
2024,4319307,municipal,34,21,749.8
2024,4319356,municipal,54,32,750.6
2024,4319364,municipal,10,9,793.5
2024,4319372,estadual,11,7,754.6
2024,4319372,municipal,14,9,748.0
2024,4319406,estadual,26,12,746.9
2024,4319406,municipal,76,47,750.1
2024,4319505,estadual,81,45,751.6
2024,4319505,municipal,128,47,727.9
2024,4319604,estadual,32,19,745.5
2024,4319604,municipal,112,56,742.3
2024,4319703,municipal,23,11,746.3
2024,4319711,municipal,15,11,753.4
2024,4319737,municipal,13,6,738.1
2024,4319752,estadual,15,9,755.1
2024,4319752,municipal,16,4,723.2
2024,4319802,estadual,23,11,746.4
2024,4319802,municipal,59,27,738.8
2024,4319901,estadual,158,89,749.5
2024,4319901,municipal,668,274,731.2
2024,4320008,estadual,264,125,736.7
2024,4320008,municipal,1124,540,737.1
2024,4320107,estadual,54,31,753.0
2024,4320107,municipal,160,76,738.3
2024,4320206,estadual,65,41,754.2
2024,4320206,municipal,64,44,756.9
2024,4320230,municipal,18,7,743.0
2024,4320263,estadual,16,9,756.5
2024,4320263,municipal,35,30,773.0
2024,4320305,estadual,40,29,770.6
2024,4320305,municipal,12,6,750.4
2024,4320321,municipal,24,12,750.1
2024,4320354,municipal,30,7,709.4
2024,4320404,estadual,37,22,747.7
2024,4320404,municipal,107,54,744.8
2024,4320453,municipal,18,2,712.2
2024,4320503,municipal,28,13,739.9
2024,4320552,municipal,13,6,743.9
2024,4320578,municipal,12,8,745.3
2024,4320602,estadual,31,11,718.9
2024,4320651,municipal,14,5,725.0
2024,4320677,municipal,63,23,723.2
2024,4320701,estadual,54,30,740.2
2024,4320701,municipal,66,47,767.0
2024,4320800,estadual,182,116,757.4
2024,4320800,municipal,66,41,751.6
2024,4320859,estadual,18,3,721.8
2024,4320859,municipal,41,10,717.3
2024,4320909,estadual,40,22,758.4
2024,4320909,municipal,289,134,736.1
2024,4321006,estadual,50,44,783.6
2024,4321006,municipal,51,35,761.4
2024,4321105,estadual,47,18,721.7
2024,4321105,municipal,85,50,745.1
2024,4321204,estadual,157,72,733.2
2024,4321204,municipal,332,148,735.8
2024,4321303,estadual,166,51,718.5
2024,4321303,municipal,60,8,707.5
2024,4321329,estadual,14,12,772.4
2024,4321329,municipal,27,22,780.2
2024,4321352,estadual,12,2,703.4
2024,4321352,municipal,27,10,726.3
2024,4321402,estadual,25,13,749.1
2024,4321402,municipal,87,57,754.5
2024,4321436,estadual,29,14,741.9
2024,4321436,municipal,76,46,750.3
2024,4321451,estadual,66,42,755.9
2024,4321451,municipal,202,127,751.0
2024,4321469,municipal,33,23,754.3
2024,4321477,estadual,12,8,755.9
2024,4321493,municipal,16,6,715.1
2024,4321501,estadual,180,98,746.9
2024,4321501,municipal,258,114,736.3
2024,4321600,estadual,110,64,751.6
2024,4321600,municipal,488,179,722.0
2024,4321626,municipal,19,13,751.9
2024,4321634,municipal,15,6,735.4
2024,4321667,estadual,61,33,758.3
2024,4321667,municipal,53,28,737.4
2024,4321709,municipal,239,101,734.6
2024,4321808,estadual,47,26,747.2
2024,4321808,municipal,164,84,742.6
2024,4321832,estadual,14,9,754.3
2024,4321832,municipal,10,4,729.7
2024,4321857,estadual,9,7,746.3
2024,4321857,municipal,61,38,758.1
2024,4321907,estadual,34,19,755.2
2024,4321907,municipal,224,128,747.6
2024,4321956,estadual,24,10,733.2
2024,4321956,municipal,53,33,757.6
2024,4322004,estadual,67,38,752.3
2024,4322004,municipal,245,168,761.7
2024,4322103,estadual,35,22,748.6
2024,4322103,municipal,12,2,723.6
2024,4322152,municipal,22,9,743.2
2024,4322202,estadual,87,36,729.0
2024,4322202,municipal,90,40,736.3
2024,4322251,municipal,64,35,746.7
2024,4322301,estadual,9,5,752.8
2024,4322301,municipal,67,35,740.0
2024,4322327,municipal,39,24,751.9
2024,4322343,municipal,9,5,743.8
2024,4322376,estadual,10,8,761.0
2024,4322376,municipal,11,4,722.3
2024,4322400,estadual,445,196,733.4
2024,4322400,municipal,521,247,735.2
2024,4322509,estadual,255,121,740.9
2024,4322509,municipal,461,175,731.0
2024,4322525,municipal,30,14,743.8
2024,4322533,estadual,21,13,750.3
2024,4322533,municipal,25,13,747.9
2024,4322541,estadual,24,12,726.4
2024,4322541,municipal,40,14,729.5
2024,4322558,municipal,13,9,758.6
2024,4322608,estadual,222,141,754.7
2024,4322608,municipal,265,157,747.4
2024,4322707,estadual,38,21,745.0
2024,4322707,municipal,164,69,731.0
2024,4322806,municipal,206,118,753.3
2024,4322855,municipal,15,7,731.3
2024,4322905,estadual,12,9,761.4
2024,4322905,municipal,24,21,780.8
2024,4323002,estadual,334,81,711.8
2024,4323002,municipal,2091,814,727.0
2024,4323101,municipal,37,26,763.3
2024,4323200,municipal,16,9,736.9
2024,4323309,municipal,26,18,759.9
2024,4323358,municipal,17,9,747.2
2024,4323408,estadual,18,9,748.8
2024,4323408,municipal,15,10,746.5
2024,4323457,municipal,32,14,744.3
2024,4323507,estadual,13,13,791.5
2024,4323507,municipal,9,3,734.4
2024,4323606,municipal,14,12,776.2
2024,4323705,municipal,10,10,785.9
2024,4323754,estadual,13,9,762.1
2024,4323770,municipal,26,16,764.7
2024,4323804,municipal,204,78,728.5
2024,5000203,municipal,371,286,762.5
2024,5000252,municipal,69,44,755.2
2024,5000609,municipal,396,276,754.9
2024,5000708,estadual,22,12,745.1
2024,5000708,municipal,383,157,725.6
2024,5000807,municipal,105,84,762.3
2024,5000856,estadual,31,23,756.7
2024,5000856,municipal,170,147,774.8
2024,5000906,municipal,145,82,742.3
2024,5001003,municipal,434,250,746.5
2024,5001102,municipal,644,376,746.1
2024,5001243,municipal,139,102,760.2
2024,5001508,municipal,128,67,734.9
2024,5001904,municipal,321,168,734.7
2024,5002001,municipal,185,125,753.2
2024,5002100,municipal,321,155,734.2
2024,5002159,municipal,137,64,733.8
2024,5002209,municipal,398,234,743.3
2024,5002308,municipal,181,110,746.3
2024,5002407,estadual,30,14,724.9
2024,5002407,municipal,363,240,752.5
2024,5002605,estadual,12,4,737.7
2024,5002605,municipal,170,103,745.4
2024,5002704,estadual,73,23,711.9
2024,5002704,municipal,9928,5139,736.9
2024,5002803,municipal,93,52,745.5
2024,5002902,municipal,230,125,734.1
2024,5002951,municipal,431,273,748.5
2024,5003108,municipal,68,40,739.8
2024,5003157,municipal,341,207,746.1
2024,5003207,municipal,1250,479,724.3
2024,5003256,municipal,451,247,736.4
2024,5003306,municipal,467,183,723.4
2024,5003454,estadual,29,20,752.9
2024,5003454,municipal,150,99,755.4
2024,5003488,municipal,204,81,723.1
2024,5003504,municipal,51,35,754.3
2024,5003702,estadual,147,71,737.8
2024,5003702,municipal,3069,1640,738.2
2024,5003751,municipal,176,99,744.8
2024,5003801,municipal,252,150,743.1
2024,5003900,municipal,44,38,773.2
2024,5004007,municipal,100,73,758.3
2024,5004106,municipal,155,100,752.7
2024,5004304,municipal,241,145,745.6
2024,5004403,municipal,122,63,735.2
2024,5004502,estadual,31,10,720.5
2024,5004502,municipal,212,121,743.4
2024,5004601,municipal,350,278,762.2
2024,5004700,municipal,378,260,756.4
2024,5004809,estadual,28,15,735.3
2024,5004809,municipal,93,39,734.4
2024,5004908,municipal,87,39,724.8
2024,5005004,municipal,360,194,736.7
2024,5005103,estadual,52,30,738.7
2024,5005103,municipal,16,9,743.0
2024,5005152,municipal,160,76,733.5
2024,5005202,municipal,332,111,717.2
2024,5005251,municipal,137,106,762.8
2024,5005400,municipal,648,302,731.7
2024,5005608,municipal,396,154,719.6
2024,5005681,estadual,26,18,755.8
2024,5005681,municipal,213,99,730.3
2024,5005707,municipal,801,480,744.0
2024,5005806,municipal,183,112,741.0
2024,5006002,municipal,381,215,738.6
2024,5006200,municipal,654,454,752.1
2024,5006259,municipal,79,62,755.6
2024,5006275,municipal,135,106,760.7
2024,5006309,municipal,451,249,741.9
2024,5006358,municipal,138,92,751.2
2024,5006408,municipal,110,61,742.7
2024,5006606,estadual,164,64,724.5
2024,5006606,municipal,1629,1158,755.7
2024,5006903,municipal,228,154,753.7
2024,5007109,municipal,419,180,727.6
2024,5007208,municipal,569,300,736.6
2024,5007307,municipal,81,43,742.6
2024,5007406,municipal,288,141,732.6
2024,5007505,municipal,90,44,734.0
2024,5007554,municipal,137,70,737.9
2024,5007695,estadual,12,8,738.8
2024,5007695,municipal,467,290,748.0
2024,5007703,municipal,162,86,739.8
2024,5007802,municipal,97,58,744.5
2024,5007901,municipal,726,289,725.8
2024,5007935,municipal,220,173,760.7
2024,5007950,municipal,187,106,740.3
2024,5007976,municipal,55,47,773.6
2024,5008008,estadual,27,18,754.1
2024,5008008,municipal,250,118,737.0
2024,5008305,municipal,1634,1356,771.2
2024,5008404,estadual,14,8,728.4
2024,5008404,municipal,78,42,737.6
2024,5100102,municipal,62,25,739.5
2024,5100201,municipal,350,278,773.3
2024,5100250,municipal,657,470,762.5
2024,5100300,municipal,153,116,769.6
2024,5100359,municipal,96,47,733.1
2024,5100409,municipal,172,91,743.5
2024,5100508,municipal,73,38,750.6
2024,5100607,municipal,162,113,760.6
2024,5100805,municipal,128,95,766.7
2024,5101001,municipal,37,34,817.9
2024,5101209,municipal,10,10,832.7
2024,5101258,municipal,180,109,751.4
2024,5101308,municipal,126,74,750.2
2024,5101407,municipal,383,237,757.2
2024,5101605,estadual,60,33,748.6
2024,5101605,municipal,16,7,735.4
2024,5101704,municipal,410,298,767.7
2024,5101803,estadual,57,27,742.7
2024,5101803,municipal,664,454,760.6
2024,5101852,municipal,113,93,781.8
2024,5101902,municipal,217,150,762.4
2024,5102504,municipal,1038,532,743.4
2024,5102603,municipal,131,58,730.5
2024,5102637,estadual,78,35,738.1
2024,5102637,municipal,701,490,760.8
2024,5102678,estadual,33,16,743.1
2024,5102678,municipal,567,370,758.1
2024,5102686,municipal,161,106,757.7
2024,5102694,municipal,73,58,773.0
2024,5102702,municipal,303,127,731.7
2024,5102793,municipal,121,120,828.4
2024,5102850,municipal,81,53,749.8
2024,5103007,municipal,246,170,760.2
2024,5103056,municipal,142,94,761.3
2024,5103106,municipal,86,45,742.0
2024,5103205,municipal,383,246,758.4
2024,5103254,municipal,399,276,763.5
2024,5103304,municipal,230,109,740.8
2024,5103353,municipal,583,316,742.5
2024,5103361,municipal,59,41,767.6
2024,5103379,municipal,142,89,755.5
2024,5103403,estadual,44,22,734.9
2024,5103403,municipal,5832,2716,737.8
2024,5103437,municipal,71,66,788.9
2024,5103452,municipal,82,69,782.4
2024,5103502,estadual,74,34,735.5
2024,5103502,municipal,217,141,753.4
2024,5103601,municipal,82,59,772.0
2024,5103700,municipal,153,78,749.7
2024,5103809,municipal,36,21,748.0
2024,5103858,municipal,100,60,753.1
2024,5103908,estadual,29,11,719.3
2024,5103908,municipal,35,25,755.9
2024,5103957,municipal,49,41,771.9
2024,5104104,municipal,460,249,748.4
2024,5104203,municipal,117,99,790.9
2024,5104500,municipal,30,20,749.7
2024,5104526,municipal,149,89,752.1
2024,5104542,municipal,112,87,777.9
2024,5104559,municipal,90,61,761.6
2024,5104609,municipal,207,120,749.9
2024,5104807,municipal,348,192,747.0
2024,5104906,estadual,64,35,746.7
2024,5104906,municipal,55,30,746.0
2024,5105002,municipal,111,83,766.1
2024,5105101,estadual,178,96,744.0
2024,5105101,municipal,212,136,760.2
2024,5105150,municipal,484,274,748.8
2024,5105176,municipal,147,108,764.9
2024,5105200,municipal,138,93,762.6
2024,5105234,municipal,58,30,736.9
2024,5105259,municipal,1212,891,768.8
2024,5105309,municipal,28,13,741.3
2024,5105507,estadual,52,18,732.2
2024,5105507,municipal,148,78,745.5
2024,5105580,municipal,172,112,757.1
2024,5105606,municipal,295,155,747.9
2024,5105622,estadual,29,10,728.6
2024,5105622,municipal,276,166,752.5
2024,5105903,estadual,49,21,739.4
2024,5105903,municipal,194,118,756.3
2024,5106000,municipal,67,44,749.5
2024,5106109,estadual,16,11,765.0
2024,5106109,municipal,103,85,779.7
2024,5106158,municipal,191,146,768.9
2024,5106174,municipal,27,23,782.0
2024,5106182,municipal,121,82,756.5
2024,5106190,municipal,84,63,768.7
2024,5106208,municipal,46,37,773.4
2024,5106216,municipal,172,118,760.3
2024,5106224,municipal,883,661,769.0
2024,5106232,municipal,240,137,752.9
2024,5106240,municipal,213,124,749.2
2024,5106257,municipal,245,111,739.0
2024,5106265,municipal,106,72,763.9
2024,5106273,municipal,49,34,769.3
2024,5106281,municipal,97,91,798.1
2024,5106299,municipal,158,126,774.6
2024,5106307,municipal,308,188,747.0
2024,5106315,municipal,36,21,748.7
2024,5106372,municipal,282,184,756.6
2024,5106422,municipal,467,195,730.5
2024,5106455,municipal,61,55,783.7
2024,5106505,municipal,371,142,729.2
2024,5106653,municipal,74,38,739.6
2024,5106703,municipal,32,31,807.3
2024,5106752,municipal,705,469,758.8
2024,5106778,municipal,158,84,740.1
2024,5106802,municipal,80,59,770.0
2024,5106828,municipal,141,70,739.3
2024,5106851,municipal,27,21,765.3
2024,5107008,estadual,14,7,743.9
2024,5107008,municipal,228,105,736.7
2024,5107040,estadual,23,13,744.5
2024,5107040,municipal,1037,610,749.0
2024,5107065,municipal,396,294,766.9
2024,5107107,municipal,182,125,765.1
2024,5107156,municipal,25,21,764.0
2024,5107180,municipal,108,77,756.1
2024,5107198,municipal,36,19,747.5
2024,5107206,municipal,54,44,771.1
2024,5107248,municipal,95,89,791.1
2024,5107263,municipal,33,25,769.7
2024,5107297,municipal,31,23,755.4
2024,5107305,municipal,228,137,752.9
2024,5107354,municipal,109,38,728.1
2024,5107404,municipal,67,51,770.6
2024,5107578,estadual,46,21,738.0
2024,5107578,municipal,11,8,756.4
2024,5107602,municipal,2966,1794,752.4
2024,5107701,municipal,137,77,753.2
2024,5107743,municipal,42,31,765.8
2024,5107750,municipal,38,37,796.2
2024,5107768,municipal,85,53,758.6
2024,5107776,municipal,80,33,731.0
2024,5107792,municipal,60,45,762.6
2024,5107800,estadual,153,74,737.0
2024,5107859,municipal,136,45,723.1
2024,5107875,municipal,398,336,778.1
2024,5107883,municipal,19,18,785.2
2024,5107909,estadual,110,52,736.1
2024,5107909,municipal,2442,1327,746.6
2024,5107925,municipal,1711,1387,780.8
2024,5107941,municipal,176,110,752.6
2024,5107958,municipal,1185,699,750.0
2024,5108006,municipal,224,154,764.7
2024,5108055,municipal,165,101,750.4
2024,5108105,municipal,21,11,739.4
2024,5108204,municipal,35,31,791.9
2024,5108303,municipal,70,48,764.6
2024,5108352,municipal,42,10,721.3
2024,5108402,estadual,273,114,733.0
2024,5108402,municipal,3507,2166,754.9
2024,5108501,municipal,176,93,745.7
2024,5108600,municipal,275,152,747.5
2024,5108808,municipal,74,50,759.8
2024,5108857,municipal,62,50,764.8
2024,5108907,municipal,102,64,758.3
2024,5108956,municipal,134,124,794.3
2024,5200050,municipal,319,206,752.0
2024,5200100,municipal,182,144,766.2
2024,5200134,municipal,261,213,765.4
2024,5200159,municipal,33,27,773.3
2024,5200175,municipal,85,74,775.7
2024,5200209,municipal,23,18,759.6
2024,5200258,municipal,2979,1606,738.4
2024,5200308,municipal,397,301,759.7
2024,5200506,municipal,22,20,791.1
2024,5200555,municipal,115,83,759.4
2024,5200605,municipal,128,77,748.6
2024,5200803,municipal,92,60,747.7
2024,5200829,municipal,39,35,780.3
2024,5200852,municipal,52,41,765.0
2024,5200902,municipal,31,25,767.8
2024,5201108,municipal,3468,2540,758.9
2024,5201207,municipal,16,13,764.7
2024,5201306,municipal,159,156,800.4
2024,5201405,municipal,5449,3772,755.1
2024,5201454,municipal,39,34,767.2
2024,5201504,municipal,61,40,749.1
2024,5201603,municipal,46,43,794.9
2024,5201702,municipal,223,161,757.4
2024,5201801,municipal,170,107,747.1
2024,5202155,municipal,93,64,751.9
2024,5202353,municipal,31,26,781.0
2024,5202502,municipal,81,73,775.6
2024,5202601,municipal,32,30,780.1
2024,5202809,municipal,26,26,798.3
2024,5203104,municipal,28,25,775.0
2024,5203203,municipal,145,113,764.9
2024,5203302,municipal,363,226,745.1
2024,5203401,municipal,75,55,763.1
2024,5203500,municipal,271,221,765.4
2024,5203559,municipal,123,106,773.0
2024,5203575,municipal,47,29,753.5
2024,5203609,municipal,53,48,777.1
2024,5203807,municipal,83,77,782.8
2024,5203906,municipal,109,71,742.3
2024,5203939,municipal,30,29,785.2
2024,5203962,municipal,42,36,770.6
2024,5204003,municipal,95,89,783.5
2024,5204102,municipal,129,101,763.5
2024,5204201,municipal,14,9,757.7
2024,5204250,municipal,97,77,771.1
2024,5204300,municipal,118,108,781.1
2024,5204409,municipal,149,126,771.3
2024,5204508,municipal,1129,711,748.7
2024,5204557,municipal,46,28,750.2
2024,5204607,municipal,47,44,782.3
2024,5204656,municipal,44,36,767.5
2024,5204706,municipal,144,118,766.8
2024,5204805,municipal,101,78,760.8
2024,5204854,municipal,129,110,770.9
2024,5204904,municipal,222,168,766.2
2024,5204953,municipal,47,39,759.4
2024,5205000,municipal,92,79,772.8
2024,5205059,municipal,46,42,781.4
2024,5205109,municipal,951,731,760.9
2024,5205208,municipal,55,48,773.6
2024,5205307,municipal,98,83,768.7
2024,5205406,municipal,164,155,797.9
2024,5205455,municipal,101,70,756.2
2024,5205471,municipal,207,181,778.9
2024,5205497,municipal,1221,755,745.0
2024,5205513,municipal,282,250,776.9
2024,5205521,municipal,56,33,746.5
2024,5205703,municipal,14,14,793.1
2024,5205802,municipal,95,77,761.5
2024,5205901,municipal,101,83,774.3
2024,5206206,municipal,848,586,755.4
2024,5206305,municipal,50,41,770.7
2024,5206404,municipal,119,94,765.0
2024,5206503,municipal,44,32,762.1
2024,5206602,municipal,33,24,756.4
2024,5206701,municipal,56,47,768.2
2024,5206800,municipal,33,32,792.4
2024,5206909,municipal,23,19,766.8
2024,5207105,municipal,22,17,762.2
2024,5207253,municipal,72,60,765.2
2024,5207352,municipal,44,40,774.4
2024,5207402,municipal,156,113,751.6
2024,5207501,municipal,50,49,792.7
2024,5207535,municipal,51,36,761.9
2024,5207600,municipal,39,39,804.7
2024,5207808,municipal,84,59,750.9
2024,5207907,municipal,138,90,749.8
2024,5208004,municipal,1171,750,749.6
2024,5208103,municipal,45,39,778.7
2024,5208152,municipal,59,47,763.9
2024,5208301,municipal,73,59,762.8
2024,5208400,municipal,177,120,754.1
2024,5208509,municipal,69,50,754.0
2024,5208608,municipal,887,730,773.3
2024,5208707,municipal,8840,6143,754.4
2024,5208806,municipal,1021,827,768.3
2024,5208905,municipal,152,133,775.2
2024,5209101,municipal,397,308,763.9
2024,5209150,municipal,59,48,764.2
2024,5209200,municipal,213,150,755.2
2024,5209291,municipal,21,20,796.6
2024,5209408,municipal,48,31,751.8
2024,5209457,municipal,23,22,801.7
2024,5209606,municipal,31,26,757.6
2024,5209705,municipal,393,258,750.2
2024,5209804,municipal,40,29,750.5
2024,5209903,municipal,122,80,743.0
2024,5209937,municipal,69,60,774.7
2024,5209952,municipal,186,154,768.5
2024,5210000,municipal,505,442,774.0
2024,5210109,municipal,266,197,760.3
2024,5210158,municipal,28,27,788.4
2024,5210208,municipal,364,302,767.5
2024,5210307,municipal,27,25,763.5
2024,5210406,municipal,522,424,771.0
2024,5210562,municipal,76,59,769.9
2024,5210604,municipal,50,45,772.9
2024,5210802,municipal,35,29,771.4
2024,5210901,municipal,233,199,767.9
2024,5211008,municipal,94,69,757.5
2024,5211206,municipal,258,220,772.1
2024,5211305,municipal,72,60,765.4
2024,5211404,municipal,90,86,789.6
2024,5211503,municipal,1112,828,762.3
2024,5211602,municipal,23,17,771.5
2024,5211701,municipal,61,49,770.9
2024,5211800,municipal,460,386,771.8
2024,5211909,municipal,1147,802,755.5
2024,5212006,municipal,17,17,785.5
2024,5212055,municipal,34,34,782.9
2024,5212105,municipal,79,53,753.6
2024,5212204,municipal,183,146,768.2
2024,5212253,municipal,21,16,767.8
2024,5212303,municipal,87,66,764.1
2024,5212501,municipal,2885,1912,751.2
2024,5212600,municipal,28,20,761.8
2024,5212709,municipal,126,86,750.1
2024,5212808,municipal,131,115,776.2
2024,5212907,municipal,48,40,768.9
2024,5212956,municipal,61,32,743.5
2024,5213004,municipal,118,99,771.3
2024,5213053,municipal,30,24,766.0
2024,5213087,municipal,274,223,769.6
2024,5213103,municipal,919,772,769.9
2024,5213400,municipal,13,11,763.9
2024,5213509,municipal,64,52,773.8
2024,5213707,municipal,96,72,759.9
2024,5213756,municipal,150,118,766.4
2024,5213772,municipal,35,23,754.1
2024,5213806,municipal,461,304,752.2
2024,5213855,municipal,32,31,781.5
2024,5213905,municipal,37,37,821.2
2024,5214002,municipal,213,142,745.2
2024,5214051,municipal,101,95,779.6
2024,5214101,municipal,52,52,811.6
2024,5214408,municipal,94,79,771.1
2024,5214507,municipal,377,268,753.3
2024,5214606,municipal,327,262,764.8
2024,5214705,municipal,21,20,793.8
2024,5214804,municipal,19,16,773.3
2024,5214838,municipal,143,103,764.3
2024,5214861,municipal,49,43,780.1
2024,5214879,municipal,40,38,783.8
2024,5214903,municipal,21,15,750.0
2024,5215009,municipal,118,90,762.2
2024,5215207,municipal,31,17,730.7
2024,5215231,municipal,986,565,742.4
2024,5215256,municipal,56,53,781.9
2024,5215306,municipal,161,125,762.1
2024,5215405,municipal,59,57,787.4
2024,5215504,municipal,68,61,776.1
2024,5215603,municipal,355,247,751.5
2024,5215652,municipal,43,32,762.7
2024,5215702,municipal,354,287,769.1
2024,5215801,municipal,17,11,763.7
2024,5215900,municipal,36,30,769.7
2024,5216007,municipal,32,27,767.9
2024,5216304,municipal,102,99,791.0
2024,5216403,municipal,148,100,752.4
2024,5216452,municipal,45,35,760.6
2024,5216809,municipal,61,52,769.9
2024,5216908,municipal,26,21,762.0
2024,5217104,municipal,208,149,759.4
2024,5217203,municipal,119,82,751.5
2024,5217302,municipal,290,186,751.4
2024,5217401,municipal,255,206,767.3
2024,5217609,municipal,1543,1159,762.4
2024,5217708,municipal,163,140,772.0
2024,5218003,municipal,357,178,735.9
2024,5218052,municipal,73,55,762.9
2024,5218102,municipal,67,51,761.3
2024,5218300,municipal,395,320,764.9
2024,5218391,municipal,44,34,760.2
2024,5218508,municipal,544,437,768.3
2024,5218607,municipal,134,130,797.7
2024,5218706,municipal,56,56,786.1
2024,5218789,municipal,51,49,775.1
2024,5218805,municipal,2502,2249,784.0
2024,5218904,municipal,206,181,781.3
2024,5219001,municipal,88,81,785.9
2024,5219100,municipal,82,82,800.2
2024,5219209,municipal,42,36,773.0
2024,5219258,municipal,67,62,769.7
2024,5219357,municipal,36,28,763.7
2024,5219407,municipal,78,65,762.1
2024,5219456,municipal,23,22,778.7
2024,5219506,municipal,37,37,787.4
2024,5219605,municipal,36,33,784.1
2024,5219704,municipal,73,70,787.6
2024,5219712,municipal,73,67,791.6
2024,5219738,municipal,101,84,776.5
2024,5219753,municipal,908,488,739.4
2024,5219803,municipal,94,62,747.9
2024,5219902,municipal,105,79,757.0
2024,5220009,municipal,178,159,775.0
2024,5220058,municipal,24,21,772.2
2024,5220108,municipal,321,245,761.3
2024,5220157,municipal,64,55,774.9
2024,5220207,municipal,275,251,786.7
2024,5220264,municipal,43,29,755.1
2024,5220280,municipal,22,19,771.9
2024,5220405,municipal,216,178,767.8
2024,5220454,municipal,1915,1156,744.5
2024,5220504,municipal,90,60,757.2
2024,5220603,municipal,200,182,778.4
2024,5220686,municipal,64,50,761.8
2024,5220702,municipal,34,27,765.8
2024,5221007,municipal,44,33,762.0
2024,5221080,municipal,61,38,745.1
2024,5221197,municipal,107,76,756.8
2024,5221304,municipal,25,21,764.4
2024,5221403,municipal,1570,1212,765.9
2024,5221452,municipal,37,35,771.8
2024,5221502,municipal,57,46,782.1
2024,5221551,municipal,69,60,772.8
2024,5221577,municipal,18,12,757.3
2024,5221601,estadual,50,42,766.5
2024,5221601,municipal,305,235,761.1
2024,5221700,municipal,132,129,792.7
2024,5221809,municipal,34,23,761.5
2024,5221858,municipal,2094,1345,748.1
2024,5221908,municipal,46,39,777.2
2024,5222005,municipal,153,137,780.4
2024,5222054,municipal,95,80,769.2
2024,5222203,municipal,61,48,763.3
2024,5222302,municipal,65,52,764.5
2024,5300108,estadual,22111,13075,743.0
2025,1100015,municipal,270,211,763.3
2025,1100023,municipal,1325,1053,765.2
2025,1100031,municipal,61,53,769.0
2025,1100049,estadual,152,128,766.4
2025,1100049,municipal,945,801,773.5
2025,1100056,municipal,294,264,776.8
2025,1100064,municipal,216,169,765.3
2025,1100072,municipal,128,117,783.8
2025,1100080,municipal,218,164,760.8
2025,1100098,estadual,50,37,759.5
2025,1100098,municipal,362,296,768.3
2025,1100106,estadual,66,51,765.4
2025,1100106,municipal,472,335,757.9
2025,1100114,estadual,46,36,762.0
2025,1100114,municipal,655,572,774.7
2025,1100122,estadual,648,479,760.2
2025,1100122,municipal,871,659,764.4
2025,1100130,municipal,413,280,752.8
2025,1100148,municipal,239,207,773.6
2025,1100155,municipal,458,395,772.3
2025,1100189,municipal,532,438,772.8
2025,1100205,estadual,244,198,771.1
2025,1100205,municipal,5075,3139,747.3
2025,1100254,estadual,64,51,765.9
2025,1100254,municipal,148,122,771.1
2025,1100262,municipal,61,41,760.4
2025,1100288,estadual,86,73,769.7
2025,1100288,municipal,747,651,778.1
2025,1100296,municipal,93,88,787.2
2025,1100304,municipal,1177,908,763.6
2025,1100320,municipal,253,216,771.0
2025,1100338,municipal,423,314,759.7
2025,1100346,municipal,164,131,765.7
2025,1100379,municipal,167,147,774.9
2025,1100403,municipal,173,131,757.5
2025,1100452,municipal,448,340,761.5
2025,1100502,municipal,105,89,769.2
2025,1100601,municipal,69,62,772.7
2025,1100700,municipal,183,149,763.3
2025,1100809,municipal,387,240,747.8
2025,1100908,municipal,48,37,752.5
2025,1100924,municipal,162,120,758.4
2025,1100940,municipal,251,223,775.7
2025,1101005,municipal,115,107,778.3
2025,1101104,municipal,145,124,773.3
2025,1101203,municipal,81,68,770.4
2025,1101302,municipal,152,132,772.7
2025,1101401,municipal,172,137,771.2
2025,1101435,municipal,88,77,772.8
2025,1101450,municipal,52,43,775.7
2025,1101468,municipal,59,47,768.8
2025,1101476,municipal,43,35,767.6
2025,1101484,municipal,79,67,767.0
2025,1101492,municipal,268,231,773.3
2025,1101500,municipal,188,153,768.2
2025,1101559,municipal,59,52,768.5
2025,1101609,municipal,122,105,770.1
2025,1101708,municipal,140,111,771.9
2025,1101757,municipal,98,73,757.5
2025,1101807,municipal,91,72,762.8
2025,1200013,municipal,202,139,756.3
2025,1200054,municipal,130,93,755.2
2025,1200104,estadual,98,69,756.6
2025,1200104,municipal,365,260,755.9
2025,1200138,municipal,134,48,717.4
2025,1200179,municipal,149,67,728.9
2025,1200203,estadual,626,475,763.0
2025,1200203,municipal,593,353,744.3
2025,1200252,municipal,316,227,755.9
2025,1200302,estadual,265,220,771.2
2025,1200302,municipal,169,133,759.9
2025,1200328,estadual,44,37,765.7
2025,1200328,municipal,42,27,745.0
2025,1200336,municipal,271,158,745.6
2025,1200344,municipal,202,122,743.5
2025,1200351,municipal,157,121,765.3
2025,1200385,estadual,45,23,735.5
2025,1200385,municipal,197,110,734.0
2025,1200393,municipal,118,87,758.3
2025,1200401,estadual,2875,2014,755.6
2025,1200401,municipal,1343,930,754.2
2025,1200427,municipal,152,102,750.3
2025,1200435,municipal,84,56,755.2
2025,1200450,estadual,131,78,742.0
2025,1200450,municipal,124,67,732.9
2025,1200500,estadual,33,26,762.9
2025,1200500,municipal,456,352,760.0
2025,1200609,estadual,108,85,767.8
2025,1200609,municipal,567,376,749.9
2025,1200708,estadual,118,73,746.8
2025,1200708,municipal,93,65,750.9
2025,1200807,municipal,249,141,737.0
2025,1300029,estadual,34,28,763.7
2025,1300029,municipal,197,134,750.5
2025,1300060,municipal,116,84,764.7
2025,1300086,estadual,35,30,761.8
2025,1300086,municipal,69,44,744.1
2025,1300102,estadual,49,40,763.7
2025,1300102,municipal,197,168,768.1
2025,1300144,estadual,76,63,763.1
2025,1300144,municipal,153,89,743.9
2025,1300201,estadual,18,18,780.0
2025,1300201,municipal,214,137,754.1
2025,1300300,estadual,170,93,737.6
2025,1300300,municipal,491,182,724.0
2025,1300409,estadual,64,43,752.3
2025,1300409,municipal,192,111,739.8
2025,1300508,estadual,115,38,718.6
2025,1300508,municipal,382,140,718.5
2025,1300607,estadual,79,46,743.5
2025,1300607,municipal,481,328,753.3
2025,1300631,estadual,79,67,766.1
2025,1300631,municipal,249,197,761.4
2025,1300680,estadual,99,64,751.4
2025,1300680,municipal,103,25,712.6
2025,1300706,estadual,182,120,753.1
2025,1300706,municipal,225,123,739.9
2025,1300805,estadual,208,101,733.8
2025,1300805,municipal,239,85,716.6
2025,1300839,estadual,47,33,752.0
2025,1300839,municipal,66,33,738.5
2025,1300904,estadual,41,37,770.8
2025,1300904,municipal,121,91,758.8
2025,1301001,estadual,153,114,757.5
2025,1301001,municipal,253,132,735.3
2025,1301100,estadual,85,44,737.6
2025,1301100,municipal,353,123,721.2
2025,1301159,estadual,34,23,744.8
2025,1301159,municipal,151,87,745.2
2025,1301209,estadual,480,272,744.5
2025,1301209,municipal,512,190,723.6
2025,1301308,estadual,151,99,750.0
2025,1301308,municipal,184,87,737.0
2025,1301407,estadual,289,166,737.5
2025,1301407,municipal,193,59,721.2
2025,1301506,estadual,120,113,775.0
2025,1301506,municipal,107,65,748.4
2025,1301605,estadual,90,74,761.1
2025,1301605,municipal,294,154,735.4
2025,1301654,municipal,195,119,748.8
2025,1301704,estadual,92,70,759.1
2025,1301704,municipal,680,426,746.9
2025,1301803,estadual,30,27,774.2
2025,1301803,municipal,240,155,750.5
2025,1301852,estadual,107,48,728.9
2025,1301852,municipal,790,326,728.0
2025,1301902,estadual,257,224,776.6
2025,1301902,municipal,1057,498,732.5
2025,1301951,estadual,19,16,770.1
2025,1301951,municipal,136,119,764.3
2025,1302009,estadual,59,18,728.1
2025,1302009,municipal,103,40,722.5
2025,1302108,estadual,26,25,785.1
2025,1302108,municipal,124,99,762.7
2025,1302207,estadual,90,65,757.3
2025,1302207,municipal,72,44,751.2
2025,1302306,estadual,51,33,752.4
2025,1302306,municipal,320,173,739.2
2025,1302405,estadual,151,120,766.2
2025,1302405,municipal,427,257,749.6
2025,1302504,estadual,301,176,746.4
2025,1302504,municipal,1061,555,737.9
2025,1302553,estadual,32,16,745.3
2025,1302553,municipal,144,31,716.6
2025,1302603,estadual,4417,2692,744.9
2025,1302603,municipal,19893,11444,741.8
2025,1302702,estadual,206,152,754.5
2025,1302702,municipal,423,241,740.5
2025,1302801,estadual,74,23,710.3
2025,1302801,municipal,101,45,732.0
2025,1302900,estadual,209,137,747.8
2025,1302900,municipal,471,237,733.1
2025,1303007,estadual,30,18,746.9
2025,1303007,municipal,127,91,759.0
2025,1303106,estadual,94,71,763.1
2025,1303106,municipal,255,123,736.6
2025,1303205,estadual,56,48,764.7
2025,1303205,municipal,199,140,755.4
2025,1303304,estadual,107,59,743.1
2025,1303304,municipal,149,96,744.5
2025,1303403,estadual,597,487,768.3
2025,1303403,municipal,813,476,742.7
2025,1303502,municipal,226,109,736.6
2025,1303536,municipal,559,256,728.8
2025,1303569,municipal,372,184,733.5
2025,1303601,estadual,62,30,737.4
2025,1303601,municipal,93,62,745.2
2025,1303700,estadual,73,64,773.7
2025,1303700,municipal,425,262,746.8
2025,1303809,estadual,344,189,741.0
2025,1303809,municipal,315,104,723.4
2025,1303908,estadual,118,82,751.3
2025,1303908,municipal,335,185,744.1
2025,1303957,estadual,20,17,756.7
2025,1303957,municipal,131,81,748.8
2025,1304005,estadual,28,21,754.6
2025,1304005,municipal,208,120,744.2
2025,1304062,estadual,251,188,755.7
2025,1304062,municipal,1072,478,735.3
2025,1304104,estadual,64,44,749.4
2025,1304104,municipal,183,132,755.8
2025,1304203,estadual,441,275,747.7
2025,1304203,municipal,904,458,734.9
2025,1304237,municipal,331,184,740.9
2025,1304260,estadual,55,35,750.5
2025,1304260,municipal,190,106,745.2
2025,1304302,estadual,26,25,773.0
2025,1304302,municipal,153,130,764.5
2025,1304401,estadual,30,15,734.0
2025,1304401,municipal,219,82,732.9
2025,1400027,estadual,29,20,743.0
2025,1400027,municipal,108,59,738.2
2025,1400050,estadual,50,24,729.9
2025,1400050,municipal,148,75,747.1
2025,1400100,municipal,6037,3753,750.8
2025,1400159,estadual,50,14,719.4
2025,1400159,municipal,270,97,724.8
2025,1400175,estadual,76,18,713.5
2025,1400175,municipal,233,127,738.7
2025,1400209,municipal,383,168,729.8
2025,1400233,municipal,179,79,734.4
2025,1400282,municipal,108,55,739.2
2025,1400308,municipal,237,116,737.4
2025,1400407,estadual,89,45,733.2
2025,1400407,municipal,107,66,745.4
2025,1400456,estadual,38,14,711.4
2025,1400456,municipal,341,156,733.9
2025,1400472,municipal,496,241,731.7
2025,1400506,municipal,113,50,738.9
2025,1400605,municipal,109,64,743.6
2025,1400704,estadual,46,14,717.8
2025,1400704,municipal,63,31,734.9
2025,1500107,municipal,1500,707,729.1
2025,1500131,municipal,101,84,770.2
2025,1500206,municipal,551,259,729.9
2025,1500305,municipal,668,354,742.1
2025,1500347,municipal,208,149,756.8
2025,1500404,estadual,21,7,727.9
2025,1500404,municipal,958,406,726.3
2025,1500503,municipal,388,177,731.8
2025,1500602,municipal,1548,768,733.0
2025,1500701,municipal,346,125,719.7
2025,1500800,estadual,1141,743,748.4
2025,1500800,municipal,3204,1876,742.3
2025,1500859,municipal,422,169,727.0
2025,1500909,municipal,539,265,735.1
2025,1500958,municipal,218,158,761.6
2025,1501006,municipal,113,73,743.1
2025,1501105,municipal,328,214,750.6
2025,1501204,municipal,413,215,739.3
2025,1501253,municipal,52,30,743.3
2025,1501303,municipal,1434,733,736.5
2025,1501402,estadual,4366,2902,750.6
2025,1501402,municipal,4726,2394,732.5
2025,1501451,municipal,197,142,756.5
2025,1501501,estadual,16,11,746.2
2025,1501501,municipal,914,694,761.4
2025,1501576,municipal,168,120,750.3
2025,1501600,municipal,101,79,766.1
2025,1501709,municipal,1276,676,736.5
2025,1501725,municipal,220,188,773.9
2025,1501758,municipal,66,62,777.5
2025,1501782,municipal,606,338,742.5
2025,1501808,municipal,1105,661,745.0
2025,1501907,municipal,244,157,749.6
2025,1501956,municipal,178,123,753.4
2025,1502004,estadual,17,12,753.1
2025,1502004,municipal,234,112,736.0
2025,1502103,municipal,1296,547,727.5
2025,1502152,municipal,1462,1099,759.1
2025,1502202,estadual,23,15,751.8
2025,1502202,municipal,743,483,747.5
2025,1502301,municipal,523,290,739.3
2025,1502400,municipal,2112,911,725.8
2025,1502509,municipal,210,122,749.9
2025,1502608,municipal,101,53,735.2
2025,1502707,estadual,19,6,723.2
2025,1502707,municipal,488,288,743.5
2025,1502756,municipal,308,235,760.7
2025,1502764,municipal,172,126,758.3
2025,1502772,municipal,310,246,766.7
2025,1502806,municipal,709,249,721.3
2025,1502855,municipal,168,86,739.6
2025,1502905,municipal,302,161,737.6
2025,1502939,municipal,560,451,764.0
2025,1502954,municipal,342,178,735.1
2025,1503002,municipal,148,102,754.7
2025,1503044,municipal,294,207,757.8
2025,1503077,municipal,349,175,734.2
2025,1503093,municipal,367,198,739.8
2025,1503101,municipal,610,299,738.3
2025,1503200,estadual,50,31,743.1
2025,1503200,municipal,293,123,726.3
2025,1503309,municipal,623,293,733.0
2025,1503408,municipal,159,80,725.3
2025,1503457,municipal,395,219,735.2
2025,1503507,municipal,197,107,736.2
2025,1503606,municipal,2074,1366,751.2
2025,1503705,municipal,426,231,741.2
2025,1503754,municipal,183,86,730.5
2025,1503804,municipal,491,231,727.9
2025,1503903,estadual,13,13,775.5
2025,1503903,municipal,704,548,761.0
2025,1504000,municipal,305,187,745.2
2025,1504059,municipal,359,221,746.3
2025,1504109,municipal,57,43,761.4
2025,1504208,municipal,3327,1855,738.3
2025,1504307,municipal,194,107,740.7
2025,1504406,municipal,224,106,732.7
2025,1504422,municipal,1393,855,748.3
2025,1504455,municipal,367,203,738.4
2025,1504505,municipal,474,178,725.7
2025,1504604,municipal,342,194,743.8
2025,1504703,municipal,841,382,729.1
2025,1504752,municipal,228,147,746.2
2025,1504802,municipal,726,432,742.4
2025,1504901,municipal,574,353,749.0
2025,1504950,municipal,254,158,744.9
2025,1504976,municipal,171,115,744.9
2025,1505007,municipal,98,58,744.2
2025,1505031,municipal,622,419,750.7
2025,1505064,municipal,785,469,743.1
2025,1505106,municipal,594,427,757.0
2025,1505205,municipal,483,172,724.8
2025,1505304,municipal,935,393,724.1
2025,1505403,estadual,15,9,737.7
2025,1505403,municipal,147,73,725.8
2025,1505437,municipal,440,298,749.7
2025,1505486,municipal,524,287,740.5
2025,1505494,municipal,75,42,739.9
2025,1505502,municipal,1473,1012,751.3
2025,1505536,municipal,3266,1911,740.9
2025,1505551,municipal,70,34,739.1
2025,1505601,municipal,94,82,771.5
2025,1505635,municipal,221,178,768.4
2025,1505650,municipal,178,125,755.2
2025,1505700,estadual,63,37,743.9
2025,1505700,municipal,216,118,742.0
2025,1505809,municipal,889,409,729.4
2025,1505908,municipal,421,314,766.4
2025,1506005,municipal,562,242,731.7
2025,1506104,municipal,128,86,754.1
2025,1506112,municipal,143,101,753.7
2025,1506138,municipal,1217,803,749.2
2025,1506161,municipal,207,106,734.2
2025,1506187,municipal,436,297,752.9
2025,1506195,municipal,336,210,745.6
2025,1506203,municipal,579,359,747.2
2025,1506302,municipal,256,158,747.3
2025,1506351,municipal,232,147,746.7
2025,1506401,municipal,94,51,747.4
2025,1506500,municipal,814,448,741.1
2025,1506559,municipal,197,160,764.9
2025,1506583,municipal,273,200,763.0
2025,1506609,municipal,260,163,749.0
2025,1506708,municipal,619,477,764.6
2025,1506807,municipal,4541,2677,744.2
2025,1506906,municipal,69,43,749.8
2025,1507003,municipal,347,213,753.2
2025,1507102,municipal,179,137,763.0
2025,1507151,municipal,223,112,730.8
2025,1507201,municipal,171,69,727.0
2025,1507300,municipal,853,397,731.0
2025,1507409,municipal,115,43,719.2
2025,1507458,municipal,373,240,751.3
2025,1507466,municipal,55,26,734.9
2025,1507474,municipal,204,115,741.6
2025,1507508,municipal,156,67,727.3
2025,1507607,municipal,687,359,735.7
2025,1507706,municipal,462,218,732.1
2025,1507755,municipal,96,70,762.6
2025,1507805,municipal,351,209,750.0
2025,1507904,municipal,376,266,756.3
2025,1507953,municipal,1005,564,739.9
2025,1507961,municipal,95,42,721.5
2025,1507979,municipal,287,206,756.1
2025,1508001,municipal,1211,743,746.0
2025,1508035,municipal,216,197,778.9
2025,1508050,municipal,249,189,757.8
2025,1508084,municipal,540,366,750.6
2025,1508100,municipal,1188,723,747.3
2025,1508126,municipal,366,295,764.5
2025,1508159,municipal,450,268,747.2
2025,1508209,municipal,550,417,761.6
2025,1508308,municipal,664,338,734.7
2025,1508357,municipal,288,231,773.1
2025,1508407,municipal,651,440,754.9
2025,1600055,municipal,46,32,749.8
2025,1600105,estadual,10,2,698.5
2025,1600105,municipal,138,61,732.4
2025,1600154,municipal,150,102,754.6
2025,1600204,estadual,17,3,679.2
2025,1600204,municipal,192,96,732.1
2025,1600212,municipal,105,90,768.5
2025,1600238,estadual,14,9,752.3
2025,1600238,municipal,111,91,768.0
2025,1600253,municipal,99,56,748.1
2025,1600279,municipal,471,384,768.7
2025,1600303,estadual,2042,913,729.0
2025,1600303,municipal,4336,2720,746.8
2025,1600402,municipal,363,240,753.4
2025,1600501,municipal,404,125,723.0
2025,1600535,estadual,71,44,755.3
2025,1600535,municipal,238,177,759.9
2025,1600550,municipal,81,33,723.1
2025,1600600,estadual,455,280,747.7
2025,1600600,municipal,1205,903,761.0
2025,1600709,municipal,267,154,743.4
2025,1600808,municipal,192,95,733.9
2025,1700251,municipal,30,27,774.0
2025,1700301,municipal,80,40,731.9
2025,1700350,municipal,60,52,768.4
2025,1700400,municipal,137,91,746.8
2025,1700707,municipal,133,111,768.0
2025,1701002,municipal,155,90,736.5
2025,1701051,municipal,36,27,762.1
2025,1701101,municipal,85,60,745.9
2025,1701309,municipal,73,39,736.7
2025,1701903,municipal,92,58,746.7
2025,1702000,municipal,90,64,753.7
2025,1702109,municipal,2092,1160,739.3
2025,1702158,municipal,54,28,736.3
2025,1702208,municipal,392,248,744.8
2025,1702307,municipal,86,56,744.9
2025,1702406,municipal,72,44,747.8
2025,1702554,municipal,248,203,762.6
2025,1702703,municipal,35,31,771.2
2025,1702901,municipal,111,62,736.9
2025,1703008,municipal,72,18,709.2
2025,1703057,municipal,53,33,747.1
2025,1703073,municipal,77,37,729.5
2025,1703107,municipal,69,42,742.6
2025,1703206,municipal,59,49,763.9
2025,1703305,municipal,68,31,730.9
2025,1703602,municipal,19,6,718.4
2025,1703701,municipal,67,55,765.5
2025,1703800,municipal,139,84,746.5
2025,1703826,municipal,33,27,764.3
2025,1703842,municipal,139,84,741.1
2025,1703867,municipal,58,44,756.4
2025,1703883,municipal,52,36,751.4
2025,1703891,municipal,66,42,743.7
2025,1703909,municipal,74,52,755.8
2025,1704105,municipal,28,20,748.6
2025,1704600,municipal,23,14,752.4
2025,1705102,municipal,41,22,740.7
2025,1705508,municipal,471,338,754.5
2025,1705557,municipal,55,40,755.6
2025,1705607,municipal,55,28,735.2
2025,1706001,municipal,76,40,736.2
2025,1706100,municipal,73,48,751.6
2025,1706258,municipal,30,19,751.3
2025,1706506,municipal,91,47,731.2
2025,1707009,municipal,281,189,750.4
2025,1707108,municipal,99,74,752.6
2025,1707207,municipal,56,36,744.4
2025,1707306,municipal,69,41,734.4
2025,1707405,municipal,120,76,744.8
2025,1707553,municipal,62,52,764.2
2025,1707652,municipal,81,69,765.1
2025,1707702,municipal,85,11,691.5
2025,1708205,municipal,197,134,750.8
2025,1708254,municipal,58,38,745.1
2025,1708304,municipal,61,46,758.4
2025,1709005,municipal,140,56,724.3
2025,1709302,municipal,227,139,743.4
2025,1709500,estadual,25,22,763.0
2025,1709500,municipal,840,534,747.2
2025,1709807,municipal,17,7,726.8
2025,1710508,municipal,78,66,769.8
2025,1710706,municipal,69,30,733.5
2025,1710904,municipal,49,25,731.2
2025,1711100,municipal,35,20,738.8
2025,1711506,municipal,37,28,759.2
2025,1711803,municipal,36,23,751.1
2025,1711902,municipal,186,110,741.4
2025,1711951,municipal,70,36,731.1
2025,1712009,municipal,60,36,746.6
2025,1712157,municipal,22,20,767.5
2025,1712405,municipal,59,28,730.4
2025,1712454,municipal,36,23,744.9
2025,1712504,municipal,67,45,744.2
2025,1712702,municipal,30,10,716.2
2025,1712801,municipal,46,23,736.4
2025,1713205,municipal,162,78,736.2
2025,1713304,municipal,137,89,743.0
2025,1713601,municipal,92,43,728.3
2025,1713700,municipal,31,21,743.5
2025,1713809,municipal,68,42,744.8
2025,1713957,municipal,36,12,720.9
2025,1714203,municipal,99,74,751.5
2025,1714302,municipal,63,46,758.8
2025,1714880,municipal,161,76,729.3
2025,1715002,municipal,47,45,776.7
2025,1715101,municipal,65,36,733.4
2025,1715150,municipal,18,12,749.8
2025,1715259,municipal,33,26,760.6
2025,1715507,municipal,24,21,771.8
2025,1715705,municipal,72,22,709.3
2025,1715754,municipal,102,99,777.7
2025,1716109,municipal,649,529,764.3
2025,1716208,municipal,126,80,748.7
2025,1716307,municipal,56,25,728.5
2025,1716505,municipal,225,146,750.3
2025,1716604,municipal,95,69,755.0
2025,1716653,municipal,44,30,753.1
2025,1716703,municipal,83,38,733.1
2025,1717008,municipal,48,19,724.0
2025,1717206,municipal,33,16,735.7
2025,1717503,municipal,48,26,736.7
2025,1717800,municipal,36,28,756.1
2025,1717909,municipal,99,48,727.4
2025,1718006,municipal,38,23,740.9
2025,1718204,municipal,829,486,739.0
2025,1718303,municipal,53,28,736.1
2025,1718402,municipal,44,31,754.9
2025,1718451,municipal,19,9,734.2
2025,1718501,municipal,43,23,743.0
2025,1718550,municipal,60,36,745.2
2025,1718659,municipal,26,11,725.2
2025,1718709,municipal,30,18,749.0
2025,1718758,municipal,74,39,735.7
2025,1718808,municipal,68,28,714.8
2025,1718840,municipal,32,30,771.8
2025,1718865,municipal,62,17,714.5
2025,1718881,municipal,42,35,765.1
2025,1718899,municipal,29,20,741.0
2025,1718907,municipal,71,40,740.1
2025,1719004,municipal,57,29,727.5
2025,1720002,municipal,25,21,775.7
2025,1720101,municipal,77,31,725.6
2025,1720150,municipal,24,15,745.5
2025,1720200,municipal,213,113,733.8
2025,1720259,municipal,35,32,770.9
2025,1720309,municipal,47,28,747.3
2025,1720499,municipal,70,46,754.1
2025,1720655,municipal,78,47,750.4
2025,1720804,municipal,106,61,744.7
2025,1720853,municipal,33,25,763.8
2025,1720903,municipal,214,155,754.5
2025,1720937,municipal,28,23,765.5
2025,1720978,municipal,37,20,740.6
2025,1721000,municipal,3227,1865,740.3
2025,1721109,municipal,52,27,737.2
2025,1721208,municipal,272,132,731.6
2025,1721257,municipal,17,14,768.8
2025,1721307,municipal,27,19,758.5
2025,1722081,municipal,119,78,743.4
2025,1722107,municipal,142,87,744.4
2025,2100055,municipal,1249,882,760.1
2025,2100105,municipal,62,52,792.4
2025,2100154,municipal,135,104,770.5
2025,2100204,municipal,152,100,762.5
2025,2100303,municipal,289,190,762.1
2025,2100402,municipal,73,45,741.7
2025,2100436,municipal,223,113,737.4
2025,2100477,municipal,382,274,765.5
2025,2100501,municipal,128,103,775.3
2025,2100550,municipal,129,83,750.2
2025,2100600,municipal,330,192,741.1
2025,2100709,municipal,174,144,777.5
2025,2100808,municipal,194,80,743.4
2025,2100832,municipal,203,99,727.4
2025,2100873,municipal,132,122,789.7
2025,2100907,municipal,382,337,784.6
2025,2100956,municipal,131,108,778.6
2025,2101004,municipal,327,234,764.2
2025,2101103,municipal,81,62,783.8
2025,2101202,municipal,935,686,765.3
2025,2101251,municipal,204,121,745.8
2025,2101301,municipal,216,190,777.9
2025,2101350,municipal,33,30,791.0
2025,2101400,municipal,1289,686,742.3
2025,2101509,municipal,124,87,758.3
2025,2101608,municipal,898,568,752.2
2025,2101707,municipal,728,598,781.4
2025,2101731,municipal,117,88,775.1
2025,2101772,municipal,208,156,771.2
2025,2101806,municipal,81,68,778.6
2025,2101905,municipal,143,99,761.3
2025,2101939,municipal,40,38,823.5
2025,2101970,municipal,112,101,776.5
2025,2102002,estadual,28,10,728.8
2025,2102002,municipal,350,309,792.8
2025,2102036,municipal,426,343,773.2
2025,2102077,municipal,121,111,789.2
2025,2102101,municipal,311,203,751.4
2025,2102150,municipal,90,65,763.2
2025,2102200,municipal,439,372,787.3
2025,2102309,municipal,267,201,779.2
2025,2102325,municipal,793,379,734.5
2025,2102358,municipal,157,85,736.4
2025,2102374,municipal,108,81,767.4
2025,2102408,municipal,63,47,762.5
2025,2102507,municipal,89,47,743.2
2025,2102556,municipal,150,122,773.5
2025,2102606,municipal,270,243,787.0
2025,2102705,municipal,229,171,768.6
2025,2102754,municipal,122,106,783.6
2025,2102804,municipal,235,139,750.3
2025,2102903,municipal,351,250,760.9
2025,2103000,municipal,1561,953,749.7
2025,2103109,municipal,91,54,746.8
2025,2103125,municipal,124,118,781.7
2025,2103158,municipal,139,125,791.3
2025,2103174,municipal,251,189,763.5
2025,2103208,municipal,780,588,771.7
2025,2103257,municipal,169,148,779.6
2025,2103307,municipal,1226,674,740.8
2025,2103406,municipal,463,418,798.8
2025,2103505,municipal,352,233,759.2
2025,2103554,municipal,144,74,739.6
2025,2103604,municipal,677,312,733.6
2025,2103703,municipal,282,190,756.7
2025,2103752,municipal,180,117,752.3
2025,2103802,municipal,222,135,748.7
2025,2103901,municipal,128,120,788.4
2025,2104008,municipal,200,174,785.8
2025,2104057,municipal,430,277,757.0
2025,2104073,municipal,127,100,768.7
2025,2104081,municipal,71,69,806.6
2025,2104099,municipal,161,135,779.2
2025,2104107,municipal,133,113,778.0
2025,2104206,municipal,270,205,769.3
2025,2104305,municipal,184,170,792.6
2025,2104404,municipal,119,98,779.1
2025,2104503,municipal,96,79,775.9
2025,2104552,municipal,278,188,758.2
2025,2104602,municipal,130,97,756.8
2025,2104628,municipal,107,84,777.0
2025,2104651,municipal,79,70,793.6
2025,2104677,municipal,321,207,760.7
2025,2104701,municipal,69,49,771.1
2025,2104800,municipal,985,533,740.9
2025,2104909,municipal,150,124,779.7
2025,2105005,municipal,355,215,747.8
2025,2105104,municipal,243,175,770.8
2025,2105153,municipal,158,136,787.1
2025,2105203,municipal,93,83,796.9
2025,2105302,municipal,2704,1625,748.5
2025,2105351,municipal,178,162,793.0
2025,2105401,municipal,877,679,772.6
2025,2105427,municipal,259,207,771.1
2025,2105450,municipal,119,80,755.1
2025,2105476,municipal,109,79,768.6
2025,2105500,municipal,302,193,750.5
2025,2105609,municipal,131,104,770.3
2025,2105658,municipal,119,111,795.0
2025,2105708,municipal,454,393,785.2
2025,2105807,municipal,62,51,782.0
2025,2105906,municipal,136,100,772.6
2025,2105922,municipal,113,94,774.6
2025,2105948,municipal,97,72,776.1
2025,2105963,municipal,123,113,788.8
2025,2105989,municipal,74,47,760.8
2025,2106003,municipal,153,130,785.0
2025,2106102,municipal,139,100,759.7
2025,2106201,municipal,114,84,767.6
2025,2106300,municipal,173,132,766.5
2025,2106326,municipal,306,172,740.4
2025,2106359,municipal,30,22,775.5
2025,2106375,municipal,125,91,760.9
2025,2106409,municipal,265,195,764.7
2025,2106508,municipal,194,115,746.2
2025,2106607,municipal,346,264,777.8
2025,2106631,municipal,96,73,774.8
2025,2106672,municipal,83,75,799.3
2025,2106706,municipal,177,109,755.2
2025,2106755,municipal,301,238,769.0
2025,2106805,municipal,139,79,746.6
2025,2106904,municipal,258,130,736.0
2025,2107001,municipal,116,65,740.8
2025,2107100,municipal,250,198,777.2
2025,2107209,municipal,130,94,763.3
2025,2107258,municipal,70,61,791.9
2025,2107308,municipal,54,37,768.2
2025,2107357,municipal,145,127,783.5
2025,2107407,municipal,178,124,767.7
2025,2107456,municipal,122,54,736.8
2025,2107506,municipal,1590,905,745.0
2025,2107605,municipal,94,55,745.5
2025,2107704,municipal,264,172,756.5
2025,2107803,municipal,392,328,787.4
2025,2107902,municipal,266,136,740.8
2025,2108009,municipal,204,172,782.4
2025,2108058,municipal,209,173,779.2
2025,2108108,municipal,255,241,798.5
2025,2108207,municipal,301,257,786.1
2025,2108256,municipal,212,117,743.1
2025,2108306,municipal,345,271,771.3
2025,2108405,municipal,64,50,772.9
2025,2108454,municipal,231,157,758.7
2025,2108504,municipal,362,205,747.7
2025,2108603,municipal,631,378,748.2
2025,2108702,municipal,183,108,750.7
2025,2108801,municipal,134,98,761.8
2025,2108900,municipal,133,112,783.9
2025,2109007,municipal,327,279,783.0
2025,2109056,municipal,36,22,765.2
2025,2109106,municipal,501,338,753.3
2025,2109205,municipal,102,51,739.4
2025,2109239,municipal,53,47,784.6
2025,2109270,municipal,276,159,742.4
2025,2109304,municipal,110,75,758.3
2025,2109403,municipal,103,75,755.1
2025,2109452,municipal,441,220,737.4
2025,2109502,municipal,284,166,747.4
2025,2109551,municipal,82,59,756.7
2025,2109601,municipal,396,251,756.7
2025,2109700,municipal,66,54,778.2
2025,2109759,municipal,61,28,741.1
2025,2109809,municipal,228,159,758.3
2025,2109908,estadual,39,35,778.2
2025,2109908,municipal,840,493,748.0
2025,2110005,municipal,715,480,756.9
2025,2110039,municipal,250,241,803.3
2025,2110104,municipal,251,238,791.4
2025,2110203,municipal,445,304,758.3
2025,2110237,municipal,85,67,785.5
2025,2110278,municipal,168,80,729.6
2025,2110302,municipal,145,109,768.2
2025,2110401,municipal,199,115,744.0
2025,2110500,municipal,296,260,794.6
2025,2110609,municipal,321,276,778.6
2025,2110658,municipal,128,90,767.9
2025,2110708,municipal,370,238,747.1
2025,2110807,municipal,45,32,768.8
2025,2110856,municipal,127,98,759.0
2025,2110906,municipal,165,139,781.3
2025,2111003,municipal,119,82,760.9
2025,2111029,municipal,190,146,770.6
2025,2111052,municipal,112,64,744.1
2025,2111078,municipal,166,100,742.9
2025,2111102,municipal,292,231,771.5
2025,2111201,municipal,1961,1255,755.6
2025,2111250,municipal,63,50,771.1
2025,2111300,estadual,57,48,781.7
2025,2111300,municipal,6160,3933,753.1
2025,2111409,municipal,151,104,755.8
2025,2111508,municipal,439,271,751.1
2025,2111532,municipal,191,139,762.6
2025,2111573,municipal,69,39,747.9
2025,2111607,municipal,214,198,794.9
2025,2111631,municipal,56,41,758.3
2025,2111672,municipal,53,39,757.8
2025,2111706,municipal,151,88,745.0
2025,2111722,municipal,83,76,789.2
2025,2111748,municipal,100,88,792.6
2025,2111763,municipal,175,135,766.9
2025,2111789,municipal,144,76,738.7
2025,2111805,municipal,238,156,752.6
2025,2111904,municipal,134,106,771.4
2025,2111953,municipal,40,25,749.5
2025,2112001,municipal,127,96,768.7
2025,2112100,municipal,340,238,759.1
2025,2112209,municipal,2150,1641,772.9
2025,2112233,municipal,330,294,793.1
2025,2112274,municipal,62,24,724.2
2025,2112308,municipal,305,194,753.0
2025,2112407,municipal,306,272,780.9
2025,2112456,municipal,255,185,766.1
2025,2112506,municipal,722,532,766.6
2025,2112605,municipal,334,238,772.3
2025,2112704,municipal,560,540,808.9
2025,2112803,municipal,489,291,750.5
2025,2112852,municipal,157,147,793.1
2025,2112902,municipal,255,165,755.1
2025,2113009,municipal,315,177,751.8
2025,2114007,municipal,473,385,779.4
2025,2200053,municipal,59,55,790.2
2025,2200103,municipal,90,73,772.8
2025,2200202,municipal,216,207,803.1
2025,2200251,municipal,45,35,777.6
2025,2200277,municipal,63,55,791.7
2025,2200301,municipal,121,92,770.8
2025,2200400,municipal,474,432,794.1
2025,2200459,municipal,56,44,776.4
2025,2200509,municipal,178,147,771.0
2025,2200608,municipal,96,89,793.3
2025,2200707,municipal,98,88,786.4
2025,2200806,municipal,49,49,825.8
2025,2200905,municipal,27,17,775.0
2025,2200954,municipal,22,9,735.7
2025,2201002,municipal,55,39,761.9
2025,2201051,municipal,94,74,771.2
2025,2201101,municipal,57,49,782.9
2025,2201150,municipal,229,212,793.2
2025,2201176,municipal,35,32,785.3
2025,2201200,municipal,637,439,758.9
2025,2201309,municipal,40,30,764.0
2025,2201408,municipal,43,32,759.1
2025,2201507,municipal,277,223,781.5
2025,2201556,municipal,40,40,816.5
2025,2201572,municipal,24,24,828.1
2025,2201606,municipal,111,85,770.3
2025,2201705,municipal,41,36,776.0
2025,2201739,municipal,93,79,786.9
2025,2201770,municipal,61,41,755.9
2025,2201804,municipal,19,10,735.5
2025,2201903,municipal,204,204,820.2
2025,2201919,municipal,48,26,747.7
2025,2201929,municipal,76,55,756.7
2025,2201945,municipal,52,49,796.7
2025,2201960,municipal,101,92,793.0
2025,2201988,municipal,33,30,784.0
2025,2202000,municipal,295,229,769.5
2025,2202026,municipal,63,63,819.4
2025,2202059,municipal,83,63,763.7
2025,2202075,municipal,35,27,770.7
2025,2202083,municipal,139,130,799.6
2025,2202091,municipal,37,37,812.5
2025,2202109,municipal,42,23,751.2
2025,2202117,municipal,49,22,737.9
2025,2202133,municipal,62,60,799.3
2025,2202174,municipal,75,50,764.9
2025,2202208,municipal,453,367,776.3
2025,2202251,municipal,38,31,771.3
2025,2202307,municipal,235,133,738.8
2025,2202406,municipal,157,110,772.6
2025,2202455,municipal,50,45,790.1
2025,2202505,municipal,138,82,755.8
2025,2202539,municipal,65,52,768.5
2025,2202554,municipal,75,52,755.2
2025,2202604,municipal,239,203,783.5
2025,2202653,municipal,61,51,785.6
2025,2202703,municipal,338,333,833.0
2025,2202711,municipal,57,45,777.3
2025,2202729,municipal,88,84,795.2
2025,2202737,municipal,72,54,771.5
2025,2202752,municipal,61,50,772.1
2025,2202778,municipal,96,72,767.9
2025,2202802,municipal,76,57,771.5
2025,2202851,municipal,48,37,769.6
2025,2202901,municipal,297,159,739.5
2025,2203008,municipal,68,54,788.9
2025,2203107,municipal,46,46,808.1
2025,2203206,municipal,71,70,796.6
2025,2203230,municipal,34,32,792.0
2025,2203255,municipal,82,61,758.7
2025,2203271,municipal,55,43,770.6
2025,2203305,municipal,81,81,811.9
2025,2203354,municipal,71,40,754.6
2025,2203404,municipal,52,44,762.6
2025,2203420,municipal,55,52,807.1
2025,2203453,municipal,85,70,777.1
2025,2203503,municipal,50,44,789.0
2025,2203602,municipal,40,31,773.1
2025,2203701,municipal,337,287,785.2
2025,2203750,municipal,90,68,759.5
2025,2203800,municipal,59,47,768.2
2025,2203859,municipal,26,26,806.0
2025,2203909,municipal,551,415,766.3
2025,2204006,municipal,24,24,823.7
2025,2204105,municipal,58,47,767.9
2025,2204154,municipal,34,30,781.8
2025,2204204,municipal,57,42,767.2
2025,2204303,municipal,90,90,829.5
2025,2204352,municipal,89,64,761.5
2025,2204402,municipal,103,57,748.1
2025,2204501,municipal,147,101,763.6
2025,2204550,municipal,81,51,757.9
2025,2204600,municipal,45,42,795.0
2025,2204659,municipal,132,81,746.9
2025,2204709,municipal,168,144,775.0
2025,2204808,municipal,106,106,820.4
2025,2204907,municipal,92,54,749.9
2025,2205003,municipal,107,95,779.6
2025,2205102,municipal,82,53,756.6
2025,2205151,municipal,57,56,795.7
2025,2205201,municipal,116,90,774.9
2025,2205250,municipal,25,21,782.3
2025,2205276,municipal,51,40,767.9
2025,2205300,municipal,53,32,739.9
2025,2205359,municipal,37,34,789.2
2025,2205409,municipal,207,178,798.1
2025,2205458,municipal,45,33,757.5
2025,2205508,municipal,479,339,759.6
2025,2205516,municipal,49,43,776.7
2025,2205524,municipal,15,15,804.8
2025,2205532,municipal,56,55,799.2
2025,2205540,municipal,39,30,765.7
2025,2205557,municipal,124,99,772.8
2025,2205565,municipal,72,61,782.6
2025,2205573,municipal,82,70,778.6
2025,2205581,municipal,76,44,744.3
2025,2205599,municipal,44,33,750.7
2025,2205607,municipal,63,47,762.7
2025,2205706,municipal,293,180,752.3
2025,2205805,municipal,216,166,766.8
2025,2205854,municipal,104,73,762.1
2025,2205904,municipal,47,43,797.9
2025,2205953,municipal,165,142,791.8
2025,2206001,municipal,51,45,769.7
2025,2206050,municipal,47,42,772.5
2025,2206100,municipal,152,98,752.1
2025,2206209,municipal,439,252,748.6
2025,2206308,municipal,24,14,741.9
2025,2206357,municipal,28,21,765.3
2025,2206407,municipal,132,97,766.3
2025,2206506,municipal,92,83,799.5
2025,2206605,municipal,161,98,754.1
2025,2206654,municipal,21,21,800.7
2025,2206670,municipal,84,69,769.9
2025,2206696,municipal,92,90,809.0
2025,2206704,municipal,61,52,775.8
2025,2206720,municipal,129,77,764.0
2025,2206753,municipal,33,31,805.0
2025,2206803,municipal,143,111,766.5
2025,2206902,municipal,38,35,793.9
2025,2206951,municipal,45,43,798.4
2025,2207009,municipal,351,305,785.8
2025,2207108,municipal,20,19,792.2
2025,2207207,municipal,76,73,810.5
2025,2207306,municipal,54,30,742.9
2025,2207355,municipal,27,24,778.7
2025,2207405,municipal,44,44,818.0
2025,2207504,municipal,124,62,732.1
2025,2207553,municipal,48,42,790.8
2025,2207603,municipal,119,83,762.1
2025,2207702,municipal,1463,751,737.5
2025,2207751,municipal,58,39,751.5
2025,2207777,municipal,61,46,768.9
2025,2207793,municipal,22,20,781.1
2025,2207801,municipal,251,196,769.6
2025,2207850,municipal,42,34,770.6
2025,2207900,municipal,453,318,759.4
2025,2207934,municipal,20,15,757.8
2025,2207959,municipal,50,39,771.1
2025,2208007,municipal,620,388,753.2
2025,2208106,municipal,69,62,785.7
2025,2208205,municipal,194,105,739.4
2025,2208304,municipal,341,264,767.2
2025,2208403,municipal,770,580,769.5
2025,2208502,municipal,228,143,755.2
2025,2208551,municipal,31,31,790.6
2025,2208601,municipal,51,35,757.4
2025,2208650,municipal,118,109,792.2
2025,2208700,municipal,64,59,797.2
2025,2208809,municipal,196,124,754.2
2025,2208858,municipal,72,72,819.9
2025,2208874,municipal,62,49,772.8
2025,2208908,municipal,51,41,776.4
2025,2209005,municipal,56,42,762.4
2025,2209104,municipal,49,38,783.5
2025,2209153,municipal,31,24,761.0
2025,2209203,municipal,88,66,757.8
2025,2209302,municipal,67,59,782.9
2025,2209351,municipal,55,40,767.2
2025,2209377,municipal,62,55,785.4
2025,2209401,municipal,34,23,756.5
2025,2209450,municipal,19,19,830.9
2025,2209500,municipal,30,27,793.8
2025,2209559,municipal,57,51,790.6
2025,2209609,municipal,39,34,789.4
2025,2209658,municipal,53,37,760.6
2025,2209708,municipal,72,61,782.7
2025,2209757,municipal,48,31,750.8
2025,2209807,municipal,62,47,766.1
2025,2209856,municipal,41,41,808.1
2025,2209872,municipal,64,42,764.0
2025,2209906,municipal,66,64,800.3
2025,2209955,municipal,43,40,794.5
2025,2209971,municipal,124,122,808.9
2025,2210003,municipal,250,176,762.9
2025,2210052,municipal,53,50,816.5
2025,2210102,municipal,42,41,786.1
2025,2210201,municipal,36,34,795.9
2025,2210300,municipal,54,48,798.6
2025,2210359,municipal,29,21,770.2
2025,2210375,municipal,24,19,771.0
2025,2210383,municipal,23,15,747.4
2025,2210391,municipal,33,30,790.2
2025,2210409,municipal,108,104,805.6
2025,2210508,municipal,195,170,789.1
2025,2210607,municipal,437,319,764.0
2025,2210623,municipal,60,31,733.4
2025,2210631,municipal,62,60,809.9
2025,2210656,municipal,82,59,770.0
2025,2210706,municipal,211,191,780.3
2025,2210805,municipal,108,87,777.0
2025,2210904,municipal,40,30,756.5
2025,2210938,municipal,76,57,765.9
2025,2210953,municipal,41,30,757.9
2025,2210979,municipal,34,26,774.8
2025,2211001,estadual,83,69,784.8
2025,2211001,municipal,7055,5685,777.0
2025,2211100,municipal,558,436,770.7
2025,2211209,municipal,258,149,750.2
2025,2211308,municipal,192,106,744.4
2025,2211357,municipal,44,29,756.0
2025,2211407,municipal,39,36,785.0
2025,2211506,municipal,36,31,769.9
2025,2211605,municipal,20,20,822.1
2025,2211704,municipal,45,42,791.0
2025,2300101,municipal,119,97,777.3
2025,2300150,municipal,159,122,771.3
2025,2300200,municipal,838,826,819.3
2025,2300309,municipal,401,237,745.0
2025,2300408,municipal,165,117,765.6
2025,2300507,municipal,116,116,856.7
2025,2300606,municipal,79,78,828.5
2025,2300705,municipal,128,125,824.3
2025,2300754,municipal,609,529,790.7
2025,2300804,municipal,63,60,811.2
2025,2300903,municipal,144,111,774.4
2025,2301000,municipal,1080,936,791.1
2025,2301109,municipal,773,671,789.1
2025,2301208,municipal,307,254,780.3
2025,2301257,municipal,159,159,837.8
2025,2301307,municipal,341,248,768.9
2025,2301406,municipal,155,135,793.2
2025,2301505,municipal,68,43,750.8
2025,2301604,municipal,306,304,843.7
2025,2301703,municipal,202,143,761.9
2025,2301802,municipal,77,58,764.3
2025,2301851,municipal,216,164,772.9
2025,2301901,municipal,752,623,786.7
2025,2301950,municipal,292,264,806.8
2025,2302008,municipal,189,141,768.6
2025,2302057,municipal,233,232,833.0
2025,2302107,municipal,370,325,792.8
2025,2302206,municipal,624,526,785.6
2025,2302305,municipal,326,309,817.8
2025,2302404,municipal,482,435,799.8
2025,2302503,municipal,542,497,796.1
2025,2302602,municipal,786,767,823.3
2025,2302701,municipal,266,153,747.4
2025,2302800,estadual,14,4,709.8
2025,2302800,municipal,848,818,819.5
2025,2302909,municipal,168,125,776.5
2025,2303006,municipal,212,199,831.6
2025,2303105,municipal,188,187,842.7
2025,2303204,municipal,353,284,778.9
2025,2303303,municipal,202,192,804.4
2025,2303402,municipal,265,257,819.5
2025,2303501,municipal,888,698,779.9
2025,2303600,municipal,91,75,786.1
2025,2303659,municipal,86,85,833.6
2025,2303709,estadual,115,66,742.8
2025,2303709,municipal,3471,2003,745.3
2025,2303808,municipal,204,188,798.2
2025,2303907,municipal,179,156,788.4
2025,2303931,municipal,172,165,813.9
2025,2303956,municipal,211,210,826.7
2025,2304004,municipal,257,257,870.5
2025,2304103,estadual,17,16,797.1
2025,2304103,municipal,702,683,823.8
2025,2304202,municipal,1217,1118,810.9
2025,2304236,municipal,202,197,834.3
2025,2304251,municipal,455,446,814.9
2025,2304269,municipal,101,96,819.0
2025,2304277,municipal,58,50,786.4
2025,2304285,municipal,988,944,816.9
2025,2304301,municipal,235,230,821.6
2025,2304350,municipal,262,262,862.6
2025,2304400,estadual,132,131,830.8
2025,2304400,municipal,16746,12277,768.4
2025,2304459,municipal,237,210,793.5
2025,2304509,municipal,257,254,823.1
2025,2304608,municipal,91,86,804.5
2025,2304657,municipal,186,179,844.5
2025,2304707,municipal,692,683,839.6
2025,2304806,municipal,79,73,801.5
2025,2304905,municipal,138,138,849.2
2025,2304954,municipal,295,220,773.6
2025,2305001,municipal,727,714,832.4
2025,2305100,municipal,80,80,820.8
2025,2305209,municipal,206,202,841.0
2025,2305233,municipal,974,951,829.0
2025,2305266,municipal,153,110,765.6
2025,2305308,municipal,329,298,794.4
2025,2305332,municipal,149,147,805.8
2025,2305357,municipal,272,184,760.7
2025,2305407,municipal,623,355,746.7
2025,2305506,municipal,759,497,753.6
2025,2305605,municipal,147,147,832.9
2025,2305654,municipal,115,114,844.7
2025,2305704,municipal,142,133,806.5
2025,2305803,municipal,447,407,799.7
2025,2305902,municipal,457,449,824.5
2025,2306009,municipal,146,123,803.2
2025,2306108,municipal,349,337,823.4
2025,2306207,municipal,69,67,806.5
2025,2306256,municipal,839,655,776.1
2025,2306306,municipal,435,395,795.2
2025,2306405,municipal,1499,1322,791.3
2025,2306504,municipal,189,117,751.5
2025,2306553,municipal,493,450,807.6
2025,2306603,municipal,265,264,844.2
2025,2306702,municipal,225,199,795.5
2025,2306801,municipal,120,107,803.5
2025,2306900,municipal,398,328,779.7
2025,2307007,municipal,251,217,786.4
2025,2307106,municipal,320,222,757.8
2025,2307205,municipal,93,78,776.8
2025,2307254,municipal,491,483,820.3
2025,2307304,municipal,2290,1257,742.8
2025,2307403,municipal,287,241,786.2
2025,2307502,municipal,273,196,760.2
2025,2307601,municipal,604,481,782.8
2025,2307635,municipal,230,221,825.1
2025,2307650,estadual,14,6,745.6
2025,2307650,municipal,3099,2601,789.0
2025,2307700,municipal,1131,877,778.2
2025,2307809,municipal,439,409,804.1
2025,2307908,municipal,172,172,846.9
2025,2308005,municipal,483,473,824.0
2025,2308104,municipal,574,455,777.6
2025,2308203,municipal,242,240,865.2
2025,2308302,municipal,200,144,766.5
2025,2308351,municipal,167,167,830.4
2025,2308377,municipal,162,150,800.2
2025,2308401,municipal,399,262,758.9
2025,2308500,municipal,458,454,818.5
2025,2308609,estadual,53,46,804.7
2025,2308609,municipal,169,169,829.3
2025,2308708,municipal,536,334,753.9
2025,2308807,municipal,101,100,838.8
2025,2308906,municipal,310,286,811.6
2025,2309003,municipal,180,180,832.3
2025,2309102,municipal,101,98,819.0
2025,2309201,municipal,212,212,848.7
2025,2309300,municipal,334,330,824.6
2025,2309409,municipal,365,362,837.5
2025,2309458,municipal,265,194,764.6
2025,2309508,municipal,217,207,800.8
2025,2309607,municipal,693,605,792.0
2025,2309706,municipal,845,628,770.7
2025,2309805,municipal,138,128,800.2
2025,2309904,municipal,92,91,835.1
2025,2310001,municipal,86,68,774.4
2025,2310100,municipal,107,96,796.4
2025,2310209,municipal,598,574,811.2
2025,2310258,municipal,480,477,831.0
2025,2310308,municipal,329,262,774.8
2025,2310407,municipal,100,99,823.3
2025,2310506,municipal,432,431,836.9
2025,2310605,municipal,111,79,762.1
2025,2310704,municipal,407,353,792.7
2025,2310803,municipal,290,271,803.8
2025,2310852,municipal,250,238,801.5
2025,2310902,municipal,154,153,831.3
2025,2310951,municipal,120,120,871.3
2025,2311009,estadual,22,16,770.4
2025,2311009,municipal,152,151,830.3
2025,2311108,municipal,237,223,819.5
2025,2311207,municipal,114,108,806.0
2025,2311231,municipal,73,72,824.4
2025,2311264,estadual,13,12,782.8
2025,2311264,municipal,209,192,818.8
2025,2311306,municipal,780,692,793.6
2025,2311355,municipal,198,152,767.3
2025,2311405,municipal,945,928,830.8
2025,2311504,municipal,196,165,789.0
2025,2311603,municipal,362,278,772.7
2025,2311702,municipal,205,201,839.4
2025,2311801,municipal,799,747,804.7
2025,2311900,municipal,180,146,776.2
2025,2311959,municipal,241,230,812.9
2025,2312007,municipal,279,277,834.1
2025,2312106,municipal,188,178,812.9
2025,2312205,municipal,419,405,823.4
2025,2312304,estadual,11,9,793.4
2025,2312304,municipal,542,527,826.5
2025,2312403,municipal,928,876,810.8
2025,2312502,municipal,47,40,793.2
2025,2312601,municipal,112,108,795.0
2025,2312700,municipal,190,190,832.1
2025,2312809,municipal,107,107,852.8
2025,2312908,municipal,2524,2444,834.5
2025,2313005,municipal,200,198,836.8
2025,2313104,municipal,250,209,781.5
2025,2313203,municipal,264,260,825.5
2025,2313252,municipal,98,95,826.4
2025,2313302,municipal,493,398,782.9
2025,2313351,municipal,235,181,777.3
2025,2313401,municipal,1130,1021,803.0
2025,2313500,municipal,952,899,811.1
2025,2313559,municipal,239,228,812.2
2025,2313609,municipal,449,434,821.9
2025,2313708,municipal,66,66,822.0
2025,2313757,municipal,222,210,800.7
2025,2313807,municipal,269,207,771.9
2025,2313906,municipal,190,175,802.9
2025,2313955,municipal,258,256,847.7
2025,2314003,municipal,353,329,808.9
2025,2314102,municipal,867,755,799.4
2025,2400109,municipal,102,55,736.2
2025,2400208,estadual,19,11,743.5
2025,2400208,municipal,384,193,728.5
2025,2400307,estadual,24,15,743.5
2025,2400307,municipal,64,12,697.9
2025,2400406,municipal,41,21,747.8
2025,2400505,municipal,125,69,737.4
2025,2400604,estadual,12,9,750.4
2025,2400604,municipal,29,21,750.7
2025,2400703,municipal,188,153,763.5
2025,2400802,estadual,43,20,724.3
2025,2400802,municipal,73,33,732.6
2025,2400901,estadual,10,9,772.6
2025,2400901,municipal,25,12,733.2
2025,2401008,estadual,29,9,709.2
2025,2401008,municipal,175,112,744.2
2025,2401107,estadual,36,11,709.3
2025,2401107,municipal,150,82,742.2
2025,2401206,municipal,152,73,730.7
2025,2401305,municipal,71,31,724.5
2025,2401404,municipal,76,36,728.6
2025,2401453,municipal,198,95,731.8
2025,2401503,municipal,28,21,754.0
2025,2401602,municipal,66,22,720.3
2025,2401651,municipal,25,15,738.3
2025,2401701,estadual,57,36,747.9
2025,2401701,municipal,64,24,719.7
2025,2401800,estadual,52,29,733.5
2025,2401800,municipal,71,39,751.2
2025,2401859,municipal,61,30,730.4
2025,2401909,estadual,20,19,783.5
2025,2401909,municipal,26,7,711.2
2025,2402006,estadual,63,47,760.6
2025,2402006,municipal,315,168,739.4
2025,2402105,municipal,90,50,734.9
2025,2402204,municipal,384,179,730.3
2025,2402303,estadual,60,37,746.6
2025,2402303,municipal,104,53,730.0
2025,2402402,municipal,76,58,759.8
2025,2402501,estadual,40,31,761.4
2025,2402501,municipal,71,43,741.4
2025,2402600,estadual,134,53,718.7
2025,2402600,municipal,629,203,714.1
2025,2402709,municipal,119,65,735.4
2025,2402808,municipal,53,12,713.8
2025,2402907,municipal,19,13,755.9
2025,2403004,estadual,37,27,751.5
2025,2403004,municipal,62,40,751.5
2025,2403103,estadual,26,14,727.7
2025,2403103,municipal,251,137,738.2
2025,2403202,municipal,48,37,763.6
2025,2403251,municipal,1522,675,727.5
2025,2403301,municipal,63,42,756.1
2025,2403400,municipal,65,36,742.2
2025,2403509,municipal,103,50,732.8
2025,2403608,estadual,62,28,730.2
2025,2403608,municipal,679,264,725.5
2025,2403707,municipal,47,31,752.1
2025,2403756,municipal,43,15,728.1
2025,2403806,municipal,70,38,744.0
2025,2403905,municipal,31,19,755.0
2025,2404002,estadual,14,10,748.2
2025,2404002,municipal,28,3,712.2
2025,2404101,municipal,38,29,758.2
2025,2404200,municipal,397,184,732.6
2025,2404309,estadual,19,17,779.3
2025,2404309,municipal,59,38,750.7
2025,2404408,estadual,17,11,755.3
2025,2404408,municipal,85,61,761.9
2025,2404507,municipal,166,59,720.4
2025,2404606,estadual,12,8,746.8
2025,2404606,municipal,122,59,731.7
2025,2404705,estadual,19,10,733.1
2025,2404705,municipal,104,34,722.4
2025,2404804,municipal,28,18,757.9
2025,2404853,municipal,77,51,750.9
2025,2404903,estadual,29,16,746.7
2025,2404903,municipal,32,19,747.2
2025,2405009,estadual,20,10,734.2
2025,2405009,municipal,66,37,740.2
2025,2405108,estadual,36,10,722.1
2025,2405108,municipal,59,23,728.2
2025,2405207,estadual,11,7,744.2
2025,2405207,municipal,39,21,733.8
2025,2405306,municipal,66,33,731.1
2025,2405405,estadual,27,10,726.7
2025,2405405,municipal,38,15,726.4
2025,2405504,municipal,47,21,719.8
2025,2405603,estadual,22,12,742.4
2025,2405603,municipal,79,48,742.0
2025,2405702,estadual,25,24,788.8
2025,2405702,municipal,62,40,749.7
2025,2405801,municipal,335,117,718.7
2025,2405900,municipal,29,17,741.4
2025,2406007,municipal,40,21,738.5
2025,2406106,estadual,27,22,762.0
2025,2406106,municipal,111,57,739.6
2025,2406155,municipal,9,5,747.1
2025,2406205,estadual,28,14,735.4
2025,2406205,municipal,47,14,727.2
2025,2406304,municipal,59,19,714.3
2025,2406403,municipal,27,16,738.1
2025,2406502,municipal,174,83,730.2
2025,2406601,estadual,18,2,708.3
2025,2406601,municipal,58,27,720.9
2025,2406700,municipal,115,50,727.0
2025,2406809,municipal,46,32,740.7
2025,2406908,municipal,33,22,756.6
2025,2407005,estadual,24,17,752.4
2025,2407005,municipal,73,36,740.8
2025,2407104,estadual,47,16,716.8
2025,2407104,municipal,657,257,728.6
2025,2407203,estadual,42,28,743.2
2025,2407203,municipal,158,68,723.6
2025,2407252,municipal,52,33,749.9
2025,2407302,estadual,18,16,778.4
2025,2407302,municipal,36,19,733.5
2025,2407401,estadual,25,21,766.5
2025,2407401,municipal,61,42,756.1
2025,2407500,municipal,102,38,728.2
2025,2407609,municipal,31,10,726.3
2025,2407708,municipal,143,92,748.7
2025,2407807,municipal,186,107,740.8
2025,2407906,municipal,28,12,724.9
2025,2408003,estadual,519,233,725.5
2025,2408003,municipal,1253,708,739.8
2025,2408102,estadual,1001,469,730.4
2025,2408102,municipal,3013,1214,721.3
2025,2408201,estadual,16,7,740.6
2025,2408201,municipal,334,276,769.1
2025,2408300,estadual,74,28,717.9
2025,2408300,municipal,113,54,730.6
2025,2408409,municipal,32,15,729.2
2025,2408508,municipal,59,48,770.9
2025,2408607,municipal,40,18,731.5
2025,2408706,estadual,17,7,713.1
2025,2408706,municipal,11,1,687.9
2025,2408805,municipal,96,47,735.3
2025,2408904,estadual,117,94,766.8
2025,2408904,municipal,102,76,755.4
2025,2408953,municipal,138,70,741.8
2025,2409100,estadual,22,9,727.8
2025,2409100,municipal,80,31,734.5
2025,2409209,municipal,21,10,735.3
2025,2409308,estadual,22,9,727.6
2025,2409308,municipal,85,39,731.6
2025,2409332,municipal,42,9,685.9
2025,2409407,estadual,144,84,744.8
2025,2409407,municipal,116,62,739.3
2025,2409506,municipal,52,22,727.8
2025,2409605,municipal,34,22,746.7
2025,2409704,estadual,24,19,768.8
2025,2409704,municipal,44,16,722.7
2025,2409803,estadual,45,16,713.9
2025,2409803,municipal,71,16,701.3
2025,2409902,municipal,94,33,719.1
2025,2410009,estadual,11,11,774.9
2025,2410009,municipal,19,12,751.2
2025,2410108,municipal,94,24,699.6
2025,2410207,estadual,15,3,713.2
2025,2410207,municipal,45,35,762.1
2025,2410256,municipal,63,23,719.5
2025,2410306,municipal,94,35,718.4
2025,2410405,estadual,19,11,738.8
2025,2410405,municipal,122,60,721.6
2025,2410504,estadual,15,9,736.9
2025,2410504,municipal,33,16,727.0
2025,2410603,municipal,22,21,792.3
2025,2410702,municipal,30,18,736.4
2025,2410801,municipal,36,26,763.3
2025,2410900,estadual,17,15,762.4
2025,2410900,municipal,46,18,726.1
2025,2411007,estadual,17,11,745.0
2025,2411007,municipal,33,22,742.5
2025,2411056,estadual,23,15,750.1
2025,2411056,municipal,27,14,734.4
2025,2411106,municipal,27,19,755.2
2025,2411205,estadual,19,16,771.1
2025,2411205,municipal,328,131,722.4
2025,2411403,estadual,41,24,741.5
2025,2411403,municipal,36,19,734.2
2025,2411429,municipal,36,28,759.5
2025,2411502,estadual,77,49,741.2
2025,2411502,municipal,50,23,729.7
2025,2411601,municipal,38,20,741.7
2025,2411700,municipal,46,25,738.6
2025,2411809,municipal,29,21,755.2
2025,2411908,municipal,44,37,767.2
2025,2412005,estadual,64,21,720.4
2025,2412005,municipal,694,260,719.9
2025,2412104,estadual,10,5,741.4
2025,2412104,municipal,58,43,765.4
2025,2412203,estadual,59,31,740.0
2025,2412203,municipal,584,264,728.8
2025,2412302,estadual,39,26,746.6
2025,2412302,municipal,52,19,714.9
2025,2412401,municipal,49,28,743.2
2025,2412500,municipal,177,120,753.6
2025,2412559,municipal,103,45,726.0
2025,2412609,municipal,149,53,717.5
2025,2412708,estadual,21,8,714.4
2025,2412708,municipal,31,10,717.0
2025,2412807,municipal,36,18,737.1
2025,2412906,municipal,86,41,737.4
2025,2413003,estadual,23,16,744.1
2025,2413003,municipal,29,26,768.4
2025,2413102,estadual,21,9,731.4
2025,2413102,municipal,66,18,709.5
2025,2413201,municipal,54,28,735.1
2025,2413300,municipal,49,32,744.8
2025,2413359,municipal,110,30,704.6
2025,2413409,municipal,40,24,753.7
2025,2413508,municipal,66,46,755.7
2025,2413557,estadual,19,13,749.0
2025,2413557,municipal,27,16,754.4
2025,2413607,municipal,56,40,751.2
2025,2413706,municipal,60,36,738.2
2025,2413805,municipal,37,36,780.2
2025,2413904,estadual,41,28,745.7
2025,2413904,municipal,49,13,713.8
2025,2414001,estadual,22,14,736.2
2025,2414001,municipal,107,40,725.4
2025,2414100,estadual,21,10,742.3
2025,2414100,municipal,85,49,744.9
2025,2414159,municipal,76,42,744.0
2025,2414209,municipal,245,137,746.3
2025,2414308,municipal,20,6,728.8
2025,2414407,estadual,37,21,740.5
2025,2414407,municipal,290,186,748.6
2025,2414456,municipal,37,13,719.6
2025,2414506,estadual,16,2,716.8
2025,2414506,municipal,59,43,745.3
2025,2414605,estadual,30,19,753.0
2025,2414605,municipal,53,27,728.6
2025,2414704,municipal,32,16,731.7
2025,2414753,municipal,18,15,766.5
2025,2414803,municipal,152,86,739.5
2025,2414902,municipal,23,14,750.6
2025,2415008,municipal,52,18,711.7
2025,2500106,municipal,87,80,781.1
2025,2500205,municipal,36,33,801.0
2025,2500304,municipal,284,181,746.3
2025,2500403,municipal,272,249,793.6
2025,2500502,municipal,121,85,761.0
2025,2500536,municipal,90,68,763.8
2025,2500577,municipal,40,32,775.6
2025,2500601,municipal,282,186,759.1
2025,2500700,municipal,148,116,769.2
2025,2500734,municipal,31,31,809.8
2025,2500775,municipal,40,40,794.0
2025,2500809,municipal,131,68,739.2
2025,2500908,municipal,68,55,766.7
2025,2501005,municipal,193,126,754.9
2025,2501104,municipal,234,223,792.4
2025,2501153,municipal,22,13,750.3
2025,2501203,municipal,91,75,770.1
2025,2501302,municipal,245,202,770.1
2025,2501351,municipal,64,50,772.6
2025,2501401,estadual,9,2,703.7
2025,2501401,municipal,112,67,750.4
2025,2501500,municipal,145,118,771.1
2025,2501534,municipal,60,47,771.6
2025,2501575,municipal,72,56,770.8
2025,2501609,municipal,83,68,776.1
2025,2501708,municipal,108,102,786.5
2025,2501807,estadual,34,23,749.9
2025,2501807,municipal,475,238,732.6
2025,2501906,municipal,112,64,745.3
2025,2502003,municipal,54,39,763.5
2025,2502052,municipal,38,13,742.6
2025,2502102,municipal,48,35,750.3
2025,2502151,municipal,78,73,783.7
2025,2502201,municipal,27,24,782.4
2025,2502300,municipal,33,29,767.7
2025,2502409,municipal,88,55,750.1
2025,2502508,municipal,128,95,762.1
2025,2502607,municipal,57,34,757.3
2025,2502706,municipal,37,19,736.7
2025,2502805,municipal,131,99,767.1
2025,2502904,municipal,43,12,726.5
2025,2503001,municipal,208,134,754.1
2025,2503100,municipal,58,56,802.9
2025,2503209,estadual,9,6,761.5
2025,2503209,municipal,568,433,765.0
2025,2503308,municipal,70,56,763.6
2025,2503407,municipal,31,29,779.2
2025,2503506,municipal,140,112,764.7
2025,2503555,municipal,133,82,750.5
2025,2503605,municipal,56,45,767.6
2025,2503704,estadual,32,22,761.8
2025,2503704,municipal,538,369,757.8
2025,2503753,municipal,25,24,785.8
2025,2503803,municipal,24,22,778.9
2025,2503902,municipal,58,50,774.8
2025,2504009,estadual,182,143,763.3
2025,2504009,municipal,2862,1985,757.4
2025,2504033,municipal,89,63,752.7
2025,2504074,municipal,37,33,795.0
2025,2504108,municipal,44,40,777.3
2025,2504157,municipal,81,66,774.3
2025,2504207,municipal,64,42,750.3
2025,2504306,municipal,223,115,743.8
2025,2504355,municipal,48,41,775.1
2025,2504405,estadual,23,7,713.7
2025,2504405,municipal,150,140,792.1
2025,2504504,municipal,69,45,750.0
2025,2504603,municipal,398,360,785.0
2025,2504702,municipal,53,46,779.9
2025,2504801,municipal,123,80,752.6
2025,2504850,municipal,12,11,800.8
2025,2504900,municipal,126,79,750.5
2025,2505006,municipal,72,60,783.1
2025,2505105,municipal,175,153,779.3
2025,2505204,municipal,37,16,731.7
2025,2505238,municipal,82,46,729.2
2025,2505279,municipal,70,52,765.7
2025,2505303,municipal,23,20,787.7
2025,2505352,municipal,53,42,767.0
2025,2505402,municipal,68,38,738.6
2025,2505501,municipal,32,0,706.2
2025,2505600,municipal,72,34,732.6
2025,2505709,municipal,132,118,784.4
2025,2505808,municipal,22,21,786.8
2025,2505907,municipal,48,42,797.5
2025,2506004,municipal,292,258,775.2
2025,2506103,municipal,82,51,750.6
2025,2506202,municipal,26,18,739.1
2025,2506251,municipal,108,85,770.1
2025,2506301,municipal,415,313,762.3
2025,2506400,municipal,103,81,760.8
2025,2506509,municipal,46,43,786.6
2025,2506608,municipal,41,35,769.6
2025,2506707,estadual,18,15,774.7
2025,2506707,municipal,78,40,752.9
2025,2506806,municipal,150,86,740.9
2025,2506905,estadual,12,4,694.6
2025,2506905,municipal,151,72,742.3
2025,2507002,municipal,192,136,754.0
2025,2507101,municipal,162,115,760.4
2025,2507200,municipal,79,26,720.3
2025,2507309,municipal,142,75,737.2
2025,2507408,municipal,58,27,732.9
2025,2507507,estadual,493,274,742.4
2025,2507507,municipal,5101,3344,753.7
2025,2507606,municipal,55,46,772.6
2025,2507705,municipal,221,147,748.9
2025,2507804,municipal,77,65,785.6
2025,2507903,municipal,124,62,737.6
2025,2508000,municipal,67,58,777.0
2025,2508109,municipal,41,31,764.9
2025,2508208,municipal,82,45,746.0
2025,2508307,municipal,245,194,770.2
2025,2508406,municipal,30,7,715.3
2025,2508505,municipal,94,80,769.8
2025,2508554,municipal,73,71,805.6
2025,2508604,municipal,178,124,757.0
2025,2508703,municipal,31,23,768.4
2025,2508802,municipal,65,54,765.6
2025,2508901,municipal,465,375,772.7
2025,2509008,estadual,24,21,775.9
2025,2509008,municipal,65,57,779.4
2025,2509057,estadual,47,16,721.3
2025,2509057,municipal,84,49,742.1
2025,2509107,municipal,173,114,747.9
2025,2509156,municipal,55,52,797.4
2025,2509206,municipal,95,67,759.0
2025,2509305,municipal,156,96,747.4
2025,2509339,municipal,36,34,788.7
2025,2509370,municipal,14,5,731.8
2025,2509396,municipal,99,85,775.7
2025,2509404,municipal,138,91,756.9
2025,2509503,municipal,84,66,771.5
2025,2509602,municipal,59,42,761.1
2025,2509701,municipal,379,327,781.3
2025,2509800,municipal,95,61,750.9
2025,2509909,municipal,74,60,773.5
2025,2510006,municipal,68,48,757.6
2025,2510105,municipal,121,86,759.6
2025,2510204,municipal,60,31,742.8
2025,2510303,municipal,44,44,805.4
2025,2510402,municipal,42,25,770.6
2025,2510501,municipal,31,27,784.2
2025,2510600,municipal,27,27,805.5
2025,2510659,municipal,13,13,824.9
2025,2510709,municipal,41,36,776.1
2025,2510808,municipal,936,791,774.6
2025,2510907,municipal,120,63,749.3
2025,2511004,municipal,50,46,793.1
2025,2511103,municipal,72,67,805.7
2025,2511202,municipal,386,221,747.8
2025,2511301,municipal,78,36,745.0
2025,2511400,municipal,221,153,760.0
2025,2511509,municipal,139,94,755.3
2025,2511608,municipal,82,65,765.7
2025,2511707,municipal,86,65,757.5
2025,2511806,municipal,68,31,728.2
2025,2511905,municipal,172,102,745.0
2025,2512002,municipal,225,164,767.0
2025,2512036,municipal,43,32,764.0
2025,2512077,municipal,34,25,753.8
2025,2512101,municipal,291,214,771.0
2025,2512200,municipal,45,32,758.3
2025,2512309,estadual,10,9,776.5
2025,2512309,municipal,213,162,794.9
2025,2512408,municipal,230,173,771.0
2025,2512507,municipal,556,536,805.7
2025,2512606,municipal,28,28,807.0
2025,2512705,municipal,174,120,751.9
2025,2512721,municipal,27,19,752.7
2025,2512747,municipal,30,25,771.0
2025,2512754,municipal,60,36,742.5
2025,2512762,municipal,56,33,744.5
2025,2512788,municipal,22,20,775.9
2025,2512804,municipal,71,25,729.4
2025,2512903,estadual,64,37,738.0
2025,2512903,municipal,168,101,747.4
2025,2513000,municipal,30,24,771.7
2025,2513109,municipal,46,30,756.8
2025,2513158,municipal,63,46,757.7
2025,2513208,municipal,55,44,775.6
2025,2513307,municipal,63,39,747.6
2025,2513356,municipal,19,12,756.3
2025,2513406,municipal,152,104,752.3
2025,2513505,municipal,66,64,796.7
2025,2513604,municipal,54,48,779.2
2025,2513653,municipal,37,28,753.6
2025,2513703,estadual,127,61,731.3
2025,2513703,municipal,802,359,727.3
2025,2513802,municipal,31,30,811.7
2025,2513851,municipal,33,23,775.8
2025,2513901,municipal,262,189,764.0
2025,2513927,municipal,68,54,769.1
2025,2513943,municipal,35,0,723.4
2025,2513968,municipal,29,25,775.3
2025,2513984,municipal,34,34,803.0
2025,2514008,municipal,45,32,752.3
2025,2514107,municipal,34,28,765.9
2025,2514206,municipal,70,65,788.9
2025,2514305,municipal,68,52,759.2
2025,2514404,municipal,34,28,782.7
2025,2514453,municipal,57,46,776.6
2025,2514503,municipal,157,68,737.5
2025,2514552,municipal,27,24,786.7
2025,2514602,municipal,28,20,768.0
2025,2514651,municipal,24,0,704.8
2025,2514701,municipal,33,29,790.6
2025,2514800,municipal,20,14,762.6
2025,2514909,municipal,80,52,755.8
2025,2515005,municipal,22,21,791.4
2025,2515104,municipal,59,45,751.1
2025,2515203,municipal,47,42,776.1
2025,2515302,municipal,438,282,749.6
2025,2515401,municipal,100,79,763.7
2025,2515500,municipal,101,96,793.5
2025,2515609,municipal,34,29,782.3
2025,2515708,municipal,35,15,750.6
2025,2515807,municipal,27,26,786.0
2025,2515906,municipal,49,26,738.8
2025,2515930,municipal,54,36,747.0
2025,2515971,municipal,30,26,776.3
2025,2516003,municipal,266,221,774.8
2025,2516102,municipal,166,122,758.8
2025,2516151,municipal,48,46,807.0
2025,2516201,estadual,26,20,764.4
2025,2516201,municipal,573,413,766.2
2025,2516300,municipal,142,123,787.2
2025,2516409,municipal,58,38,749.1
2025,2516508,municipal,130,109,774.8
2025,2516607,municipal,124,92,768.8
2025,2516706,municipal,134,128,791.0
2025,2516755,municipal,43,34,771.4
2025,2516805,municipal,78,72,775.4
2025,2516904,estadual,13,8,737.5
2025,2516904,municipal,124,62,741.9
2025,2517001,municipal,119,106,778.0
2025,2517100,municipal,23,21,787.8
2025,2517209,municipal,43,41,787.1
2025,2517407,municipal,32,30,800.3
2025,2600054,municipal,812,400,737.8
2025,2600104,municipal,414,352,781.2
2025,2600203,municipal,175,141,777.1
2025,2600302,municipal,215,166,770.9
2025,2600401,municipal,189,147,767.3
2025,2600500,municipal,477,284,754.0
2025,2600609,municipal,202,102,738.1
2025,2600708,municipal,310,158,744.0
2025,2600807,municipal,127,92,766.1
2025,2600906,municipal,134,90,766.3
2025,2601003,municipal,122,86,761.7
2025,2601052,municipal,236,136,750.7
2025,2601102,municipal,958,505,744.1
2025,2601201,municipal,773,485,749.6
2025,2601300,municipal,130,122,805.0
2025,2601409,municipal,462,250,749.6
2025,2601508,municipal,101,84,780.8
2025,2601607,municipal,157,80,739.5
2025,2601706,municipal,770,525,761.9
2025,2601805,municipal,146,128,781.1
2025,2601904,municipal,506,332,753.3
2025,2602001,municipal,293,158,740.2
2025,2602100,municipal,470,252,743.3
2025,2602209,municipal,314,296,793.4
2025,2602308,municipal,366,269,766.1
2025,2602407,municipal,107,79,770.6
2025,2602506,municipal,111,96,783.6
2025,2602605,municipal,412,246,749.9
2025,2602704,municipal,130,122,796.8
2025,2602803,estadual,17,3,698.0
2025,2602803,municipal,539,378,763.8
2025,2602902,municipal,1924,1002,741.1
2025,2603009,estadual,135,72,760.7
2025,2603009,municipal,252,201,776.6
2025,2603108,municipal,214,190,786.3
2025,2603207,municipal,412,286,757.6
2025,2603306,municipal,68,41,748.5
2025,2603405,municipal,96,91,790.1
2025,2603454,municipal,1045,646,749.3
2025,2603504,municipal,185,151,784.4
2025,2603603,municipal,49,35,767.3
2025,2603702,municipal,236,143,752.7
2025,2603801,municipal,214,157,763.8
2025,2603900,municipal,246,225,790.4
2025,2603926,estadual,32,21,768.9
2025,2603926,municipal,63,63,820.9
2025,2604007,municipal,567,412,765.1
2025,2604106,municipal,3241,2109,754.3
2025,2604155,municipal,126,120,795.4
2025,2604205,municipal,257,133,751.0
2025,2604304,municipal,77,44,740.3
2025,2604403,municipal,126,81,752.0
2025,2604502,municipal,259,164,756.8
2025,2604601,municipal,232,125,738.4
2025,2604700,municipal,154,87,751.4
2025,2604809,municipal,105,99,798.6
2025,2604908,municipal,133,114,786.8
2025,2605004,municipal,304,274,789.2
2025,2605103,municipal,396,378,799.9
2025,2605152,municipal,192,152,777.6
2025,2605202,municipal,428,264,757.9
2025,2605301,municipal,368,284,775.3
2025,2605400,municipal,212,190,798.5
2025,2605459,estadual,41,31,767.2
2025,2605509,municipal,79,75,789.2
2025,2605608,municipal,204,183,789.9
2025,2605707,municipal,289,215,772.7
2025,2605806,municipal,120,92,772.8
2025,2605905,municipal,157,136,780.8
2025,2606002,municipal,1270,910,759.6
2025,2606101,municipal,216,163,771.5
2025,2606200,municipal,713,329,732.3
2025,2606309,municipal,144,90,749.0
2025,2606408,municipal,470,195,731.1
2025,2606507,municipal,209,164,774.3
2025,2606606,estadual,16,13,769.0
2025,2606606,municipal,307,225,759.9
2025,2606705,municipal,77,59,773.8
2025,2606804,municipal,1139,858,767.0
2025,2606903,municipal,97,88,782.9
2025,2607000,estadual,53,28,750.2
2025,2607000,municipal,261,215,778.6
2025,2607109,municipal,33,28,777.7
2025,2607208,municipal,1284,761,748.1
2025,2607307,municipal,409,298,768.7
2025,2607406,estadual,15,14,766.5
2025,2607406,municipal,39,26,759.0
2025,2607505,municipal,230,130,745.2
2025,2607604,municipal,223,115,745.2
2025,2607653,municipal,273,183,764.0
2025,2607703,municipal,124,115,785.2
2025,2607752,municipal,273,239,784.0
2025,2607802,municipal,126,87,762.2
2025,2607901,municipal,4576,2515,743.4
2025,2607950,municipal,83,76,796.6
2025,2608008,municipal,135,77,750.8
2025,2608057,estadual,43,42,774.8
2025,2608057,municipal,114,83,769.2
2025,2608107,municipal,241,218,800.7
2025,2608206,municipal,117,59,748.2
2025,2608255,municipal,158,110,756.8
2025,2608305,municipal,257,163,754.0
2025,2608404,municipal,153,111,760.7
2025,2608453,municipal,131,84,754.5
2025,2608503,municipal,143,107,768.0
2025,2608602,municipal,104,93,782.4
2025,2608701,municipal,81,78,804.1
2025,2608750,municipal,340,253,769.1
2025,2608800,municipal,337,195,744.4
2025,2608909,municipal,425,326,773.7
2025,2609006,municipal,256,208,777.8
2025,2609105,municipal,137,128,806.0
2025,2609154,municipal,211,134,757.6
2025,2609204,municipal,97,79,774.1
2025,2609303,municipal,219,144,758.0
2025,2609402,municipal,424,222,739.6
2025,2609501,municipal,193,139,763.8
2025,2609600,municipal,2502,1541,751.6
2025,2609709,municipal,201,177,788.4
2025,2609808,municipal,116,95,777.7
2025,2609907,municipal,640,286,737.9
2025,2610004,municipal,383,229,751.1
2025,2610103,municipal,51,36,768.0
2025,2610202,municipal,305,283,801.8
2025,2610301,municipal,161,111,759.8
2025,2610400,municipal,178,118,747.2
2025,2610509,municipal,219,186,778.6
2025,2610608,municipal,544,411,765.9
2025,2610707,estadual,36,12,718.7
2025,2610707,municipal,1884,1116,746.1
2025,2610806,municipal,222,141,756.3
2025,2610905,municipal,545,379,764.9
2025,2611002,municipal,411,251,750.4
2025,2611101,municipal,4737,3459,764.4
2025,2611200,municipal,115,71,751.0
2025,2611309,municipal,136,74,742.1
2025,2611408,municipal,77,63,769.3
2025,2611507,municipal,206,129,754.9
2025,2611533,municipal,160,156,811.7
2025,2611606,estadual,59,40,756.3
2025,2611606,municipal,9785,5609,744.2
2025,2611705,municipal,200,143,761.7
2025,2611804,municipal,178,164,791.5
2025,2611903,municipal,217,213,808.7
2025,2612000,municipal,68,48,781.4
2025,2612109,municipal,37,23,749.5
2025,2612208,estadual,12,5,742.1
2025,2612208,municipal,686,568,774.1
2025,2612307,municipal,174,145,781.6
2025,2612406,municipal,215,150,761.6
2025,2612455,municipal,145,132,791.2
2025,2612471,municipal,141,131,801.0
2025,2612505,municipal,1170,674,743.2
2025,2612554,municipal,138,74,742.4
2025,2612604,municipal,479,399,783.4
2025,2612703,municipal,109,85,777.2
2025,2612802,municipal,123,108,782.7
2025,2612901,municipal,80,57,771.5
2025,2613008,municipal,622,467,764.7
2025,2613107,municipal,326,171,738.2
2025,2613206,municipal,292,213,759.5
2025,2613305,municipal,257,220,792.6
2025,2613404,municipal,273,135,738.3
2025,2613503,municipal,460,319,758.9
2025,2613602,municipal,332,271,775.4
2025,2613701,municipal,841,507,754.1
2025,2613800,municipal,167,99,753.3
2025,2613909,municipal,851,690,777.0
2025,2614006,municipal,201,139,762.8
2025,2614105,municipal,303,131,740.1
2025,2614204,municipal,355,262,768.2
2025,2614303,municipal,87,56,753.6
2025,2614402,municipal,91,85,798.3
2025,2614501,municipal,319,227,772.4
2025,2614600,municipal,334,291,784.6
2025,2614709,municipal,119,95,768.5
2025,2614808,estadual,24,13,749.5
2025,2614808,municipal,178,98,750.2
2025,2614857,municipal,298,250,787.8
2025,2615003,municipal,288,198,754.3
2025,2615102,municipal,53,50,805.6
2025,2615201,municipal,119,87,764.3
2025,2615300,municipal,354,319,796.1
2025,2615409,municipal,568,369,750.9
2025,2615508,municipal,121,95,770.3
2025,2615607,municipal,397,303,765.7
2025,2615706,municipal,144,125,787.5
2025,2615805,municipal,232,162,756.0
2025,2615904,municipal,122,99,778.3
2025,2616001,municipal,189,122,756.3
2025,2616100,municipal,63,40,753.4
2025,2616183,municipal,110,96,786.1
2025,2616209,municipal,201,110,744.1
2025,2616308,municipal,307,214,758.9
2025,2616407,municipal,1079,510,738.6
2025,2616506,municipal,160,118,763.2
2025,2700102,estadual,12,4,722.3
2025,2700102,municipal,259,176,749.2
2025,2700201,municipal,180,139,760.1
2025,2700300,municipal,2457,1545,747.2
2025,2700409,municipal,472,266,740.2
2025,2700508,municipal,220,110,737.7
2025,2700607,municipal,153,94,742.1
2025,2700706,municipal,177,103,746.0
2025,2700805,municipal,61,45,752.7
2025,2700904,municipal,104,104,816.7
2025,2701001,municipal,240,210,784.2
2025,2701100,municipal,118,107,794.0
2025,2701209,municipal,143,123,767.4
2025,2701308,municipal,181,115,748.1
2025,2701357,municipal,82,73,770.7
2025,2701407,municipal,504,424,773.3
2025,2701506,municipal,57,41,758.5
2025,2701605,municipal,245,195,766.8
2025,2701704,municipal,151,96,745.3
2025,2701803,municipal,171,102,746.5
2025,2701902,municipal,83,66,755.3
2025,2702009,municipal,93,90,789.2
2025,2702108,municipal,91,90,790.3
2025,2702207,municipal,84,39,739.5
2025,2702306,municipal,777,772,830.2
2025,2702355,municipal,271,172,744.0
2025,2702405,municipal,724,361,734.2
2025,2702504,municipal,79,53,754.9
2025,2702553,municipal,167,101,743.6
2025,2702603,municipal,260,149,742.9
2025,2702702,municipal,34,28,767.2
2025,2702801,municipal,162,97,745.7
2025,2702900,municipal,537,300,741.5
2025,2703007,municipal,85,85,797.9
2025,2703106,municipal,322,193,746.4
2025,2703205,municipal,316,214,754.7
2025,2703304,estadual,12,5,744.8
2025,2703304,municipal,221,164,758.4
2025,2703403,municipal,107,85,761.2
2025,2703502,municipal,57,53,795.5
2025,2703601,municipal,151,70,733.5
2025,2703700,municipal,72,51,757.3
2025,2703759,municipal,153,140,783.0
2025,2703809,estadual,42,12,724.1
2025,2703809,municipal,222,129,745.3
2025,2703908,municipal,47,34,757.5
2025,2704005,municipal,285,206,757.7
2025,2704104,municipal,179,93,738.3
2025,2704203,municipal,362,213,745.3
2025,2704302,estadual,1095,535,731.1
2025,2704302,municipal,5108,2540,733.6
2025,2704401,municipal,173,112,750.1
2025,2704500,municipal,422,218,738.3
2025,2704609,municipal,170,168,800.5
2025,2704708,municipal,910,612,755.6
2025,2704807,municipal,121,83,757.5
2025,2704906,municipal,39,31,760.6
2025,2705002,municipal,194,152,766.6
2025,2705101,municipal,297,164,739.3
2025,2705200,municipal,285,149,734.5
2025,2705309,municipal,75,36,731.3
2025,2705408,municipal,92,82,773.8
2025,2705507,municipal,280,256,782.6
2025,2705606,municipal,145,99,754.4
2025,2705705,municipal,267,156,742.8
2025,2705804,municipal,143,73,736.5
2025,2705903,municipal,50,44,774.2
2025,2706000,municipal,190,174,782.8
2025,2706109,municipal,144,130,773.1
2025,2706208,municipal,66,51,760.6
2025,2706307,estadual,42,22,744.3
2025,2706307,municipal,637,333,737.3
2025,2706406,municipal,293,205,754.7
2025,2706422,estadual,30,20,739.9
2025,2706422,municipal,70,51,751.7
2025,2706448,municipal,168,83,734.6
2025,2706505,municipal,201,111,740.0
2025,2706604,municipal,83,44,739.2
2025,2706703,municipal,657,480,759.9
2025,2706802,municipal,253,178,756.9
2025,2706901,municipal,523,380,761.1
2025,2707008,municipal,29,22,753.4
2025,2707107,municipal,352,180,736.3
2025,2707206,municipal,172,120,756.3
2025,2707305,municipal,332,184,744.8
2025,2707404,municipal,151,79,737.4
2025,2707503,estadual,44,39,767.2
2025,2707503,municipal,114,86,766.7
2025,2707602,municipal,186,142,762.5
2025,2707701,municipal,1284,668,732.8
2025,2707800,municipal,123,60,737.1
2025,2707909,municipal,105,68,745.5
2025,2708006,municipal,564,329,742.2
2025,2708105,municipal,91,91,815.2
2025,2708204,municipal,105,81,767.6
2025,2708303,municipal,172,172,823.0
2025,2708402,municipal,459,340,759.7
2025,2708501,municipal,378,233,747.7
2025,2708600,municipal,555,417,761.2
2025,2708709,municipal,152,76,734.2
2025,2708808,estadual,16,11,755.7
2025,2708808,municipal,423,306,760.3
2025,2708907,municipal,259,192,761.9
2025,2708956,municipal,174,131,761.0
2025,2709004,municipal,80,55,748.6
2025,2709103,municipal,254,154,741.7
2025,2709152,municipal,405,293,761.5
2025,2709202,municipal,168,97,743.8
2025,2709301,municipal,579,570,808.4
2025,2709400,municipal,230,147,750.0
2025,2800100,municipal,24,15,748.0
2025,2800209,municipal,161,60,716.4
2025,2800308,estadual,1186,620,736.2
2025,2800308,municipal,2480,1399,741.8
2025,2800407,municipal,84,49,744.3
2025,2800506,municipal,148,56,718.4
2025,2800605,estadual,30,20,748.7
2025,2800605,municipal,285,134,729.4
2025,2800670,estadual,25,12,737.1
2025,2800670,municipal,144,68,725.5
2025,2800704,municipal,122,41,718.2
2025,2801009,estadual,27,8,709.4
2025,2801009,municipal,138,55,729.3
2025,2801108,municipal,56,36,749.9
2025,2801207,municipal,454,146,715.6
2025,2801306,municipal,332,138,725.4
2025,2801405,municipal,185,116,746.5
2025,2801504,municipal,143,55,723.6
2025,2801603,municipal,38,25,753.0
2025,2801702,municipal,176,78,728.3
2025,2801900,municipal,28,20,750.4
2025,2802007,municipal,76,19,717.4
2025,2802106,estadual,65,38,738.8
2025,2802106,municipal,501,226,725.7
2025,2802205,municipal,54,22,728.9
2025,2802304,municipal,110,46,723.2
2025,2802403,municipal,118,71,747.0
2025,2802502,municipal,26,10,716.7
2025,2802601,municipal,46,34,753.3
2025,2802700,municipal,122,68,737.6
2025,2802809,municipal,224,122,740.9
2025,2802908,estadual,86,44,735.4
2025,2802908,municipal,707,296,725.9
2025,2803005,municipal,511,380,758.4
2025,2803104,municipal,30,15,736.7
2025,2803203,municipal,360,135,723.7
2025,2803302,municipal,214,141,746.5
2025,2803401,municipal,145,73,734.2
2025,2803500,estadual,93,85,778.8
2025,2803500,municipal,699,320,731.3
2025,2803609,municipal,230,75,715.8
2025,2803708,municipal,56,32,743.8
2025,2803807,municipal,55,36,752.2
2025,2803906,municipal,132,64,731.7
2025,2804003,municipal,96,35,721.2
2025,2804102,municipal,83,52,751.3
2025,2804201,municipal,155,50,711.4
2025,2804300,municipal,54,35,743.5
2025,2804409,estadual,68,40,738.7
2025,2804409,municipal,118,50,724.4
2025,2804458,municipal,58,37,743.1
2025,2804508,estadual,72,54,755.6
2025,2804508,municipal,447,205,728.8
2025,2804607,estadual,35,27,757.3
2025,2804607,municipal,186,61,718.5
2025,2804706,municipal,78,44,741.4
2025,2804805,estadual,60,22,712.4
2025,2804805,municipal,1750,685,723.2
2025,2804904,municipal,175,90,737.4
2025,2805000,municipal,37,20,736.9
2025,2805109,municipal,94,22,707.3
2025,2805208,municipal,43,20,728.8
2025,2805307,municipal,98,47,729.2
2025,2805406,municipal,363,93,709.1
2025,2805505,municipal,162,77,734.5
2025,2805604,estadual,11,5,723.4
2025,2805604,municipal,268,86,717.1
2025,2805703,estadual,46,28,739.7
2025,2805703,municipal,152,80,735.5
2025,2805802,municipal,186,91,727.5
2025,2805901,municipal,95,42,728.6
2025,2806008,estadual,21,16,753.7
2025,2806008,municipal,107,73,754.0
2025,2806107,municipal,101,59,740.3
2025,2806206,municipal,164,94,743.4
2025,2806305,municipal,189,79,725.4
2025,2806404,municipal,90,42,737.7
2025,2806503,municipal,53,28,735.9
2025,2806602,estadual,43,16,725.0
2025,2806602,municipal,90,25,713.8
2025,2806701,estadual,18,7,721.4
2025,2806701,municipal,714,609,774.8
2025,2806800,municipal,68,35,733.8
2025,2806909,municipal,39,31,756.3
2025,2807006,municipal,32,5,693.3
2025,2807105,estadual,106,59,738.6
2025,2807105,municipal,302,146,733.2
2025,2807204,municipal,97,46,729.6
2025,2807303,municipal,44,28,749.7
2025,2807402,municipal,486,293,743.3
2025,2807501,municipal,137,79,739.0
2025,2807600,municipal,224,118,734.9
2025,2900108,municipal,34,23,753.3
2025,2900207,municipal,222,117,734.1
2025,2900306,municipal,159,90,736.7
2025,2900355,municipal,152,119,763.2
2025,2900405,municipal,97,43,727.5
2025,2900504,municipal,38,35,776.9
2025,2900603,municipal,56,31,740.6
2025,2900702,municipal,1091,571,732.3
2025,2900801,municipal,300,207,750.9
2025,2900900,municipal,81,41,734.2
2025,2901007,municipal,273,195,752.1
2025,2901106,municipal,134,89,744.4
2025,2901155,municipal,207,110,736.1
2025,2901205,municipal,129,78,743.4
2025,2901304,municipal,143,113,762.4
2025,2901353,municipal,173,80,728.0
2025,2901403,municipal,116,69,739.8
2025,2901502,municipal,71,50,755.2
2025,2901601,municipal,85,59,752.3
2025,2901700,municipal,113,59,733.2
2025,2901809,municipal,93,72,750.0
2025,2901908,municipal,178,72,725.4
2025,2901957,municipal,89,56,744.0
2025,2902005,municipal,109,64,738.8
2025,2902054,municipal,97,57,738.1
2025,2902104,municipal,588,251,724.3
2025,2902203,municipal,91,57,738.4
2025,2902252,municipal,74,23,713.8
2025,2902302,municipal,104,77,762.4
2025,2902401,municipal,134,60,732.0
2025,2902500,municipal,181,111,742.6
2025,2902609,municipal,134,75,735.3
2025,2902658,estadual,49,4,677.4
2025,2902658,municipal,127,100,759.0
2025,2902708,municipal,544,239,724.3
2025,2902807,municipal,298,193,746.1
2025,2902906,municipal,462,241,736.5
2025,2903003,municipal,114,70,742.5
2025,2903102,municipal,57,38,751.1
2025,2903201,municipal,1999,1183,741.4
2025,2903235,municipal,130,101,758.9
2025,2903276,municipal,115,83,752.4
2025,2903300,municipal,97,49,735.5
2025,2903409,municipal,253,117,730.9
2025,2903508,municipal,141,102,755.2
2025,2903607,municipal,100,41,723.4
2025,2903706,municipal,161,85,733.0
2025,2903805,municipal,155,87,739.0
2025,2903904,municipal,693,302,724.7
2025,2903953,municipal,90,42,733.1
2025,2904001,municipal,125,76,740.8
2025,2904050,municipal,203,157,759.4
2025,2904100,municipal,140,63,723.6
2025,2904209,municipal,97,78,765.6
2025,2904308,municipal,142,101,754.6
2025,2904407,municipal,80,49,746.2
2025,2904506,municipal,38,31,772.7
2025,2904605,municipal,606,418,752.0
2025,2904704,estadual,17,2,699.2
2025,2904704,municipal,114,54,729.5
2025,2904753,municipal,283,125,723.7
2025,2904803,municipal,51,47,771.0
2025,2904852,municipal,168,69,722.2
2025,2904902,municipal,197,97,731.0
2025,2905008,municipal,193,133,752.4
2025,2905107,municipal,99,55,737.8
2025,2905156,municipal,38,18,724.7
2025,2905206,municipal,439,297,749.7
2025,2905305,municipal,195,87,727.0
2025,2905404,municipal,295,200,746.8
2025,2905503,municipal,159,73,726.2
2025,2905602,municipal,248,131,734.6
2025,2905701,municipal,2381,1165,729.2
2025,2905800,municipal,325,167,731.2
2025,2905909,municipal,243,160,748.6
2025,2906006,municipal,672,403,740.8
2025,2906105,municipal,100,83,760.9
2025,2906204,municipal,320,198,745.6
2025,2906303,municipal,328,153,729.2
2025,2906402,municipal,59,28,725.2
2025,2906501,municipal,490,240,731.9
2025,2906600,municipal,139,98,752.9
2025,2906709,municipal,209,143,750.1
2025,2906808,municipal,408,230,737.0
2025,2906824,municipal,154,83,733.0
2025,2906857,municipal,78,51,746.4
2025,2906873,municipal,278,137,729.7
2025,2906899,municipal,107,66,748.3
2025,2906907,municipal,264,159,741.7
2025,2907004,municipal,124,85,749.6
2025,2907103,municipal,370,219,743.9
2025,2907202,municipal,651,156,704.5
2025,2907301,municipal,262,106,720.1
2025,2907400,municipal,34,16,735.4
2025,2907509,municipal,282,193,749.2
2025,2907558,municipal,55,42,757.6
2025,2907608,municipal,131,73,741.1
2025,2907707,municipal,121,70,741.6
2025,2907806,municipal,216,132,744.5
2025,2907905,municipal,215,106,733.1
2025,2908002,municipal,126,62,726.4
2025,2908101,municipal,239,179,757.9
2025,2908200,municipal,228,120,730.7
2025,2908309,municipal,72,61,774.3
2025,2908408,municipal,524,267,734.5
2025,2908507,municipal,290,150,733.2
2025,2908606,municipal,272,148,735.6
2025,2908705,municipal,158,128,765.4
2025,2908804,municipal,28,23,758.6
2025,2908903,municipal,215,105,731.7
2025,2909000,municipal,102,86,773.8
2025,2909109,municipal,180,125,752.8
2025,2909208,municipal,130,81,741.4
2025,2909307,municipal,333,170,733.7
2025,2909406,municipal,146,99,750.1
2025,2909505,municipal,68,53,752.3
2025,2909604,municipal,145,101,751.9
2025,2909703,municipal,155,98,740.5
2025,2909802,municipal,460,247,735.4
2025,2909901,municipal,446,232,734.3
2025,2910008,municipal,143,81,739.0
2025,2910057,municipal,627,286,726.5
2025,2910107,municipal,153,121,757.5
2025,2910206,municipal,39,32,770.4
2025,2910305,municipal,31,26,769.5
2025,2910404,municipal,175,120,750.5
2025,2910503,municipal,284,115,722.3
2025,2910602,municipal,377,170,727.8
2025,2910701,estadual,8,3,723.1
2025,2910701,municipal,478,246,732.6
2025,2910727,municipal,966,464,729.3
2025,2910750,municipal,177,114,745.4
2025,2910776,municipal,69,59,769.1
2025,2910800,municipal,3804,1851,729.6
2025,2910859,municipal,179,95,737.0
2025,2910909,municipal,56,46,761.9
2025,2911006,municipal,73,39,731.3
2025,2911105,municipal,222,111,735.9
2025,2911204,municipal,219,160,757.7
2025,2911253,municipal,25,14,744.3
2025,2911303,municipal,96,64,743.0
2025,2911402,estadual,10,2,701.7
2025,2911402,municipal,122,67,739.2
2025,2911501,municipal,71,45,749.2
2025,2911600,municipal,180,144,766.2
2025,2911659,municipal,71,39,736.9
2025,2911709,municipal,735,530,755.5
2025,2911808,municipal,208,103,731.1
2025,2911857,municipal,118,58,734.0
2025,2911907,municipal,250,100,724.1
2025,2912004,municipal,81,68,765.0
2025,2912103,municipal,151,89,742.1
2025,2912202,municipal,304,246,762.6
2025,2912301,municipal,131,101,756.2
2025,2912400,municipal,158,93,737.2
2025,2912509,municipal,91,66,751.6
2025,2912608,municipal,32,16,733.9
2025,2912707,municipal,225,136,740.9
2025,2912806,municipal,136,100,757.8
2025,2912905,municipal,180,114,743.7
2025,2913002,municipal,89,59,750.7
2025,2913101,municipal,141,80,739.1
2025,2913200,municipal,276,189,751.4
2025,2913309,municipal,46,23,729.4
2025,2913408,municipal,100,60,736.3
2025,2913457,municipal,57,37,748.7
2025,2913507,municipal,171,108,742.6
2025,2913606,estadual,44,11,719.0
2025,2913606,municipal,1690,759,727.8
2025,2913705,municipal,313,115,716.8
2025,2913804,municipal,95,47,733.7
2025,2913903,municipal,323,182,736.5
2025,2914000,municipal,430,242,738.0
2025,2914109,municipal,97,86,772.5
2025,2914208,municipal,52,32,751.8
2025,2914307,municipal,87,37,724.1
2025,2914406,municipal,292,180,745.8
2025,2914505,municipal,236,135,740.4
2025,2914604,municipal,723,491,749.6
2025,2914653,municipal,358,178,732.3
2025,2914703,municipal,623,323,732.9
2025,2914802,municipal,1076,385,713.8
2025,2914901,municipal,283,141,734.6
2025,2915007,municipal,137,91,749.9
2025,2915106,municipal,123,70,733.7
2025,2915205,municipal,320,199,741.6
2025,2915304,municipal,65,45,751.7
2025,2915353,municipal,123,67,737.1
2025,2915403,municipal,81,20,712.1
2025,2915502,municipal,142,86,740.1
2025,2915601,municipal,677,420,745.5
2025,2915700,municipal,57,29,733.3
2025,2915809,municipal,248,102,719.6
2025,2915908,municipal,69,38,735.1
2025,2916005,municipal,171,116,749.2
2025,2916104,municipal,192,103,732.9
2025,2916203,municipal,79,55,749.7
2025,2916302,municipal,83,35,727.2
2025,2916401,municipal,703,402,740.7
2025,2916500,municipal,412,251,742.8
2025,2916609,municipal,71,40,733.4
2025,2916708,municipal,75,60,761.2
2025,2916807,municipal,184,112,744.7
2025,2916856,municipal,171,161,792.5
2025,2916906,municipal,60,55,778.4
2025,2917003,municipal,351,207,742.2
2025,2917102,municipal,168,82,733.1
2025,2917201,municipal,213,150,753.5
2025,2917300,municipal,170,109,745.2
2025,2917334,municipal,94,42,729.6
2025,2917359,municipal,112,72,743.4
2025,2917409,municipal,100,90,774.5
2025,2917508,municipal,692,281,721.3
2025,2917607,municipal,558,404,753.2
2025,2917706,municipal,317,190,742.8
2025,2917805,municipal,181,133,754.6
2025,2917904,municipal,149,58,722.3
2025,2918001,municipal,1021,534,733.6
2025,2918100,municipal,261,114,726.8
2025,2918209,municipal,66,56,764.8
2025,2918308,municipal,99,43,723.8
2025,2918357,municipal,346,244,752.5
2025,2918407,municipal,2973,1477,729.0
2025,2918456,municipal,96,70,756.1
2025,2918506,municipal,124,73,739.7
2025,2918555,municipal,78,41,733.3
2025,2918605,municipal,58,41,755.9
2025,2918704,municipal,50,36,756.7
2025,2918753,municipal,93,51,733.6
2025,2918803,municipal,161,104,744.3
2025,2918902,municipal,32,26,762.4
2025,2919009,municipal,21,15,746.1
2025,2919058,municipal,52,46,769.2
2025,2919108,municipal,77,25,714.9
2025,2919157,municipal,325,218,747.7
2025,2919207,municipal,1337,520,721.6
2025,2919306,municipal,86,52,744.8
2025,2919405,municipal,138,137,796.1
2025,2919504,municipal,446,270,744.1
2025,2919553,municipal,1639,768,729.2
2025,2919603,municipal,142,103,753.7
2025,2919702,municipal,168,103,746.6
2025,2919801,municipal,313,198,747.3
2025,2919900,municipal,65,30,730.9
2025,2919926,municipal,153,91,744.5
2025,2919959,municipal,47,35,759.8
2025,2920007,municipal,108,62,744.2
2025,2920106,municipal,132,74,738.4
2025,2920205,municipal,196,137,751.2
2025,2920304,municipal,73,70,796.8
2025,2920403,municipal,167,73,726.0
2025,2920452,municipal,116,54,729.9
2025,2920502,municipal,266,167,743.5
2025,2920601,municipal,222,166,756.2
2025,2920700,municipal,224,105,724.4
2025,2920809,municipal,87,52,740.6
2025,2920908,municipal,133,62,729.3
2025,2921005,municipal,677,523,759.6
2025,2921054,municipal,103,77,758.7
2025,2921104,municipal,192,147,758.4
2025,2921203,municipal,184,118,747.7
2025,2921302,municipal,122,81,741.2
2025,2921401,municipal,153,85,737.7
2025,2921450,municipal,86,65,753.6
2025,2921500,municipal,316,159,731.4
2025,2921609,municipal,111,71,745.9
2025,2921708,municipal,275,129,732.6
2025,2921807,municipal,127,119,779.8
2025,2921906,municipal,80,50,749.8
2025,2922003,municipal,470,288,744.3
2025,2922052,municipal,92,50,733.1
2025,2922102,municipal,176,93,732.6
2025,2922201,municipal,66,44,742.6
2025,2922250,municipal,129,63,728.2
2025,2922300,municipal,194,117,742.2
2025,2922409,municipal,131,93,753.8
2025,2922508,municipal,189,75,719.3
2025,2922607,municipal,85,60,750.8
2025,2922656,municipal,183,109,745.5
2025,2922706,municipal,146,72,731.1
2025,2922730,municipal,34,22,747.8
2025,2922755,municipal,38,18,731.7
2025,2922805,municipal,103,77,757.1
2025,2922854,municipal,65,37,728.6
2025,2922904,municipal,245,136,737.4
2025,2923001,municipal,470,304,749.6
2025,2923035,municipal,112,97,769.9
2025,2923050,municipal,92,54,742.0
2025,2923100,municipal,257,86,715.7
2025,2923209,municipal,306,180,743.9
2025,2923308,municipal,75,50,751.7
2025,2923357,municipal,190,99,734.4
2025,2923407,municipal,177,104,735.6
2025,2923506,municipal,96,75,756.9
2025,2923605,municipal,138,106,762.5
2025,2923704,municipal,241,140,736.4
2025,2923803,municipal,201,120,743.2
2025,2923902,estadual,24,4,690.2
2025,2923902,municipal,134,85,748.1
2025,2924009,municipal,1193,508,725.8
2025,2924058,municipal,84,57,752.8
2025,2924108,municipal,54,32,744.3
2025,2924207,municipal,102,22,698.9
2025,2924306,municipal,227,156,756.2
2025,2924405,municipal,486,219,728.8
2025,2924504,municipal,159,120,760.7
2025,2924603,municipal,198,90,730.4
2025,2924652,municipal,86,78,776.1
2025,2924678,municipal,55,27,722.3
2025,2924702,municipal,80,63,767.1
2025,2924801,municipal,140,88,744.5
2025,2924900,municipal,39,27,751.3
2025,2925006,municipal,182,110,739.2
2025,2925105,municipal,491,295,743.0
2025,2925204,municipal,287,198,751.9
2025,2925253,municipal,204,120,737.7
2025,2925303,municipal,2257,1311,741.8
2025,2925402,municipal,108,43,725.4
2025,2925501,estadual,40,22,728.7
2025,2925501,municipal,384,208,733.6
2025,2925600,municipal,166,91,737.2
2025,2925709,municipal,104,65,745.3
2025,2925758,municipal,294,139,730.3
2025,2925808,municipal,210,119,744.0
2025,2925907,municipal,163,89,739.9
2025,2925931,municipal,64,48,758.4
2025,2925956,municipal,283,151,735.6
2025,2926004,municipal,501,280,739.6
2025,2926103,municipal,133,66,732.7
2025,2926202,municipal,269,146,739.1
2025,2926301,municipal,180,99,732.4
2025,2926400,municipal,283,187,750.7
2025,2926509,municipal,191,99,732.1
2025,2926608,municipal,604,357,741.7
2025,2926657,municipal,102,66,745.3
2025,2926707,municipal,124,102,758.8
2025,2926806,municipal,101,70,751.8
2025,2926905,municipal,82,57,744.0
2025,2927002,municipal,350,202,739.5
2025,2927101,estadual,13,11,765.9
2025,2927101,municipal,148,72,730.8
2025,2927200,municipal,290,153,733.9
2025,2927309,municipal,219,138,747.5
2025,2927408,estadual,72,64,778.2
2025,2927408,municipal,12264,6172,732.7
2025,2927507,municipal,115,59,732.0
2025,2927606,municipal,207,119,742.1
2025,2927705,municipal,412,221,737.7
2025,2927804,municipal,74,49,745.7
2025,2927903,municipal,95,66,754.1
2025,2928000,municipal,228,84,719.0
2025,2928059,municipal,142,59,721.2
2025,2928109,municipal,342,185,737.1
2025,2928208,municipal,276,161,738.5
2025,2928307,municipal,58,31,735.4
2025,2928406,municipal,233,151,742.3
2025,2928505,municipal,85,41,730.9
2025,2928604,municipal,407,218,734.7
2025,2928703,municipal,589,328,736.8
2025,2928802,municipal,499,221,724.7
2025,2928901,municipal,450,330,752.7
2025,2928950,municipal,53,39,757.5
2025,2929008,municipal,78,35,714.2
2025,2929057,municipal,172,110,746.4
2025,2929107,municipal,226,113,732.0
2025,2929206,municipal,336,145,725.1
2025,2929255,municipal,192,110,744.5
2025,2929305,municipal,235,125,731.2
2025,2929354,municipal,80,33,718.8
2025,2929370,municipal,89,47,733.9
2025,2929404,municipal,59,37,739.7
2025,2929503,municipal,289,195,747.9
2025,2929602,municipal,118,97,767.4
2025,2929701,municipal,96,48,732.9
2025,2929750,municipal,86,60,752.4
2025,2929800,municipal,95,49,732.6
2025,2929909,municipal,472,302,747.0
2025,2930006,municipal,77,59,763.0
2025,2930105,municipal,481,226,726.4
2025,2930154,municipal,420,244,740.4
2025,2930204,municipal,471,207,729.9
2025,2930303,municipal,150,94,742.5
2025,2930402,municipal,125,60,731.1
2025,2930501,municipal,640,212,718.1
2025,2930600,municipal,126,62,735.1
2025,2930709,municipal,1117,642,739.1
2025,2930758,municipal,165,79,731.3
2025,2930766,municipal,114,74,747.9
2025,2930774,municipal,326,153,725.7
2025,2930808,municipal,157,99,747.5
2025,2930907,municipal,98,58,741.5
2025,2931004,municipal,176,127,755.3
2025,2931053,municipal,207,172,766.9
2025,2931103,municipal,71,46,748.5
2025,2931202,municipal,139,83,743.8
2025,2931301,municipal,129,76,740.6
2025,2931350,municipal,1403,863,742.6
2025,2931400,municipal,46,24,727.0
2025,2931509,municipal,238,106,730.4
2025,2931608,municipal,186,145,763.1
2025,2931707,municipal,79,41,733.6
2025,2931806,municipal,105,79,762.6
2025,2931905,municipal,395,240,743.0
2025,2932002,municipal,275,174,741.6
2025,2932101,municipal,153,84,736.7
2025,2932200,municipal,165,91,737.5
2025,2932309,municipal,167,98,739.1
2025,2932408,municipal,114,68,737.5
2025,2932457,municipal,154,67,723.7
2025,2932507,municipal,186,123,752.2
2025,2932606,municipal,152,118,764.3
2025,2932705,municipal,211,74,722.4
2025,2932804,municipal,128,80,744.5
2025,2932903,municipal,568,266,727.9
2025,2933000,municipal,151,103,749.9
2025,2933059,municipal,110,66,736.9
2025,2933109,municipal,55,27,727.9
2025,2933158,municipal,196,115,740.3
2025,2933174,municipal,106,89,763.8
2025,2933208,municipal,417,261,742.9
2025,2933257,municipal,52,38,757.2
2025,2933307,municipal,3039,1888,744.6
2025,2933406,municipal,97,62,745.5
2025,2933455,municipal,149,116,758.8
2025,2933505,municipal,195,98,733.2
2025,2933604,municipal,492,245,733.8
2025,3100104,municipal,53,48,776.2
2025,3100203,estadual,78,66,777.8
2025,3100203,municipal,137,92,754.7
2025,3100302,estadual,83,72,783.4
2025,3100302,municipal,29,24,767.0
2025,3100401,municipal,27,24,778.4
2025,3100500,estadual,34,31,767.9
2025,3100609,estadual,119,92,764.3
2025,3100609,municipal,7,0,713.8
2025,3100708,municipal,38,32,762.6
2025,3100807,municipal,29,26,782.8
2025,3100906,estadual,206,152,757.6
2025,3100906,municipal,10,6,743.9
2025,3101003,municipal,148,112,767.0
2025,3101102,estadual,130,102,762.0
2025,3101102,municipal,116,86,756.7
2025,3101201,municipal,45,43,784.9
2025,3101300,municipal,29,26,784.2
2025,3101409,municipal,43,34,768.5
2025,3101508,municipal,245,138,744.0
2025,3101607,estadual,236,154,752.5
2025,3101607,municipal,423,324,768.1
2025,3101631,municipal,48,41,764.6
2025,3101706,municipal,354,207,743.2
2025,3101805,municipal,61,42,752.5
2025,3101904,municipal,135,96,761.8
2025,3102001,municipal,171,151,774.3
2025,3102050,municipal,79,70,771.2
2025,3102100,estadual,12,11,773.2
2025,3102100,municipal,97,85,778.9
2025,3102209,estadual,11,11,775.1
2025,3102209,municipal,29,26,780.9
2025,3102308,estadual,68,46,755.1
2025,3102308,municipal,75,59,769.1
2025,3102407,estadual,50,42,763.9
2025,3102506,municipal,45,34,765.8
2025,3102605,municipal,329,260,763.8
2025,3102704,municipal,81,57,764.0
2025,3102803,municipal,95,64,757.0
2025,3102852,municipal,107,89,773.9
2025,3102902,estadual,33,27,756.7
2025,3102902,municipal,69,53,761.9
2025,3103009,estadual,66,60,793.3
2025,3103009,municipal,15,12,764.3
2025,3103108,municipal,15,14,790.1
2025,3103207,municipal,32,29,781.6
2025,3103306,municipal,21,16,765.2
2025,3103405,estadual,232,166,757.4
2025,3103405,municipal,81,46,751.1
2025,3103504,estadual,365,240,755.8
2025,3103504,municipal,700,505,758.1
2025,3103603,municipal,31,15,733.8
2025,3103702,estadual,50,47,776.1
2025,3103702,municipal,20,17,750.9
2025,3103751,municipal,95,75,762.6
2025,3103801,municipal,30,29,778.9
2025,3103900,municipal,102,86,774.2
2025,3104007,municipal,1142,976,772.8
2025,3104106,municipal,73,62,773.8
2025,3104205,municipal,392,349,781.0
2025,3104304,municipal,147,138,791.0
2025,3104403,municipal,29,26,786.9
2025,3104452,municipal,69,63,787.5
2025,3104502,estadual,94,44,738.8
2025,3104502,municipal,96,76,762.1
2025,3104601,municipal,140,113,770.9
2025,3104700,estadual,17,17,777.4
2025,3104700,municipal,77,47,746.5
2025,3104809,municipal,56,46,766.2
2025,3104908,municipal,128,109,772.6
2025,3105004,municipal,54,48,778.1
2025,3105103,municipal,160,133,770.2
2025,3105202,municipal,31,27,777.7
2025,3105301,municipal,78,76,794.0
2025,3105400,municipal,350,274,765.3
2025,3105509,municipal,52,39,766.0
2025,3105608,estadual,361,296,771.8
2025,3105608,municipal,550,422,763.6
2025,3105707,estadual,36,30,778.0
2025,3105707,municipal,10,4,746.0
2025,3105905,municipal,198,170,773.4
2025,3106002,municipal,94,72,758.7
2025,3106101,municipal,40,30,760.5
2025,3106200,estadual,4824,3572,761.4
2025,3106200,municipal,11968,8423,755.3
2025,3106309,municipal,294,213,761.2
2025,3106408,municipal,97,95,796.1
2025,3106507,estadual,52,44,775.8
2025,3106606,municipal,32,24,763.4
2025,3106655,municipal,41,33,769.6
2025,3106705,estadual,72,71,798.4
2025,3106705,municipal,4360,2811,749.8
2025,3106804,municipal,23,19,766.3
2025,3106903,municipal,128,106,772.9
2025,3107000,municipal,28,27,785.6
2025,3107109,municipal,422,305,760.0
2025,3107208,municipal,26,19,755.7
2025,3107307,estadual,439,352,769.2
2025,3107307,municipal,82,60,750.0
2025,3107406,estadual,250,204,776.3
2025,3107406,municipal,328,216,752.4
2025,3107505,municipal,79,62,761.1
2025,3107604,municipal,47,40,774.9
2025,3107703,estadual,11,11,776.2
2025,3107703,municipal,87,70,764.9
2025,3107802,estadual,115,90,761.5
2025,3107802,municipal,37,21,737.4
2025,3107901,municipal,157,104,753.1
2025,3108008,municipal,148,119,772.0
2025,3108107,municipal,60,36,756.2
2025,3108206,municipal,52,35,751.6
2025,3108255,estadual,16,9,739.4
2025,3108255,municipal,72,48,746.5
2025,3108305,estadual,24,22,796.3
2025,3108305,municipal,118,95,769.3
2025,3108404,estadual,76,70,780.0
2025,3108404,municipal,83,74,781.6
2025,3108503,estadual,59,50,767.0
2025,3108503,municipal,16,13,763.1
2025,3108552,municipal,219,147,755.4
2025,3108602,estadual,258,199,763.5
2025,3108602,municipal,66,55,767.8
2025,3108701,municipal,36,35,789.8
2025,3108800,municipal,27,25,793.4
2025,3108909,municipal,153,127,773.0
2025,3109006,municipal,413,322,768.5
2025,3109105,municipal,101,70,766.6
2025,3109204,municipal,91,78,767.1
2025,3109253,municipal,46,40,779.0
2025,3109303,municipal,323,206,751.7
2025,3109402,municipal,324,194,746.8
2025,3109451,municipal,68,29,732.9
2025,3109501,municipal,141,104,761.2
2025,3109600,municipal,39,34,774.8
2025,3109709,municipal,113,96,776.7
2025,3109808,municipal,20,18,775.1
2025,3109907,municipal,135,112,769.1
2025,3110004,municipal,312,209,754.6
2025,3110103,municipal,34,21,746.8
2025,3110202,municipal,32,21,760.2
2025,3110301,municipal,142,111,762.2
2025,3110400,municipal,35,32,772.2
2025,3110509,municipal,248,182,764.7
2025,3110608,municipal,300,245,769.2
2025,3110707,estadual,13,12,772.7
2025,3110707,municipal,103,85,765.5
2025,3110806,municipal,43,20,739.3
2025,3110905,municipal,168,117,757.7
2025,3111002,municipal,172,150,772.6
2025,3111101,municipal,147,97,751.0
2025,3111150,municipal,49,43,774.7
2025,3111200,municipal,450,390,780.2
2025,3111309,municipal,132,96,762.7
2025,3111408,municipal,114,64,745.0
2025,3111507,municipal,150,116,762.6
2025,3111606,municipal,252,173,755.9
2025,3111705,estadual,33,30,771.0
2025,3111705,municipal,32,31,781.1
2025,3111804,estadual,26,21,770.1
2025,3111804,municipal,86,80,779.4
2025,3111903,municipal,63,54,776.7
2025,3112000,municipal,101,92,780.4
2025,3112059,municipal,57,35,752.2
2025,3112109,municipal,77,65,764.1
2025,3112208,municipal,33,26,774.3
2025,3112307,estadual,164,133,774.9
2025,3112307,municipal,373,278,763.9
2025,3112406,municipal,74,52,763.8
2025,3112505,municipal,128,88,758.0
2025,3112604,municipal,151,98,752.3
2025,3112653,municipal,48,34,759.6
2025,3112703,municipal,184,129,751.2
2025,3112802,estadual,48,46,795.0
2025,3112802,municipal,66,52,765.6
2025,3112901,municipal,109,80,762.9
2025,3113008,estadual,104,81,763.3
2025,3113008,municipal,25,17,762.6
2025,3113107,municipal,13,12,763.9
2025,3113206,estadual,49,38,768.3
2025,3113206,municipal,196,161,769.6
2025,3113305,estadual,153,96,749.1
2025,3113305,municipal,118,73,745.9
2025,3113404,municipal,932,695,759.4
2025,3113503,municipal,87,69,763.7
2025,3113602,municipal,64,54,766.7
2025,3113701,municipal,171,116,757.2
2025,3113800,municipal,31,25,771.2
2025,3113909,municipal,104,73,758.0
2025,3114006,municipal,117,101,783.8
2025,3114105,estadual,49,44,788.4
2025,3114105,municipal,114,104,772.4
2025,3114204,municipal,242,199,768.9
2025,3114303,estadual,14,9,752.5
2025,3114303,municipal,259,209,775.0
2025,3114402,municipal,162,127,766.6
2025,3114501,municipal,218,192,777.3
2025,3114550,municipal,99,77,758.4
2025,3114600,municipal,28,25,776.7
2025,3114709,municipal,28,26,775.7
2025,3114808,municipal,57,55,798.1
2025,3114907,municipal,15,15,798.0
2025,3115003,municipal,33,29,780.3
2025,3115102,estadual,16,14,775.7
2025,3115102,municipal,158,139,781.3
2025,3115201,municipal,35,30,785.5
2025,3115300,estadual,264,185,754.4
2025,3115300,municipal,226,116,739.5
2025,3115359,municipal,59,52,770.6
2025,3115409,estadual,29,29,793.7
2025,3115458,estadual,20,16,763.4
2025,3115458,municipal,48,21,735.3
2025,3115474,municipal,65,54,774.1
2025,3115508,estadual,29,24,781.5
2025,3115508,municipal,147,116,768.2
2025,3115706,municipal,71,61,770.5
2025,3115805,estadual,25,25,793.8
2025,3115805,municipal,80,71,778.5
2025,3115904,municipal,55,30,742.6
2025,3116001,estadual,21,16,755.1
2025,3116001,municipal,25,9,735.3
2025,3116100,municipal,62,50,760.5
2025,3116159,municipal,154,118,762.0
2025,3116209,municipal,49,37,762.3
2025,3116308,estadual,27,25,775.3
2025,3116308,municipal,19,17,776.5
2025,3116407,municipal,45,44,779.3
2025,3116506,municipal,69,60,774.6
2025,3116605,municipal,349,304,775.4
2025,3116704,municipal,75,54,756.8
2025,3116803,municipal,84,68,768.8
2025,3116902,municipal,34,27,759.1
2025,3117009,municipal,58,48,775.7
2025,3117108,municipal,131,117,776.6
2025,3117207,municipal,27,23,770.5
2025,3117306,municipal,294,204,753.2
2025,3117405,municipal,39,34,781.3
2025,3117504,estadual,10,6,763.7
2025,3117504,municipal,261,218,773.0
2025,3117603,estadual,36,31,765.5
2025,3117603,municipal,16,13,761.8
2025,3117702,municipal,148,117,768.7
2025,3117801,municipal,140,113,770.4
2025,3117836,estadual,58,36,752.5
2025,3117876,municipal,96,73,757.9
2025,3117900,municipal,98,92,784.7
2025,3118007,municipal,621,502,766.9
2025,3118106,municipal,50,41,766.1
2025,3118205,municipal,73,73,793.3
2025,3118304,estadual,362,309,774.5
2025,3118304,municipal,898,755,771.7
2025,3118403,estadual,36,17,734.1
2025,3118403,municipal,155,93,748.0
2025,3118502,municipal,21,20,775.5
2025,3118601,estadual,790,581,760.8
2025,3118601,municipal,4256,2866,752.1
2025,3118700,municipal,107,98,780.2
2025,3118809,estadual,193,148,764.8
2025,3118809,municipal,25,24,791.6
2025,3118908,estadual,28,28,805.2
2025,3118908,municipal,32,31,779.3
2025,3119005,municipal,42,26,761.5
2025,3119104,estadual,7,4,748.5
2025,3119104,municipal,231,182,770.9
2025,3119203,municipal,33,23,753.2
2025,3119302,estadual,205,173,777.4
2025,3119302,municipal,84,72,774.8
2025,3119401,municipal,839,597,755.3
2025,3119500,municipal,74,67,780.7
2025,3119609,municipal,27,13,737.9
2025,3119708,municipal,42,33,773.0
2025,3119807,municipal,29,27,767.2
2025,3119906,municipal,46,40,782.0
2025,3119955,municipal,59,58,788.5
2025,3120003,municipal,41,25,745.5
2025,3120102,municipal,52,40,769.8
2025,3120151,municipal,76,33,736.7
2025,3120201,municipal,131,113,775.8
2025,3120300,municipal,67,53,762.2
2025,3120409,municipal,57,47,767.5
2025,3120508,municipal,84,74,773.5
2025,3120607,municipal,50,48,779.0
2025,3120706,municipal,65,63,794.2
2025,3120805,estadual,56,45,769.3
2025,3120805,municipal,104,77,763.3
2025,3120839,municipal,60,41,753.6
2025,3120870,municipal,79,50,762.5
2025,3120904,estadual,48,44,788.1
2025,3120904,municipal,761,567,757.5
2025,3121001,municipal,84,71,774.2
2025,3121100,municipal,73,59,767.2
2025,3121209,municipal,102,73,760.8
2025,3121258,municipal,139,82,744.4
2025,3121308,municipal,59,47,764.6
2025,3121407,municipal,63,57,775.0
2025,3121506,municipal,38,38,792.4
2025,3121605,estadual,302,224,765.3
2025,3121605,municipal,201,149,761.2
2025,3121704,municipal,28,27,776.3
2025,3121803,municipal,51,36,752.2
2025,3121902,municipal,55,45,769.1
2025,3122009,estadual,29,17,738.7
2025,3122009,municipal,159,119,755.3
2025,3122108,estadual,9,7,768.1
2025,3122108,municipal,29,17,750.4
2025,3122207,municipal,99,82,763.8
2025,3122306,estadual,932,749,771.4
2025,3122306,municipal,1010,726,758.6
2025,3122355,municipal,93,68,767.8
2025,3122405,municipal,62,56,774.9
2025,3122454,municipal,101,68,755.2
2025,3122470,estadual,15,12,770.9
2025,3122470,municipal,36,25,746.8
2025,3122504,municipal,56,49,771.1
2025,3122603,estadual,53,49,782.6
2025,3122702,municipal,40,31,766.9
2025,3122801,municipal,22,22,790.3
2025,3122900,municipal,91,81,779.5
2025,3123007,municipal,76,58,762.5
2025,3123106,municipal,45,32,760.9
2025,3123205,municipal,80,57,767.5
2025,3123304,municipal,55,47,773.9
2025,3123403,municipal,19,19,788.8
2025,3123502,estadual,26,24,774.7
2025,3123528,estadual,22,16,761.8
2025,3123528,municipal,56,48,773.2
2025,3123601,municipal,216,157,759.2
2025,3123700,municipal,97,72,757.8
2025,3123809,municipal,78,61,768.4
2025,3123858,municipal,75,57,759.7
2025,3123908,estadual,32,28,768.3
2025,3123908,municipal,102,92,784.4
2025,3124005,municipal,142,113,764.1
2025,3124104,estadual,251,178,753.4
2025,3124104,municipal,701,461,749.7
2025,3124203,estadual,114,77,757.7
2025,3124203,municipal,130,97,761.1
2025,3124302,estadual,126,97,768.6
2025,3124302,municipal,133,110,771.0
2025,3124401,municipal,93,57,747.0
2025,3124500,estadual,76,66,780.9
2025,3124500,municipal,41,35,784.9
2025,3124609,municipal,33,31,771.9
2025,3124708,municipal,24,20,778.9
2025,3124807,estadual,25,21,782.3
2025,3124807,municipal,44,35,764.6
2025,3124906,municipal,67,45,760.0
2025,3125002,municipal,67,50,766.5
2025,3125101,municipal,755,566,758.8
2025,3125200,municipal,19,19,780.2
2025,3125309,municipal,31,22,755.8
2025,3125408,municipal,83,64,762.5
2025,3125507,municipal,15,15,778.1
2025,3125606,municipal,68,47,760.1
2025,3125705,estadual,15,11,756.4
2025,3125705,municipal,131,98,759.7
2025,3125804,municipal,26,21,762.2
2025,3125903,estadual,38,35,783.4
2025,3125903,municipal,10,10,787.7
2025,3125952,municipal,133,112,763.8
2025,3126000,municipal,76,65,775.5
2025,3126109,estadual,38,30,762.3
2025,3126109,municipal,443,374,776.8
2025,3126208,estadual,24,15,748.2
2025,3126208,municipal,92,75,768.3
2025,3126307,municipal,38,31,763.7
2025,3126406,municipal,34,29,758.4
2025,3126505,estadual,31,30,808.5
2025,3126505,municipal,8,7,786.3
2025,3126604,municipal,61,49,763.5
2025,3126703,estadual,68,48,755.6
2025,3126703,municipal,82,51,744.2
2025,3126752,municipal,32,27,766.3
2025,3126802,municipal,75,51,754.5
2025,3126901,municipal,88,50,741.6
2025,3126950,municipal,30,26,780.3
2025,3127008,municipal,160,130,765.7
2025,3127057,estadual,13,5,733.1
2025,3127057,municipal,46,36,765.4
2025,3127073,municipal,54,39,753.6
2025,3127107,municipal,599,422,755.2
2025,3127206,estadual,11,10,791.6
2025,3127206,municipal,50,47,775.0
2025,3127305,municipal,64,45,758.6
2025,3127339,estadual,26,18,758.0
2025,3127339,municipal,17,14,766.1
2025,3127354,municipal,25,20,764.8
2025,3127370,municipal,54,44,774.8
2025,3127388,municipal,54,37,762.1
2025,3127404,municipal,61,45,761.7
2025,3127503,municipal,53,52,783.4
2025,3127602,municipal,121,112,785.6
2025,3127701,estadual,1036,805,767.4
2025,3127701,municipal,1131,813,756.9
2025,3127800,municipal,140,116,769.9
2025,3128006,estadual,74,66,777.1
2025,3128006,municipal,254,205,767.6
2025,3128105,municipal,115,89,766.3
2025,3128204,estadual,51,46,768.2
2025,3128204,municipal,11,10,771.7
2025,3128253,municipal,62,49,755.7
2025,3128303,municipal,212,127,747.4
2025,3128402,municipal,89,73,774.2
2025,3128501,municipal,31,28,789.1
2025,3128600,municipal,99,68,760.0
2025,3128709,municipal,450,338,762.9
2025,3128808,municipal,85,63,761.0
2025,3128907,municipal,76,66,772.9
2025,3129004,municipal,67,57,771.9
2025,3129103,municipal,21,4,726.2
2025,3129202,municipal,61,51,774.2
2025,3129301,municipal,97,79,771.1
2025,3129400,municipal,65,50,770.3
2025,3129509,municipal,242,169,757.4
2025,3129608,municipal,101,73,756.5
2025,3129657,estadual,22,22,797.2
2025,3129657,municipal,41,30,761.1
2025,3129707,estadual,46,41,781.1
2025,3129707,municipal,104,71,757.1
2025,3129806,estadual,366,252,754.3
2025,3129806,municipal,1319,850,749.5
2025,3129905,municipal,44,30,760.2
2025,3130002,municipal,24,19,760.4
2025,3130051,estadual,54,43,765.7
2025,3130051,municipal,49,38,765.4
2025,3130101,municipal,549,412,763.7
2025,3130200,municipal,124,93,766.9
2025,3130309,municipal,52,43,768.2
2025,3130408,municipal,74,58,764.6
2025,3130507,municipal,155,110,758.9
2025,3130556,municipal,59,58,798.1
2025,3130606,municipal,51,45,781.6
2025,3130655,municipal,72,60,775.0
2025,3130705,municipal,104,66,752.6
2025,3130804,municipal,40,37,773.7
2025,3130903,municipal,178,149,774.9
2025,3131000,municipal,75,50,754.9
2025,3131109,municipal,78,50,748.4
2025,3131158,municipal,223,163,757.8
2025,3131208,municipal,208,176,771.8
2025,3131307,estadual,687,575,774.2
2025,3131307,municipal,1475,1005,754.0
2025,3131406,municipal,39,31,771.9
2025,3131505,municipal,96,73,762.7
2025,3131604,municipal,90,71,769.5
2025,3131703,estadual,105,89,777.4
2025,3131703,municipal,887,665,762.0
2025,3131802,municipal,122,101,776.1
2025,3131901,municipal,667,568,770.0
2025,3132008,estadual,10,10,776.4
2025,3132008,municipal,21,21,803.7
2025,3132107,estadual,61,29,742.3
2025,3132107,municipal,146,109,757.8
2025,3132206,municipal,164,151,788.4
2025,3132305,estadual,55,35,758.3
2025,3132305,municipal,90,56,753.1
2025,3132404,municipal,793,643,771.2
2025,3132503,estadual,109,96,789.6
2025,3132503,municipal,279,227,767.7
2025,3132602,municipal,52,39,760.6
2025,3132701,estadual,100,63,748.0
2025,3132701,municipal,108,85,757.8
2025,3132800,municipal,17,13,754.9
2025,3132909,municipal,106,88,768.3
2025,3133006,municipal,161,134,773.3
2025,3133105,estadual,27,23,765.6
2025,3133105,municipal,108,77,761.9
2025,3133204,municipal,118,92,763.2
2025,3133303,municipal,227,143,750.3
2025,3133402,estadual,10,5,729.3
2025,3133402,municipal,100,67,750.9
2025,3133501,estadual,91,78,774.9
2025,3133501,municipal,79,64,773.4
2025,3133600,municipal,167,126,755.2
2025,3133709,municipal,184,144,764.7
2025,3133758,municipal,146,130,777.0
2025,3133808,estadual,118,106,784.2
2025,3133808,municipal,597,533,780.2
2025,3133907,estadual,21,11,746.3
2025,3133907,municipal,17,14,766.0
2025,3134004,estadual,53,34,752.4
2025,3134004,municipal,64,51,758.2
2025,3134103,estadual,29,17,755.6
2025,3134103,municipal,44,24,744.7
2025,3134202,estadual,306,196,750.4
2025,3134202,municipal,633,433,758.0
2025,3134301,estadual,25,11,736.5
2025,3134301,municipal,38,29,763.7
2025,3134400,municipal,419,298,753.6
2025,3134509,municipal,35,32,777.5
2025,3134608,municipal,224,181,767.1
2025,3134707,municipal,85,22,716.8
2025,3134806,municipal,97,62,753.7
2025,3134905,municipal,260,215,767.1
2025,3135001,municipal,22,12,742.8
2025,3135050,estadual,314,209,750.9
2025,3135050,municipal,194,132,751.2
2025,3135076,municipal,33,21,749.1
2025,3135100,estadual,499,352,758.3
2025,3135100,municipal,306,196,754.2
2025,3135209,estadual,582,384,749.5
2025,3135209,municipal,136,70,741.5
2025,3135308,municipal,72,64,782.1
2025,3135357,estadual,55,44,765.2
2025,3135357,municipal,52,46,768.7
2025,3135407,municipal,57,38,759.3
2025,3135456,estadual,56,34,754.9
2025,3135506,estadual,57,48,774.4
2025,3135506,municipal,71,63,782.1
2025,3135605,municipal,87,69,764.5
2025,3135704,municipal,49,39,765.4
2025,3135803,estadual,59,49,763.4
2025,3135803,municipal,134,83,745.6
2025,3135902,municipal,55,49,782.4
2025,3136009,estadual,17,15,792.1
2025,3136009,municipal,127,79,756.0
2025,3136108,estadual,10,10,784.2
2025,3136108,municipal,22,20,781.7
2025,3136207,estadual,289,220,765.8
2025,3136207,municipal,388,271,757.4
2025,3136306,estadual,409,323,765.1
2025,3136306,municipal,123,80,748.2
2025,3136405,municipal,41,27,756.2
2025,3136504,estadual,98,70,755.2
2025,3136504,municipal,8,7,764.9
2025,3136520,municipal,49,41,770.5
2025,3136553,municipal,43,32,764.4
2025,3136579,municipal,35,28,772.5
2025,3136603,municipal,78,68,769.5
2025,3136652,municipal,357,244,754.5
2025,3136702,estadual,1110,750,754.9
2025,3136702,municipal,2390,1350,740.1
2025,3136801,municipal,34,28,768.7
2025,3136900,municipal,147,124,771.6
2025,3136959,estadual,25,21,776.1
2025,3136959,municipal,39,21,733.9
2025,3137007,municipal,86,35,725.4
2025,3137106,municipal,42,30,761.0
2025,3137205,estadual,177,143,764.3
2025,3137205,municipal,326,264,766.9
2025,3137304,municipal,39,35,784.5
2025,3137403,municipal,144,131,782.0
2025,3137502,municipal,220,181,775.2
2025,3137536,municipal,127,96,764.4
2025,3137601,municipal,596,394,753.3
2025,3137700,municipal,261,190,760.5
2025,3137809,estadual,49,41,772.1
2025,3137809,municipal,163,150,781.3
2025,3137908,estadual,14,10,762.1
2025,3138005,municipal,56,54,782.5
2025,3138104,municipal,80,59,755.6
2025,3138203,estadual,48,46,792.6
2025,3138203,municipal,767,562,757.3
2025,3138302,estadual,38,34,789.6
2025,3138351,municipal,37,34,779.9
2025,3138401,estadual,105,58,743.2
2025,3138401,municipal,300,184,751.9
2025,3138500,municipal,52,45,772.2
2025,3138609,municipal,152,96,751.7
2025,3138625,municipal,92,75,765.9
2025,3138658,municipal,122,115,786.4
2025,3138674,municipal,73,51,763.8
2025,3138682,estadual,21,20,782.2
2025,3138682,municipal,14,10,763.6
2025,3138708,municipal,40,38,785.8
2025,3138807,estadual,62,39,752.8
2025,3138807,municipal,76,58,768.0
2025,3138906,municipal,76,57,761.6
2025,3139003,estadual,81,75,785.4
2025,3139003,municipal,269,217,770.5
2025,3139102,municipal,59,40,757.1
2025,3139201,estadual,97,71,762.9
2025,3139201,municipal,56,42,763.6
2025,3139250,municipal,61,38,751.3
2025,3139300,estadual,93,62,753.9
2025,3139300,municipal,92,29,720.5
2025,3139409,estadual,491,388,769.0
2025,3139409,municipal,501,380,761.3
2025,3139508,municipal,194,137,757.2
2025,3139607,municipal,217,156,761.1
2025,3139706,municipal,76,61,763.5
2025,3139805,estadual,145,106,764.7
2025,3139805,municipal,31,29,777.0
2025,3139904,municipal,165,149,780.4
2025,3140001,estadual,121,91,759.6
2025,3140001,municipal,443,327,757.7
2025,3140100,municipal,58,43,765.4
2025,3140159,municipal,184,134,758.4
2025,3140209,municipal,39,34,768.2
2025,3140308,municipal,42,17,727.5
2025,3140407,municipal,41,35,767.8
2025,3140506,estadual,66,54,768.0
2025,3140506,municipal,86,67,760.9
2025,3140530,municipal,95,59,749.1
2025,3140555,estadual,25,9,737.2
2025,3140555,municipal,65,58,774.8
2025,3140605,municipal,33,24,758.0
2025,3140704,municipal,428,357,767.3
2025,3140803,municipal,117,89,761.1
2025,3140852,municipal,97,39,731.7
2025,3140902,estadual,163,108,760.1
2025,3140902,municipal,78,51,753.8
2025,3141009,estadual,69,56,768.0
2025,3141009,municipal,59,40,753.7
2025,3141108,estadual,126,95,758.7
2025,3141108,municipal,272,200,760.3
2025,3141207,municipal,48,42,778.7
2025,3141306,municipal,42,36,770.5
2025,3141405,estadual,10,10,802.1
2025,3141405,municipal,201,163,767.4
2025,3141504,municipal,60,44,765.8
2025,3141603,municipal,73,68,793.1
2025,3141702,municipal,43,29,758.9
2025,3141801,municipal,242,199,767.4
2025,3141900,municipal,57,54,779.6
2025,3142007,estadual,24,15,736.0
2025,3142007,municipal,117,78,747.2
2025,3142106,municipal,60,53,781.5
2025,3142205,estadual,20,18,780.0
2025,3142205,municipal,106,86,770.1
2025,3142254,estadual,25,18,753.4
2025,3142254,municipal,16,12,759.4
2025,3142304,municipal,60,38,755.0
2025,3142403,municipal,84,75,775.2
2025,3142502,municipal,21,18,760.1
2025,3142601,municipal,110,74,762.1
2025,3142700,estadual,70,54,761.8
2025,3142700,municipal,95,69,757.2
2025,3142809,municipal,207,138,750.5
2025,3142908,estadual,176,137,771.2
2025,3142908,municipal,18,12,751.7
2025,3143005,municipal,131,102,770.2
2025,3143104,estadual,310,239,769.7
2025,3143104,municipal,165,105,752.4
2025,3143153,municipal,29,27,790.7
2025,3143203,municipal,186,115,753.4
2025,3143302,estadual,1818,1405,765.0
2025,3143302,municipal,2345,1768,763.0
2025,3143401,municipal,208,177,772.5
2025,3143450,municipal,66,61,779.5
2025,3143500,municipal,111,76,757.4
2025,3143609,municipal,34,24,753.9
2025,3143708,municipal,39,28,760.7
2025,3143807,municipal,79,75,777.5
2025,3143906,estadual,200,175,778.5
2025,3143906,municipal,828,657,767.2
2025,3144003,estadual,132,116,773.6
2025,3144003,municipal,88,69,767.9
2025,3144102,municipal,183,139,766.2
2025,3144201,municipal,29,25,768.2
2025,3144300,estadual,213,137,753.8
2025,3144300,municipal,95,64,747.3
2025,3144359,municipal,79,55,754.0
2025,3144375,municipal,55,41,760.3
2025,3144409,municipal,48,33,754.5
2025,3144508,municipal,102,77,766.3
2025,3144607,municipal,191,135,755.3
2025,3144656,municipal,93,74,763.8
2025,3144672,municipal,29,18,752.3
2025,3144706,municipal,171,134,761.4
2025,3144805,municipal,877,683,764.1
2025,3144904,municipal,26,23,767.1
2025,3145000,municipal,197,176,781.7
2025,3145059,estadual,11,10,788.6
2025,3145059,municipal,58,48,764.7
2025,3145109,municipal,220,191,775.5
2025,3145208,municipal,1526,1139,761.1
2025,3145307,estadual,119,89,757.8
2025,3145307,municipal,111,87,768.9
2025,3145356,estadual,43,32,754.4
2025,3145356,municipal,70,45,748.9
2025,3145372,municipal,58,49,781.8
2025,3145406,municipal,14,12,782.8
2025,3145455,municipal,83,62,761.6
2025,3145505,municipal,31,30,791.4
2025,3145604,estadual,90,87,800.5
2025,3145604,municipal,222,183,768.2
2025,3145703,municipal,13,12,775.7
2025,3145802,estadual,14,13,769.0
2025,3145802,municipal,11,8,758.8
2025,3145851,municipal,53,37,759.9
2025,3145877,municipal,109,85,762.9
2025,3145901,municipal,397,302,766.7
2025,3146008,estadual,12,12,802.0
2025,3146008,municipal,266,204,765.7
2025,3146107,estadual,226,175,764.9
2025,3146107,municipal,422,322,758.8
2025,3146206,municipal,79,60,765.4
2025,3146255,estadual,13,9,751.6
2025,3146255,municipal,49,41,776.3
2025,3146305,estadual,75,47,748.1
2025,3146305,municipal,111,75,751.6
2025,3146404,municipal,28,21,774.7
2025,3146503,municipal,78,66,770.1
2025,3146552,municipal,73,66,780.7
2025,3146602,municipal,15,10,761.5
2025,3146701,municipal,30,24,768.6
2025,3146750,estadual,11,8,749.4
2025,3146750,municipal,69,51,764.6
2025,3146909,municipal,140,115,771.7
2025,3147006,estadual,347,268,764.0
2025,3147006,municipal,597,409,754.5
2025,3147105,estadual,481,400,773.6
2025,3147105,municipal,514,391,763.0
2025,3147204,municipal,204,155,760.1
2025,3147303,municipal,213,180,776.1
2025,3147402,estadual,46,31,752.6
2025,3147402,municipal,201,133,755.5
2025,3147501,municipal,23,23,794.6
2025,3147600,estadual,71,62,778.3
2025,3147600,municipal,65,60,784.2
2025,3147709,municipal,80,63,762.9
2025,3147808,municipal,37,31,775.7
2025,3147907,estadual,325,214,754.9
2025,3147907,municipal,934,758,770.8
2025,3147956,estadual,11,11,775.7
2025,3147956,municipal,28,27,781.0
2025,3148004,estadual,940,728,768.4
2025,3148004,municipal,477,320,756.9
2025,3148103,estadual,124,77,748.0
2025,3148103,municipal,759,560,763.5
2025,3148202,municipal,60,52,765.3
2025,3148301,estadual,14,11,765.6
2025,3148301,municipal,59,52,768.5
2025,3148400,municipal,44,38,761.6
2025,3148509,estadual,26,20,775.1
2025,3148509,municipal,50,42,768.0
2025,3148608,estadual,49,36,764.9
2025,3148608,municipal,51,34,755.8
2025,3148707,municipal,230,139,751.9
2025,3148756,estadual,46,30,755.1
2025,3148756,municipal,60,57,778.1
2025,3148806,municipal,29,26,772.4
2025,3148905,municipal,33,32,797.8
2025,3149002,municipal,33,22,758.6
2025,3149101,municipal,99,78,767.9
2025,3149150,municipal,135,86,750.1
2025,3149200,municipal,40,33,766.5
2025,3149309,estadual,218,185,777.6
2025,3149309,municipal,416,277,754.3
2025,3149408,municipal,12,12,793.7
2025,3149507,municipal,33,27,773.7
2025,3149606,municipal,48,44,775.7
2025,3149705,municipal,178,164,781.4
2025,3149804,municipal,220,189,782.2
2025,3149903,municipal,187,142,765.1
2025,3149952,municipal,73,35,739.0
2025,3150000,municipal,36,30,757.6
2025,3150109,municipal,20,12,749.0
2025,3150158,municipal,129,107,770.9
2025,3150208,municipal,44,37,767.4
2025,3150307,municipal,57,50,779.8
2025,3150406,municipal,52,45,771.5
2025,3150505,municipal,87,75,778.3
2025,3150539,municipal,59,51,761.7
2025,3150570,municipal,123,74,744.4
2025,3150604,municipal,58,48,776.7
2025,3150703,municipal,92,70,760.9
2025,3150802,estadual,25,19,768.7
2025,3150802,municipal,96,81,773.1
2025,3150901,municipal,69,62,781.2
2025,3151008,municipal,106,86,775.1
2025,3151107,municipal,103,76,761.4
2025,3151206,estadual,73,59,782.8
2025,3151206,municipal,561,387,755.2
2025,3151305,municipal,105,81,770.4
2025,3151404,estadual,194,123,755.7
2025,3151404,municipal,79,60,765.0
2025,3151503,municipal,344,252,762.8
2025,3151602,municipal,145,112,765.3
2025,3151701,municipal,131,91,755.4
2025,3151800,estadual,106,77,756.9
2025,3151800,municipal,1024,839,767.6
2025,3151909,estadual,59,55,794.2
2025,3152006,estadual,138,119,777.9
2025,3152006,municipal,229,146,747.0
2025,3152105,estadual,117,85,756.0
2025,3152105,municipal,370,274,759.7
2025,3152131,municipal,45,37,770.8
2025,3152170,municipal,98,77,765.8
2025,3152204,estadual,281,225,769.0
2025,3152204,municipal,93,74,765.8
2025,3152303,estadual,91,77,776.0
2025,3152402,estadual,54,28,744.0
2025,3152402,municipal,68,40,748.8
2025,3152501,estadual,443,309,755.9
2025,3152501,municipal,893,684,761.9
2025,3152600,municipal,65,60,788.7
2025,3152709,municipal,75,70,785.2
2025,3152808,municipal,325,207,747.9
2025,3152907,estadual,12,8,743.0
2025,3152907,municipal,65,53,779.0
2025,3153004,municipal,49,46,774.6
2025,3153103,municipal,41,35,772.9
2025,3153202,municipal,22,19,765.9
2025,3153301,municipal,41,38,771.9
2025,3153400,municipal,180,133,759.4
2025,3153509,municipal,89,72,769.6
2025,3153608,estadual,13,7,749.6
2025,3153608,municipal,102,68,759.1
2025,3153707,municipal,28,23,764.3
2025,3153806,municipal,19,19,795.2
2025,3153905,municipal,155,105,753.8
2025,3154002,estadual,84,72,782.8
2025,3154002,municipal,119,104,766.9
2025,3154101,estadual,14,5,733.0
2025,3154101,municipal,75,53,761.8
2025,3154150,estadual,12,7,762.4
2025,3154150,municipal,73,62,768.3
2025,3154200,municipal,97,78,761.9
2025,3154309,municipal,160,114,752.0
2025,3154408,municipal,50,37,767.2
2025,3154457,municipal,67,47,760.5
2025,3154507,municipal,69,55,758.8
2025,3154606,estadual,584,422,755.4
2025,3154606,municipal,2957,1708,743.8
2025,3154705,municipal,45,42,774.2
2025,3154804,municipal,111,88,760.3
2025,3154903,municipal,128,97,756.1
2025,3155009,municipal,24,24,789.8
2025,3155108,municipal,62,58,783.6
2025,3155207,estadual,29,23,776.8
2025,3155306,municipal,66,56,765.8
2025,3155405,municipal,78,49,744.2
2025,3155504,municipal,169,135,782.2
2025,3155603,estadual,42,38,776.7
2025,3155603,municipal,220,184,775.8
2025,3155702,estadual,33,30,786.9
2025,3155702,municipal,118,101,778.4
2025,3155801,municipal,189,160,771.8
2025,3155900,municipal,40,26,750.3
2025,3156007,estadual,23,18,766.1
2025,3156007,municipal,61,48,766.8
2025,3156106,municipal,59,55,790.8
2025,3156205,municipal,31,29,772.4
2025,3156304,municipal,85,71,765.9
2025,3156403,municipal,47,41,780.6
2025,3156452,municipal,72,55,768.0
2025,3156502,municipal,26,22,777.3
2025,3156601,municipal,87,65,757.2
2025,3156700,municipal,1167,835,756.7
2025,3156809,estadual,79,66,770.3
2025,3156809,municipal,36,24,748.1
2025,3156908,municipal,354,309,774.0
2025,3157005,estadual,26,23,769.4
2025,3157005,municipal,381,325,774.8
2025,3157104,municipal,66,32,743.9
2025,3157203,municipal,284,195,751.9
2025,3157252,municipal,109,81,755.8
2025,3157278,municipal,29,16,738.9
2025,3157302,municipal,61,56,781.1
2025,3157336,municipal,83,58,753.5
2025,3157377,municipal,35,29,775.3
2025,3157401,estadual,15,9,737.3
2025,3157401,municipal,16,9,757.4
2025,3157500,municipal,55,46,770.3
2025,3157609,municipal,51,40,771.3
2025,3157658,estadual,17,10,746.3
2025,3157658,municipal,38,28,765.6
2025,3157708,municipal,210,137,748.1
2025,3157807,estadual,443,279,747.2
2025,3157807,municipal,2098,1456,755.5
2025,3157906,municipal,164,123,763.1
2025,3158003,municipal,115,80,755.2
2025,3158102,municipal,32,21,753.3
2025,3158201,estadual,83,79,790.6
2025,3158201,municipal,57,34,747.8
2025,3158300,estadual,28,24,779.9
2025,3158300,municipal,50,48,784.9
2025,3158409,municipal,34,30,777.0
2025,3158508,municipal,59,53,774.5
2025,3158607,municipal,30,24,762.5
2025,3158706,municipal,20,18,769.6
2025,3158805,municipal,61,53,773.3
2025,3158904,municipal,125,91,759.4
2025,3158953,municipal,381,277,759.9
2025,3159001,municipal,55,43,768.2
2025,3159100,municipal,22,16,764.5
2025,3159209,estadual,9,9,795.5
2025,3159209,municipal,58,53,780.4
2025,3159308,municipal,49,37,762.1
2025,3159357,municipal,64,48,753.4
2025,3159407,municipal,26,23,774.1
2025,3159506,municipal,63,50,766.7
2025,3159605,estadual,96,89,785.9
2025,3159605,municipal,312,243,764.7
2025,3159704,municipal,40,34,780.7
2025,3159803,estadual,50,35,758.7
2025,3159803,municipal,171,112,754.7
2025,3159902,municipal,170,145,772.1
2025,3160009,municipal,47,44,783.4
2025,3160108,municipal,74,47,765.7
2025,3160207,municipal,41,28,756.9
2025,3160306,municipal,100,61,748.2
2025,3160405,municipal,271,215,768.8
2025,3160454,municipal,93,72,766.9
2025,3160504,municipal,22,21,788.2
2025,3160603,municipal,27,27,782.7
2025,3160702,estadual,243,178,758.9
2025,3160702,municipal,94,66,753.8
2025,3160801,municipal,66,52,764.6
2025,3160900,municipal,49,44,771.0
2025,3160959,municipal,68,63,781.7
2025,3161007,municipal,134,102,770.5
2025,3161056,municipal,33,28,767.5
2025,3161106,estadual,360,231,752.5
2025,3161106,municipal,374,251,753.0
2025,3161205,municipal,59,53,776.2
2025,3161304,municipal,73,51,755.4
2025,3161403,municipal,45,37,767.5
2025,3161502,estadual,28,26,783.1
2025,3161502,municipal,72,60,770.1
2025,3161601,municipal,36,26,761.4
2025,3161650,municipal,38,28,765.3
2025,3161700,municipal,69,62,780.7
2025,3161809,municipal,123,109,772.6
2025,3161908,municipal,173,155,776.4
2025,3162005,estadual,7,5,746.9
2025,3162005,municipal,231,170,758.2
2025,3162104,estadual,44,19,741.3
2025,3162104,municipal,497,402,768.9
2025,3162203,municipal,95,83,787.2
2025,3162252,municipal,47,28,753.6
2025,3162302,municipal,41,31,762.2
2025,3162401,municipal,252,212,773.8
2025,3162450,municipal,58,28,738.5
2025,3162500,estadual,341,294,773.6
2025,3162500,municipal,354,270,761.6
2025,3162559,municipal,150,120,765.8
2025,3162575,municipal,75,58,765.6
2025,3162609,municipal,96,75,766.9
2025,3162658,estadual,10,10,794.7
2025,3162658,municipal,34,30,782.0
2025,3162708,municipal,218,208,781.7
2025,3162807,municipal,168,127,763.1
2025,3162906,municipal,221,135,744.7
2025,3162922,municipal,493,393,764.6
2025,3162948,municipal,120,99,769.9
2025,3162955,municipal,351,250,759.4
2025,3163003,municipal,46,40,768.8
2025,3163102,municipal,30,28,778.5
2025,3163201,municipal,41,35,774.6
2025,3163300,estadual,17,16,785.3
2025,3163300,municipal,39,23,752.9
2025,3163409,municipal,49,33,757.2
2025,3163508,municipal,63,52,772.7
2025,3163607,municipal,30,24,755.1
2025,3163706,municipal,394,351,777.8
2025,3163805,municipal,65,60,784.0
2025,3163904,municipal,51,45,781.3
2025,3164001,municipal,61,48,767.3
2025,3164100,estadual,12,9,785.6
2025,3164100,municipal,36,31,770.1
2025,3164209,municipal,97,82,769.8
2025,3164308,municipal,89,71,766.5
2025,3164407,municipal,73,72,801.8
2025,3164431,municipal,30,25,779.3
2025,3164472,municipal,83,72,766.3
2025,3164506,estadual,44,31,763.2
2025,3164605,municipal,146,121,764.3
2025,3164704,municipal,703,543,766.5
2025,3164803,municipal,12,12,796.3
2025,3164902,municipal,27,24,771.6
2025,3165008,estadual,46,41,779.6
2025,3165008,municipal,96,89,789.0
2025,3165107,municipal,87,61,761.2
2025,3165206,estadual,13,7,748.7
2025,3165206,municipal,78,63,763.0
2025,3165305,municipal,73,71,784.5
2025,3165404,municipal,63,57,774.1
2025,3165503,municipal,61,50,773.2
2025,3165537,municipal,496,394,765.1
2025,3165552,estadual,96,68,761.6
2025,3165552,municipal,10,6,731.1
2025,3165560,municipal,20,18,782.0
2025,3165578,estadual,67,44,749.0
2025,3165578,municipal,42,34,772.0
2025,3165602,municipal,14,13,791.5
2025,3165701,municipal,86,77,785.9
2025,3165800,municipal,9,8,761.3
2025,3165909,municipal,38,34,775.6
2025,3166006,municipal,52,49,785.0
2025,3166105,municipal,27,20,758.3
2025,3166204,estadual,52,46,782.2
2025,3166204,municipal,44,36,766.7
2025,3166303,municipal,69,57,776.6
2025,3166402,municipal,26,21,776.7
2025,3166501,estadual,32,22,754.6
2025,3166709,municipal,65,35,737.4
2025,3166808,municipal,175,99,744.3
2025,3166907,municipal,86,73,772.9
2025,3166956,municipal,28,26,781.1
2025,3167004,municipal,25,22,771.1
2025,3167103,estadual,129,106,774.8
2025,3167202,estadual,945,736,767.3
2025,3167202,municipal,921,568,748.3
2025,3167301,municipal,30,29,783.9
2025,3167400,municipal,67,52,768.3
2025,3167509,municipal,29,26,765.9
2025,3167608,estadual,101,68,748.7
2025,3167608,municipal,163,117,756.4
2025,3167707,municipal,46,32,761.1
2025,3167806,municipal,63,51,769.9
2025,3167905,municipal,55,45,761.5
2025,3168002,estadual,26,21,773.4
2025,3168002,municipal,402,347,776.5
2025,3168051,municipal,23,20,782.2
2025,3168101,municipal,62,47,766.3
2025,3168200,municipal,15,10,740.5
2025,3168309,municipal,50,41,767.0
2025,3168408,estadual,99,73,760.7
2025,3168408,municipal,29,21,756.3
2025,3168507,estadual,10,10,778.6
2025,3168507,municipal,92,65,763.0
2025,3168606,estadual,682,476,758.1
2025,3168606,municipal,607,422,754.4
2025,3168705,estadual,320,256,768.7
2025,3168705,municipal,311,203,750.5
2025,3168804,municipal,68,48,754.7
2025,3168903,municipal,89,68,766.0
2025,3169000,municipal,174,129,761.7
2025,3169059,municipal,26,20,776.7
2025,3169109,municipal,111,97,777.8
2025,3169208,municipal,64,45,763.5
2025,3169307,municipal,638,453,758.6
2025,3169356,estadual,37,26,757.0
2025,3169356,municipal,297,233,764.7
2025,3169406,estadual,53,45,772.4
2025,3169406,municipal,556,428,762.9
2025,3169505,municipal,67,54,761.7
2025,3169604,municipal,298,176,744.7
2025,3169703,estadual,111,82,762.3
2025,3169703,municipal,96,71,758.7
2025,3169802,municipal,65,48,759.5
2025,3169901,estadual,102,71,758.8
2025,3169901,municipal,812,659,769.0
2025,3170008,estadual,26,19,754.4
2025,3170008,municipal,67,42,747.9
2025,3170057,estadual,67,50,759.3
2025,3170057,municipal,89,73,762.4
2025,3170107,estadual,847,651,759.8
2025,3170107,municipal,2041,1241,743.5
2025,3170206,estadual,1532,1106,758.1
2025,3170206,municipal,4600,3062,749.9
2025,3170305,municipal,40,28,754.4
2025,3170404,estadual,495,355,754.5
2025,3170404,municipal,463,308,751.5
2025,3170438,municipal,44,31,747.3
2025,3170479,municipal,37,32,764.1
2025,3170503,estadual,22,15,755.9
2025,3170503,municipal,85,50,754.7
2025,3170529,municipal,99,56,746.6
2025,3170578,municipal,64,45,759.7
2025,3170602,municipal,15,12,763.7
2025,3170651,municipal,75,59,762.2
2025,3170701,municipal,1198,832,756.9
2025,3170750,municipal,111,86,763.1
2025,3170800,municipal,343,219,752.8
2025,3170909,estadual,126,88,755.3
2025,3170909,municipal,76,43,752.7
2025,3171006,estadual,64,50,765.5
2025,3171006,municipal,109,74,755.0
2025,3171030,estadual,80,45,741.1
2025,3171071,municipal,64,62,794.3
2025,3171105,municipal,34,28,775.2
2025,3171154,municipal,62,37,750.2
2025,3171204,estadual,29,28,789.5
2025,3171204,municipal,1482,1034,754.7
2025,3171303,estadual,202,170,766.3
2025,3171303,municipal,353,265,759.7
2025,3171402,municipal,38,29,763.9
2025,3171501,municipal,32,26,763.9
2025,3171600,estadual,13,13,781.8
2025,3171600,municipal,90,75,773.8
2025,3171709,municipal,82,70,773.4
2025,3171808,municipal,111,84,759.3
2025,3171907,municipal,38,30,764.1
2025,3172004,estadual,299,222,761.7
2025,3172004,municipal,136,57,735.8
2025,3172103,municipal,51,39,757.9
2025,3172202,municipal,32,30,781.9
2025,3200102,estadual,83,77,796.4
2025,3200102,municipal,245,232,802.4
2025,3200136,municipal,140,138,813.6
2025,3200169,municipal,140,124,785.0
2025,3200201,estadual,72,71,802.4
2025,3200201,municipal,251,189,774.9
2025,3200300,municipal,127,112,791.6
2025,3200359,municipal,103,99,799.1
2025,3200409,municipal,363,317,783.0
2025,3200508,municipal,78,56,756.3
2025,3200607,municipal,1279,952,768.5
2025,3200706,municipal,138,112,773.1
2025,3200805,municipal,289,215,768.5
2025,3200904,estadual,15,12,775.7
2025,3200904,municipal,413,365,786.0
2025,3201001,estadual,25,22,793.8
2025,3201001,municipal,205,176,786.4
2025,3201100,municipal,106,85,776.1
2025,3201159,estadual,55,50,806.1
2025,3201159,municipal,180,147,777.4
2025,3201209,municipal,1931,1445,766.8
2025,3201308,municipal,4561,3110,758.0
2025,3201407,municipal,334,280,781.7
2025,3201506,estadual,25,21,781.1
2025,3201506,municipal,1198,1036,784.9
2025,3201605,estadual,14,12,782.3
2025,3201605,municipal,388,305,771.8
2025,3201704,municipal,122,106,787.1
2025,3201803,municipal,60,54,785.9
2025,3201902,estadual,56,54,807.9
2025,3201902,municipal,297,254,784.5
2025,3202009,municipal,110,90,781.1
2025,3202108,estadual,34,34,796.4
2025,3202108,municipal,182,159,781.7
2025,3202207,municipal,228,166,763.3
2025,3202256,municipal,115,94,776.2
2025,3202306,municipal,314,260,773.5
2025,3202405,municipal,1577,1284,775.7
2025,3202454,municipal,388,321,781.1
2025,3202504,municipal,109,93,785.1
2025,3202553,municipal,180,149,775.4
2025,3202603,municipal,161,141,788.7
2025,3202652,municipal,173,152,789.7
2025,3202702,municipal,152,129,785.6
2025,3202801,estadual,33,26,780.0
2025,3202801,municipal,521,400,769.3
2025,3202900,municipal,88,73,786.5
2025,3203007,estadual,24,23,824.3
2025,3203007,municipal,327,256,775.7
2025,3203056,municipal,436,353,781.2
2025,3203106,municipal,165,133,775.1
2025,3203130,municipal,127,101,782.2
2025,3203163,estadual,14,13,810.4
2025,3203163,municipal,55,53,805.3
2025,3203205,estadual,48,28,743.6
2025,3203205,municipal,2019,1514,766.5
2025,3203304,municipal,174,169,805.1
2025,3203320,municipal,578,447,768.0
2025,3203346,municipal,263,210,773.3
2025,3203353,municipal,159,150,826.3
2025,3203403,municipal,245,208,777.6
2025,3203502,municipal,251,210,783.5
2025,3203601,municipal,82,71,798.8
2025,3203700,estadual,60,54,789.8
2025,3203700,municipal,221,205,798.5
2025,3203809,municipal,138,103,769.1
2025,3203908,estadual,27,23,776.3
2025,3203908,municipal,509,431,786.4
2025,3204005,estadual,22,19,787.7
2025,3204005,municipal,168,152,800.3
2025,3204054,estadual,16,14,787.3
2025,3204054,municipal,318,282,789.0
2025,3204104,estadual,35,32,794.9
2025,3204104,municipal,325,265,779.9
2025,3204203,municipal,347,281,778.4
2025,3204252,municipal,95,86,813.7
2025,3204302,municipal,200,173,778.4
2025,3204351,municipal,228,190,790.3
2025,3204401,municipal,122,97,781.3
2025,3204500,municipal,109,93,779.1
2025,3204559,estadual,311,261,783.4
2025,3204559,municipal,255,202,776.3
2025,3204609,estadual,20,18,774.7
2025,3204609,municipal,224,202,786.6
2025,3204658,municipal,91,86,805.5
2025,3204708,estadual,22,20,787.4
2025,3204708,municipal,371,324,785.5
2025,3204807,municipal,129,114,790.7
2025,3204906,estadual,93,68,769.5
2025,3204906,municipal,1346,993,764.5
2025,3204955,municipal,99,95,801.5
2025,3205002,estadual,784,629,774.0
2025,3205002,municipal,5986,3841,753.7
2025,3205010,municipal,467,373,775.6
2025,3205036,municipal,243,200,785.9
2025,3205069,municipal,288,258,797.9
2025,3205101,municipal,1072,839,772.4
2025,3205150,municipal,81,73,790.6
2025,3205176,estadual,49,46,798.0
2025,3205176,municipal,173,131,771.8
2025,3205200,municipal,4331,3460,774.5
2025,3205309,municipal,2823,2237,773.7
2025,3300100,municipal,1933,1235,746.4
2025,3300159,municipal,85,64,758.5
2025,3300209,municipal,1544,880,740.1
2025,3300225,municipal,130,87,752.7
2025,3300233,municipal,614,451,760.6
2025,3300258,municipal,409,259,747.5
2025,3300308,municipal,690,374,736.9
2025,3300407,municipal,1392,950,751.9
2025,3300456,municipal,3297,1175,721.1
2025,3300506,municipal,280,213,757.3
2025,3300605,municipal,271,197,758.6
2025,3300704,municipal,2369,1522,748.1
2025,3300803,municipal,553,352,746.5
2025,3300902,municipal,116,96,765.6
2025,3300936,municipal,132,89,749.4
2025,3300951,municipal,99,61,745.1
2025,3301009,estadual,58,47,766.9
2025,3301009,municipal,4000,1856,730.8
2025,3301108,municipal,170,100,742.0
2025,3301157,municipal,153,83,733.0
2025,3301207,municipal,138,103,758.2
2025,3301306,municipal,428,275,748.1
2025,3301405,municipal,183,114,743.7
2025,3301504,municipal,179,116,751.0
2025,3301603,municipal,104,65,752.4
2025,3301702,municipal,6397,3000,733.4
2025,3301801,municipal,64,31,728.6
2025,3301850,municipal,545,321,743.9
2025,3301876,municipal,367,287,760.9
2025,3301900,municipal,2501,1394,739.0
2025,3302007,municipal,1408,668,730.5
2025,3302056,municipal,113,73,752.9
2025,3302106,municipal,220,162,760.4
2025,3302205,municipal,688,525,763.2
2025,3302254,municipal,343,214,745.8
2025,3302270,municipal,1108,453,726.2
2025,3302304,municipal,55,46,767.2
2025,3302403,municipal,2954,1877,747.8
2025,3302452,municipal,91,74,760.1
2025,3302502,municipal,3070,1626,738.8
2025,3302601,municipal,481,261,738.1
2025,3302700,municipal,2287,1550,753.2
2025,3302809,municipal,168,108,746.9
2025,3302858,municipal,1193,487,726.0
2025,3302908,municipal,237,187,758.4
2025,3303005,municipal,277,198,757.8
2025,3303104,municipal,105,66,746.8
2025,3303203,municipal,920,506,737.8
2025,3303302,municipal,2516,1476,743.5
2025,3303401,municipal,1536,1101,756.3
2025,3303500,municipal,6798,2775,724.2
2025,3303609,municipal,406,264,748.0
2025,3303708,municipal,406,235,743.0
2025,3303807,municipal,448,247,740.2
2025,3303856,municipal,362,293,763.6
2025,3303906,municipal,2143,1453,751.0
2025,3303955,municipal,280,185,747.7
2025,3304003,municipal,237,157,749.9
2025,3304102,municipal,121,80,750.8
2025,3304110,municipal,205,166,767.7
2025,3304128,municipal,129,98,761.8
2025,3304144,municipal,1304,562,726.0
2025,3304151,municipal,284,216,761.3
2025,3304201,municipal,984,705,757.6
2025,3304300,municipal,492,303,744.2
2025,3304409,municipal,131,101,759.1
2025,3304508,municipal,80,61,764.7
2025,3304524,municipal,1485,1085,757.7
2025,3304557,estadual,58,47,766.9
2025,3304557,municipal,42955,29203,753.2
2025,3304607,municipal,71,46,745.9
2025,3304706,municipal,377,307,764.6
2025,3304755,municipal,577,333,741.2
2025,3304805,municipal,288,140,732.4
2025,3304904,municipal,3924,1833,732.6
2025,3305000,municipal,528,307,743.9
2025,3305109,municipal,2705,1032,723.0
2025,3305133,municipal,51,41,761.6
2025,3305158,municipal,256,209,765.2
2025,3305208,municipal,1113,733,749.2
2025,3305307,municipal,66,36,747.6
2025,3305406,municipal,204,137,750.3
2025,3305505,municipal,1296,906,754.6
2025,3305554,municipal,855,382,725.5
2025,3305604,municipal,273,173,745.5
2025,3305703,municipal,161,95,743.8
2025,3305752,municipal,380,233,745.3
2025,3305802,municipal,1507,1026,751.2
2025,3305901,municipal,82,63,765.4
2025,3306008,municipal,738,543,758.4
2025,3306107,municipal,736,473,748.2
2025,3306156,municipal,50,44,770.1
2025,3306206,municipal,342,215,745.0
2025,3306305,municipal,2537,1813,754.8
2025,3500105,municipal,233,193,766.0
2025,3500204,municipal,54,38,755.2
2025,3500303,estadual,51,35,757.5
2025,3500303,municipal,303,173,741.2
2025,3500402,municipal,53,41,759.9
2025,3500501,municipal,167,107,746.5
2025,3500550,municipal,84,44,741.9
2025,3500600,municipal,55,43,762.3
2025,3500709,municipal,359,188,740.4
2025,3500758,municipal,57,43,765.1
2025,3500808,estadual,53,36,748.6
2025,3500907,municipal,32,18,741.6
2025,3501004,municipal,150,115,757.5
2025,3501103,municipal,37,27,753.5
2025,3501152,municipal,155,97,743.4
2025,3501202,municipal,20,17,772.3
2025,3501301,municipal,246,170,754.2
2025,3501400,municipal,33,20,745.2
2025,3501509,municipal,29,25,770.0
2025,3501608,estadual,729,572,766.3
2025,3501608,municipal,773,561,755.6
2025,3501707,municipal,373,233,749.2
2025,3501806,municipal,50,45,778.6
2025,3501905,estadual,113,89,767.8
2025,3501905,municipal,371,268,754.5
2025,3502002,municipal,51,28,741.4
2025,3502101,municipal,473,326,754.5
2025,3502200,municipal,297,192,751.7
2025,3502309,municipal,76,41,736.9
2025,3502408,municipal,44,32,754.5
2025,3502507,municipal,319,192,744.4
2025,3502606,municipal,32,20,758.4
2025,3502705,estadual,166,103,751.1
2025,3502705,municipal,125,99,766.4
2025,3502754,municipal,267,127,729.1
2025,3502804,municipal,1660,1171,756.1
2025,3502903,municipal,345,192,738.5
2025,3503000,municipal,65,51,764.6
2025,3503109,municipal,88,44,738.4
2025,3503158,municipal,28,13,742.7
2025,3503208,estadual,988,765,764.9
2025,3503208,municipal,843,440,738.2
2025,3503307,estadual,374,258,753.7
2025,3503307,municipal,617,375,744.8
2025,3503356,municipal,23,10,733.6
2025,3503406,municipal,59,52,772.3
2025,3503505,municipal,47,23,737.0
2025,3503604,municipal,126,91,762.4
2025,3503703,municipal,63,56,782.7
2025,3503802,municipal,605,419,754.5
2025,3503901,municipal,958,559,744.9
2025,3503950,estadual,21,18,763.4
2025,3504008,municipal,848,576,751.3
2025,3504107,estadual,32,25,763.1
2025,3504107,municipal,1639,1057,750.8
2025,3504206,municipal,120,95,771.0
2025,3504305,municipal,46,38,765.0
2025,3504404,municipal,106,92,770.8
2025,3504503,municipal,804,450,740.4
2025,3504602,municipal,262,191,753.2
2025,3504701,municipal,18,18,788.7
2025,3504800,municipal,73,43,744.0
2025,3504909,municipal,92,47,739.1
2025,3505005,municipal,40,33,765.4
2025,3505104,municipal,68,57,772.6
2025,3505203,municipal,278,212,760.5
2025,3505302,municipal,205,142,759.7
2025,3505351,municipal,69,54,769.9
2025,3505401,municipal,71,33,727.0
2025,3505500,municipal,1150,794,755.7
2025,3505609,municipal,406,209,730.3
2025,3505708,municipal,4331,2874,751.3
2025,3505807,municipal,210,145,750.2
2025,3505906,estadual,105,79,759.4
2025,3505906,municipal,415,303,759.6
2025,3506003,estadual,1539,970,746.0
2025,3506003,municipal,1192,548,732.6
2025,3506102,municipal,581,363,745.4
2025,3506201,municipal,28,16,752.4
2025,3506300,municipal,107,65,742.5
2025,3506359,municipal,1000,590,741.9
2025,3506409,municipal,84,70,767.3
2025,3506508,municipal,1126,939,771.8
2025,3506607,municipal,351,196,740.6
2025,3506706,municipal,156,86,738.8
2025,3506805,municipal,76,41,737.1
2025,3506904,municipal,108,56,733.0
2025,3507001,municipal,676,455,750.1
2025,3507100,municipal,268,158,743.6
2025,3507159,municipal,56,35,745.3
2025,3507209,municipal,12,9,772.4
2025,3507308,municipal,49,33,754.8
2025,3507407,estadual,33,29,771.9
2025,3507407,municipal,111,87,758.9
2025,3507456,municipal,41,31,758.4
2025,3507506,municipal,1164,686,743.8
2025,3507605,municipal,1475,959,751.8
2025,3507704,municipal,72,51,755.1
2025,3507753,municipal,26,24,782.8
2025,3507803,municipal,289,202,754.5
2025,3507902,municipal,219,120,738.2
2025,3508009,municipal,241,141,744.9
2025,3508108,municipal,160,111,757.6
2025,3508207,municipal,49,40,770.1
2025,3508306,municipal,57,40,755.4
2025,3508405,municipal,674,403,744.2
2025,3508504,municipal,845,460,735.7
2025,3508603,municipal,217,104,731.4
2025,3508702,estadual,15,8,745.5
2025,3508702,municipal,157,122,760.9
2025,3508801,estadual,22,10,729.7
2025,3508801,municipal,152,122,763.2
2025,3508900,municipal,39,31,768.2
2025,3509007,estadual,26,23,770.4
2025,3509007,municipal,903,623,754.5
2025,3509106,municipal,21,19,765.4
2025,3509205,municipal,1022,642,748.5
2025,3509254,municipal,420,247,744.0
2025,3509304,municipal,81,61,755.6
2025,3509403,municipal,232,152,747.5
2025,3509452,municipal,77,42,742.2
2025,3509502,estadual,7109,4679,750.1
2025,3509502,municipal,1811,892,734.2
2025,3509601,municipal,821,460,739.5
2025,3509700,municipal,568,352,745.2
2025,3509809,municipal,63,38,749.7
2025,3509908,municipal,139,92,753.1
2025,3509957,municipal,71,48,746.7
2025,3510005,estadual,68,55,764.1
2025,3510005,municipal,175,143,770.3
2025,3510104,municipal,37,31,761.3
2025,3510153,municipal,80,44,748.5
2025,3510203,municipal,491,365,758.9
2025,3510302,municipal,274,141,729.2
2025,3510401,municipal,562,422,763.1
2025,3510500,municipal,1417,792,741.0
2025,3510609,estadual,3142,1880,741.1
2025,3510609,municipal,937,422,725.6
2025,3510708,estadual,10,10,786.4
2025,3510708,municipal,97,82,770.1
2025,3510807,municipal,240,120,727.7
2025,3510906,municipal,37,29,760.2
2025,3511003,municipal,182,100,737.1
2025,3511102,municipal,730,456,746.9
2025,3511201,municipal,68,48,751.9
2025,3511300,municipal,138,87,747.4
2025,3511409,municipal,217,106,735.1
2025,3511508,municipal,311,231,757.7
2025,3511607,municipal,264,160,742.9
2025,3511706,municipal,224,132,744.4
2025,3511904,municipal,93,66,755.4
2025,3512001,municipal,209,118,741.9
2025,3512100,municipal,78,62,769.7
2025,3512209,municipal,332,215,748.6
2025,3512308,municipal,143,83,740.0
2025,3512407,municipal,294,193,751.7
2025,3512506,municipal,57,39,750.1
2025,3512605,municipal,49,29,737.6
2025,3512704,municipal,52,33,753.2
2025,3512803,municipal,569,361,746.9
2025,3512902,municipal,99,77,760.0
2025,3513009,municipal,2880,1559,737.1
2025,3513108,municipal,334,233,754.7
2025,3513207,municipal,131,75,741.7
2025,3513306,municipal,25,19,742.9
2025,3513405,municipal,519,288,738.3
2025,3513504,estadual,127,65,733.3
2025,3513504,municipal,958,480,734.6
2025,3513603,municipal,150,88,743.3
2025,3513702,municipal,303,215,756.2
2025,3513801,estadual,1724,1285,758.6
2025,3513801,municipal,1843,1055,739.0
2025,3513850,municipal,11,7,758.5
2025,3513900,municipal,87,71,770.0
2025,3514007,estadual,98,54,738.2
2025,3514106,municipal,277,163,744.8
2025,3514205,municipal,25,9,719.2
2025,3514304,municipal,85,51,743.3
2025,3514403,municipal,358,265,760.4
2025,3514502,municipal,121,78,755.9
2025,3514601,municipal,90,71,762.5
2025,3514700,municipal,70,64,769.3
2025,3514809,municipal,116,68,742.5
2025,3514908,municipal,238,168,751.6
2025,3514924,municipal,26,23,769.2
2025,3514957,municipal,21,18,760.2
2025,3515004,estadual,899,541,745.0
2025,3515004,municipal,1896,899,729.3
2025,3515103,estadual,461,284,741.3
2025,3515103,municipal,282,153,737.3
2025,3515129,municipal,29,24,761.7
2025,3515152,municipal,207,123,749.5
2025,3515186,estadual,119,99,767.4
2025,3515186,municipal,156,116,761.1
2025,3515194,municipal,55,38,756.7
2025,3515202,municipal,93,77,767.7
2025,3515301,municipal,29,26,782.7
2025,3515350,municipal,73,57,759.3
2025,3515400,municipal,142,110,763.0
2025,3515509,municipal,470,361,762.6
2025,3515608,municipal,51,50,785.5
2025,3515657,municipal,21,17,765.0
2025,3515707,municipal,1908,1164,744.7
2025,3515806,municipal,14,10,739.4
2025,3515905,municipal,28,26,784.5
2025,3516002,municipal,100,62,752.1
2025,3516101,estadual,36,32,785.8
2025,3516200,estadual,1208,1019,768.4
2025,3516200,municipal,2167,1440,752.1
2025,3516309,estadual,98,66,750.9
2025,3516309,municipal,2075,1080,734.7
2025,3516408,estadual,119,65,735.8
2025,3516408,municipal,1593,866,737.0
2025,3516507,municipal,30,18,749.2
2025,3516606,municipal,65,41,750.3
2025,3516705,municipal,350,272,760.6
2025,3516804,municipal,34,28,764.0
2025,3516853,municipal,62,40,747.1
2025,3516903,municipal,86,60,757.5
2025,3517000,municipal,81,50,746.5
2025,3517109,municipal,58,46,765.2
2025,3517208,municipal,131,92,752.5
2025,3517307,municipal,85,76,777.3
2025,3517406,municipal,309,210,757.0
2025,3517505,municipal,202,121,744.2
2025,3517604,municipal,180,122,753.8
2025,3517703,municipal,190,128,753.5
2025,3517802,municipal,61,32,744.3
2025,3517901,municipal,105,78,755.7
2025,3518008,municipal,17,17,815.5
2025,3518107,municipal,69,38,737.0
2025,3518206,municipal,214,135,751.6
2025,3518305,municipal,399,304,761.8
2025,3518404,municipal,911,563,747.5
2025,3518503,municipal,142,84,741.7
2025,3518602,municipal,451,323,753.6
2025,3518701,estadual,1054,531,733.8
2025,3518701,municipal,2004,776,720.1
2025,3518800,estadual,3332,2314,752.2
2025,3518800,municipal,10870,5628,732.6
2025,3518859,municipal,80,22,729.3
2025,3518909,municipal,42,40,780.1
2025,3519006,municipal,71,36,738.7
2025,3519055,municipal,155,90,739.2
2025,3519071,municipal,2440,1494,745.7
2025,3519105,municipal,103,76,761.8
2025,3519204,estadual,67,52,762.8
2025,3519253,municipal,55,26,738.3
2025,3519303,municipal,400,225,740.4
2025,3519402,municipal,97,75,765.7
2025,3519501,municipal,73,50,752.0
2025,3519600,municipal,567,326,743.3
2025,3519709,municipal,950,564,742.2
2025,3519808,municipal,71,51,757.7
2025,3519907,municipal,87,52,746.2
2025,3520004,municipal,201,148,756.6
2025,3520103,municipal,197,106,731.5
2025,3520202,municipal,142,77,737.0
2025,3520301,estadual,15,10,761.6
2025,3520301,municipal,292,201,753.9
2025,3520400,municipal,403,210,736.2
2025,3520426,municipal,144,73,730.7
2025,3520442,municipal,173,138,769.7
2025,3520509,municipal,2549,1835,756.8
2025,3520608,municipal,58,49,773.7
2025,3520707,municipal,27,21,764.6
2025,3520806,municipal,32,30,782.2
2025,3520905,municipal,144,100,752.6
2025,3521002,municipal,394,177,726.2
2025,3521101,municipal,87,64,755.3
2025,3521150,municipal,74,32,726.1
2025,3521200,municipal,22,9,737.9
2025,3521309,municipal,126,70,733.6
2025,3521408,municipal,247,164,751.5
2025,3521507,municipal,74,56,758.4
2025,3521606,municipal,73,71,789.2
2025,3521705,estadual,152,119,762.8
2025,3521804,municipal,295,178,744.9
2025,3521903,municipal,143,120,764.0
2025,3522000,municipal,51,34,754.0
2025,3522109,municipal,1337,807,745.8
2025,3522158,municipal,11,9,778.1
2025,3522208,estadual,106,64,743.7
2025,3522208,municipal,1788,1089,743.8
2025,3522307,estadual,172,136,764.7
2025,3522307,municipal,1258,659,735.0
2025,3522406,municipal,916,603,750.2
2025,3522505,municipal,3363,1841,736.8
2025,3522604,estadual,47,36,762.7
2025,3522604,municipal,471,312,747.8
2025,3522653,municipal,59,26,731.6
2025,3522703,estadual,81,61,765.0
2025,3522703,municipal,292,209,755.3
2025,3522802,municipal,136,102,758.2
2025,3522901,municipal,129,71,742.2
2025,3523008,municipal,49,32,753.9
2025,3523107,estadual,56,44,763.1
2025,3523107,municipal,4487,2107,727.9
2025,3523206,municipal,447,290,749.3
2025,3523305,estadual,49,38,754.9
2025,3523305,municipal,143,107,756.1
2025,3523404,municipal,1033,806,765.5
2025,3523503,municipal,227,127,740.1
2025,3523602,municipal,181,132,755.9
2025,3523701,municipal,66,45,743.0
2025,3523800,estadual,80,57,753.9
2025,3523909,municipal,1610,1135,754.5
2025,3524006,municipal,734,365,730.2
2025,3524105,municipal,276,141,732.9
2025,3524204,municipal,59,52,773.9
2025,3524303,municipal,466,269,741.5
2025,3524402,municipal,2112,1183,741.2
2025,3524501,municipal,108,70,749.7
2025,3524600,municipal,163,126,762.2
2025,3524709,municipal,568,367,752.3
2025,3524808,municipal,376,293,764.2
2025,3524907,municipal,65,50,754.4
2025,3525003,municipal,972,497,734.3
2025,3525102,municipal,389,174,728.9
2025,3525201,municipal,497,270,737.8
2025,3525300,municipal,999,618,744.3
2025,3525409,municipal,55,44,763.3
2025,3525508,municipal,126,79,752.7
2025,3525607,municipal,59,39,750.4
2025,3525706,estadual,196,127,745.3
2025,3525706,municipal,149,97,748.1
2025,3525805,municipal,52,32,749.3
2025,3525854,municipal,41,28,750.8
2025,3525904,municipal,3569,2710,762.0
2025,3526001,municipal,214,192,777.2
2025,3526100,municipal,181,87,735.8
2025,3526209,estadual,197,105,742.3
2025,3526209,municipal,166,118,751.1
2025,3526308,municipal,52,40,763.5
2025,3526407,municipal,280,140,735.9
2025,3526506,municipal,50,34,751.9
2025,3526605,municipal,67,46,756.6
2025,3526704,municipal,1043,687,747.4
2025,3526803,municipal,653,406,747.6
2025,3526902,estadual,132,101,756.9
2025,3526902,municipal,2327,1646,756.2
2025,3527009,municipal,78,63,773.1
2025,3527108,estadual,447,302,751.8
2025,3527108,municipal,170,136,766.3
2025,3527207,municipal,657,356,737.1
2025,3527256,municipal,20,15,769.1
2025,3527306,municipal,676,417,745.7
2025,3527405,municipal,164,128,762.4
2025,3527504,municipal,16,14,769.4
2025,3527603,municipal,179,85,737.0
2025,3527702,municipal,67,36,740.6
2025,3527801,municipal,46,40,764.4
2025,3527900,municipal,34,21,743.2
2025,3528007,municipal,202,137,752.7
2025,3528106,municipal,71,61,766.7
2025,3528205,municipal,45,42,774.3
2025,3528304,municipal,31,30,787.3
2025,3528403,municipal,457,252,742.1
2025,3528502,municipal,805,509,747.8
2025,3528601,municipal,75,50,743.3
2025,3528700,municipal,35,29,760.9
2025,3528809,municipal,118,96,764.3
2025,3528858,municipal,38,31,763.4
2025,3528908,municipal,22,15,746.2
2025,3529005,estadual,367,247,753.2
2025,3529005,municipal,1673,1211,758.7
2025,3529104,municipal,13,9,751.1
2025,3529203,municipal,185,101,741.8
2025,3529302,estadual,456,330,761.8
2025,3529302,municipal,256,179,755.7
2025,3529401,estadual,3627,2567,754.7
2025,3529401,municipal,53,25,733.5
2025,3529500,municipal,76,60,762.3
2025,3529609,municipal,30,25,765.4
2025,3529658,municipal,28,15,739.0
2025,3529708,municipal,171,83,735.4
2025,3529807,municipal,101,72,750.1
2025,3529906,municipal,237,146,740.0
2025,3530003,municipal,35,23,750.6
2025,3530102,municipal,178,99,742.4
2025,3530201,estadual,12,12,795.8
2025,3530201,municipal,96,89,786.2
2025,3530300,municipal,533,368,755.6
2025,3530409,municipal,47,26,746.7
2025,3530508,estadual,198,155,762.7
2025,3530508,municipal,278,126,729.6
2025,3530607,municipal,4509,2419,735.8
2025,3530706,municipal,1411,904,748.2
2025,3530805,municipal,753,442,742.6
2025,3530904,municipal,68,46,755.1
2025,3531001,municipal,22,19,765.9
2025,3531100,municipal,620,289,729.1
2025,3531209,municipal,91,61,757.4
2025,3531308,municipal,335,203,745.5
2025,3531407,municipal,163,133,766.5
2025,3531506,municipal,165,98,743.6
2025,3531605,municipal,35,25,758.0
2025,3531704,municipal,65,29,721.3
2025,3531803,municipal,849,448,737.3
2025,3531902,municipal,298,168,737.4
2025,3532009,municipal,137,75,744.5
2025,3532058,municipal,54,38,756.3
2025,3532108,municipal,38,29,763.6
2025,3532157,municipal,31,21,745.7
2025,3532207,municipal,62,38,750.1
2025,3532306,municipal,71,44,752.6
2025,3532405,estadual,57,36,754.9
2025,3532405,municipal,166,102,743.9
2025,3532504,municipal,78,68,772.5
2025,3532603,municipal,58,40,757.0
2025,3532702,municipal,80,75,789.1
2025,3532801,municipal,81,64,766.5
2025,3532827,municipal,106,63,745.1
2025,3532843,municipal,14,14,805.6
2025,3532900,municipal,93,56,749.1
2025,3533007,municipal,172,124,760.2
2025,3533106,municipal,21,19,773.7
2025,3533205,municipal,51,34,756.5
2025,3533254,municipal,49,48,793.7
2025,3533304,municipal,26,20,760.7
2025,3533403,municipal,557,353,747.2
2025,3533502,municipal,346,251,756.7
2025,3533601,municipal,74,47,754.1
2025,3533700,municipal,52,43,774.3
2025,3533809,municipal,18,12,746.5
2025,3533908,municipal,556,388,754.7
2025,3534005,municipal,62,45,749.3
2025,3534104,municipal,57,45,755.6
2025,3534203,municipal,65,42,739.9
2025,3534302,municipal,319,201,747.9
2025,3534401,municipal,6573,3288,731.8
2025,3534500,municipal,23,21,765.8
2025,3534609,municipal,192,126,753.0
2025,3534708,estadual,64,47,752.6
2025,3534708,municipal,819,511,747.1
2025,3534757,municipal,108,97,781.8
2025,3534807,municipal,90,69,772.6
2025,3534906,municipal,75,55,758.3
2025,3535002,municipal,106,78,753.9
2025,3535101,municipal,118,89,759.1
2025,3535200,municipal,67,45,755.5
2025,3535309,municipal,162,106,752.8
2025,3535408,municipal,159,133,765.6
2025,3535507,municipal,419,231,738.4
2025,3535606,municipal,201,134,746.9
2025,3535705,municipal,72,48,743.2
2025,3535804,municipal,241,155,748.0
2025,3535903,municipal,57,43,761.1
2025,3536000,municipal,97,78,763.4
2025,3536109,municipal,72,40,742.3
2025,3536208,municipal,202,133,748.2
2025,3536257,municipal,31,27,771.6
2025,3536307,municipal,161,106,747.9
2025,3536406,municipal,102,73,761.1
2025,3536505,municipal,1054,713,751.7
2025,3536570,municipal,31,22,752.7
2025,3536604,municipal,52,39,759.4
2025,3536703,municipal,390,224,745.2
2025,3536802,municipal,47,28,748.1
2025,3536901,municipal,24,20,757.0
2025,3537008,municipal,185,111,740.5
2025,3537107,municipal,366,327,781.3
2025,3537156,municipal,40,26,739.6
2025,3537206,municipal,115,64,741.3
2025,3537305,estadual,125,97,762.2
2025,3537305,municipal,405,255,748.3
2025,3537404,municipal,203,137,751.4
2025,3537503,municipal,112,73,749.1
2025,3537602,municipal,740,345,730.3
2025,3537701,municipal,56,54,790.2
2025,3537800,municipal,548,348,749.0
2025,3537909,municipal,301,204,745.7
2025,3538006,municipal,1635,1187,758.2
2025,3538105,municipal,109,75,750.9
2025,3538204,municipal,137,105,763.4
2025,3538303,municipal,41,34,762.9
2025,3538501,municipal,104,83,765.7
2025,3538600,municipal,318,214,749.5
2025,3538709,estadual,458,412,782.7
2025,3538709,municipal,3082,2070,752.9
2025,3538808,municipal,314,209,752.9
2025,3538907,municipal,162,65,725.9
2025,3539004,municipal,101,87,768.6
2025,3539103,municipal,187,89,730.0
2025,3539202,municipal,245,170,754.7
2025,3539301,municipal,491,282,744.0
2025,3539400,municipal,121,78,747.9
2025,3539509,municipal,372,269,757.9
2025,3539608,municipal,55,47,773.2
2025,3539707,municipal,33,19,752.9
2025,3539806,municipal,1218,676,740.7
2025,3539905,estadual,42,32,758.7
2025,3540002,municipal,188,125,754.0
2025,3540101,municipal,31,31,786.3
2025,3540200,municipal,430,232,736.0
2025,3540259,municipal,47,35,759.3
2025,3540309,municipal,21,12,752.5
2025,3540408,municipal,40,32,760.4
2025,3540507,municipal,105,72,755.7
2025,3540606,municipal,585,429,756.6
2025,3540705,municipal,468,218,735.3
2025,3540754,municipal,211,108,732.1
2025,3540804,municipal,158,100,747.9
2025,3540853,municipal,21,11,736.8
2025,3540903,municipal,163,124,757.5
2025,3541000,municipal,3940,2051,737.2
2025,3541059,municipal,67,27,729.3
2025,3541109,estadual,44,41,780.3
2025,3541208,municipal,59,43,761.7
2025,3541307,estadual,257,208,766.1
2025,3541307,municipal,126,79,749.1
2025,3541406,municipal,1720,1135,750.9
2025,3541505,municipal,245,174,760.6
2025,3541604,estadual,106,60,742.3
2025,3541604,municipal,184,117,748.0
2025,3541653,municipal,46,28,741.4
2025,3541703,municipal,107,83,764.1
2025,3541802,municipal,39,34,768.4
2025,3541901,municipal,83,65,759.3
2025,3542008,municipal,74,47,749.0
2025,3542107,municipal,138,124,779.9
2025,3542206,municipal,306,229,757.8
2025,3542305,municipal,43,36,776.9
2025,3542404,municipal,180,104,747.8
2025,3542503,municipal,56,49,774.6
2025,3542602,municipal,490,282,743.2
2025,3542701,municipal,107,79,749.2
2025,3542800,municipal,49,35,765.4
2025,3542909,municipal,95,63,754.9
2025,3543006,municipal,249,200,765.0
2025,3543105,municipal,57,46,762.6
2025,3543204,municipal,47,44,769.1
2025,3543238,municipal,15,11,752.2
2025,3543253,municipal,89,74,766.7
2025,3543303,estadual,632,460,759.0
2025,3543303,municipal,386,271,754.8
2025,3543402,estadual,2488,1735,753.2
2025,3543402,municipal,2338,1042,723.6
2025,3543501,municipal,70,41,745.2
2025,3543600,municipal,51,28,744.6
2025,3543709,municipal,95,54,741.4
2025,3543808,estadual,97,76,758.9
2025,3543907,estadual,26,21,759.4
2025,3543907,municipal,1644,931,742.1
2025,3544004,municipal,337,224,752.0
2025,3544103,estadual,360,238,749.7
2025,3544103,municipal,7,3,733.4
2025,3544202,municipal,96,77,757.3
2025,3544251,estadual,36,35,786.1
2025,3544251,municipal,89,68,763.2
2025,3544301,municipal,121,82,754.0
2025,3544400,municipal,33,21,752.1
2025,3544509,municipal,39,33,771.4
2025,3544608,municipal,52,29,731.3
2025,3544707,municipal,35,31,782.1
2025,3544806,municipal,70,58,762.0
2025,3544905,municipal,98,60,748.5
2025,3545001,municipal,199,127,745.6
2025,3545100,municipal,60,43,755.6
2025,3545159,municipal,102,73,753.5
2025,3545209,estadual,512,379,752.9
2025,3545209,municipal,837,548,749.2
2025,3545308,estadual,37,26,768.7
2025,3545308,municipal,415,214,737.7
2025,3545407,municipal,113,78,751.4
2025,3545506,municipal,50,45,776.3
2025,3545605,municipal,135,84,755.4
2025,3545704,municipal,62,46,756.2
2025,3545803,estadual,297,258,776.6
2025,3545803,municipal,1410,889,750.2
2025,3546009,municipal,138,62,725.8
2025,3546108,municipal,30,25,765.8
2025,3546207,municipal,33,29,759.7
2025,3546256,municipal,24,23,765.3
2025,3546306,municipal,304,184,744.0
2025,3546405,estadual,114,79,751.5
2025,3546405,municipal,284,191,750.4
2025,3546504,municipal,48,41,765.9
2025,3546603,municipal,338,222,749.5
2025,3546702,municipal,279,232,767.2
2025,3546801,municipal,570,339,740.7
2025,3546900,municipal,68,52,761.4
2025,3547007,municipal,87,78,781.2
2025,3547106,municipal,38,33,777.7
2025,3547205,estadual,14,14,806.1
2025,3547304,municipal,1716,1111,748.3
2025,3547403,municipal,19,15,769.9
2025,3547502,municipal,136,93,757.9
2025,3547601,municipal,205,130,749.7
2025,3547650,estadual,24,24,781.9
2025,3547700,municipal,121,85,758.1
2025,3547809,estadual,925,661,757.8
2025,3547809,municipal,3669,2191,742.2
2025,3547908,municipal,72,48,753.2
2025,3548005,municipal,271,192,754.6
2025,3548054,municipal,98,71,758.1
2025,3548104,estadual,12,12,786.6
2025,3548104,municipal,64,51,774.0
2025,3548203,municipal,89,55,748.3
2025,3548302,municipal,30,27,773.4
2025,3548401,municipal,61,53,775.3
2025,3548500,estadual,27,19,759.9
2025,3548500,municipal,2343,1220,735.9
2025,3548609,municipal,84,65,765.4
2025,3548708,municipal,7082,4571,750.8
2025,3548807,municipal,1282,907,756.9
2025,3548906,estadual,1088,792,757.7
2025,3548906,municipal,1045,620,742.3
2025,3549003,estadual,19,10,746.4
2025,3549102,municipal,656,422,749.4
2025,3549201,municipal,30,23,758.7
2025,3549250,municipal,14,8,736.5
2025,3549300,municipal,19,16,772.8
2025,3549409,estadual,217,162,761.8
2025,3549409,municipal,186,98,738.7
2025,3549508,municipal,85,56,745.2
2025,3549607,municipal,46,27,735.8
2025,3549706,estadual,212,171,760.2
2025,3549706,municipal,225,153,754.8
2025,3549805,municipal,3437,1957,740.0
2025,3549904,estadual,1166,798,753.4
2025,3549904,municipal,5505,3762,751.8
2025,3549953,municipal,144,95,748.9
2025,3550001,municipal,90,69,755.4
2025,3550100,municipal,382,254,750.1
2025,3550209,municipal,377,279,759.8
2025,3550308,estadual,50356,30416,743.6
2025,3550308,municipal,45120,23944,737.0
2025,3550407,municipal,334,217,747.2
2025,3550506,municipal,90,80,777.7
2025,3550605,municipal,670,366,740.0
2025,3550704,municipal,1040,547,737.4
2025,3550803,municipal,83,63,754.0
2025,3550902,estadual,18,15,765.8
2025,3550902,municipal,59,44,761.3
2025,3551009,estadual,57,42,749.0
2025,3551009,municipal,2898,1258,723.6
2025,3551108,municipal,105,62,742.4
2025,3551207,municipal,36,32,769.4
2025,3551306,municipal,44,44,798.6
2025,3551405,municipal,109,39,719.4
2025,3551504,municipal,466,230,731.9
2025,3551603,estadual,232,166,759.2
2025,3551702,municipal,1353,902,748.8
2025,3551801,municipal,133,74,741.2
2025,3551900,municipal,150,89,743.3
2025,3552007,municipal,83,46,740.5
2025,3552106,municipal,280,176,747.1
2025,3552205,estadual,873,640,756.9
2025,3552205,municipal,5392,2891,738.0
2025,3552304,municipal,71,41,741.1
2025,3552403,estadual,791,563,753.9
2025,3552403,municipal,1789,1035,739.1
2025,3552502,estadual,1381,827,741.7
2025,3552502,municipal,2238,1114,731.6
2025,3552551,municipal,33,33,795.2
2025,3552601,municipal,98,86,776.3
2025,3552700,estadual,17,15,777.0
2025,3552700,municipal,163,118,755.7
2025,3552809,estadual,41,24,743.1
2025,3552809,municipal,2390,1241,735.7
2025,3552908,municipal,68,45,751.8
2025,3553005,municipal,152,126,769.3
2025,3553104,municipal,58,41,751.8
2025,3553203,municipal,53,42,770.0
2025,3553302,municipal,220,156,753.3
2025,3553401,municipal,232,154,751.2
2025,3553500,municipal,81,52,746.8
2025,3553609,municipal,102,84,764.3
2025,3553658,municipal,26,17,742.0
2025,3553708,municipal,449,263,740.1
2025,3553807,municipal,214,122,742.7
2025,3553856,municipal,74,45,749.2
2025,3553906,municipal,77,47,745.3
2025,3553955,municipal,183,160,773.9
2025,3554003,municipal,1282,746,740.6
2025,3554102,municipal,2450,1319,739.6
2025,3554201,municipal,55,33,752.1
2025,3554300,estadual,19,19,833.9
2025,3554300,municipal,218,148,748.0
2025,3554409,municipal,79,48,744.1
2025,3554508,municipal,324,232,754.6
2025,3554607,municipal,30,18,732.2
2025,3554656,municipal,33,26,761.5
2025,3554706,estadual,95,72,761.4
2025,3554755,municipal,22,15,759.9
2025,3554805,municipal,348,195,739.0
2025,3554904,municipal,80,58,757.4
2025,3554953,municipal,52,29,749.8
2025,3555000,estadual,218,149,750.4
2025,3555000,municipal,315,188,747.1
2025,3555109,municipal,115,113,795.2
2025,3555208,municipal,10,8,769.6
2025,3555307,municipal,17,11,745.3
2025,3555356,municipal,70,58,771.0
2025,3555406,municipal,1149,506,728.6
2025,3555505,municipal,77,41,741.0
2025,3555604,municipal,99,77,763.3
2025,3555703,estadual,23,19,759.9
2025,3555802,estadual,67,57,773.2
2025,3555901,municipal,16,13,770.0
2025,3556008,municipal,138,84,749.9
2025,3556107,municipal,136,97,759.8
2025,3556206,municipal,872,546,747.5
2025,3556305,municipal,272,153,741.6
2025,3556354,municipal,100,73,760.5
2025,3556404,municipal,381,240,747.3
2025,3556453,municipal,498,299,744.2
2025,3556503,municipal,1173,648,739.8
2025,3556602,municipal,79,46,743.5
2025,3556701,municipal,700,505,757.4
2025,3556800,municipal,161,105,747.3
2025,3556909,municipal,103,70,754.9
2025,3556958,municipal,11,11,775.8
2025,3557006,municipal,1076,633,741.6
2025,3557105,municipal,750,503,749.9
2025,3557154,municipal,25,12,744.5
2025,3557204,municipal,130,66,734.9
2025,3557303,municipal,128,80,744.7
2025,4100103,municipal,109,96,767.4
2025,4100202,municipal,93,59,752.0
2025,4100301,municipal,152,137,787.8
2025,4100400,municipal,1179,710,742.9
2025,4100459,municipal,52,45,775.9
2025,4100509,municipal,190,173,783.7
2025,4100608,municipal,178,158,776.0
2025,4100707,municipal,116,91,762.4
2025,4100806,municipal,104,71,757.5
2025,4100905,municipal,62,58,778.2
2025,4101002,municipal,218,181,778.8
2025,4101051,municipal,23,21,786.2
2025,4101101,municipal,210,172,769.7
2025,4101150,municipal,40,40,803.6
2025,4101200,municipal,234,148,746.9
2025,4101309,municipal,81,74,783.1
2025,4101408,municipal,1256,994,768.9
2025,4101507,municipal,1270,1012,768.5
2025,4101606,municipal,352,292,770.9
2025,4101655,municipal,38,31,769.0
2025,4101705,municipal,143,111,765.4
2025,4101804,municipal,1952,1482,761.1
2025,4101853,municipal,24,24,803.6
2025,4101903,municipal,138,126,779.3
2025,4102000,municipal,410,354,780.1
2025,4102109,municipal,236,214,787.7
2025,4102208,municipal,54,54,801.0
2025,4102307,municipal,212,175,768.4
2025,4102406,municipal,321,278,774.6
2025,4102505,municipal,82,70,780.0
2025,4102604,municipal,105,91,777.2
2025,4102703,municipal,28,27,778.4
2025,4102752,municipal,46,43,790.6
2025,4102802,municipal,178,142,765.5
2025,4102901,municipal,244,212,778.4
2025,4103008,municipal,65,61,796.7
2025,4103024,municipal,37,33,788.0
2025,4103040,municipal,65,56,769.7
2025,4103057,municipal,131,80,750.2
2025,4103107,municipal,227,158,756.5
2025,4103156,municipal,48,48,789.7
2025,4103206,municipal,88,57,751.4
2025,4103222,municipal,29,25,782.0
2025,4103305,municipal,60,55,779.6
2025,4103354,municipal,70,58,768.6
2025,4103370,municipal,44,33,765.2
2025,4103404,municipal,24,13,746.9
2025,4103453,municipal,273,226,775.7
2025,4103479,municipal,60,46,761.8
2025,4103503,municipal,106,85,763.1
2025,4103602,municipal,261,200,765.0
2025,4103701,municipal,1083,958,778.6
2025,4103800,municipal,94,84,777.4
2025,4103909,municipal,194,183,786.8
2025,4103958,municipal,49,45,781.2
2025,4104006,municipal,692,509,759.6
2025,4104055,municipal,45,40,788.1
2025,4104105,municipal,106,74,758.7
2025,4104204,municipal,1610,1244,764.1
2025,4104253,municipal,350,258,758.8
2025,4104303,municipal,1057,924,777.1
2025,4104402,municipal,141,128,782.3
2025,4104428,municipal,258,216,771.1
2025,4104451,municipal,155,120,763.6
2025,4104501,municipal,254,209,773.5
2025,4104600,municipal,226,196,771.0
2025,4104659,municipal,306,236,767.4
2025,4104709,municipal,183,162,778.5
2025,4104808,municipal,3523,2966,775.7
2025,4104907,municipal,984,837,774.9
2025,4105003,municipal,112,97,772.4
2025,4105102,municipal,131,101,765.6
2025,4105201,municipal,168,99,747.4
2025,4105300,municipal,136,106,769.0
2025,4105409,municipal,243,200,764.7
2025,4105508,municipal,960,825,780.2
2025,4105607,municipal,147,136,782.3
2025,4105706,municipal,210,165,763.9
2025,4105805,municipal,3043,2127,755.6
2025,4105904,municipal,231,181,764.6
2025,4106001,municipal,134,119,775.8
2025,4106100,municipal,59,44,766.8
2025,4106209,municipal,276,208,764.9
2025,4106308,municipal,219,199,784.7
2025,4106407,municipal,372,312,771.6
2025,4106456,municipal,85,68,770.5
2025,4106506,municipal,284,234,774.7
2025,4106555,municipal,47,46,789.6
2025,4106571,municipal,60,50,774.6
2025,4106605,municipal,209,176,773.9
2025,4106704,municipal,73,55,765.1
2025,4106803,municipal,172,164,790.6
2025,4106852,municipal,43,43,796.4
2025,4106902,municipal,12932,9573,759.4
2025,4107009,municipal,190,160,775.7
2025,4107108,municipal,48,42,776.9
2025,4107124,municipal,52,52,791.2
2025,4107157,municipal,56,47,772.3
2025,4107207,municipal,559,536,794.6
2025,4107256,municipal,103,76,765.8
2025,4107306,municipal,64,50,759.7
2025,4107405,municipal,52,46,772.2
2025,4107504,municipal,104,96,785.2
2025,4107520,municipal,18,14,777.0
2025,4107538,municipal,70,62,792.8
2025,4107546,municipal,54,42,772.4
2025,4107553,municipal,39,38,785.5
2025,4107603,municipal,195,162,767.8
2025,4107652,municipal,2077,1415,753.8
2025,4107702,municipal,52,49,780.9
2025,4107736,municipal,88,82,786.7
2025,4107751,municipal,95,86,784.3
2025,4107801,municipal,55,46,782.1
2025,4107850,municipal,66,55,768.9
2025,4107900,municipal,187,136,758.2
2025,4108007,municipal,67,57,768.2
2025,4108106,municipal,35,34,800.1
2025,4108205,municipal,99,73,760.0
2025,4108304,municipal,3528,2749,765.5
2025,4108320,municipal,138,110,772.8
2025,4108403,municipal,1149,970,773.7
2025,4108452,municipal,66,58,771.1
2025,4108502,municipal,163,129,763.2
2025,4108551,municipal,27,24,771.3
2025,4108601,municipal,292,233,766.2
2025,4108650,municipal,62,56,775.1
2025,4108700,municipal,75,67,768.6
2025,4108809,municipal,411,323,767.8
2025,4108908,municipal,84,71,776.7
2025,4108957,municipal,105,90,777.9
2025,4109005,municipal,62,60,787.1
2025,4109104,municipal,32,29,773.2
2025,4109203,municipal,55,49,773.1
2025,4109302,municipal,190,155,774.4
2025,4109401,municipal,2414,1813,760.7
2025,4109500,municipal,47,28,743.2
2025,4109609,municipal,566,396,753.2
2025,4109658,municipal,65,47,761.8
2025,4109708,municipal,307,251,775.3
2025,4109757,municipal,75,62,770.9
2025,4109807,municipal,582,462,765.7
2025,4109906,municipal,87,71,766.7
2025,4110003,municipal,60,45,769.8
2025,4110052,municipal,19,17,766.4
2025,4110078,municipal,150,129,772.7
2025,4110102,municipal,413,337,771.5
2025,4110201,municipal,163,116,760.7
2025,4110300,municipal,28,26,768.8
2025,4110409,municipal,43,42,798.8
2025,4110508,municipal,206,182,781.9
2025,4110607,municipal,114,80,755.5
2025,4110656,municipal,17,17,784.0
2025,4110706,municipal,678,594,778.5
2025,4110805,municipal,151,130,771.2
2025,4110904,municipal,62,44,752.1
2025,4110953,municipal,182,163,780.8
2025,4111001,municipal,64,57,769.6
2025,4111100,municipal,65,62,785.2
2025,4111209,municipal,190,158,772.8
2025,4111258,municipal,490,287,744.5
2025,4111308,municipal,36,32,778.1
2025,4111407,municipal,204,186,784.0
2025,4111506,municipal,271,224,770.0
2025,4111555,municipal,76,69,779.0
2025,4111605,municipal,16,16,776.0
2025,4111704,municipal,70,64,780.5
2025,4111803,municipal,445,270,747.6
2025,4111902,municipal,190,157,770.1
2025,4112009,municipal,449,355,768.5
2025,4112108,municipal,222,202,780.0
2025,4112207,municipal,49,46,773.7
2025,4112306,municipal,59,58,783.5
2025,4112405,municipal,105,104,797.7
2025,4112504,municipal,119,98,770.1
2025,4112603,municipal,13,11,765.2
2025,4112702,municipal,163,133,770.3
2025,4112751,municipal,65,59,774.8
2025,4112801,municipal,151,142,782.7
2025,4112900,municipal,40,34,765.6
2025,4112959,municipal,79,58,757.2
2025,4113007,municipal,90,80,770.4
2025,4113106,municipal,51,41,761.8
2025,4113205,municipal,520,443,771.9
2025,4113254,municipal,84,49,741.8
2025,4113304,municipal,415,346,770.8
2025,4113403,municipal,49,45,780.5
2025,4113429,municipal,46,41,785.9
2025,4113452,municipal,76,70,784.2
2025,4113502,municipal,240,214,778.1
2025,4113601,municipal,40,35,777.0
2025,4113700,estadual,55,54,792.9
2025,4113700,municipal,5035,4045,767.8
2025,4113734,municipal,89,85,782.1
2025,4113759,municipal,33,24,753.2
2025,4113809,municipal,30,24,758.7
2025,4113908,municipal,188,173,794.0
2025,4114005,municipal,172,158,778.2
2025,4114104,municipal,383,274,754.6
2025,4114203,municipal,430,400,788.7
2025,4114302,municipal,335,272,768.8
2025,4114351,municipal,26,24,785.3
2025,4114401,municipal,215,172,766.6
2025,4114500,municipal,130,116,775.7
2025,4114609,municipal,617,511,771.6
2025,4114708,municipal,68,60,778.7
2025,4114807,municipal,496,424,776.8
2025,4114906,municipal,107,91,771.5
2025,4115002,municipal,79,68,772.5
2025,4115101,municipal,115,81,758.4
2025,4115200,estadual,46,41,780.2
2025,4115200,municipal,3571,3025,774.6
2025,4115309,municipal,87,68,772.2
2025,4115358,municipal,80,67,765.6
2025,4115408,municipal,203,185,787.4
2025,4115457,municipal,63,59,783.5
2025,4115507,municipal,59,47,771.1
2025,4115606,municipal,237,193,769.3
2025,4115705,municipal,559,393,754.5
2025,4115739,municipal,56,46,768.8
2025,4115754,municipal,140,119,771.3
2025,4115804,municipal,689,623,782.0
2025,4115853,municipal,76,67,791.6
2025,4115903,municipal,29,26,771.4
2025,4116000,municipal,15,12,758.8
2025,4116059,municipal,120,109,793.5
2025,4116109,municipal,121,107,777.4
2025,4116208,municipal,235,172,757.1
2025,4116307,municipal,58,41,774.2
2025,4116406,municipal,35,31,778.5
2025,4116505,municipal,18,10,740.8
2025,4116604,municipal,31,27,769.1
2025,4116703,municipal,145,137,791.1
2025,4116802,municipal,66,63,794.1
2025,4116901,municipal,256,231,778.5
2025,4116950,municipal,64,52,774.4
2025,4117008,municipal,73,73,806.6
2025,4117057,municipal,95,79,771.2
2025,4117107,municipal,158,149,781.0
2025,4117206,municipal,64,64,810.0
2025,4117214,municipal,53,51,782.7
2025,4117222,municipal,146,131,778.0
2025,4117255,municipal,161,149,782.8
2025,4117271,municipal,77,73,784.7
2025,4117297,municipal,46,46,795.8
2025,4117305,estadual,13,7,747.0
2025,4117305,municipal,270,222,771.2
2025,4117404,municipal,36,33,788.2
2025,4117453,municipal,84,76,787.6
2025,4117503,municipal,696,533,761.9
2025,4117602,municipal,604,391,748.3
2025,4117701,municipal,478,379,767.2
2025,4117800,municipal,141,128,777.6
2025,4117909,municipal,411,355,777.5
2025,4118006,municipal,153,119,770.6
2025,4118105,municipal,95,82,766.0
2025,4118204,municipal,1585,1156,758.7
2025,4118303,municipal,29,28,790.5
2025,4118402,municipal,949,825,778.8
2025,4118451,municipal,84,83,793.5
2025,4118501,municipal,849,674,765.8
2025,4118600,municipal,79,71,776.9
2025,4118709,municipal,73,70,793.9
2025,4118808,municipal,160,151,788.5
2025,4118857,municipal,88,66,761.7
2025,4118907,municipal,139,126,780.4
2025,4119004,municipal,68,66,799.4
2025,4119103,municipal,194,169,780.6
2025,4119152,municipal,1393,979,754.9
2025,4119202,municipal,74,54,767.8
2025,4119251,municipal,33,33,813.2
2025,4119301,municipal,442,334,759.7
2025,4119400,municipal,306,249,768.2
2025,4119509,municipal,1293,879,751.7
2025,4119608,municipal,368,296,772.0
2025,4119657,municipal,45,41,784.8
2025,4119707,municipal,55,47,773.0
2025,4119806,municipal,154,143,792.0
2025,4119905,municipal,3399,2811,773.2
2025,4119954,municipal,435,300,753.2
2025,4120002,municipal,105,80,767.3
2025,4120101,municipal,59,54,773.4
2025,4120150,municipal,33,29,783.2
2025,4120200,municipal,42,39,780.7
2025,4120309,municipal,41,37,772.0
2025,4120333,municipal,57,51,779.6
2025,4120358,municipal,78,75,800.5
2025,4120408,municipal,53,49,784.7
2025,4120507,municipal,86,53,750.5
2025,4120606,municipal,519,461,783.2
2025,4120655,municipal,60,50,772.7
2025,4120705,municipal,104,99,787.5
2025,4120804,municipal,303,248,770.1
2025,4120853,municipal,68,67,784.0
2025,4120903,estadual,15,8,743.6
2025,4120903,municipal,428,343,769.2
2025,4121000,municipal,139,93,752.2
2025,4121109,municipal,58,46,769.3
2025,4121208,municipal,248,227,783.2
2025,4121257,municipal,66,55,775.4
2025,4121307,municipal,30,29,779.6
2025,4121356,municipal,36,26,754.3
2025,4121406,municipal,195,177,780.8
2025,4121505,municipal,225,202,775.9
2025,4121604,municipal,87,65,762.2
2025,4121703,municipal,336,290,780.6
2025,4121752,municipal,108,97,777.4
2025,4121802,municipal,142,126,781.9
2025,4121901,municipal,148,131,772.7
2025,4122008,municipal,171,161,786.4
2025,4122107,municipal,31,28,776.4
2025,4122156,estadual,28,22,764.2
2025,4122156,municipal,187,171,782.5
2025,4122172,municipal,62,53,778.2
2025,4122206,municipal,458,343,760.9
2025,4122305,municipal,378,340,785.6
2025,4122404,municipal,934,748,768.6
2025,4122503,municipal,117,114,802.3
2025,4122602,municipal,118,105,781.5
2025,4122651,municipal,61,58,801.5
2025,4122701,municipal,130,129,795.6
2025,4122800,municipal,58,56,798.1
2025,4122909,municipal,51,41,757.7
2025,4123006,municipal,179,162,783.6
2025,4123105,municipal,28,28,800.3
2025,4123204,municipal,46,34,762.2
2025,4123303,municipal,103,86,776.2
2025,4123402,municipal,116,98,771.6
2025,4123501,municipal,393,337,775.1
2025,4123600,municipal,19,15,778.0
2025,4123709,municipal,96,86,775.2
2025,4123808,municipal,138,124,775.7
2025,4123824,municipal,43,38,780.2
2025,4123857,municipal,100,79,769.6
2025,4123907,municipal,94,90,782.8
2025,4123956,municipal,51,44,770.2
2025,4124004,municipal,79,59,765.5
2025,4124020,municipal,192,162,772.5
2025,4124053,municipal,334,282,775.1
2025,4124103,municipal,479,335,756.8
2025,4124202,municipal,33,28,772.8
2025,4124301,municipal,26,18,763.9
2025,4124400,municipal,267,234,779.1
2025,4124509,municipal,80,77,794.4
2025,4124608,municipal,75,70,781.4
2025,4124707,municipal,96,84,785.6
2025,4124806,municipal,124,108,779.2
2025,4124905,municipal,72,70,799.6
2025,4125001,municipal,126,99,761.9
2025,4125100,municipal,179,155,774.7
2025,4125209,municipal,106,104,795.5
2025,4125308,municipal,61,58,784.3
2025,4125357,municipal,73,61,771.1
2025,4125407,municipal,71,59,766.2
2025,4125456,municipal,53,43,767.6
2025,4125506,municipal,3862,2861,759.4
2025,4125555,municipal,13,11,790.3
2025,4125605,municipal,511,413,772.3
2025,4125704,municipal,277,230,769.8
2025,4125753,municipal,90,80,777.9
2025,4125803,municipal,83,76,781.6
2025,4125902,municipal,29,26,785.9
2025,4126009,municipal,76,76,792.4
2025,4126108,municipal,70,59,772.4
2025,4126207,municipal,90,65,770.7
2025,4126256,municipal,1550,1005,749.9
2025,4126272,municipal,110,97,780.7
2025,4126306,municipal,232,213,783.6
2025,4126355,municipal,61,59,802.2
2025,4126405,municipal,44,43,808.1
2025,4126504,municipal,159,113,756.7
2025,4126603,municipal,261,231,776.1
2025,4126652,municipal,42,35,763.4
2025,4126678,municipal,130,112,770.4
2025,4126702,municipal,61,52,765.7
2025,4126801,municipal,181,146,768.7
2025,4126900,municipal,53,52,797.2
2025,4127007,municipal,128,123,786.9
2025,4127106,municipal,927,701,761.8
2025,4127205,municipal,233,221,791.3
2025,4127304,municipal,174,133,762.8
2025,4127403,municipal,205,170,776.5
2025,4127502,municipal,273,230,771.3
2025,4127601,municipal,249,194,763.4
2025,4127700,municipal,1444,1201,772.0
2025,4127809,municipal,72,66,777.4
2025,4127858,municipal,137,126,780.9
2025,4127882,municipal,116,81,760.4
2025,4127908,municipal,115,91,768.2
2025,4127957,municipal,96,87,777.2
2025,4127965,municipal,229,210,781.0
2025,4128005,municipal,277,240,776.5
2025,4128104,municipal,1138,897,766.9
2025,4128203,municipal,609,498,768.3
2025,4128302,municipal,24,23,782.2
2025,4128401,municipal,66,56,773.5
2025,4128500,municipal,237,194,768.8
2025,4128534,municipal,148,132,775.8
2025,4128559,municipal,60,47,763.2
2025,4128609,municipal,97,77,765.3
2025,4128625,municipal,36,31,784.2
2025,4128633,municipal,81,70,775.9
2025,4128658,municipal,51,45,788.9
2025,4128708,municipal,118,94,765.9
2025,4128807,municipal,85,62,763.7
2025,4200051,municipal,44,31,766.0
2025,4200101,estadual,25,14,733.0
2025,4200101,municipal,204,137,749.5
2025,4200200,municipal,161,122,765.7
2025,4200309,municipal,79,32,737.3
2025,4200408,municipal,79,55,764.0
2025,4200507,estadual,49,21,730.9
2025,4200507,municipal,24,14,746.4
2025,4200556,municipal,38,29,760.7
2025,4200606,municipal,97,58,756.6
2025,4200705,municipal,176,100,740.9
2025,4200754,municipal,12,7,746.1
2025,4200804,estadual,17,10,764.0
2025,4200804,municipal,62,54,777.2
2025,4200903,estadual,32,25,754.6
2025,4200903,municipal,33,26,765.1
2025,4201000,estadual,11,5,733.4
2025,4201000,municipal,96,63,757.2
2025,4201109,municipal,36,17,733.4
2025,4201208,estadual,40,31,768.9
2025,4201208,municipal,145,109,758.2
2025,4201257,municipal,142,92,751.1
2025,4201273,municipal,70,62,780.2
2025,4201307,municipal,825,384,730.9
2025,4201406,estadual,416,245,745.8
2025,4201406,municipal,291,152,741.5
2025,4201505,estadual,69,38,745.2
2025,4201505,municipal,71,54,763.9
2025,4201604,municipal,46,46,790.1
2025,4201653,municipal,35,30,783.1
2025,4201703,estadual,78,49,746.3
2025,4201703,municipal,29,20,760.0
2025,4201802,estadual,16,14,769.8
2025,4201802,municipal,35,28,771.5
2025,4201901,estadual,52,30,752.2
2025,4201901,municipal,22,20,775.9
2025,4201950,municipal,187,68,720.7
2025,4202008,municipal,1013,544,740.4
2025,4202057,municipal,189,98,737.7
2025,4202073,estadual,21,16,749.2
2025,4202073,municipal,181,116,748.3
2025,4202081,municipal,41,29,759.7
2025,4202099,municipal,25,18,762.8
2025,4202107,estadual,42,24,745.0
2025,4202107,municipal,610,311,734.9
2025,4202131,municipal,89,73,768.9
2025,4202156,municipal,41,40,791.1
2025,4202206,estadual,63,33,743.1
2025,4202206,municipal,52,40,762.8
2025,4202305,estadual,475,258,739.8
2025,4202305,municipal,301,126,727.6
2025,4202404,estadual,1016,588,741.6
2025,4202404,municipal,2433,1586,751.8
2025,4202438,municipal,56,18,727.0
2025,4202453,municipal,330,186,745.9
2025,4202503,estadual,18,5,699.8
2025,4202503,municipal,29,23,768.6
2025,4202537,municipal,37,31,766.8
2025,4202578,municipal,32,23,768.3
2025,4202602,estadual,36,16,718.6
2025,4202602,municipal,65,39,749.1
2025,4202701,estadual,47,37,760.8
2025,4202701,municipal,41,33,762.7
2025,4202800,estadual,150,76,736.8
2025,4202800,municipal,301,191,750.2
2025,4202859,municipal,42,19,734.0
2025,4202875,estadual,11,10,788.2
2025,4202875,municipal,12,7,757.2
2025,4202909,estadual,600,377,749.1
2025,4202909,municipal,1008,706,758.9
2025,4203006,estadual,213,152,757.5
2025,4203006,municipal,677,430,751.3
2025,4203105,estadual,34,19,744.0
2025,4203105,municipal,49,29,748.5
2025,4203154,municipal,67,44,755.3
2025,4203204,municipal,1348,713,737.2
2025,4203253,municipal,22,11,738.1
2025,4203303,municipal,157,106,755.6
2025,4203402,estadual,46,17,719.1
2025,4203402,municipal,46,23,740.2
2025,4203501,municipal,125,111,782.8
2025,4203600,estadual,152,97,752.3
2025,4203600,municipal,270,179,754.5
2025,4203709,estadual,7,6,763.8
2025,4203709,municipal,152,74,731.7
2025,4203808,estadual,238,195,776.8
2025,4203808,municipal,403,290,758.3
2025,4203907,municipal,280,219,763.2
2025,4203956,estadual,97,61,753.5
2025,4203956,municipal,197,107,742.2
2025,4204004,municipal,133,106,767.1
2025,4204103,municipal,50,39,765.4
2025,4204152,municipal,31,29,783.6
2025,4204178,municipal,33,15,720.5
2025,4204194,municipal,41,25,754.3
2025,4204202,estadual,872,512,746.5
2025,4204202,municipal,2057,1216,745.2
2025,4204251,estadual,32,24,758.0
2025,4204251,municipal,167,112,761.2
2025,4204301,estadual,187,118,752.9
2025,4204301,municipal,769,582,765.8
2025,4204350,municipal,72,47,753.2
2025,4204400,estadual,5,4,751.9
2025,4204400,municipal,110,73,763.6
2025,4204459,municipal,30,29,799.8
2025,4204509,municipal,215,145,752.8
2025,4204558,estadual,43,31,763.0
2025,4204558,municipal,157,87,740.5
2025,4204608,estadual,196,122,747.9
2025,4204608,municipal,1836,1224,754.4
2025,4204707,estadual,74,43,746.6
2025,4204707,municipal,63,54,773.2
2025,4204756,municipal,20,17,779.6
2025,4204806,estadual,163,129,768.8
2025,4204806,municipal,298,181,746.7
2025,4204905,estadual,20,16,761.3
2025,4204905,municipal,64,47,763.1
2025,4205001,estadual,27,20,763.3
2025,4205001,municipal,149,121,763.9
2025,4205100,municipal,44,29,753.0
2025,4205159,municipal,35,24,759.2
2025,4205175,estadual,14,2,698.0
2025,4205175,municipal,36,18,734.3
2025,4205191,municipal,39,31,770.0
2025,4205209,municipal,73,52,751.8
2025,4205308,municipal,154,92,751.4
2025,4205357,municipal,23,18,766.7
2025,4205407,estadual,1710,783,730.8
2025,4205407,municipal,1891,1184,749.1
2025,4205431,municipal,37,33,773.0
2025,4205456,estadual,76,33,723.6
2025,4205456,municipal,387,283,760.6
2025,4205506,estadual,19,12,753.4
2025,4205506,municipal,416,331,768.9
2025,4205555,municipal,30,19,759.0
2025,4205605,municipal,51,47,780.9
2025,4205704,municipal,404,285,758.4
2025,4205803,municipal,285,211,757.7
2025,4205902,estadual,272,143,736.4
2025,4205902,municipal,578,373,750.3
2025,4206009,municipal,272,189,757.1
2025,4206108,estadual,52,27,747.0
2025,4206108,municipal,42,37,780.3
2025,4206207,estadual,86,52,751.7
2025,4206207,municipal,51,31,750.5
2025,4206306,municipal,367,272,765.7
2025,4206405,municipal,123,97,766.3
2025,4206504,municipal,658,452,755.0
2025,4206603,municipal,72,59,767.7
2025,4206652,estadual,20,10,749.2
2025,4206652,municipal,154,79,738.1
2025,4206702,municipal,230,132,740.1
2025,4206751,municipal,22,19,779.1
2025,4206801,municipal,35,31,766.0
2025,4206900,municipal,233,169,760.0
2025,4207007,estadual,243,151,746.9
2025,4207007,municipal,497,405,769.9
2025,4207106,estadual,40,26,747.6
2025,4207106,municipal,210,117,734.1
2025,4207205,estadual,19,10,745.8
2025,4207205,municipal,110,70,748.6
2025,4207304,estadual,187,120,744.5
2025,4207304,municipal,378,229,751.4
2025,4207403,municipal,84,72,773.6
2025,4207502,estadual,207,129,748.3
2025,4207502,municipal,722,512,756.3
2025,4207577,municipal,46,34,767.0
2025,4207601,municipal,59,46,770.9
2025,4207650,estadual,62,54,772.5
2025,4207650,municipal,67,63,783.8
2025,4207684,estadual,51,26,735.7
2025,4207684,municipal,60,52,783.3
2025,4207700,municipal,95,73,759.8
2025,4207759,estadual,10,8,765.3
2025,4207759,municipal,32,27,771.2
2025,4207809,estadual,21,14,754.2
2025,4207809,municipal,109,92,765.6
2025,4207858,municipal,30,27,787.0
2025,4207908,municipal,160,135,782.9
2025,4208005,municipal,89,67,766.1
2025,4208104,estadual,117,69,746.2
2025,4208104,municipal,175,119,756.0
2025,4208203,estadual,102,54,734.6
2025,4208203,municipal,2579,1312,736.3
2025,4208302,municipal,939,526,745.4
2025,4208401,estadual,26,25,782.2
2025,4208401,municipal,209,180,779.4
2025,4208450,municipal,465,285,745.7
2025,4208500,estadual,222,156,759.0
2025,4208500,municipal,122,100,768.6
2025,4208609,municipal,56,47,769.2
2025,4208708,estadual,10,7,747.4
2025,4208708,municipal,100,76,764.7
2025,4208807,estadual,72,30,726.6
2025,4208807,municipal,262,138,737.3
2025,4208906,estadual,438,292,754.5
2025,4208906,municipal,1505,1080,761.7
2025,4208955,municipal,25,23,790.5
2025,4209003,estadual,17,11,761.4
2025,4209003,municipal,191,133,755.4
2025,4209102,estadual,726,431,742.9
2025,4209102,municipal,5733,3811,754.5
2025,4209151,estadual,18,4,715.2
2025,4209151,municipal,83,49,742.2
2025,4209177,municipal,35,26,762.8
2025,4209201,municipal,23,16,758.3
2025,4209300,estadual,750,361,734.0
2025,4209300,municipal,855,413,734.0
2025,4209409,estadual,243,126,742.0
2025,4209409,municipal,83,42,733.7
2025,4209458,municipal,29,27,800.2
2025,4209508,municipal,70,47,758.6
2025,4209607,estadual,59,41,763.0
2025,4209607,municipal,117,65,734.9
2025,4209706,estadual,11,8,767.3
2025,4209706,municipal,171,94,740.6
2025,4209805,municipal,41,31,765.7
2025,4209854,municipal,52,33,751.2
2025,4209904,municipal,180,110,749.3
2025,4210001,estadual,53,17,728.5
2025,4210001,municipal,170,103,756.1
2025,4210035,municipal,73,58,767.7
2025,4210050,municipal,27,23,778.1
2025,4210100,estadual,277,162,746.2
2025,4210100,municipal,380,290,764.8
2025,4210209,municipal,50,42,773.0
2025,4210308,municipal,81,69,780.2
2025,4210407,municipal,101,67,751.8
2025,4210506,estadual,176,138,773.2
2025,4210506,municipal,205,172,780.0
2025,4210555,municipal,24,23,783.4
2025,4210605,estadual,33,24,756.5
2025,4210605,municipal,177,141,765.3
2025,4210704,municipal,44,30,760.0
2025,4210803,municipal,77,41,743.5
2025,4210852,municipal,39,30,753.9
2025,4210902,municipal,45,41,773.1
2025,4211009,municipal,124,95,766.7
2025,4211058,municipal,136,99,762.1
2025,4211108,estadual,66,52,768.4
2025,4211108,municipal,67,41,743.5
2025,4211207,municipal,264,205,759.9
2025,4211256,estadual,27,16,744.4
2025,4211256,municipal,23,22,793.8
2025,4211306,estadual,24,14,747.4
2025,4211306,municipal,1327,781,744.4
2025,4211405,municipal,67,47,755.7
2025,4211454,municipal,50,43,778.4
2025,4211504,estadual,54,28,745.6
2025,4211504,municipal,112,53,733.8
2025,4211603,estadual,32,27,777.0
2025,4211603,municipal,128,100,767.7
2025,4211652,municipal,30,23,761.8
2025,4211702,estadual,114,52,734.2
2025,4211702,municipal,147,95,756.9
2025,4211751,estadual,57,21,720.0
2025,4211751,municipal,191,130,751.0
2025,4211801,municipal,89,81,781.3
2025,4211850,municipal,26,21,771.9
2025,4211892,estadual,24,9,726.5
2025,4211892,municipal,4,3,756.4
2025,4211900,estadual,1023,504,731.6
2025,4211900,municipal,1389,707,733.2
2025,4212007,municipal,62,53,773.8
2025,4212056,municipal,29,25,761.2
2025,4212106,estadual,51,36,754.7
2025,4212106,municipal,130,90,751.5
2025,4212205,estadual,41,27,752.9
2025,4212205,municipal,175,132,761.0
2025,4212239,municipal,49,36,753.4
2025,4212254,municipal,193,127,754.2
2025,4212270,estadual,42,32,762.1
2025,4212270,municipal,21,19,779.6
2025,4212304,municipal,135,101,765.0
2025,4212403,municipal,51,43,762.8
2025,4212502,municipal,437,271,745.0
2025,4212601,municipal,39,37,794.9
2025,4212650,municipal,111,81,761.2
2025,4212700,municipal,79,61,763.5
2025,4212809,municipal,461,299,750.1
2025,4212908,estadual,148,98,755.7
2025,4212908,municipal,147,96,751.7
2025,4213005,municipal,40,28,757.6
2025,4213104,municipal,63,48,762.8
2025,4213153,municipal,47,45,786.1
2025,4213203,municipal,294,232,771.5
2025,4213302,estadual,27,7,714.3
2025,4213302,municipal,27,14,742.3
2025,4213351,municipal,37,24,744.9
2025,4213401,estadual,92,51,742.0
2025,4213401,municipal,92,65,759.3
2025,4213500,municipal,335,188,746.7
2025,4213609,estadual,172,81,734.7
2025,4213609,municipal,103,49,736.0
2025,4213708,estadual,192,104,736.7
2025,4213708,municipal,87,27,712.0
2025,4213807,estadual,33,20,751.4
2025,4213807,municipal,77,55,764.1
2025,4213906,municipal,28,25,779.8
2025,4214003,estadual,120,66,741.8
2025,4214003,municipal,141,115,770.9
2025,4214102,municipal,30,29,796.2
2025,4214151,municipal,34,31,778.0
2025,4214201,municipal,146,112,767.5
2025,4214300,estadual,11,10,776.3
2025,4214300,municipal,21,17,765.9
2025,4214409,municipal,85,37,730.1
2025,4214508,estadual,19,14,768.7
2025,4214508,municipal,79,67,763.0
2025,4214607,estadual,18,12,750.3
2025,4214607,municipal,81,53,753.2
2025,4214706,municipal,112,97,779.4
2025,4214805,estadual,210,100,733.1
2025,4214805,municipal,377,199,739.9
2025,4214904,municipal,87,63,760.8
2025,4215000,estadual,50,35,754.4
2025,4215000,municipal,418,300,757.7
2025,4215059,municipal,35,18,730.8
2025,4215075,municipal,67,59,773.0
2025,4215109,estadual,18,15,754.6
2025,4215109,municipal,111,71,753.2
2025,4215208,municipal,38,23,753.1
2025,4215307,estadual,18,15,775.7
2025,4215307,municipal,64,55,780.4
2025,4215356,municipal,37,35,807.5
2025,4215406,municipal,52,41,768.5
2025,4215455,estadual,109,51,730.8
2025,4215455,municipal,62,41,761.2
2025,4215505,municipal,262,166,750.7
2025,4215554,municipal,34,31,788.7
2025,4215604,municipal,31,28,778.9
2025,4215653,estadual,24,11,738.4
2025,4215653,municipal,114,79,757.4
2025,4215679,estadual,51,37,757.4
2025,4215679,municipal,54,36,757.7
2025,4215687,municipal,34,27,768.6
2025,4215695,municipal,16,13,776.8
2025,4215703,estadual,85,53,752.5
2025,4215703,municipal,250,154,747.4
2025,4215752,municipal,39,30,776.4
2025,4215802,estadual,188,158,776.1
2025,4215802,municipal,739,573,766.3
2025,4215901,estadual,22,16,760.3
2025,4216008,estadual,104,75,758.4
2025,4216008,municipal,44,36,772.6
2025,4216057,municipal,79,48,748.2
2025,4216107,estadual,20,8,725.5
2025,4216107,municipal,86,81,782.3
2025,4216206,estadual,172,97,746.3
2025,4216206,municipal,450,240,736.5
2025,4216255,municipal,72,67,789.0
2025,4216305,estadual,17,6,723.5
2025,4216305,municipal,390,252,752.5
2025,4216354,municipal,68,54,764.5
2025,4216404,municipal,148,102,758.0
2025,4216503,estadual,86,33,726.8
2025,4216503,municipal,192,98,735.8
2025,4216602,estadual,736,386,740.5
2025,4216602,municipal,1498,876,746.6
2025,4216701,estadual,15,7,743.1
2025,4216701,municipal,158,138,774.3
2025,4216800,estadual,43,19,734.2
2025,4216800,municipal,70,53,760.1
2025,4216909,municipal,345,263,770.5
2025,4217006,municipal,190,117,752.0
2025,4217105,estadual,25,21,760.2
2025,4217105,municipal,23,21,779.9
2025,4217154,municipal,24,23,791.4
2025,4217204,estadual,41,21,720.8
2025,4217204,municipal,396,316,766.4
2025,4217253,estadual,46,39,771.6
2025,4217253,municipal,46,42,781.7
2025,4217303,estadual,20,16,767.8
2025,4217303,municipal,129,96,765.5
2025,4217402,estadual,45,29,746.9
2025,4217402,municipal,222,167,762.1
2025,4217501,estadual,53,44,778.6
2025,4217501,municipal,182,131,764.9
2025,4217550,municipal,41,38,780.4
2025,4217600,estadual,12,6,734.6
2025,4217600,municipal,94,77,764.3
2025,4217709,estadual,121,86,756.0
2025,4217709,municipal,263,132,740.8
2025,4217758,municipal,33,19,747.8
2025,4217808,estadual,77,57,760.3
2025,4217808,municipal,134,104,762.1
2025,4217907,estadual,40,23,737.5
2025,4217907,municipal,66,62,781.4
2025,4217956,municipal,40,33,769.3
2025,4218004,estadual,25,10,724.9
2025,4218004,municipal,675,330,737.6
2025,4218103,municipal,82,62,759.1
2025,4218202,estadual,177,123,761.3
2025,4218202,municipal,296,204,760.8
2025,4218251,municipal,100,62,742.2
2025,4218301,estadual,30,19,744.6
2025,4218301,municipal,252,136,734.7
2025,4218350,municipal,44,32,770.7
2025,4218400,municipal,115,93,768.4
2025,4218509,municipal,128,100,769.0
2025,4218608,municipal,101,46,728.4
2025,4218707,estadual,519,294,741.2
2025,4218707,municipal,430,282,753.6
2025,4218756,estadual,9,8,796.2
2025,4218756,municipal,50,38,761.5
2025,4218806,estadual,52,42,772.4
2025,4218806,municipal,99,66,757.5
2025,4218855,municipal,42,36,779.4
2025,4218905,municipal,147,108,765.2
2025,4218954,estadual,10,6,753.0
2025,4218954,municipal,29,20,761.5
2025,4219002,estadual,77,49,747.7
2025,4219002,municipal,127,113,780.7
2025,4219101,municipal,45,34,769.1
2025,4219150,municipal,43,32,766.4
2025,4219176,estadual,18,17,786.3
2025,4219176,municipal,43,29,745.6
2025,4219200,municipal,60,48,774.5
2025,4219309,estadual,194,122,751.5
2025,4219309,municipal,441,297,755.0
2025,4219358,municipal,60,49,766.7
2025,4219408,municipal,64,53,769.2
2025,4219507,estadual,173,125,760.7
2025,4219507,municipal,358,278,764.6
2025,4219606,municipal,33,28,778.2
2025,4219705,estadual,20,14,755.0
2025,4219705,municipal,395,276,756.0
2025,4219853,municipal,81,51,749.5
2025,4220000,estadual,44,26,748.5
2025,4220000,municipal,198,118,746.0
2025,4300034,municipal,49,40,759.5
2025,4300059,municipal,37,16,726.4
2025,4300109,estadual,14,11,745.6
2025,4300109,municipal,118,78,743.1
2025,4300208,estadual,13,11,773.1
2025,4300208,municipal,35,26,754.9
2025,4300307,estadual,40,26,744.0
2025,4300307,municipal,11,7,741.6
2025,4300406,estadual,361,218,738.0
2025,4300406,municipal,169,75,733.8
2025,4300455,estadual,19,7,737.1
2025,4300455,municipal,10,4,749.7
2025,4300471,municipal,21,11,728.9
2025,4300505,municipal,71,56,757.3
2025,4300554,estadual,11,8,764.4
2025,4300570,municipal,29,18,745.1
2025,4300604,estadual,479,166,712.6
2025,4300604,municipal,1568,635,725.0
2025,4300638,municipal,38,9,697.6
2025,4300646,estadual,21,20,765.9
2025,4300646,municipal,73,45,746.7
2025,4300703,estadual,23,19,759.3
2025,4300802,estadual,34,26,758.5
2025,4300802,municipal,60,36,737.5
2025,4300851,estadual,9,7,733.9
2025,4300851,municipal,29,12,728.7
2025,4300877,municipal,138,85,742.5
2025,4300901,estadual,19,13,737.2
2025,4300901,municipal,30,26,756.3
2025,4301008,municipal,192,144,756.7
2025,4301057,municipal,119,54,723.8
2025,4301073,municipal,19,11,738.7
2025,4301107,estadual,34,6,704.4
2025,4301107,municipal,99,47,725.5
2025,4301206,estadual,13,7,732.1
2025,4301206,municipal,93,78,759.7
2025,4301305,estadual,79,57,748.0
2025,4301305,municipal,46,14,725.3
2025,4301404,estadual,68,50,759.4
2025,4301404,municipal,19,7,723.6
2025,4301503,estadual,25,8,714.1
2025,4301503,municipal,29,25,763.0
2025,4301552,estadual,13,9,752.8
2025,4301552,municipal,19,17,762.7
2025,4301602,estadual,275,134,728.5
2025,4301602,municipal,661,338,738.1
2025,4301636,municipal,174,55,720.7
2025,4301651,estadual,12,12,774.3
2025,4301651,municipal,37,24,737.1
2025,4301701,municipal,55,46,760.9
2025,4301750,municipal,44,32,752.1
2025,4301800,municipal,48,27,747.4
2025,4301859,estadual,18,9,737.3
2025,4301859,municipal,27,10,723.4
2025,4301875,estadual,15,1,693.4
2025,4301875,municipal,47,24,738.7
2025,4301909,estadual,33,15,727.9
2025,4301909,municipal,45,17,725.1
2025,4301958,estadual,12,6,744.9
2025,4301958,municipal,19,17,770.5
2025,4302006,estadual,42,36,758.2
2025,4302006,municipal,13,2,707.8
2025,4302055,municipal,12,8,751.2
2025,4302105,estadual,285,169,742.8
2025,4302105,municipal,746,520,749.9
2025,4302154,municipal,11,5,723.7
2025,4302204,estadual,17,10,741.0
2025,4302204,municipal,67,51,754.5
2025,4302220,municipal,27,18,748.8
2025,4302238,municipal,28,22,762.1
2025,4302253,municipal,22,15,743.3
2025,4302303,estadual,96,56,736.9
2025,4302303,municipal,58,31,731.2
2025,4302352,estadual,19,15,757.6
2025,4302352,municipal,129,98,754.9
2025,4302378,municipal,34,24,748.0
2025,4302402,estadual,15,10,748.1
2025,4302402,municipal,132,75,742.9
2025,4302451,estadual,22,11,727.1
2025,4302501,estadual,14,10,746.1
2025,4302501,municipal,12,2,708.6
2025,4302584,municipal,18,10,754.0
2025,4302600,estadual,23,20,760.7
2025,4302659,estadual,15,5,741.5
2025,4302659,municipal,43,29,749.3
2025,4302709,estadual,96,56,742.1
2025,4302709,municipal,119,41,713.2
2025,4302808,estadual,96,60,747.0
2025,4302808,municipal,196,81,727.1
2025,4302907,estadual,32,19,737.3
2025,4302907,municipal,46,25,723.1
2025,4303004,estadual,307,182,740.4
2025,4303004,municipal,265,121,730.0
2025,4303103,estadual,227,118,729.7
2025,4303103,municipal,934,433,728.1
2025,4303202,municipal,24,12,736.3
2025,4303301,municipal,37,23,747.7
2025,4303400,estadual,43,31,753.3
2025,4303400,municipal,15,6,743.4
2025,4303509,estadual,209,140,748.2
2025,4303509,municipal,354,202,739.1
2025,4303558,municipal,30,23,752.2
2025,4303608,estadual,23,13,747.8
2025,4303608,municipal,20,8,725.3
2025,4303673,municipal,25,19,760.2
2025,4303707,municipal,37,33,769.4
2025,4303806,estadual,38,28,758.2
2025,4303806,municipal,34,23,745.4
2025,4303905,estadual,20,13,747.7
2025,4303905,municipal,677,428,745.6
2025,4304002,estadual,25,16,739.8
2025,4304002,municipal,36,17,730.2
2025,4304101,estadual,24,16,747.5
2025,4304101,municipal,30,11,737.6
2025,4304200,estadual,51,35,747.3
2025,4304200,municipal,184,124,745.7
2025,4304309,estadual,19,18,774.3
2025,4304309,municipal,17,15,765.8
2025,4304358,estadual,69,34,730.6
2025,4304358,municipal,30,12,722.5
2025,4304408,estadual,178,119,744.6
2025,4304408,municipal,340,161,732.2
2025,4304507,estadual,89,66,759.3
2025,4304507,municipal,318,188,743.7
2025,4304606,estadual,467,225,731.5
2025,4304606,municipal,2010,842,724.3
2025,4304614,municipal,20,16,765.1
2025,4304622,municipal,18,13,747.1
2025,4304630,estadual,122,41,713.0
2025,4304630,municipal,507,206,725.3
2025,4304655,municipal,28,20,755.3
2025,4304663,estadual,45,14,720.1
2025,4304663,municipal,265,86,712.5
2025,4304671,municipal,50,26,738.3
2025,4304689,estadual,11,7,741.7
2025,4304689,municipal,81,49,747.2
2025,4304697,municipal,34,28,759.7
2025,4304705,estadual,259,169,745.6
2025,4304705,municipal,241,122,732.8
2025,4304713,municipal,49,41,754.6
2025,4304804,estadual,97,79,757.7
2025,4304804,municipal,174,133,758.9
2025,4304853,municipal,14,7,743.1
2025,4304903,estadual,24,21,766.5
2025,4304903,municipal,58,47,756.3
2025,4304952,municipal,41,17,732.9
2025,4305009,estadual,23,22,766.8
2025,4305009,municipal,49,27,744.8
2025,4305108,estadual,762,413,736.6
2025,4305108,municipal,2796,1479,737.0
2025,4305116,estadual,11,10,771.1
2025,4305116,municipal,14,12,752.1
2025,4305124,municipal,30,16,741.1
2025,4305132,municipal,18,13,756.7
2025,4305157,estadual,12,6,732.1
2025,4305157,municipal,12,6,729.8
2025,4305173,estadual,34,13,726.0
2025,4305173,municipal,61,18,714.1
2025,4305207,estadual,20,16,762.4
2025,4305207,municipal,95,51,739.2
2025,4305306,municipal,80,46,743.6
2025,4305355,estadual,82,44,727.1
2025,4305355,municipal,216,95,722.4
2025,4305371,municipal,17,2,724.7
2025,4305405,estadual,13,10,765.0
2025,4305405,municipal,36,26,757.0
2025,4305439,estadual,10,4,743.4
2025,4305439,municipal,17,9,737.1
2025,4305447,municipal,39,27,752.0
2025,4305454,estadual,47,21,730.9
2025,4305454,municipal,145,43,698.9
2025,4305504,estadual,19,12,754.4
2025,4305504,municipal,18,15,754.0
2025,4305587,municipal,29,22,756.7
2025,4305603,estadual,11,8,773.3
2025,4305603,municipal,11,9,752.2
2025,4305702,estadual,24,24,779.3
2025,4305702,municipal,66,49,752.5
2025,4305801,estadual,42,34,756.2
2025,4305801,municipal,78,62,758.2
2025,4305850,municipal,17,15,763.3
2025,4305871,municipal,32,23,754.1
2025,4305900,estadual,32,25,752.5
2025,4305900,municipal,20,10,731.0
2025,4305934,municipal,12,10,774.3
2025,4305959,municipal,27,17,747.9
2025,4305975,municipal,37,20,733.7
2025,4306007,municipal,110,73,752.6
2025,4306056,estadual,41,21,735.9
2025,4306056,municipal,40,36,771.3
2025,4306072,estadual,15,12,754.6
2025,4306072,municipal,14,4,706.1
2025,4306106,estadual,290,145,733.4
2025,4306106,municipal,311,169,738.6
2025,4306130,municipal,15,10,749.7
2025,4306205,municipal,76,45,742.4
2025,4306304,estadual,34,22,753.4
2025,4306320,municipal,31,17,743.1
2025,4306379,municipal,23,11,723.9
2025,4306403,estadual,65,53,755.4
2025,4306403,municipal,285,191,749.1
2025,4306429,municipal,16,8,730.8
2025,4306452,municipal,28,26,772.5
2025,4306502,estadual,23,21,769.7
2025,4306502,municipal,117,74,738.7
2025,4306551,estadual,10,7,746.6
2025,4306551,municipal,24,15,742.5
2025,4306601,estadual,164,82,734.8
2025,4306601,municipal,126,60,726.7
2025,4306700,municipal,22,15,735.9
2025,4306734,municipal,50,32,747.6
2025,4306759,municipal,19,11,748.3
2025,4306767,estadual,16,11,742.7
2025,4306767,municipal,360,104,713.3
2025,4306809,estadual,79,60,751.0
2025,4306809,municipal,130,102,757.9
2025,4306908,estadual,111,90,757.2
2025,4306908,municipal,125,61,736.6
2025,4306924,municipal,13,6,737.0
2025,4306932,estadual,51,36,745.3
2025,4306932,municipal,22,15,748.6
2025,4306957,estadual,10,9,773.8
2025,4306957,municipal,24,17,754.2
2025,4306973,estadual,19,6,722.9
2025,4306973,municipal,18,12,757.1
2025,4307005,estadual,656,406,743.1
2025,4307005,municipal,334,224,750.7
2025,4307054,municipal,25,21,757.9
2025,4307104,estadual,24,14,737.2
2025,4307104,municipal,17,8,723.9
2025,4307203,municipal,54,51,788.5
2025,4307302,municipal,54,27,727.1
2025,4307401,municipal,23,8,721.5
2025,4307450,municipal,37,23,747.3
2025,4307500,estadual,105,72,754.3
2025,4307500,municipal,57,29,732.1
2025,4307559,municipal,61,46,755.3
2025,4307609,estadual,27,13,742.5
2025,4307609,municipal,541,303,738.8
2025,4307708,estadual,13,10,762.0
2025,4307708,municipal,712,379,736.8
2025,4307807,estadual,42,24,736.9
2025,4307807,municipal,262,155,745.0
2025,4307815,municipal,35,32,776.9
2025,4307831,estadual,15,9,750.3
2025,4307831,municipal,12,5,732.0
2025,4307864,municipal,28,26,769.2
2025,4307906,estadual,148,97,750.1
2025,4307906,municipal,639,484,756.0
2025,4308003,estadual,20,17,761.4
2025,4308003,municipal,30,19,741.7
2025,4308052,municipal,22,13,747.4
2025,4308078,municipal,53,40,758.2
2025,4308102,estadual,53,37,746.9
2025,4308102,municipal,70,49,741.7
2025,4308201,estadual,85,63,750.0
2025,4308201,municipal,272,186,747.0
2025,4308250,municipal,17,12,743.4
2025,4308300,estadual,14,11,743.0
2025,4308300,municipal,59,31,738.8
2025,4308409,estadual,35,20,732.9
2025,4308409,municipal,19,8,734.9
2025,4308433,municipal,28,17,749.0
2025,4308458,estadual,10,9,766.8
2025,4308458,municipal,35,31,767.1
2025,4308508,estadual,232,178,760.0
2025,4308508,municipal,88,36,722.2
2025,4308607,estadual,70,55,756.8
2025,4308607,municipal,247,165,748.3
2025,4308656,estadual,11,5,738.1
2025,4308656,municipal,10,5,749.2
2025,4308706,municipal,63,41,743.4
2025,4308805,estadual,49,19,729.5
2025,4308805,municipal,14,6,738.5
2025,4308854,municipal,12,9,735.7
2025,4308904,estadual,37,28,753.6
2025,4308904,municipal,110,89,758.5
2025,4309001,estadual,29,19,749.6
2025,4309001,municipal,101,64,744.5
2025,4309050,municipal,95,53,738.3
2025,4309100,estadual,54,41,754.5
2025,4309100,municipal,400,288,756.1
2025,4309126,estadual,9,6,756.4
2025,4309126,municipal,16,5,726.9
2025,4309159,estadual,19,11,747.2
2025,4309209,estadual,314,153,728.6
2025,4309209,municipal,2078,956,730.3
2025,4309258,municipal,10,9,771.7
2025,4309308,estadual,169,68,715.4
2025,4309308,municipal,832,343,723.2
2025,4309407,estadual,52,31,749.5
2025,4309407,municipal,206,130,744.9
2025,4309506,municipal,53,35,751.6
2025,4309555,municipal,55,42,757.3
2025,4309571,municipal,10,10,772.0
2025,4309605,municipal,223,151,751.3
2025,4309654,estadual,19,8,729.9
2025,4309654,municipal,62,33,738.6
2025,4309704,municipal,42,32,756.7
2025,4309753,estadual,15,14,766.0
2025,4309753,municipal,15,11,740.0
2025,4309803,estadual,18,14,743.4
2025,4309803,municipal,32,28,765.9
2025,4309902,municipal,59,46,755.4
2025,4309951,municipal,32,21,756.8
2025,4310009,estadual,107,77,753.1
2025,4310009,municipal,82,28,729.8
2025,4310108,estadual,35,16,723.7
2025,4310108,municipal,335,255,758.9
2025,4310207,estadual,296,181,743.4
2025,4310207,municipal,504,352,749.8
2025,4310306,municipal,37,37,783.9
2025,4310330,estadual,18,9,710.1
2025,4310330,municipal,272,124,729.6
2025,4310363,municipal,15,11,766.4
2025,4310405,municipal,68,44,745.3
2025,4310413,municipal,20,9,737.6
2025,4310439,estadual,10,4,722.7
2025,4310439,municipal,47,42,770.3
2025,4310462,municipal,19,16,762.6
2025,4310504,municipal,45,32,746.8
2025,4310538,municipal,55,35,743.2
2025,4310553,municipal,15,3,686.2
2025,4310579,municipal,18,15,763.7
2025,4310603,estadual,140,84,738.4
2025,4310603,municipal,153,78,736.1
2025,4310652,estadual,22,15,735.9
2025,4310652,municipal,14,5,742.0
2025,4310702,municipal,19,9,743.5
2025,4310751,municipal,12,10,753.7
2025,4310801,municipal,234,164,752.7
2025,4310850,estadual,11,10,772.2
2025,4310850,municipal,17,15,769.6
2025,4310876,municipal,9,1,724.2
2025,4310900,municipal,29,20,752.3
2025,4311007,estadual,103,65,747.8
2025,4311007,municipal,126,55,727.0
2025,4311106,estadual,36,32,766.3
2025,4311106,municipal,34,19,742.6
2025,4311122,estadual,10,9,763.7
2025,4311122,municipal,21,14,744.2
2025,4311130,municipal,26,18,731.8
2025,4311155,estadual,22,11,730.9
2025,4311155,municipal,9,7,754.9
2025,4311205,estadual,37,27,752.0
2025,4311205,municipal,86,48,736.9
2025,4311239,municipal,27,19,754.3
2025,4311254,estadual,20,9,728.2
2025,4311254,municipal,31,16,734.2
2025,4311270,municipal,15,14,770.0
2025,4311304,estadual,172,91,739.6
2025,4311304,municipal,90,43,734.0
2025,4311403,estadual,176,89,733.3
2025,4311403,municipal,667,390,741.5
2025,4311502,estadual,9,5,735.6
2025,4311502,municipal,28,9,721.0
2025,4311601,estadual,28,20,757.8
2025,4311601,municipal,21,13,743.2
2025,4311627,estadual,9,8,758.4
2025,4311627,municipal,61,34,741.5
2025,4311643,municipal,11,10,764.3
2025,4311700,estadual,10,4,746.2
2025,4311700,municipal,61,46,756.7
2025,4311718,estadual,10,3,728.4
2025,4311718,municipal,32,15,722.9
2025,4311734,municipal,33,23,749.7
2025,4311759,estadual,37,32,764.3
2025,4311759,municipal,28,18,738.6
2025,4311775,estadual,43,23,741.5
2025,4311775,municipal,9,1,688.6
2025,4311791,municipal,27,21,755.6
2025,4311809,estadual,111,77,755.0
2025,4311809,municipal,297,140,731.5
2025,4311908,municipal,41,32,753.7
2025,4311981,municipal,41,33,748.5
2025,4312005,municipal,11,10,769.5
2025,4312054,municipal,23,18,764.9
2025,4312104,estadual,17,11,745.7
2025,4312104,municipal,16,7,733.7
2025,4312153,estadual,20,14,750.5
2025,4312153,municipal,39,31,759.0
2025,4312179,municipal,11,11,769.0
2025,4312203,estadual,27,20,755.3
2025,4312203,municipal,24,13,735.1
2025,4312252,estadual,27,6,713.6
2025,4312252,municipal,66,49,754.9
2025,4312302,estadual,24,16,746.6
2025,4312302,municipal,36,24,750.5
2025,4312351,municipal,19,18,777.1
2025,4312377,municipal,34,17,738.7
2025,4312385,municipal,18,16,762.8
2025,4312401,estadual,293,119,725.1
2025,4312401,municipal,343,167,730.8
2025,4312427,estadual,13,10,760.8
2025,4312427,municipal,11,10,762.4
2025,4312443,municipal,23,13,742.2
2025,4312450,municipal,45,34,753.5
2025,4312476,estadual,19,17,758.8
2025,4312476,municipal,47,34,746.0
2025,4312500,estadual,24,4,705.6
2025,4312500,municipal,96,55,740.3
2025,4312609,municipal,36,19,741.1
2025,4312617,estadual,34,8,708.0
2025,4312617,municipal,19,11,742.6
2025,4312625,estadual,8,5,753.0
2025,4312658,estadual,35,30,754.9
2025,4312658,municipal,154,98,746.5
2025,4312674,municipal,18,13,757.1
2025,4312708,estadual,59,38,745.7
2025,4312708,municipal,68,42,748.3
2025,4312757,municipal,28,24,761.4
2025,4312807,municipal,61,43,749.4
2025,4312906,estadual,24,13,726.8
2025,4312906,municipal,68,45,747.7
2025,4312955,municipal,20,12,753.8
2025,4313003,municipal,34,30,770.4
2025,4313011,municipal,45,40,774.0
2025,4313037,estadual,13,12,773.2
2025,4313037,municipal,50,39,764.2
2025,4313060,estadual,22,13,736.0
2025,4313060,municipal,230,108,732.6
2025,4313086,municipal,22,18,762.1
2025,4313102,estadual,27,24,758.6
2025,4313102,municipal,18,12,748.1
2025,4313201,estadual,125,95,756.4
2025,4313201,municipal,126,103,766.8
2025,4313300,estadual,91,67,746.8
2025,4313300,municipal,150,106,749.6
2025,4313334,municipal,33,25,747.3
2025,4313359,municipal,31,31,792.5
2025,4313375,municipal,360,176,729.4
2025,4313391,municipal,36,28,757.2
2025,4313409,estadual,110,60,737.9
2025,4313409,municipal,1984,929,730.1
2025,4313425,estadual,13,12,769.8
2025,4313425,municipal,13,6,738.9
2025,4313441,municipal,19,10,736.9
2025,4313466,municipal,21,16,762.0
2025,4313490,estadual,20,16,744.2
2025,4313490,municipal,34,25,756.7
2025,4313508,estadual,194,95,734.0
2025,4313508,municipal,287,133,732.9
2025,4313607,municipal,20,14,751.1
2025,4313656,estadual,62,23,730.3
2025,4313656,municipal,85,35,726.4
2025,4313706,estadual,276,182,746.9
2025,4313706,municipal,68,36,736.8
2025,4313805,estadual,50,34,746.9
2025,4313805,municipal,51,45,760.3
2025,4313904,estadual,181,127,756.0
2025,4313904,municipal,361,235,743.3
2025,4313953,municipal,118,65,738.2
2025,4314001,estadual,32,26,773.5
2025,4314001,municipal,29,24,759.2
2025,4314027,municipal,42,34,762.9
2025,4314035,municipal,34,16,741.4
2025,4314050,estadual,27,15,749.6
2025,4314050,municipal,659,306,729.9
2025,4314068,municipal,47,35,758.1
2025,4314076,estadual,21,13,751.7
2025,4314076,municipal,40,23,737.9
2025,4314100,estadual,601,244,721.9
2025,4314100,municipal,1169,460,721.3
2025,4314134,municipal,23,15,756.2
2025,4314159,estadual,17,12,736.1
2025,4314159,municipal,43,23,736.4
2025,4314175,municipal,8,5,751.1
2025,4314209,estadual,22,10,730.6
2025,4314209,municipal,30,11,710.9
2025,4314308,estadual,16,13,759.3
2025,4314308,municipal,18,16,754.9
2025,4314407,estadual,674,241,715.8
2025,4314407,municipal,1367,400,710.7
2025,4314423,municipal,58,42,753.1
2025,4314456,municipal,42,30,751.1
2025,4314464,municipal,23,17,758.3
2025,4314472,estadual,11,7,742.2
2025,4314498,estadual,13,4,723.3
2025,4314498,municipal,37,19,734.6
2025,4314506,estadual,18,9,740.5
2025,4314506,municipal,65,34,725.7
2025,4314548,estadual,17,7,710.9
2025,4314548,municipal,9,8,777.0
2025,4314555,estadual,14,11,767.5
2025,4314605,estadual,97,64,750.2
2025,4314605,municipal,73,35,736.1
2025,4314704,estadual,44,33,754.6
2025,4314704,municipal,67,34,733.9
2025,4314753,municipal,19,9,734.4
2025,4314779,municipal,29,17,737.5
2025,4314787,municipal,28,27,771.6
2025,4314803,estadual,12,6,734.1
2025,4314803,municipal,373,242,744.1
2025,4314902,estadual,4701,1555,712.9
2025,4314902,municipal,2677,716,710.0
2025,4315008,estadual,22,16,759.6
2025,4315008,municipal,18,11,737.2
2025,4315057,municipal,11,7,748.6
2025,4315073,municipal,13,12,761.1
2025,4315107,estadual,37,27,760.3
2025,4315107,municipal,47,44,771.3
2025,4315131,municipal,22,15,755.5
2025,4315149,municipal,47,39,758.8
2025,4315156,estadual,12,10,759.5
2025,4315156,municipal,24,23,770.6
2025,4315172,municipal,31,30,777.2
2025,4315206,estadual,12,10,763.8
2025,4315206,municipal,28,20,753.3
2025,4315305,estadual,184,111,738.5
2025,4315305,municipal,86,41,732.2
2025,4315313,municipal,16,10,755.0
2025,4315321,estadual,13,8,722.9
2025,4315354,estadual,15,12,756.6
2025,4315354,municipal,19,18,768.6
2025,4315404,estadual,11,8,759.3
2025,4315404,municipal,63,44,755.6
2025,4315453,municipal,17,16,766.7
2025,4315503,estadual,59,48,769.9
2025,4315503,municipal,85,57,746.1
2025,4315552,municipal,26,13,726.9
2025,4315602,estadual,294,106,714.1
2025,4315602,municipal,1138,407,719.1
2025,4315701,estadual,248,139,740.7
2025,4315701,municipal,53,32,748.3
2025,4315750,estadual,13,10,751.6
2025,4315750,municipal,31,27,772.3
2025,4315800,municipal,63,32,739.0
2025,4315909,estadual,42,28,751.6
2025,4315909,municipal,49,40,752.7
2025,4316006,estadual,36,32,770.2
2025,4316006,municipal,135,100,750.7
2025,4316105,estadual,42,29,752.3
2025,4316105,municipal,53,38,748.3
2025,4316204,estadual,11,10,761.1
2025,4316204,municipal,24,20,758.7
2025,4316303,estadual,17,14,773.7
2025,4316303,municipal,45,39,765.4
2025,4316402,estadual,179,89,728.1
2025,4316402,municipal,108,34,715.4
2025,4316428,municipal,40,34,764.1
2025,4316436,municipal,28,19,744.7
2025,4316451,municipal,77,48,745.4
2025,4316477,estadual,14,12,763.0
2025,4316477,municipal,11,10,756.9
2025,4316501,municipal,62,47,748.5
2025,4316600,estadual,69,47,752.9
2025,4316600,municipal,95,48,736.1
2025,4316709,municipal,93,58,744.6
2025,4316733,municipal,27,17,745.8
2025,4316758,estadual,14,10,752.4
2025,4316758,municipal,74,59,757.2
2025,4316808,estadual,486,321,749.2
2025,4316808,municipal,580,316,735.1
2025,4316907,estadual,570,284,729.0
2025,4316907,municipal,1194,572,729.7
2025,4316956,estadual,14,13,764.7
2025,4316956,municipal,36,26,759.3
2025,4316972,municipal,31,18,738.7
2025,4317004,estadual,17,8,743.5
2025,4317004,municipal,24,13,743.3
2025,4317103,estadual,464,249,734.7
2025,4317103,municipal,189,88,730.5
2025,4317202,estadual,333,226,749.1
2025,4317202,municipal,411,305,757.2
2025,4317301,estadual,82,49,740.6
2025,4317301,municipal,194,70,718.2
2025,4317400,estadual,142,101,754.4
2025,4317400,municipal,282,185,744.3
2025,4317509,estadual,333,225,747.1
2025,4317509,municipal,357,186,732.8
2025,4317558,municipal,20,13,748.3
2025,4317608,estadual,142,97,749.1
2025,4317608,municipal,183,118,746.6
2025,4317707,estadual,24,9,729.4
2025,4317707,municipal,59,23,722.0
2025,4317756,municipal,20,13,753.0
2025,4317806,estadual,55,50,768.1
2025,4317806,municipal,75,61,755.5
2025,4317905,estadual,34,20,744.9
2025,4317905,municipal,137,101,752.3
2025,4317954,estadual,13,11,750.8
2025,4318002,estadual,213,108,736.3
2025,4318002,municipal,368,168,729.1
2025,4318051,municipal,16,12,760.9
2025,4318101,estadual,55,36,736.6
2025,4318101,municipal,94,41,723.0
2025,4318200,estadual,143,93,740.1
2025,4318200,municipal,101,60,740.5
2025,4318309,estadual,176,105,733.8
2025,4318309,municipal,358,158,724.4
2025,4318408,estadual,120,62,734.0
2025,4318408,municipal,44,22,739.6
2025,4318424,estadual,13,8,745.9
2025,4318424,municipal,33,25,754.8
2025,4318432,estadual,26,20,767.4
2025,4318440,municipal,27,15,742.0
2025,4318457,municipal,30,27,765.9
2025,4318465,estadual,9,7,742.2
2025,4318465,municipal,13,8,725.5
2025,4318481,municipal,48,42,762.5
2025,4318499,municipal,29,28,773.3
2025,4318507,estadual,46,20,726.7
2025,4318507,municipal,193,68,722.4
2025,4318606,estadual,25,20,758.6
2025,4318606,municipal,24,17,748.5
2025,4318614,municipal,30,21,750.7
2025,4318622,estadual,18,12,746.4
2025,4318622,municipal,63,33,728.4
2025,4318705,estadual,417,154,718.8
2025,4318705,municipal,1639,662,723.1
2025,4318804,estadual,81,44,733.9
2025,4318804,municipal,287,170,741.2
2025,4318903,estadual,187,150,762.4
2025,4318903,municipal,131,83,750.0
2025,4319000,estadual,77,55,759.0
2025,4319000,municipal,103,64,748.4
2025,4319109,municipal,52,30,733.7
2025,4319125,estadual,13,2,730.8
2025,4319125,municipal,8,4,737.0
2025,4319158,estadual,23,16,760.2
2025,4319158,municipal,26,19,755.2
2025,4319208,estadual,34,19,740.7
2025,4319208,municipal,17,4,717.2
2025,4319307,municipal,52,47,769.3
2025,4319356,municipal,55,42,753.5
2025,4319372,estadual,18,16,769.8
2025,4319372,municipal,14,14,766.8
2025,4319406,estadual,51,47,771.8
2025,4319406,municipal,87,41,728.7
2025,4319505,estadual,90,64,745.9
2025,4319505,municipal,120,62,739.2
2025,4319604,estadual,54,23,709.4
2025,4319604,municipal,111,33,713.9
2025,4319703,municipal,31,24,758.8
2025,4319711,municipal,15,12,763.1
2025,4319737,municipal,10,4,732.6
2025,4319752,estadual,13,11,761.4
2025,4319752,municipal,19,14,746.7
2025,4319802,estadual,21,16,763.3
2025,4319802,municipal,55,42,757.6
2025,4319901,estadual,137,89,751.2
2025,4319901,municipal,746,431,742.2
2025,4320008,estadual,213,99,725.4
2025,4320008,municipal,1080,588,736.3
2025,4320107,estadual,54,42,755.8
2025,4320107,municipal,141,102,754.5
2025,4320206,estadual,77,68,766.7
2025,4320206,municipal,80,53,750.7
2025,4320230,municipal,37,26,750.4
2025,4320263,estadual,16,14,758.4
2025,4320263,municipal,20,15,757.5
2025,4320305,estadual,36,31,758.0
2025,4320305,municipal,14,12,770.1
2025,4320321,municipal,32,24,754.0
2025,4320354,municipal,62,31,732.9
2025,4320404,estadual,43,33,757.3
2025,4320404,municipal,118,82,750.4
2025,4320453,municipal,22,16,754.1
2025,4320503,municipal,41,29,749.1
2025,4320552,municipal,53,26,732.5
2025,4320578,municipal,13,12,765.1
2025,4320602,estadual,17,15,759.3
2025,4320651,municipal,18,8,721.7
2025,4320677,municipal,68,49,752.6
2025,4320701,estadual,33,25,753.4
2025,4320701,municipal,104,77,752.4
2025,4320800,estadual,155,100,747.7
2025,4320800,municipal,100,66,748.2
2025,4320859,estadual,21,8,739.2
2025,4320859,municipal,35,10,704.7
2025,4320909,estadual,23,22,774.3
2025,4320909,municipal,281,185,748.3
2025,4321006,estadual,63,59,778.1
2025,4321006,municipal,50,40,759.1
2025,4321105,estadual,64,21,722.1
2025,4321105,municipal,101,60,745.7
2025,4321204,estadual,163,96,734.0
2025,4321204,municipal,288,188,746.1
2025,4321303,estadual,133,76,741.9
2025,4321303,municipal,61,24,731.0
2025,4321329,estadual,16,13,757.5
2025,4321329,municipal,27,25,778.4
2025,4321352,estadual,21,11,744.4
2025,4321352,municipal,27,16,742.4
2025,4321402,estadual,34,22,746.4
2025,4321402,municipal,120,84,750.0
2025,4321436,estadual,33,20,750.9
2025,4321436,municipal,114,62,743.3
2025,4321451,estadual,62,49,761.3
2025,4321451,municipal,261,171,746.0
2025,4321469,municipal,40,24,750.3
2025,4321477,estadual,13,11,752.8
2025,4321493,municipal,23,21,774.1
2025,4321501,estadual,187,129,751.6
2025,4321501,municipal,288,158,734.6
2025,4321600,estadual,110,49,731.7
2025,4321600,municipal,548,233,722.3
2025,4321626,municipal,29,22,753.1
2025,4321634,municipal,15,15,769.5
2025,4321667,estadual,48,40,761.3
2025,4321667,municipal,69,46,749.0
2025,4321709,municipal,269,148,737.1
2025,4321808,estadual,46,30,753.2
2025,4321808,municipal,166,106,745.4
2025,4321832,estadual,15,8,731.7
2025,4321857,estadual,13,10,762.2
2025,4321857,municipal,53,39,756.3
2025,4321907,estadual,30,18,745.4
2025,4321907,municipal,223,167,754.2
2025,4321956,estadual,11,6,732.9
2025,4321956,municipal,51,27,739.1
2025,4322004,estadual,56,35,742.5
2025,4322004,municipal,296,144,732.5
2025,4322103,estadual,32,23,762.1
2025,4322103,municipal,14,12,743.5
2025,4322152,municipal,28,14,723.2
2025,4322186,municipal,16,8,742.0
2025,4322202,estadual,93,54,742.4
2025,4322202,municipal,88,62,751.7
2025,4322251,municipal,41,25,746.1
2025,4322301,municipal,61,36,740.8
2025,4322327,municipal,32,17,736.4
2025,4322343,municipal,13,11,753.5
2025,4322376,municipal,16,10,747.3
2025,4322400,estadual,520,241,727.6
2025,4322400,municipal,602,361,743.2
2025,4322509,estadual,258,168,747.5
2025,4322509,municipal,486,266,734.0
2025,4322525,municipal,42,32,757.2
2025,4322533,estadual,23,17,754.9
2025,4322533,municipal,21,15,750.1
2025,4322541,estadual,21,17,755.3
2025,4322541,municipal,37,22,753.9
2025,4322558,municipal,21,18,771.4
2025,4322608,estadual,249,131,734.7
2025,4322608,municipal,294,206,752.2
2025,4322707,estadual,54,33,746.8
2025,4322707,municipal,181,120,747.4
2025,4322806,municipal,176,105,743.0
2025,4322855,municipal,26,26,793.6
2025,4322905,estadual,12,3,712.2
2025,4322905,municipal,30,25,765.4
2025,4323002,estadual,238,77,712.2
2025,4323002,municipal,2107,865,722.1
2025,4323101,estadual,11,10,769.2
2025,4323101,municipal,35,31,762.3
2025,4323200,estadual,10,10,767.3
2025,4323200,municipal,27,21,754.6
2025,4323309,municipal,43,29,750.8
2025,4323358,municipal,28,15,749.7
2025,4323408,estadual,17,11,762.0
2025,4323408,municipal,30,23,757.4
2025,4323457,estadual,11,6,730.2
2025,4323457,municipal,36,20,741.0
2025,4323507,estadual,17,10,747.0
2025,4323507,municipal,20,15,756.2
2025,4323606,municipal,16,16,769.1
2025,4323705,municipal,22,10,744.1
2025,4323754,estadual,14,10,737.6
2025,4323754,municipal,14,8,741.0
2025,4323770,municipal,25,23,757.7
2025,4323804,municipal,184,78,723.9
2025,5000203,municipal,323,282,778.8
2025,5000252,municipal,107,84,759.8
2025,5000609,municipal,548,360,752.7
2025,5000708,estadual,17,3,708.0
2025,5000708,municipal,334,188,745.3
2025,5000807,municipal,111,83,762.4
2025,5000856,estadual,20,10,736.0
2025,5000856,municipal,175,154,773.6
2025,5000906,municipal,123,87,756.4
2025,5001003,municipal,345,183,736.5
2025,5001102,municipal,682,538,772.1
2025,5001243,municipal,172,119,756.0
2025,5001508,municipal,120,76,745.8
2025,5001904,municipal,375,235,747.3
2025,5002001,municipal,188,147,758.1
2025,5002100,municipal,336,203,742.9
2025,5002159,municipal,108,97,773.5
2025,5002209,municipal,372,235,750.5
2025,5002308,municipal,141,113,765.2
2025,5002407,estadual,27,22,769.7
2025,5002407,municipal,401,322,763.1
2025,5002605,estadual,19,16,761.3
2025,5002605,municipal,168,109,750.4
2025,5002704,estadual,99,27,703.8
2025,5002704,municipal,10070,6397,750.1
2025,5002803,municipal,75,49,754.5
2025,5002902,municipal,255,157,747.1
2025,5002951,municipal,449,324,755.9
2025,5003108,municipal,72,40,739.8
2025,5003157,municipal,341,299,770.5
2025,5003207,municipal,1263,613,734.4
2025,5003256,municipal,465,356,761.1
2025,5003306,municipal,513,317,749.3
2025,5003454,estadual,30,14,731.5
2025,5003454,municipal,168,96,745.6
2025,5003488,municipal,141,63,730.7
2025,5003504,municipal,69,50,754.4
2025,5003702,estadual,58,41,754.8
2025,5003702,municipal,3264,2024,747.0
2025,5003751,municipal,147,83,746.5
2025,5003801,municipal,266,183,749.7
2025,5003900,municipal,59,58,786.3
2025,5004007,municipal,114,75,750.0
2025,5004106,municipal,127,81,747.3
2025,5004304,municipal,229,166,755.0
2025,5004403,municipal,122,70,739.9
2025,5004502,estadual,21,12,733.8
2025,5004502,municipal,213,114,741.0
2025,5004601,municipal,360,324,777.6
2025,5004700,municipal,416,308,764.0
2025,5004809,estadual,35,26,761.7
2025,5004809,municipal,103,34,731.4
2025,5004908,municipal,87,70,767.3
2025,5005004,municipal,378,220,743.8
2025,5005103,estadual,46,33,751.5
2025,5005103,municipal,14,9,742.3
2025,5005152,municipal,144,93,750.3
2025,5005202,municipal,357,126,726.9
2025,5005251,municipal,139,106,760.2
2025,5005400,municipal,657,368,742.3
2025,5005608,municipal,411,175,729.9
2025,5005681,estadual,29,19,745.7
2025,5005681,municipal,226,173,760.2
2025,5005707,municipal,786,571,756.7
2025,5005806,municipal,183,105,743.6
2025,5006002,municipal,404,233,741.9
2025,5006200,municipal,652,519,766.8
2025,5006259,municipal,83,43,743.4
2025,5006275,municipal,103,89,772.2
2025,5006309,municipal,462,317,757.6
2025,5006358,municipal,168,117,758.9
2025,5006408,municipal,131,92,752.9
2025,5006606,estadual,177,72,729.5
2025,5006606,municipal,1602,1256,763.7
2025,5006903,municipal,216,140,751.2
2025,5007109,municipal,425,212,737.2
2025,5007208,municipal,616,394,746.2
2025,5007307,municipal,71,51,753.9
2025,5007406,municipal,324,197,742.1
2025,5007505,municipal,83,53,745.4
2025,5007554,municipal,114,86,759.8
2025,5007695,estadual,10,10,793.7
2025,5007695,municipal,486,349,758.2
2025,5007703,municipal,137,108,764.5
2025,5007802,municipal,97,67,753.0
2025,5007901,municipal,787,367,733.4
2025,5007935,municipal,207,195,783.2
2025,5007950,municipal,183,143,760.9
2025,5007976,municipal,47,44,781.2
2025,5008008,estadual,32,13,732.6
2025,5008008,municipal,256,211,768.5
2025,5008305,estadual,12,10,770.4
2025,5008305,municipal,1735,1404,768.8
2025,5008404,estadual,14,3,717.9
2025,5008404,municipal,102,64,738.9
2025,5100102,municipal,84,43,740.9
2025,5100201,municipal,368,334,781.0
2025,5100250,municipal,745,653,780.0
2025,5100300,municipal,152,127,775.6
2025,5100359,municipal,84,69,769.4
2025,5100409,municipal,166,139,769.1
2025,5100508,municipal,112,73,755.7
2025,5100607,municipal,158,149,793.3
2025,5100805,municipal,128,112,776.8
2025,5101001,municipal,44,36,773.8
2025,5101209,municipal,14,13,779.6
2025,5101258,municipal,202,154,770.4
2025,5101308,municipal,156,99,746.5
2025,5101407,municipal,436,333,763.8
2025,5101605,municipal,90,66,757.5
2025,5101704,municipal,392,281,762.6
2025,5101803,municipal,733,585,770.4
2025,5101837,municipal,110,96,776.3
2025,5101852,municipal,119,82,756.9
2025,5101902,municipal,273,225,767.4
2025,5102504,municipal,1091,773,757.9
2025,5102603,municipal,132,70,736.0
2025,5102637,estadual,10,8,765.4
2025,5102637,municipal,796,669,776.4
2025,5102678,municipal,663,568,776.0
2025,5102686,municipal,181,147,770.6
2025,5102694,municipal,86,51,748.8
2025,5102702,municipal,357,268,764.2
2025,5102793,municipal,142,132,799.7
2025,5102850,municipal,86,72,778.8
2025,5103007,municipal,283,203,762.8
2025,5103056,municipal,162,130,765.2
2025,5103106,municipal,78,57,770.4
2025,5103205,municipal,439,356,771.8
2025,5103254,municipal,476,374,768.5
2025,5103304,municipal,247,184,764.0
2025,5103353,municipal,607,396,752.2
2025,5103361,municipal,62,61,796.3
2025,5103379,municipal,149,110,760.7
2025,5103403,municipal,6069,3729,748.0
2025,5103437,municipal,67,56,772.8
2025,5103452,municipal,106,75,751.6
2025,5103502,municipal,291,234,768.2
2025,5103601,municipal,91,85,787.6
2025,5103700,municipal,154,126,777.9
2025,5103809,municipal,43,35,765.8
2025,5103858,municipal,114,84,759.1
2025,5103908,estadual,16,13,764.5
2025,5103908,municipal,30,28,777.8
2025,5103957,municipal,42,41,794.0
2025,5104104,municipal,482,333,757.2
2025,5104203,municipal,111,109,793.7
2025,5104500,municipal,24,20,774.8
2025,5104526,municipal,163,136,777.5
2025,5104542,municipal,123,102,772.4
2025,5104559,municipal,86,63,757.5
2025,5104609,municipal,197,143,761.5
2025,5104807,municipal,419,325,765.4
2025,5104906,estadual,13,13,782.8
2025,5104906,municipal,76,67,770.3
2025,5105002,municipal,110,78,763.8
2025,5105101,municipal,482,385,767.8
2025,5105150,municipal,577,396,757.4
2025,5105176,municipal,143,126,785.0
2025,5105200,municipal,158,109,757.5
2025,5105234,municipal,79,51,753.8
2025,5105259,municipal,1355,1080,771.0
2025,5105309,municipal,32,25,762.9
2025,5105507,municipal,238,154,750.2
2025,5105580,municipal,189,158,768.2
2025,5105606,municipal,319,244,769.2
2025,5105622,estadual,15,13,777.7
2025,5105622,municipal,320,246,767.6
2025,5105903,municipal,290,184,748.0
2025,5106000,municipal,84,55,747.3
2025,5106109,municipal,148,106,760.2
2025,5106158,municipal,193,171,786.5
2025,5106174,municipal,48,39,764.0
2025,5106182,municipal,112,105,786.6
2025,5106190,municipal,50,48,791.9
2025,5106208,municipal,57,44,778.8
2025,5106216,municipal,202,162,772.5
2025,5106224,municipal,932,810,779.2
2025,5106232,municipal,225,172,763.1
2025,5106240,municipal,177,150,776.3
2025,5106257,municipal,255,200,767.9
2025,5106265,municipal,100,84,773.2
2025,5106273,municipal,52,47,789.7
2025,5106281,municipal,107,71,760.3
2025,5106299,municipal,170,159,797.5
2025,5106307,municipal,325,248,763.9
2025,5106315,municipal,19,19,790.5
2025,5106372,municipal,248,213,776.5
2025,5106422,municipal,505,287,744.8
2025,5106455,municipal,75,73,796.3
2025,5106505,municipal,391,220,740.3
2025,5106653,municipal,60,50,775.9
2025,5106703,municipal,28,25,777.8
2025,5106752,municipal,819,643,768.7
2025,5106778,municipal,134,99,760.9
2025,5106802,municipal,80,67,787.9
2025,5106828,municipal,152,114,764.0
2025,5106851,municipal,41,28,748.7
2025,5107008,estadual,19,13,753.8
2025,5107008,municipal,253,173,759.0
2025,5107040,estadual,25,17,757.5
2025,5107040,municipal,1202,885,762.4
2025,5107065,municipal,395,358,785.3
2025,5107107,municipal,219,196,783.9
2025,5107156,municipal,39,24,761.1
2025,5107180,municipal,109,92,767.2
2025,5107198,municipal,38,25,752.7
2025,5107206,municipal,69,54,764.4
2025,5107248,municipal,118,100,775.1
2025,5107263,municipal,46,43,793.0
2025,5107297,municipal,35,30,767.5
2025,5107305,municipal,244,206,774.8
2025,5107354,municipal,128,84,751.7
2025,5107404,municipal,55,50,777.4
2025,5107578,municipal,30,22,758.0
2025,5107602,municipal,3054,2336,764.7
2025,5107701,municipal,184,118,751.3
2025,5107743,municipal,40,28,760.0
2025,5107750,municipal,36,34,791.2
2025,5107768,municipal,70,57,764.7
2025,5107776,municipal,102,73,760.5
2025,5107792,municipal,70,60,779.1
2025,5107800,estadual,159,91,744.6
2025,5107800,municipal,31,19,744.8
2025,5107859,municipal,113,62,737.9
2025,5107875,municipal,492,459,785.9
2025,5107883,municipal,30,25,769.9
2025,5107909,estadual,27,13,735.4
2025,5107909,municipal,2793,2032,761.7
2025,5107925,municipal,1733,1502,780.3
2025,5107941,municipal,167,141,771.6
2025,5107958,municipal,1242,956,766.0
2025,5108006,municipal,215,182,772.7
2025,5108055,municipal,161,130,764.6
2025,5108105,municipal,43,32,766.1
2025,5108204,municipal,36,33,794.5
2025,5108303,municipal,70,67,783.7
2025,5108352,municipal,55,42,764.9
2025,5108402,estadual,221,125,741.0
2025,5108402,municipal,3827,2709,760.3
2025,5108501,municipal,174,118,760.7
2025,5108600,municipal,285,228,768.0
2025,5108808,municipal,67,55,772.0
2025,5108857,municipal,62,53,779.7
2025,5108907,municipal,113,89,767.3
2025,5108956,municipal,166,156,794.6
2025,5200050,municipal,308,223,760.4
2025,5200100,municipal,183,150,776.7
2025,5200134,municipal,229,184,771.0
2025,5200159,municipal,22,18,773.3
2025,5200175,municipal,71,65,784.9
2025,5200209,municipal,27,27,795.8
2025,5200258,municipal,2851,1907,752.6
2025,5200308,municipal,385,310,770.5
2025,5200506,municipal,19,19,802.7
2025,5200555,municipal,105,92,776.0
2025,5200605,municipal,131,119,783.5
2025,5200803,municipal,131,103,761.2
2025,5200829,municipal,17,15,773.6
2025,5200852,municipal,77,61,774.3
2025,5200902,municipal,40,34,772.0
2025,5201108,municipal,3473,2798,768.3
2025,5201207,municipal,14,12,787.2
2025,5201306,municipal,165,160,803.3
2025,5201405,municipal,5484,4107,764.2
2025,5201454,municipal,42,38,783.2
2025,5201504,municipal,84,77,779.8
2025,5201603,municipal,52,50,782.9
2025,5201702,municipal,205,149,761.0
2025,5201801,municipal,171,99,747.5
2025,5202155,municipal,107,90,772.9
2025,5202353,municipal,38,37,797.7
2025,5202502,municipal,111,97,775.5
2025,5202601,municipal,28,27,801.9
2025,5202809,municipal,33,30,776.7
2025,5203104,municipal,46,40,785.7
2025,5203203,municipal,178,166,780.8
2025,5203302,municipal,351,280,765.8
2025,5203401,municipal,87,83,790.2
2025,5203500,municipal,244,213,772.8
2025,5203559,municipal,119,118,798.2
2025,5203575,municipal,63,48,757.9
2025,5203609,municipal,37,30,776.2
2025,5203807,municipal,108,95,785.4
2025,5203906,municipal,123,111,784.0
2025,5203939,municipal,40,40,806.3
2025,5203962,municipal,46,34,763.5
2025,5204003,municipal,78,77,798.2
2025,5204102,municipal,105,93,782.2
2025,5204201,municipal,11,7,779.4
2025,5204250,municipal,86,65,758.3
2025,5204300,municipal,133,121,790.3
2025,5204409,municipal,153,127,772.5
2025,5204508,municipal,1191,822,755.2
2025,5204557,municipal,54,43,758.8
2025,5204607,municipal,54,47,774.7
2025,5204656,municipal,43,38,777.4
2025,5204706,municipal,175,162,787.0
2025,5204805,municipal,99,83,769.8
2025,5204854,municipal,141,135,800.5
2025,5204904,municipal,237,197,777.9
2025,5204953,municipal,62,57,784.4
2025,5205000,municipal,81,76,789.3
2025,5205059,municipal,46,39,775.0
2025,5205109,municipal,975,772,768.5
2025,5205208,municipal,72,62,780.9
2025,5205307,municipal,102,60,747.2
2025,5205406,municipal,161,155,799.8
2025,5205455,municipal,96,73,768.7
2025,5205471,municipal,194,175,789.3
2025,5205497,municipal,1313,871,749.1
2025,5205513,municipal,301,274,792.5
2025,5205521,municipal,71,56,770.3
2025,5205703,municipal,25,25,792.3
2025,5205802,municipal,103,90,774.7
2025,5205901,municipal,103,84,775.4
2025,5206206,municipal,929,696,765.1
2025,5206305,municipal,64,54,764.4
2025,5206404,municipal,153,128,774.3
2025,5206503,municipal,38,24,758.7
2025,5206602,municipal,33,24,769.2
2025,5206701,municipal,29,25,770.0
2025,5206800,municipal,33,29,781.2
2025,5206909,municipal,26,21,778.6
2025,5207105,municipal,31,29,784.9
2025,5207253,municipal,79,71,777.3
2025,5207352,municipal,45,37,782.5
2025,5207402,municipal,127,115,784.3
2025,5207501,municipal,49,49,804.3
2025,5207535,municipal,56,44,763.1
2025,5207600,municipal,51,51,810.0
2025,5207808,municipal,88,83,793.1
2025,5207907,municipal,121,74,755.3
2025,5208004,municipal,1247,878,755.3
2025,5208103,municipal,38,35,791.2
2025,5208152,municipal,57,54,786.9
2025,5208301,municipal,48,39,773.4
2025,5208400,municipal,171,155,787.6
2025,5208509,municipal,42,28,752.1
2025,5208608,municipal,855,784,786.3
2025,5208707,municipal,8982,7186,768.3
2025,5208806,municipal,1100,986,783.8
2025,5208905,municipal,159,127,773.1
2025,5209101,municipal,364,320,777.0
2025,5209150,municipal,61,49,772.3
2025,5209200,municipal,259,179,757.1
2025,5209291,municipal,29,24,768.9
2025,5209408,municipal,34,23,757.0
2025,5209457,municipal,27,26,789.7
2025,5209606,municipal,39,26,750.2
2025,5209705,municipal,385,309,771.8
2025,5209804,municipal,39,38,794.1
2025,5209903,municipal,118,75,744.3
2025,5209937,municipal,67,58,781.9
2025,5209952,municipal,213,183,771.3
2025,5210000,municipal,505,470,791.8
2025,5210109,municipal,296,228,765.8
2025,5210158,municipal,23,23,790.5
2025,5210208,municipal,355,320,786.2
2025,5210307,municipal,22,22,792.9
2025,5210406,municipal,577,524,787.6
2025,5210562,municipal,76,71,791.0
2025,5210604,municipal,47,46,808.2
2025,5210802,municipal,43,40,788.4
2025,5210901,municipal,220,207,789.7
2025,5211008,municipal,89,57,757.1
2025,5211206,municipal,218,201,787.1
2025,5211305,municipal,46,35,772.4
2025,5211404,municipal,80,80,811.5
2025,5211503,municipal,1162,938,771.7
2025,5211602,municipal,18,18,793.9
2025,5211701,municipal,76,67,780.0
2025,5211800,municipal,514,491,794.3
2025,5211909,municipal,1077,826,762.7
2025,5212006,municipal,37,32,776.0
2025,5212055,municipal,28,26,789.5
2025,5212105,municipal,92,65,762.6
2025,5212204,municipal,228,201,774.5
2025,5212253,municipal,19,19,802.2
2025,5212303,municipal,78,70,782.3
2025,5212501,municipal,2768,2180,766.3
2025,5212600,municipal,28,17,764.6
2025,5212709,municipal,144,112,767.2
2025,5212808,municipal,120,117,794.6
2025,5212907,municipal,47,47,800.0
2025,5212956,municipal,60,57,799.8
2025,5213004,municipal,133,119,788.5
2025,5213053,municipal,20,20,794.6
2025,5213087,municipal,293,267,785.3
2025,5213103,municipal,961,836,778.1
2025,5213400,municipal,13,13,813.1
2025,5213509,municipal,82,58,767.8
2025,5213707,municipal,108,91,775.7
2025,5213756,municipal,153,137,780.8
2025,5213772,municipal,34,32,774.5
2025,5213806,municipal,427,271,749.4
2025,5213855,municipal,32,32,833.4
2025,5213905,municipal,59,56,796.3
2025,5214002,municipal,195,138,760.4
2025,5214051,municipal,82,75,777.0
2025,5214101,municipal,41,40,829.6
2025,5214408,municipal,92,80,784.2
2025,5214507,municipal,422,345,766.4
2025,5214606,municipal,301,253,773.0
2025,5214705,municipal,30,28,803.6
2025,5214804,municipal,22,19,767.6
2025,5214838,municipal,151,136,776.2
2025,5214861,municipal,53,52,793.5
2025,5214879,municipal,34,31,784.5
2025,5214903,municipal,30,22,764.0
2025,5215009,municipal,122,115,784.2
2025,5215207,municipal,29,29,811.1
2025,5215231,municipal,1046,701,752.4
2025,5215256,municipal,55,52,788.9
2025,5215306,municipal,122,109,781.0
2025,5215405,municipal,60,58,786.7
2025,5215504,municipal,81,76,787.8
2025,5215603,municipal,306,268,779.6
2025,5215652,municipal,34,33,805.6
2025,5215702,municipal,368,284,766.0
2025,5215801,municipal,25,24,794.0
2025,5215900,municipal,56,51,792.5
2025,5216007,municipal,26,24,781.7
2025,5216304,municipal,98,90,789.7
2025,5216403,municipal,103,103,800.3
2025,5216452,municipal,49,45,793.2
2025,5216809,municipal,53,51,800.7
2025,5216908,municipal,19,17,781.0
2025,5217104,municipal,223,188,773.9
2025,5217203,municipal,99,84,771.9
2025,5217302,municipal,289,219,761.9
2025,5217401,municipal,249,191,762.9
2025,5217609,municipal,1485,1224,770.7
2025,5217708,municipal,155,150,804.1
2025,5218003,municipal,388,254,753.8
2025,5218052,municipal,67,64,786.5
2025,5218102,municipal,48,45,780.2
2025,5218300,municipal,408,359,781.2
2025,5218391,municipal,50,47,780.7
2025,5218508,municipal,485,413,775.8
2025,5218607,municipal,94,89,807.4
2025,5218706,municipal,51,49,795.9
2025,5218789,municipal,63,63,787.8
2025,5218805,municipal,2532,2456,799.1
2025,5218904,municipal,192,185,797.2
2025,5219001,municipal,90,89,797.4
2025,5219100,municipal,83,74,780.4
2025,5219209,municipal,39,36,778.8
2025,5219258,municipal,65,54,777.8
2025,5219308,municipal,402,305,764.7
2025,5219357,municipal,39,39,786.6
2025,5219407,municipal,71,61,775.1
2025,5219456,municipal,25,25,799.1
2025,5219506,municipal,24,24,789.6
2025,5219605,municipal,35,21,743.4
2025,5219704,municipal,74,72,793.9
2025,5219712,municipal,48,47,795.1
2025,5219738,municipal,95,93,794.4
2025,5219753,municipal,758,569,760.1
2025,5219803,municipal,116,92,766.6
2025,5219902,municipal,67,62,785.2
2025,5220009,municipal,143,116,772.4
2025,5220058,municipal,23,21,799.4
2025,5220108,municipal,320,269,772.3
2025,5220157,municipal,59,57,796.3
2025,5220207,municipal,254,245,794.0
2025,5220264,municipal,36,32,776.0
2025,5220280,municipal,37,37,787.0
2025,5220405,municipal,216,180,768.1
2025,5220454,municipal,1823,1255,757.3
2025,5220504,municipal,88,77,789.9
2025,5220603,municipal,180,170,788.5
2025,5220686,municipal,54,51,784.0
2025,5220702,municipal,40,29,763.7
2025,5221007,municipal,40,39,781.9
2025,5221080,municipal,52,47,776.2
2025,5221197,municipal,115,97,770.4
2025,5221304,municipal,28,27,794.3
2025,5221403,municipal,1734,1279,764.6
2025,5221452,municipal,42,42,781.8
2025,5221502,municipal,40,40,801.4
2025,5221551,municipal,59,55,787.8
2025,5221577,municipal,33,30,783.0
2025,5221601,estadual,44,37,776.5
2025,5221601,municipal,331,263,769.2
2025,5221700,municipal,124,110,784.8
2025,5221809,municipal,46,37,785.0
2025,5221858,municipal,2097,1493,755.9
2025,5221908,municipal,42,35,775.1
2025,5222005,municipal,182,160,788.0
2025,5222054,municipal,122,106,771.9
2025,5222203,municipal,59,51,773.1
2025,5222302,municipal,71,62,775.3
2025,5300108,estadual,23797,15429,747.3
