ano,id_municipio,meta_indicador
2024,1100015,67.0786
2025,1100015,69.512
2026,1100015,71.8411
2027,1100015,74.0586
2028,1100015,76.1595
2029,1100015,78.1404
2030,1100015,80.0
2024,1100023,65.2169
2025,1100023,68.0239
2026,1100023,70.7062
2027,1100023,73.2519
2028,1100023,75.6526
2029,1100023,77.9028
2030,1100023,80.0
2024,1100031,70.845
2025,1100031,72.5307
2026,1100031,74.1544
2027,1100031,75.7143
2028,1100031,77.209
2029,1100031,78.6377
2030,1100031,80.0
2024,1100049,65.3907
2025,1100049,68.1628
2026,1100049,70.812
2027,1100049,73.327
2028,1100049,75.6996
2029,1100049,77.9248
2030,1100049,80.0
2024,1100056,62.0904
2025,1100056,65.5252
2026,1100056,68.8051
2027,1100056,71.9067
2028,1100056,74.8129
2029,1100056,77.5124
2030,1100056,80.0
2024,1100064,65.6721
2025,1100064,68.3877
2026,1100064,70.9834
2027,1100064,73.4486
2028,1100064,75.776
2029,1100064,77.9605
2030,1100064,80.0
2024,1100072,61.816
2025,1100072,65.3057
2026,1100072,68.6383
2027,1100072,71.789
2028,1100072,74.7397
2029,1100072,77.4786
2030,1100072,80.0
2024,1100080,80.0
2025,1100080,80.0
2026,1100080,80.0
2027,1100080,80.0
2028,1100080,80.0
2029,1100080,80.0
2030,1100080,80.0
2024,1100098,80.0
2025,1100098,80.0
2026,1100098,80.0
2027,1100098,80.0
2028,1100098,80.0
2029,1100098,80.0
2030,1100098,80.0
2024,1100106,47.8246
2025,1100106,53.9539
2026,1100106,59.966
2027,1100106,65.6923
2028,1100106,70.9956
2029,1100106,75.7814
2030,1100106,80.0
2024,1100114,65.6473
2025,1100114,68.3679
2026,1100114,70.9682
2027,1100114,73.4379
2028,1100114,75.7692
2029,1100114,77.9573
2030,1100114,80.0
2024,1100122,80.0
2025,1100122,80.0
2026,1100122,80.0
2027,1100122,80.0
2028,1100122,80.0
2029,1100122,80.0
2030,1100122,80.0
2024,1100130,56.1205
2025,1100130,60.7328
2026,1100130,65.1612
2027,1100130,69.3424
2028,1100130,73.2279
2029,1100130,76.7858
2030,1100130,80.0
2024,1100148,75.6032
2025,1100148,76.3793
2026,1100148,77.1382
2027,1100148,77.8797
2028,1100148,78.6039
2029,1100148,79.3106
2030,1100148,80.0
2024,1100155,73.5796
2025,1100155,74.7359
2026,1100155,75.8582
2027,1100155,76.946
2028,1100155,77.999
2029,1100155,79.017
2030,1100155,80.0
2024,1100189,71.3676
2025,1100189,72.951
2026,1100189,74.4781
2027,1100189,75.9474
2028,1100189,77.3579
2029,1100189,78.7088
2030,1100189,80.0
2024,1100205,67.5005
2025,1100205,69.8495
2026,1100205,72.0989
2027,1100205,74.2423
2028,1100205,76.2753
2029,1100205,78.1949
2030,1100205,80.0
2024,1100254,65.3079
2025,1100254,68.0967
2026,1100254,70.7616
2027,1100254,73.2912
2028,1100254,75.6772
2029,1100254,77.9143
2030,1100254,80.0
2024,1100262,80.0
2025,1100262,80.0
2026,1100262,80.0
2027,1100262,80.0
2028,1100262,80.0
2029,1100262,80.0
2030,1100262,80.0
2024,1100288,70.6046
2025,1100288,72.3375
2026,1100288,74.0058
2027,1100288,75.6074
2028,1100288,77.1409
2029,1100288,78.6052
2030,1100288,80.0
2024,1100296,76.6961
2025,1100296,77.2721
2026,1100296,77.838
2027,1100296,78.3938
2028,1100296,78.9393
2029,1100296,79.4748
2030,1100296,80.0
2024,1100304,67.9637
2025,1100304,70.2201
2026,1100304,72.3822
2027,1100304,74.4445
2028,1100304,76.4029
2029,1100304,78.2551
2030,1100304,80.0
2024,1100320,69.7264
2025,1100320,71.6325
2026,1100320,73.4642
2027,1100320,75.2185
2028,1100320,76.8933
2029,1100320,78.4873
2030,1100320,80.0
2024,1100338,65.8128
2025,1100338,68.5001
2026,1100338,71.0691
2027,1100338,73.5095
2028,1100338,75.8142
2029,1100338,77.9784
2030,1100338,80.0
2024,1100346,36.3288
2025,1100346,44.1136
2026,1100346,52.199
2027,1100346,60.1708
2028,1100346,67.6374
2029,1100346,74.302
2030,1100346,80.0
2024,1100379,71.1934
2025,1100379,72.8108
2026,1100379,74.3701
2027,1100379,75.8696
2028,1100379,77.3082
2029,1100379,78.685
2030,1100379,80.0
2024,1100403,64.5793
2025,1100403,67.5144
2026,1100403,70.3182
2027,1100403,72.9768
2028,1100403,75.4803
2029,1100403,77.8224
2030,1100403,80.0
2024,1100452,54.7821
2025,1100452,59.6509
2026,1100452,64.3368
2027,1100452,68.7634
2028,1100452,72.8723
2029,1100452,76.6244
2030,1100452,80.0
2024,1100502,73.6964
2025,1100502,74.8304
2026,1100502,75.9315
2027,1100502,76.9993
2028,1100502,78.0334
2029,1100502,79.0336
2030,1100502,80.0
2024,1100601,58.8372
2025,1100601,62.9191
2026,1100601,66.8245
2027,1100601,70.5113
2028,1100601,73.9482
2029,1100601,77.1145
2030,1100601,80.0
2024,1100700,62.7467
2025,1100700,66.0499
2026,1100700,69.204
2027,1100700,72.1885
2028,1100700,74.9882
2029,1100700,77.5936
2030,1100700,80.0
2024,1100809,54.0506
2025,1100809,59.058
2026,1100809,63.8844
2027,1100809,68.4458
2028,1100809,72.6775
2029,1100809,76.5363
2030,1100809,80.0
2024,1100908,71.7079
2025,1100908,73.2249
2026,1100908,74.6893
2027,1100908,76.0998
2028,1100908,77.4553
2029,1100908,78.7555
2030,1100908,80.0
2024,1100924,80.0
2025,1100924,80.0
2026,1100924,80.0
2027,1100924,80.0
2028,1100924,80.0
2029,1100924,80.0
2030,1100924,80.0
2024,1100940,77.8449
2025,1100940,78.2153
2026,1100940,78.5812
2027,1100940,78.9427
2028,1100940,79.2996
2029,1100940,79.652
2030,1100940,80.0
2024,1101005,67.5418
2025,1101005,69.8825
2026,1101005,72.1241
2027,1101005,74.2603
2028,1101005,76.2867
2029,1101005,78.2003
2030,1101005,80.0
2024,1101104,80.0
2025,1101104,80.0
2026,1101104,80.0
2027,1101104,80.0
2028,1101104,80.0
2029,1101104,80.0
2030,1101104,80.0
2024,1101203,73.6714
2025,1101203,74.8102
2026,1101203,75.9158
2027,1101203,76.9879
2028,1101203,78.026
2029,1101203,79.0301
2030,1101203,80.0
2024,1101302,62.6553
2025,1101302,65.9769
2026,1101302,69.1485
2027,1101302,72.1492
2028,1101302,74.9638
2029,1101302,77.5823
2030,1101302,80.0
2024,1101401,73.4129
2025,1101401,74.601
2026,1101401,75.7536
2027,1101401,76.87
2028,1101401,77.95
2029,1101401,78.9933
2030,1101401,80.0
2024,1101435,63.8501
2025,1101435,66.9318
2026,1101435,69.8747
2027,1101435,72.6627
2028,1101435,75.284
2029,1101435,77.731
2030,1101435,80.0
2024,1101450,64.1733
2025,1101450,67.1901
2026,1101450,70.0713
2027,1101450,72.8019
2028,1101450,75.3709
2029,1101450,77.7714
2030,1101450,80.0
2024,1101468,58.9545
2025,1101468,63.0133
2026,1101468,66.896
2027,1101468,70.5617
2028,1101468,73.9793
2029,1101468,77.1287
2030,1101468,80.0
2024,1101476,80.0
2025,1101476,80.0
2026,1101476,80.0
2027,1101476,80.0
2028,1101476,80.0
2029,1101476,80.0
2030,1101476,80.0
2024,1101484,57.7551
2025,1101484,62.0496
2026,1101484,66.1634
2027,1101484,70.0464
2028,1101484,73.6613
2029,1101484,76.9833
2030,1101484,80.0
2024,1101492,68.1043
2025,1101492,70.3327
2026,1101492,72.4683
2027,1101492,74.5059
2028,1101492,76.4418
2029,1101492,78.2735
2030,1101492,80.0
2024,1101500,65.8128
2025,1101500,68.5001
2026,1101500,71.0691
2027,1101500,73.5095
2028,1101500,75.8142
2029,1101500,77.9784
2030,1101500,80.0
2024,1101559,73.213
2025,1101559,74.4393
2026,1101559,75.6282
2027,1101559,76.779
2028,1101559,77.8914
2029,1101559,78.9651
2030,1101559,80.0
2024,1101609,55.5284
2025,1101609,60.2546
2026,1101609,64.797
2027,1101609,69.0866
2028,1101609,73.0707
2029,1101609,76.7144
2030,1101609,80.0
2024,1101708,72.3559
2025,1101708,73.7472
2026,1101708,75.0926
2027,1101708,76.3911
2028,1101708,77.642
2029,1101708,78.845
2030,1101708,80.0
2024,1101757,43.5368
2025,1101757,50.3599
2026,1101757,57.1697
2027,1101757,63.7182
2028,1101757,69.7946
2029,1101757,75.2486
2030,1101757,80.0
2024,1101807,59.724
2025,1101807,63.6305
2026,1101807,67.3652
2027,1101807,70.8918
2028,1101807,74.1834
2029,1101807,77.2223
2030,1101807,80.0
2024,1200013,60.0
2025,1200013,64.0
2026,1200013,67.0
2027,1200013,71.0
2028,1200013,74.0
2029,1200013,77.0
2030,1200013,80.0
2024,1200054,49.0
2025,1200054,55.0
2026,1200054,61.0
2027,1200054,66.0
2028,1200054,71.0
2029,1200054,76.0
2030,1200054,80.0
2024,1200104,47.0
2025,1200104,53.0
2026,1200104,59.0
2027,1200104,65.0
2028,1200104,71.0
2029,1200104,76.0
2030,1200104,80.0
2024,1200138,27.0
2025,1200138,35.0
2026,1200138,45.0
2027,1200138,55.0
2028,1200138,64.0
2029,1200138,73.0
2030,1200138,80.0
2024,1200179,35.0
2025,1200179,43.0
2026,1200179,51.0
2027,1200179,59.0
2028,1200179,67.0
2029,1200179,74.0
2030,1200179,80.0
2024,1200203,42.0
2025,1200203,49.0
2026,1200203,56.0
2027,1200203,63.0
2028,1200203,69.0
2029,1200203,75.0
2030,1200203,80.0
2024,1200252,52.0
2025,1200252,58.0
2026,1200252,63.0
2027,1200252,68.0
2028,1200252,72.0
2029,1200252,76.0
2030,1200252,80.0
2024,1200302,53.0
2025,1200302,58.0
2026,1200302,63.0
2027,1200302,68.0
2028,1200302,72.0
2029,1200302,76.0
2030,1200302,80.0
2024,1200328,20.0
2025,1200328,28.0
2026,1200328,38.0
2027,1200328,50.0
2028,1200328,61.0
2029,1200328,72.0
2030,1200328,80.0
2024,1200336,42.0
2025,1200336,49.0
2026,1200336,56.0
2027,1200336,63.0
2028,1200336,69.0
2029,1200336,75.0
2030,1200336,80.0
2024,1200344,63.0
2025,1200344,66.0
2026,1200344,69.0
2027,1200344,72.0
2028,1200344,75.0
2029,1200344,78.0
2030,1200344,80.0
2024,1200351,38.0
2025,1200351,46.0
2026,1200351,53.0
2027,1200351,61.0
2028,1200351,68.0
2029,1200351,75.0
2030,1200351,80.0
2024,1200385,34.0
2025,1200385,42.0
2026,1200385,50.0
2027,1200385,59.0
2028,1200385,67.0
2029,1200385,74.0
2030,1200385,80.0
2024,1200393,40.0
2025,1200393,47.0
2026,1200393,55.0
2027,1200393,62.0
2028,1200393,69.0
2029,1200393,75.0
2030,1200393,80.0
2024,1200401,40.0
2025,1200401,47.0
2026,1200401,55.0
2027,1200401,62.0
2028,1200401,69.0
2029,1200401,75.0
2030,1200401,80.0
2024,1200427,56.0
2025,1200427,60.0
2026,1200427,65.0
2027,1200427,69.0
2028,1200427,73.0
2029,1200427,77.0
2030,1200427,80.0
2024,1200435,39.0
2025,1200435,46.0
2026,1200435,54.0
2027,1200435,61.0
2028,1200435,68.0
2029,1200435,75.0
2030,1200435,80.0
2024,1200450,16.0
2025,1200450,24.0
2026,1200450,34.0
2027,1200450,46.0
2028,1200450,59.0
2029,1200450,71.0
2030,1200450,80.0
2024,1200500,65.0
2025,1200500,68.0
2026,1200500,70.0
2027,1200500,73.0
2028,1200500,76.0
2029,1200500,78.0
2030,1200500,80.0
2024,1200609,44.0
2025,1200609,50.0
2026,1200609,57.0
2027,1200609,64.0
2028,1200609,70.0
2029,1200609,75.0
2030,1200609,80.0
2024,1200708,45.0
2025,1200708,52.0
2026,1200708,58.0
2027,1200708,64.0
2028,1200708,70.0
2029,1200708,75.0
2030,1200708,80.0
2024,1200807,52.0
2025,1200807,57.0
2026,1200807,63.0
2027,1200807,68.0
2028,1200807,72.0
2029,1200807,76.0
2030,1200807,80.0
2024,1300029,46.1895
2025,1300029,52.5923
2026,1300029,58.911
2027,1300029,64.9488
2028,1300029,70.543
2029,1300029,75.5801
2030,1300029,80.0
2024,1300060,65.5231
2025,1300060,68.2686
2026,1300060,70.8926
2027,1300060,73.3842
2028,1300060,75.7355
2029,1300060,77.9416
2030,1300060,80.0
2024,1300086,40.1573
2025,1300086,47.4677
2026,1300086,54.8882
2027,1300086,62.0975
2028,1300086,68.8094
2029,1300086,74.8148
2030,1300086,80.0
2024,1300102,76.595
2025,1300102,77.1894
2026,1300102,77.773
2027,1300102,78.3459
2028,1300102,78.908
2029,1300102,79.4594
2030,1300102,80.0
2024,1300144,60.642
2025,1300144,64.3661
2026,1300144,67.9242
2027,1300144,71.2855
2028,1300144,74.4272
2029,1300144,77.3345
2030,1300144,80.0
2024,1300201,58.4769
2025,1300201,62.6298
2026,1300201,66.6045
2027,1300201,70.3566
2028,1300201,73.8526
2029,1300201,77.0707
2030,1300201,80.0
2024,1300300,50.3044
2025,1300300,56.0008
2026,1300300,61.5434
2027,1300300,66.8018
2028,1300300,71.6721
2029,1300300,76.0837
2030,1300300,80.0
2024,1300409,53.7522
2025,1300409,58.8159
2026,1300409,63.6995
2027,1300409,68.316
2028,1300409,72.598
2029,1300409,76.5003
2030,1300409,80.0
2024,1300508,36.8073
2025,1300508,44.5378
2026,1300508,52.542
2027,1300508,60.4177
2028,1300508,67.7877
2029,1300508,74.3676
2030,1300508,80.0
2024,1300607,34.0
2025,1300607,42.0
2026,1300607,51.0
2027,1300607,59.0
2028,1300607,67.0
2029,1300607,74.0
2030,1300607,80.0
2024,1300680,33.3724
2025,1300680,41.4569
2026,1300680,50.0293
2027,1300680,58.6
2028,1300680,66.6797
2029,1300680,73.8853
2030,1300680,80.0
2024,1300706,62.5557
2025,1300706,65.8972
2026,1300706,69.0879
2027,1300706,72.1065
2028,1300706,74.9372
2029,1300706,77.57
2030,1300706,80.0
2024,1300805,35.5106
2025,1300805,43.3846
2026,1300805,51.6074
2027,1300805,59.744
2028,1300805,67.3774
2029,1300805,74.1887
2030,1300805,80.0
2024,1300839,22.0
2025,1300839,30.0
2026,1300839,40.0
2027,1300839,51.0
2028,1300839,62.0
2029,1300839,72.0
2030,1300839,80.0
2024,1300904,54.7226
2025,1300904,59.6028
2026,1300904,64.3001
2027,1300904,68.7376
2028,1300904,72.8565
2029,1300904,76.6173
2030,1300904,80.0
2024,1301001,52.7006
2025,1301001,57.9607
2026,1301001,63.0459
2027,1301001,67.8571
2028,1301001,72.317
2029,1301001,76.3735
2030,1301001,80.0
2024,1301159,44.5192
2025,1301159,51.1903
2026,1301159,57.8192
2027,1301159,64.1778
2028,1301159,70.074
2029,1301159,75.3721
2030,1301159,80.0
2024,1301209,45.1735
2025,1301209,51.7409
2026,1301209,58.2486
2027,1301209,64.4813
2028,1301209,70.2586
2029,1301209,75.4539
2030,1301209,80.0
2024,1301308,49.4874
2025,1301308,55.3287
2026,1301308,61.0265
2027,1301308,66.4384
2028,1301308,71.4504
2029,1301308,75.9845
2030,1301308,80.0
2024,1301407,26.2255
2025,1301407,34.7317
2026,1301407,44.3388
2027,1301407,54.3888
2028,1301407,64.0938
2029,1301407,72.7676
2030,1301407,80.0
2024,1301506,19.0
2025,1301506,28.0
2026,1301506,38.0
2027,1301506,49.0
2028,1301506,61.0
2029,1301506,71.0
2030,1301506,80.0
2024,1301605,34.0803
2025,1301605,42.0989
2026,1301605,50.5571
2027,1301605,58.9836
2028,1301605,66.9138
2029,1301605,73.987
2030,1301605,80.0
2024,1301654,64.8526
2025,1301654,67.7328
2026,1301654,70.4844
2027,1301654,73.0946
2028,1301654,75.5541
2029,1301654,77.8568
2030,1301654,80.0
2024,1301704,55.147
2025,1301704,59.9463
2026,1301704,64.562
2027,1301704,68.9215
2028,1301704,72.9693
2029,1301704,76.6684
2030,1301704,80.0
2024,1301803,63.0
2025,1301803,66.0
2026,1301803,70.0
2027,1301803,72.0
2028,1301803,75.0
2029,1301803,78.0
2030,1301803,80.0
2024,1301852,50.8499
2025,1301852,56.4485
2026,1301852,61.8872
2027,1301852,67.0434
2028,1301852,71.8196
2029,1301852,76.1498
2030,1301852,80.0
2024,1301902,51.7817
2025,1301902,57.211
2026,1301902,62.472
2027,1301902,67.4541
2028,1301902,72.0705
2029,1301902,76.2626
2030,1301902,80.0
2024,1301951,72.1066
2025,1301951,73.5462
2026,1301951,74.9373
2027,1301951,76.2788
2028,1301951,77.57
2029,1301951,78.8105
2030,1301951,80.0
2024,1302009,34.1587
2025,1302009,42.1697
2026,1302009,50.6152
2027,1302009,59.0258
2028,1302009,66.9396
2029,1302009,73.9982
2030,1302009,80.0
2024,1302108,77.701
2025,1302108,78.0968
2026,1302108,78.4877
2027,1302108,78.8734
2028,1302108,79.254
2029,1302108,79.6295
2030,1302108,80.0
2024,1302207,46.8013
2025,1302207,53.103
2026,1302207,59.3073
2027,1302207,65.2282
2028,1302207,70.7131
2029,1302207,75.6556
2030,1302207,80.0
2024,1302306,43.2561
2025,1302306,50.1219
2026,1302306,56.983
2027,1302306,63.5861
2028,1302306,69.7142
2029,1302306,75.2131
2030,1302306,80.0
2024,1302405,66.9049
2025,1302405,69.3731
2026,1302405,71.735
2027,1302405,73.9831
2028,1302405,76.1119
2029,1302405,78.1181
2030,1302405,80.0
2024,1302504,49.7746
2025,1302504,55.5652
2026,1302504,61.2086
2027,1302504,66.5664
2028,1302504,71.5285
2029,1302504,76.0194
2030,1302504,80.0
2024,1302553,52.3747
2025,1302553,57.695
2026,1302553,62.8426
2027,1302553,67.7144
2028,1302553,72.2297
2029,1302553,76.3342
2030,1302553,80.0
2024,1302603,56.7957
2025,1302603,61.2773
2026,1302603,65.5757
2027,1302603,69.6335
2028,1302603,73.407
2029,1302603,76.8673
2030,1302603,80.0
2024,1302702,56.433
2025,1302702,60.9849
2026,1302702,65.3532
2027,1302702,69.4772
2028,1302702,73.3108
2029,1302702,76.8235
2030,1302702,80.0
2024,1302801,28.0861
2025,1302801,36.5297
2026,1302801,45.8918
2027,1302801,55.5533
2028,1302801,64.8123
2029,1302801,73.0773
2030,1302801,80.0
2024,1302900,57.6122
2025,1302900,61.9347
2026,1302900,66.0759
2027,1302900,69.985
2028,1302900,73.6234
2029,1302900,76.966
2030,1302900,80.0
2024,1303007,67.1779
2025,1303007,69.5914
2026,1303007,71.9017
2027,1303007,74.1018
2028,1303007,76.1867
2029,1303007,78.1532
2030,1303007,80.0
2024,1303106,56.1121
2025,1303106,60.726
2026,1303106,65.1561
2027,1303106,69.3387
2028,1303106,73.2256
2029,1303106,76.7848
2030,1303106,80.0
2024,1303205,76.5024
2025,1303205,77.1136
2026,1303205,77.7135
2027,1303205,78.3021
2028,1303205,78.8794
2029,1303205,79.4454
2030,1303205,80.0
2024,1303304,80.0
2025,1303304,80.0
2026,1303304,80.0
2027,1303304,80.0
2028,1303304,80.0
2029,1303304,80.0
2030,1303304,80.0
2024,1303403,56.5258
2025,1303403,61.0597
2026,1303403,65.4102
2027,1303403,69.5172
2028,1303403,73.3354
2029,1303403,76.8347
2030,1303403,80.0
2024,1303502,45.3344
2025,1303502,51.876
2026,1303502,58.3539
2027,1303502,64.5556
2028,1303502,70.3038
2029,1303502,75.4739
2030,1303502,80.0
2024,1303536,40.9989
2025,1303536,48.1935
2026,1303536,55.4637
2027,1303536,62.5074
2028,1303536,69.0586
2029,1303536,74.9243
2030,1303536,80.0
2024,1303569,42.0455
2025,1303569,49.0908
2026,1303569,56.1724
2027,1303569,63.0111
2028,1303569,69.3647
2029,1303569,75.059
2030,1303569,80.0
2024,1303601,33.9136
2025,1303601,41.9481
2026,1303601,50.4333
2027,1303601,58.8937
2028,1303601,66.859
2029,1303601,73.9632
2030,1303601,80.0
2024,1303700,63.0455
2025,1303700,66.2888
2026,1303700,69.3857
2027,1303700,72.3168
2028,1303700,75.0682
2029,1303700,77.6307
2030,1303700,80.0
2024,1303809,43.1201
2025,1303809,50.0064
2026,1303809,56.8924
2027,1303809,63.5219
2028,1303809,69.6752
2029,1303809,75.1959
2030,1303809,80.0
2024,1303908,40.0273
2025,1303908,47.3552
2026,1303908,54.7989
2027,1303908,62.0338
2028,1303908,68.7707
2029,1303908,74.7978
2030,1303908,80.0
2024,1303957,56.433
2025,1303957,60.9849
2026,1303957,65.3532
2027,1303957,69.4772
2028,1303957,73.3108
2029,1303957,76.8235
2030,1303957,80.0
2024,1304005,39.0
2025,1304005,46.0
2026,1304005,54.0
2027,1304005,61.0
2028,1304005,68.0
2029,1304005,75.0
2030,1304005,80.0
2024,1304062,47.6222
2025,1304062,53.786
2026,1304062,59.8361
2027,1304062,65.6008
2028,1304062,70.9399
2029,1304062,75.7566
2030,1304062,80.0
2024,1304104,54.3145
2025,1304104,59.2721
2026,1304104,64.0478
2027,1304104,68.5605
2028,1304104,72.7478
2029,1304104,76.5681
2030,1304104,80.0
2024,1304203,37.0
2025,1304203,45.0
2026,1304203,53.0
2027,1304203,60.0
2028,1304203,68.0
2029,1304203,74.0
2030,1304203,80.0
2024,1304237,51.4543
2025,1304237,56.9434
2026,1304237,62.2669
2027,1304237,67.3101
2028,1304237,71.9825
2029,1304237,76.223
2030,1304237,80.0
2024,1304260,19.7473
2025,1304260,28.1422
2026,1304260,38.3983
2027,1304260,49.8016
2028,1304260,61.2257
2029,1304260,71.5358
2030,1304260,80.0
2024,1304302,60.8337
2025,1304302,64.5196
2026,1304302,68.0409
2027,1304302,71.3677
2028,1304302,74.4782
2029,1304302,77.3579
2030,1304302,80.0
2024,1304401,46.0
2025,1304401,53.0
2026,1304401,59.0
2027,1304401,65.0
2028,1304401,71.0
2029,1304401,76.0
2030,1304401,80.0
2024,1500107,46.0
2025,1500107,52.0
2026,1500107,59.0
2027,1500107,65.0
2028,1500107,71.0
2029,1500107,76.0
2030,1500107,80.0
2024,1500131,63.1534
2025,1500131,66.375
2026,1500131,69.4512
2027,1500131,72.3632
2028,1500131,75.0971
2029,1500131,77.6441
2030,1500131,80.0
2024,1500206,45.3969
2025,1500206,51.9284
2026,1500206,58.3947
2027,1500206,64.5845
2028,1500206,70.3213
2029,1500206,75.4817
2030,1500206,80.0
2024,1500305,37.8622
2025,1500305,45.4678
2026,1500305,53.291
2027,1500305,60.9556
2028,1500305,68.115
2029,1500305,74.5106
2030,1500305,80.0
2024,1500347,34.9389
2025,1500347,42.8724
2026,1500347,51.1901
2027,1500347,59.4424
2028,1500347,67.1936
2029,1500347,74.1087
2030,1500347,80.0
2024,1500404,43.0475
2025,1500404,49.9447
2026,1500404,56.844
2027,1500404,63.4876
2028,1500404,69.6544
2029,1500404,75.1867
2030,1500404,80.0
2024,1500503,37.7392
2025,1500503,45.3597
2026,1500503,53.2041
2027,1500503,60.8933
2028,1500503,68.0771
2029,1500503,74.494
2030,1500503,80.0
2024,1500602,52.0913
2025,1500602,57.4638
2026,1500602,62.6656
2027,1500602,67.5901
2028,1500602,72.1537
2029,1500602,76.3
2030,1500602,80.0
2024,1500701,34.0117
2025,1500701,42.0368
2026,1500701,50.5062
2027,1500701,58.9467
2028,1500701,66.8913
2029,1500701,73.9772
2030,1500701,80.0
2024,1500800,62.5142
2025,1500800,65.864
2026,1500800,69.0627
2027,1500800,72.0886
2028,1500800,74.9261
2029,1500800,77.5648
2030,1500800,80.0
2024,1500859,53.8802
2025,1500859,58.9197
2026,1500859,63.7788
2027,1500859,68.3717
2028,1500859,72.6321
2029,1500859,76.5157
2030,1500859,80.0
2024,1500909,44.9856
2025,1500909,51.5829
2026,1500909,58.1255
2027,1500909,64.3943
2028,1500909,70.2057
2029,1500909,75.4304
2030,1500909,80.0
2024,1500958,40.8052
2025,1500958,48.0267
2026,1500958,55.3317
2027,1500958,62.4135
2028,1500958,69.0015
2029,1500958,74.8992
2030,1500958,80.0
2024,1501006,61.0087
2025,1501006,64.6597
2026,1501006,68.1473
2027,1501006,71.4428
2028,1501006,74.5247
2029,1501006,77.3794
2030,1501006,80.0
2024,1501105,52.1171
2025,1501105,57.4849
2026,1501105,62.6817
2027,1501105,67.6014
2028,1501105,72.1606
2029,1501105,76.3031
2030,1501105,80.0
2024,1501204,34.7054
2025,1501204,42.6626
2026,1501204,51.0188
2027,1501204,59.3183
2028,1501204,67.118
2029,1501204,74.0758
2030,1501204,80.0
2024,1501253,47.0
2025,1501253,54.0
2026,1501253,60.0
2027,1501253,65.0
2028,1501253,71.0
2029,1501253,76.0
2030,1501253,80.0
2024,1501303,51.9882
2025,1501303,57.3796
2026,1501303,62.6011
2027,1501303,67.5448
2028,1501303,72.126
2029,1501303,76.2875
2030,1501303,80.0
2024,1501402,53.4193
2025,1501402,58.5454
2026,1501402,63.4929
2027,1501402,68.171
2028,1501402,72.5091
2029,1501402,76.4602
2030,1501402,80.0
2024,1501451,63.8252
2025,1501451,66.9119
2026,1501451,69.8596
2027,1501451,72.652
2028,1501451,75.2773
2029,1501451,77.7278
2030,1501451,80.0
2024,1501501,63.8003
2025,1501501,66.892
2026,1501501,69.8445
2027,1501501,72.6413
2028,1501501,75.2706
2029,1501501,77.7247
2030,1501501,80.0
2024,1501576,61.7412
2025,1501576,65.2458
2026,1501576,68.5928
2027,1501576,71.7569
2028,1501576,74.7198
2029,1501576,77.4694
2030,1501576,80.0
2024,1501600,43.591
2025,1501600,50.4059
2026,1501600,57.2057
2027,1501600,63.7437
2028,1501600,69.8101
2029,1501600,75.2554
2030,1501600,80.0
2024,1501709,48.6667
2025,1501709,54.6514
2026,1501709,60.5046
2027,1501709,66.0713
2028,1501709,71.2266
2029,1501709,75.8844
2030,1501709,80.0
2024,1501725,74.2639
2025,1501725,75.2903
2026,1501725,76.2889
2027,1501725,77.2593
2028,1501725,78.2014
2029,1501725,79.1149
2030,1501725,80.0
2024,1501758,64.6207
2025,1501758,67.5475
2026,1501758,70.3434
2027,1501758,72.9946
2028,1501758,75.4915
2029,1501758,77.8276
2030,1501758,80.0
2024,1501782,38.2683
2025,1501782,45.8239
2026,1501782,53.5767
2027,1501782,61.1604
2028,1501782,68.2396
2029,1501782,74.5651
2030,1501782,80.0
2024,1501808,49.7833
2025,1501808,55.5724
2026,1501808,61.2141
2027,1501808,66.5703
2028,1501808,71.5308
2029,1501808,76.0204
2030,1501808,80.0
2024,1501907,56.1205
2025,1501907,60.7328
2026,1501907,65.1612
2027,1501907,69.3424
2028,1501907,73.2279
2029,1501907,76.7858
2030,1501907,80.0
2024,1501956,53.0004
2025,1501956,58.2047
2026,1501956,63.2325
2027,1501956,67.9881
2028,1501956,72.3972
2029,1501956,76.4097
2030,1501956,80.0
2024,1502004,56.7198
2025,1502004,61.2161
2026,1502004,65.5292
2027,1502004,69.6008
2028,1502004,73.3868
2029,1502004,76.8581
2030,1502004,80.0
2024,1502103,46.6331
2025,1502103,52.9627
2026,1502103,59.1985
2027,1502103,65.1515
2028,1502103,70.6664
2029,1502103,75.6349
2030,1502103,80.0
2024,1502152,65.0513
2025,1502152,67.8916
2026,1502152,70.6054
2027,1502152,73.1804
2028,1502152,75.6078
2029,1502152,77.8819
2030,1502152,80.0
2024,1502202,64.9685
2025,1502202,67.8254
2026,1502202,70.555
2027,1502202,73.1447
2028,1502202,75.5854
2029,1502202,77.8714
2030,1502202,80.0
2024,1502301,55.7654
2025,1502301,60.4461
2026,1502301,64.9429
2027,1502301,69.189
2028,1502301,73.1336
2029,1502301,76.7429
2030,1502301,80.0
2024,1502400,33.0
2025,1502400,41.0
2026,1502400,50.0
2027,1502400,58.0
2028,1502400,67.0
2029,1502400,74.0
2030,1502400,80.0
2024,1502509,50.4777
2025,1502509,56.1431
2026,1502509,61.6528
2027,1502509,66.8787
2028,1502509,71.719
2029,1502509,76.1047
2030,1502509,80.0
2024,1502608,58.6362
2025,1502608,62.7577
2026,1502608,66.7018
2027,1502608,70.425
2028,1502608,73.8949
2029,1502608,77.09
2030,1502608,80.0
2024,1502707,45.084
2025,1502707,51.6657
2026,1502707,58.1901
2027,1502707,64.4399
2028,1502707,70.2334
2029,1502707,75.4427
2030,1502707,80.0
2024,1502756,46.819
2025,1502756,53.1178
2026,1502756,59.3187
2027,1502756,65.2363
2028,1502756,70.718
2029,1502756,75.6578
2030,1502756,80.0
2024,1502764,55.0
2025,1502764,60.0
2026,1502764,65.0
2027,1502764,69.0
2028,1502764,73.0
2029,1502764,77.0
2030,1502764,80.0
2024,1502772,55.5792
2025,1502772,60.2957
2026,1502772,64.8283
2027,1502772,69.1085
2028,1502772,73.0842
2029,1502772,76.7205
2030,1502772,80.0
2024,1502806,32.2811
2025,1502806,40.4595
2026,1502806,49.2044
2027,1502806,57.9983
2028,1502806,66.3121
2029,1502806,73.7258
2030,1502806,80.0
2024,1502855,44.0694
2025,1502855,50.8106
2026,1502855,57.5225
2027,1502855,63.968
2028,1502855,69.9464
2029,1502855,75.3157
2030,1502855,80.0
2024,1502905,37.8622
2025,1502905,45.4678
2026,1502905,53.291
2027,1502905,60.9556
2028,1502905,68.115
2029,1502905,74.5106
2030,1502905,80.0
2024,1502939,62.7467
2025,1502939,66.0499
2026,1502939,69.204
2027,1502939,72.1885
2028,1502939,74.9882
2029,1502939,77.5936
2030,1502939,80.0
2024,1502954,57.3683
2025,1502954,61.7384
2026,1502954,65.9267
2027,1502954,69.8801
2028,1502954,73.5588
2029,1502954,76.9365
2030,1502954,80.0
2024,1503002,55.8246
2025,1503002,60.4939
2026,1503002,64.9793
2027,1503002,69.2146
2028,1503002,73.1493
2029,1503002,76.7501
2030,1503002,80.0
2024,1503044,53.0346
2025,1503044,58.2326
2026,1503044,63.2538
2027,1503044,68.0031
2028,1503044,72.4063
2029,1503044,76.4138
2030,1503044,80.0
2024,1503077,44.4473
2025,1503077,51.1297
2026,1503077,57.7718
2027,1503077,64.1443
2028,1503077,70.0537
2029,1503077,75.3631
2030,1503077,80.0
2024,1503093,51.5578
2025,1503093,57.0279
2026,1503093,62.3317
2027,1503093,67.3556
2028,1503093,72.0103
2029,1503093,76.2355
2030,1503093,80.0
2024,1503200,39.7018
2025,1503200,47.0732
2026,1503200,54.5745
2027,1503200,61.8738
2028,1503200,68.6734
2029,1503200,74.7551
2030,1503200,80.0
2024,1503309,43.3286
2025,1503309,50.1834
2026,1503309,57.0313
2027,1503309,63.6202
2028,1503309,69.735
2029,1503309,75.2223
2030,1503309,80.0
2024,1503408,29.0011
2025,1503408,37.4008
2026,1503408,46.6354
2027,1503408,56.1064
2028,1503408,65.1526
2029,1503408,73.2241
2030,1503408,80.0
2024,1503457,46.0029
2025,1503457,52.4362
2026,1503457,58.7897
2027,1503457,64.8632
2028,1503457,70.4909
2029,1503457,75.5569
2030,1503457,80.0
2024,1503507,50.8932
2025,1503507,56.4839
2026,1503507,61.9144
2027,1503507,67.0625
2028,1503507,71.8312
2029,1503507,76.1551
2030,1503507,80.0
2024,1503606,64.1402
2025,1503606,67.1636
2026,1503606,70.0511
2027,1503606,72.7876
2028,1503606,75.362
2029,1503606,77.7673
2030,1503606,80.0
2024,1503705,48.6229
2025,1503705,54.6152
2026,1503705,60.4767
2027,1503705,66.0517
2028,1503705,71.2146
2029,1503705,75.8791
2030,1503705,80.0
2024,1503754,25.0
2025,1503754,34.0
2026,1503754,43.0
2027,1503754,54.0
2028,1503754,64.0
2029,1503754,73.0
2030,1503754,80.0
2024,1503804,46.6862
2025,1503804,53.0071
2026,1503804,59.2329
2027,1503804,65.1758
2028,1503804,70.6811
2029,1503804,75.6414
2030,1503804,80.0
2024,1503903,54.2124
2025,1503903,59.1893
2026,1503903,63.9846
2027,1503903,68.5162
2028,1503903,72.7206
2029,1503903,76.5558
2030,1503903,80.0
2024,1504000,52.9234
2025,1504000,58.142
2026,1504000,63.1846
2027,1504000,67.9545
2028,1504000,72.3766
2029,1504000,76.4004
2030,1504000,80.0
2024,1504059,51.066
2025,1504059,56.6255
2026,1504059,62.0231
2027,1504059,67.1388
2028,1504059,71.8779
2029,1504059,76.176
2030,1504059,80.0
2024,1504109,58.3176
2025,1504109,62.5018
2026,1504109,66.5072
2027,1504109,70.2882
2028,1504109,73.8104
2029,1504109,77.0514
2030,1504109,80.0
2024,1504208,56.1712
2025,1504208,60.7737
2026,1504208,65.1924
2027,1504208,69.3642
2028,1504208,73.2413
2029,1504208,76.7919
2030,1504208,80.0
2024,1504307,69.9915
2025,1504307,71.8451
2026,1504307,73.6274
2027,1504307,75.3356
2028,1504307,76.9678
2029,1504307,78.5227
2030,1504307,80.0
2024,1504406,35.89
2025,1504406,43.72
2026,1504406,51.88
2027,1504406,59.94
2028,1504406,67.5
2029,1504406,74.24
2030,1504406,80.0
2024,1504422,61.1003
2025,1504422,64.733
2026,1504422,68.203
2027,1504422,71.482
2028,1504422,74.5491
2029,1504422,77.3906
2030,1504422,80.0
2024,1504455,54.0762
2025,1504455,59.0788
2026,1504455,63.9002
2027,1504455,68.4569
2028,1504455,72.6843
2029,1504455,76.5393
2030,1504455,80.0
2024,1504505,44.4833
2025,1504505,51.16
2026,1504505,57.7955
2027,1504505,64.1611
2028,1504505,70.0638
2029,1504505,75.3676
2030,1504505,80.0
2024,1504604,38.9544
2025,1504604,46.4234
2026,1504604,54.0564
2027,1504604,61.5036
2028,1504604,68.4483
2029,1504604,74.6565
2030,1504604,80.0
2024,1504703,39.0855
2025,1504703,46.5376
2026,1504703,54.1476
2027,1504703,61.5688
2028,1504703,68.488
2029,1504703,74.6738
2030,1504703,80.0
2024,1504752,59.306
2025,1504752,63.2953
2026,1504752,67.1104
2027,1504752,70.7125
2028,1504752,74.0725
2029,1504752,77.1714
2030,1504752,80.0
2024,1504802,58.2672
2025,1504802,62.4614
2026,1504802,66.4765
2027,1504802,70.2666
2028,1504802,73.7971
2029,1504802,77.0453
2030,1504802,80.0
2024,1504901,42.8295
2025,1504901,49.7594
2026,1504901,56.6985
2027,1504901,63.3844
2028,1504901,69.5916
2029,1504901,75.159
2030,1504901,80.0
2024,1504950,42.3469
2025,1504950,49.3481
2026,1504950,56.3751
2027,1504950,63.155
2028,1504950,69.4522
2029,1504950,75.0975
2030,1504950,80.0
2024,1504976,50.0874
2025,1504976,55.8225
2026,1504976,61.4064
2027,1504976,66.7055
2028,1504976,71.6133
2029,1504976,76.0574
2030,1504976,80.0
2024,1505007,55.2064
2025,1505007,59.9943
2026,1505007,64.5986
2027,1505007,68.9472
2028,1505007,72.9851
2029,1505007,76.6756
2030,1505007,80.0
2024,1505031,65.0
2025,1505031,67.0
2026,1505031,70.0
2027,1505031,73.0
2028,1505031,75.0
2029,1505031,78.0
2030,1505031,80.0
2024,1505064,59.6488
2025,1505064,63.5702
2026,1505064,67.3194
2027,1505064,70.8596
2028,1505064,74.1634
2029,1505064,77.2132
2030,1505064,80.0
2024,1505106,53.9398
2025,1505106,58.9682
2026,1505106,63.8158
2027,1505106,68.3977
2028,1505106,72.648
2029,1505106,76.5229
2030,1505106,80.0
2024,1505205,25.5273
2025,1505205,34.0473
2026,1505205,43.7407
2027,1505205,53.937
2028,1505205,63.814
2029,1505205,72.6472
2030,1505205,80.0
2024,1505304,41.3211
2025,1505304,48.4703
2026,1505304,55.6827
2027,1505304,62.6632
2028,1505304,69.1533
2029,1505304,74.9659
2030,1505304,80.0
2024,1505403,53.6755
2025,1505403,58.7535
2026,1505403,63.6519
2027,1505403,68.2826
2028,1505403,72.5775
2029,1505403,76.4911
2030,1505403,80.0
2024,1505437,53.8119
2025,1505437,58.8644
2026,1505437,63.7365
2027,1505437,68.342
2028,1505437,72.6139
2029,1505437,76.5075
2030,1505437,80.0
2024,1505486,43.871
2025,1505486,50.6429
2026,1505486,57.3913
2027,1505486,63.8751
2028,1505486,69.89
2029,1505486,75.2907
2030,1505486,80.0
2024,1505494,40.6574
2025,1505494,47.8994
2026,1505494,55.2308
2027,1505494,62.3416
2028,1505494,68.9578
2029,1505494,74.88
2030,1505494,80.0
2024,1505502,65.3411
2025,1505502,68.1231
2026,1505502,70.7818
2027,1505502,73.3055
2028,1505502,75.6862
2029,1505502,77.9185
2030,1505502,80.0
2024,1505536,58.5775
2025,1505536,62.7106
2026,1505536,66.666
2027,1505536,70.3998
2028,1505536,73.8793
2029,1505536,77.0829
2030,1505536,80.0
2024,1505551,55.4861
2025,1505551,60.2204
2026,1505551,64.7709
2027,1505551,69.0682
2028,1505551,73.0594
2029,1505551,76.7093
2030,1505551,80.0
2024,1505601,58.1078
2025,1505601,62.3332
2026,1505601,66.379
2027,1505601,70.1981
2028,1505601,73.7548
2029,1505601,77.026
2030,1505601,80.0
2024,1505635,61.8909
2025,1505635,65.3656
2026,1505635,68.6838
2027,1505635,71.8211
2028,1505635,74.7597
2029,1505635,77.4878
2030,1505635,80.0
2024,1505650,56.0
2025,1505650,60.0
2026,1505650,65.0
2027,1505650,69.0
2028,1505650,73.0
2029,1505650,77.0
2030,1505650,80.0
2024,1505700,45.1109
2025,1505700,51.6882
2026,1505700,58.2076
2027,1505700,64.4523
2028,1505700,70.241
2029,1505700,75.4461
2030,1505700,80.0
2024,1505809,49.5135
2025,1505809,55.3502
2026,1505809,61.0431
2027,1505809,66.4501
2028,1505809,71.4575
2029,1505809,75.9876
2030,1505809,80.0
2024,1505908,73.688
2025,1505908,74.8237
2026,1505908,75.9263
2027,1505908,76.9955
2028,1505908,78.0309
2029,1505908,79.0324
2030,1505908,80.0
2024,1506005,61.1003
2025,1506005,64.733
2026,1506005,68.203
2027,1506005,71.482
2028,1506005,74.5491
2029,1506005,77.3906
2030,1506005,80.0
2024,1506104,54.0506
2025,1506104,59.058
2026,1506104,63.8844
2027,1506104,68.4458
2028,1506104,72.6775
2029,1506104,76.5363
2030,1506104,80.0
2024,1506112,53.991
2025,1506112,59.0097
2026,1506112,63.8475
2027,1506112,68.4199
2028,1506112,72.6616
2029,1506112,76.5291
2030,1506112,80.0
2024,1506138,59.1972
2025,1506138,63.208
2026,1506138,67.0441
2027,1506138,70.6658
2028,1506138,74.0436
2029,1506138,77.1582
2030,1506138,80.0
2024,1506161,47.8509
2025,1506161,53.9758
2026,1506161,59.9829
2027,1506161,65.7042
2028,1506161,71.0029
2029,1506161,75.7847
2030,1506161,80.0
2024,1506187,63.452
2025,1506187,66.6137
2026,1506187,69.6328
2027,1506187,72.4916
2028,1506187,75.1771
2029,1506187,77.6813
2030,1506187,80.0
2024,1506195,61.6247
2025,1506195,65.1527
2026,1506195,68.522
2027,1506195,71.707
2028,1506195,74.6887
2029,1506195,77.4551
2030,1506195,80.0
2024,1506203,49.1386
2025,1506203,55.0411
2026,1506203,60.8051
2027,1506203,66.2827
2028,1506203,71.3554
2029,1506203,75.942
2030,1506203,80.0
2024,1506302,56.5849
2025,1506302,61.1073
2026,1506302,65.4464
2027,1506302,69.5427
2028,1506302,73.3511
2029,1506302,76.8418
2030,1506302,80.0
2024,1506351,44.1505
2025,1506351,50.8791
2026,1506351,57.576
2027,1506351,64.0059
2028,1506351,69.9695
2029,1506351,75.3259
2030,1506351,80.0
2024,1506401,54.8246
2025,1506401,59.6853
2026,1506401,64.363
2027,1506401,68.7818
2028,1506401,72.8836
2029,1506401,76.6295
2030,1506401,80.0
2024,1506500,46.9782
2025,1506500,53.2504
2026,1506500,59.4215
2027,1506500,65.3087
2028,1506500,70.7621
2029,1506500,75.6774
2030,1506500,80.0
2024,1506559,60.3585
2025,1506559,64.139
2026,1506559,67.7516
2027,1506559,71.1639
2028,1506559,74.3519
2029,1506559,77.2998
2030,1506559,80.0
2024,1506583,58.0071
2025,1506583,62.2522
2026,1506583,66.3175
2027,1506583,70.1548
2028,1506583,73.7281
2029,1506583,77.0138
2030,1506583,80.0
2024,1506609,40.0
2025,1506609,47.0
2026,1506609,55.0
2027,1506609,62.0
2028,1506609,69.0
2029,1506609,75.0
2030,1506609,80.0
2024,1506708,58.7535
2025,1506708,62.8519
2026,1506708,66.7734
2027,1506708,70.4754
2028,1506708,73.926
2029,1506708,77.1043
2030,1506708,80.0
2024,1506807,59.08
2025,1506807,63.114
2026,1506807,66.9727
2027,1506807,70.6156
2028,1506807,74.0126
2029,1506807,77.144
2030,1506807,80.0
2024,1506906,56.762
2025,1506906,61.2501
2026,1506906,65.5551
2027,1506906,69.619
2028,1506906,73.398
2029,1506906,76.8632
2030,1506906,80.0
2024,1507003,32.9373
2025,1507003,41.0604
2026,1507003,49.7021
2027,1507003,58.3616
2028,1507003,66.5341
2029,1507003,73.8221
2030,1507003,80.0
2024,1507102,40.2594
2025,1507102,47.5559
2026,1507102,54.9583
2027,1507102,62.1475
2028,1507102,68.8398
2029,1507102,74.8281
2030,1507102,80.0
2024,1507151,51.5578
2025,1507151,57.0279
2026,1507151,62.3317
2027,1507151,67.3556
2028,1507151,72.0103
2029,1507151,76.2355
2030,1507151,80.0
2024,1507201,37.8717
2025,1507201,45.4762
2026,1507201,53.2977
2027,1507201,60.9604
2028,1507201,68.1179
2029,1507201,74.5119
2030,1507201,80.0
2024,1507300,31.0
2025,1507300,39.0
2026,1507300,48.0
2027,1507300,57.0
2028,1507300,66.0
2029,1507300,74.0
2030,1507300,80.0
2024,1507409,43.6001
2025,1507409,50.4135
2026,1507409,57.2117
2027,1507409,63.748
2028,1507409,69.8127
2029,1507409,75.2566
2030,1507409,80.0
2024,1507458,51.9366
2025,1507458,57.3375
2026,1507458,62.5689
2027,1507458,67.5222
2028,1507458,72.1121
2029,1507458,76.2813
2030,1507458,80.0
2024,1507466,43.4101
2025,1507466,50.2525
2026,1507466,57.0855
2027,1507466,63.6586
2028,1507466,69.7583
2029,1507466,75.2326
2030,1507466,80.0
2024,1507474,36.9409
2025,1507474,44.656
2026,1507474,52.6374
2027,1507474,60.4863
2028,1507474,67.8294
2029,1507474,74.3858
2030,1507474,80.0
2024,1507508,40.4909
2025,1507508,47.7558
2026,1507508,55.117
2027,1507508,62.2605
2028,1507508,68.9085
2029,1507508,74.8583
2030,1507508,80.0
2024,1507607,45.1019
2025,1507607,51.6807
2026,1507607,58.2018
2027,1507607,64.4482
2028,1507607,70.2384
2029,1507607,75.445
2030,1507607,80.0
2024,1507706,53.2997
2025,1507706,58.4482
2026,1507706,63.4186
2027,1507706,68.1188
2028,1507706,72.4772
2029,1507706,76.4458
2030,1507706,80.0
2024,1507755,79.8972
2025,1507755,79.9143
2026,1507755,79.9315
2027,1507755,79.9486
2028,1507755,79.9658
2029,1507755,79.9829
2030,1507755,80.0
2024,1507805,40.1202
2025,1507805,47.4356
2026,1507805,54.8627
2027,1507805,62.0793
2028,1507805,68.7984
2029,1507805,74.81
2030,1507805,80.0
2024,1507904,65.6059
2025,1507904,68.3348
2026,1507904,70.943
2027,1507904,73.42
2028,1507904,75.758
2029,1507904,77.9521
2030,1507904,80.0
2024,1507953,44.1865
2025,1507953,50.9095
2026,1507953,57.5998
2027,1507953,64.0227
2028,1507953,69.9797
2029,1507953,75.3304
2030,1507953,80.0
2024,1507961,48.0004
2025,1507961,54.0997
2026,1507961,60.0787
2027,1507961,65.7716
2028,1507961,71.044
2029,1507961,75.803
2030,1507961,80.0
2024,1507979,72.1897
2025,1507979,73.6132
2026,1507979,74.989
2027,1507979,76.3162
2028,1507979,77.594
2029,1507979,78.822
2030,1507979,80.0
2024,1508001,53.2313
2025,1508001,58.3926
2026,1508001,63.3761
2027,1508001,68.089
2028,1508001,72.4589
2029,1508001,76.4375
2030,1508001,80.0
2024,1508035,53.6328
2025,1508035,58.7189
2026,1508035,63.6254
2027,1508035,68.264
2028,1508035,72.5661
2029,1508035,76.4859
2030,1508035,80.0
2024,1508050,72.2894
2025,1508050,73.6936
2026,1508050,75.0511
2027,1508050,76.3611
2028,1508050,77.6228
2029,1508050,78.8358
2030,1508050,80.0
2024,1508084,62.3148
2025,1508084,65.7046
2026,1508084,68.9415
2027,1508084,72.003
2028,1508084,74.8728
2029,1508084,77.5402
2030,1508084,80.0
2024,1508100,43.8349
2025,1508100,50.6124
2026,1508100,57.3674
2027,1508100,63.8582
2028,1508100,69.8797
2029,1508100,75.2862
2030,1508100,80.0
2024,1508126,64.7698
2025,1508126,67.6666
2026,1508126,70.4341
2027,1508126,73.0589
2028,1508126,75.5317
2029,1508126,77.8463
2030,1508126,80.0
2024,1508159,67.881
2025,1508159,70.1539
2026,1508159,72.3316
2027,1508159,74.4083
2028,1508159,76.3801
2029,1508159,78.2444
2030,1508159,80.0
2024,1508209,36.8741
2025,1508209,44.597
2026,1508209,52.5898
2027,1508209,60.452
2028,1508209,67.8086
2029,1508209,74.3767
2030,1508209,80.0
2024,1508308,41.1003
2025,1508308,48.2806
2026,1508308,55.5327
2027,1508308,62.5565
2028,1508308,69.0884
2029,1508308,74.9374
2030,1508308,80.0
2024,1508357,63.8252
2025,1508357,66.9119
2026,1508357,69.8596
2027,1508357,72.652
2028,1508357,75.2773
2029,1508357,77.7278
2030,1508357,80.0
2024,1508407,54.8161
2025,1508407,59.6784
2026,1508407,64.3578
2027,1508407,68.7782
2028,1508407,72.8813
2029,1508407,76.6285
2030,1508407,80.0
2024,1600055,39.8414
2025,1600055,47.1942
2026,1600055,54.6708
2027,1600055,61.9425
2028,1600055,68.7152
2029,1600055,74.7734
2030,1600055,80.0
2024,1600105,38.2305
2025,1600105,45.7909
2026,1600105,53.5502
2027,1600105,61.1414
2028,1600105,68.228
2029,1600105,74.56
2030,1600105,80.0
2024,1600154,68.4849
2025,1600154,70.6374
2026,1600154,72.7015
2027,1600154,74.6725
2028,1600154,76.5471
2029,1600154,78.3232
2030,1600154,80.0
2024,1600204,41.8075
2025,1600204,48.8872
2026,1600204,56.0119
2027,1600204,62.8972
2028,1600204,69.2955
2029,1600204,75.0285
2030,1600204,80.0
2024,1600212,52.3747
2025,1600212,57.695
2026,1600212,62.8426
2027,1600212,67.7144
2028,1600212,72.2297
2029,1600212,76.3342
2030,1600212,80.0
2024,1600238,74.4477
2025,1600238,75.4395
2026,1600238,76.405
2027,1600238,77.3439
2028,1600238,78.2561
2029,1600238,79.1415
2030,1600238,80.0
2024,1600253,55.342
2025,1600253,60.104
2026,1600253,64.6822
2027,1600253,69.0059
2028,1600253,73.0212
2029,1600253,76.6919
2030,1600253,80.0
2024,1600279,45.6378
2025,1600279,52.1305
2026,1600279,58.552
2027,1600279,64.6955
2028,1600279,70.3889
2029,1600279,75.5117
2030,1600279,80.0
2024,1600303,49.1997
2025,1600303,55.0915
2026,1600303,60.8439
2027,1600303,66.31
2028,1600303,71.3721
2029,1600303,75.9494
2030,1600303,80.0
2024,1600402,36.5013
2025,1600402,44.2667
2026,1600402,52.3229
2027,1600402,60.26
2028,1600402,67.6917
2029,1600402,74.3257
2030,1600402,80.0
2024,1600501,33.3033
2025,1600501,41.3941
2026,1600501,49.9775
2027,1600501,58.5623
2028,1600501,66.6567
2029,1600501,73.8753
2030,1600501,80.0
2024,1600535,67.6245
2025,1600535,69.9487
2026,1600535,72.1747
2027,1600535,74.2964
2028,1600535,76.3094
2029,1600535,78.211
2030,1600535,80.0
2024,1600550,43.0475
2025,1600550,49.9447
2026,1600550,56.844
2027,1600550,63.4876
2028,1600550,69.6544
2029,1600550,75.1867
2030,1600550,80.0
2024,1600600,47.8246
2025,1600600,53.9539
2026,1600600,59.966
2027,1600600,65.6923
2028,1600600,70.9956
2029,1600600,75.7814
2030,1600600,80.0
2024,1600709,39.0
2025,1600709,47.0
2026,1600709,54.0
2027,1600709,62.0
2028,1600709,68.0
2029,1600709,75.0
2030,1600709,80.0
2024,1600808,35.8482
2025,1600808,43.686
2026,1600808,51.8523
2027,1600808,59.9209
2028,1600808,67.4851
2029,1600808,74.2356
2030,1600808,80.0
2024,1700251,65.0265
2025,1700251,67.8718
2026,1700251,70.5903
2027,1700251,73.1697
2028,1700251,75.6011
2029,1700251,77.8787
2030,1700251,80.0
2024,1700301,32.4206
2025,1700301,40.5876
2026,1700301,49.3107
2027,1700301,58.076
2028,1700301,66.3596
2029,1700301,73.7464
2030,1700301,80.0
2024,1700350,80.0
2025,1700350,80.0
2026,1700350,80.0
2027,1700350,80.0
2028,1700350,80.0
2029,1700350,80.0
2030,1700350,80.0
2024,1700400,22.646
2025,1700400,31.1605
2026,1700400,41.1724
2027,1700400,51.9725
2028,1700400,62.5914
2029,1700400,72.1218
2030,1700400,80.0
2024,1700707,53.1116
2025,1700707,58.2952
2026,1700707,63.3017
2027,1700707,68.0367
2028,1700707,72.4269
2029,1700707,76.4231
2030,1700707,80.0
2024,1701002,46.2162
2025,1701002,52.6146
2026,1701002,58.9283
2027,1701002,64.961
2028,1701002,70.5504
2029,1701002,75.5834
2030,1701002,80.0
2024,1701051,46.4115
2025,1701051,52.7778
2026,1701051,59.055
2027,1701051,65.0503
2028,1701051,70.6048
2029,1701051,75.6075
2030,1701051,80.0
2024,1701101,37.16
2025,1701101,44.8496
2026,1701101,52.7936
2027,1701101,60.5985
2028,1701101,67.8978
2029,1701101,74.4157
2030,1701101,80.0
2024,1701309,31.831
2025,1701309,40.0454
2026,1701309,48.8602
2027,1701309,57.7464
2028,1701309,66.1581
2029,1701309,73.659
2030,1701309,80.0
2024,1701903,45.0393
2025,1701903,51.6281
2026,1701903,58.1607
2027,1701903,64.4192
2028,1701903,70.2208
2029,1701903,75.4371
2030,1701903,80.0
2024,1702000,50.2089
2025,1702000,55.9224
2026,1702000,61.4832
2027,1702000,66.7595
2028,1702000,71.6463
2029,1702000,76.0721
2030,1702000,80.0
2024,1702109,42.1643
2025,1702109,49.1923
2026,1702109,56.2523
2027,1702109,63.0679
2028,1702109,69.3993
2029,1702109,75.0742
2030,1702109,80.0
2024,1702158,44.2315
2025,1702158,50.9475
2026,1702158,57.6295
2027,1702158,64.0437
2028,1702158,69.9925
2029,1702158,75.3361
2030,1702158,80.0
2024,1702208,41.8991
2025,1702208,48.9656
2026,1702208,56.0737
2027,1702208,62.941
2028,1702208,69.3222
2029,1702208,75.0402
2030,1702208,80.0
2024,1702307,43.862
2025,1702307,50.6353
2026,1702307,57.3853
2027,1702307,63.8709
2028,1702307,69.8874
2029,1702307,75.2896
2030,1702307,80.0
2024,1702406,41.1095
2025,1702406,48.2885
2026,1702406,55.5389
2027,1702406,62.5609
2028,1702406,69.0911
2029,1702406,74.9386
2030,1702406,80.0
2024,1702554,54.9434
2025,1702554,59.7815
2026,1702554,64.4364
2027,1702554,68.8333
2028,1702554,72.9152
2029,1702554,76.6439
2030,1702554,80.0
2024,1702703,57.402
2025,1702703,61.7655
2026,1702703,65.9473
2027,1702703,69.8946
2028,1702703,73.5677
2029,1702703,76.9405
2030,1702703,80.0
2024,1702901,37.4167
2025,1702901,45.076
2026,1702901,52.9759
2027,1702901,60.7295
2028,1702901,67.9775
2029,1702901,74.4505
2030,1702901,80.0
2024,1703008,27.6039
2025,1703008,36.0672
2026,1703008,45.4948
2027,1703008,55.2567
2028,1703008,64.6296
2029,1703008,72.9985
2030,1703008,80.0
2024,1703057,42.3378
2025,1703057,49.3404
2026,1703057,56.3689
2027,1703057,63.1507
2028,1703057,69.4496
2029,1703057,75.0964
2030,1703057,80.0
2024,1703073,18.0012
2025,1703073,26.2598
2026,1703073,36.6155
2027,1703073,48.3759
2028,1703073,60.319
2029,1703073,71.147
2030,1703073,80.0
2024,1703107,62.8546
2025,1703107,66.1362
2026,1703107,69.2696
2027,1703107,72.2348
2028,1703107,75.0171
2029,1703107,77.607
2030,1703107,80.0
2024,1703206,57.301
2025,1703206,61.6843
2026,1703206,65.8854
2027,1703206,69.8511
2028,1703206,73.5409
2029,1703206,76.9283
2030,1703206,80.0
2024,1703305,33.3428
2025,1703305,41.43
2026,1703305,50.0071
2027,1703305,58.5838
2028,1703305,66.6698
2029,1703305,73.881
2030,1703305,80.0
2024,1703602,36.8359
2025,1703602,44.5632
2026,1703602,52.5625
2027,1703602,60.4324
2028,1703602,67.7966
2029,1703602,74.3715
2030,1703602,80.0
2024,1703701,44.5731
2025,1703701,51.2357
2026,1703701,57.8546
2027,1703701,64.2029
2028,1703701,70.0892
2029,1703701,75.3789
2030,1703701,80.0
2024,1703800,50.0
2025,1703800,56.0
2026,1703800,62.0
2027,1703800,67.0
2028,1703800,72.0
2029,1703800,76.0
2030,1703800,80.0
2024,1703826,34.7249
2025,1703826,42.6802
2026,1703826,51.0331
2027,1703826,59.3287
2028,1703826,67.1243
2029,1703826,74.0785
2030,1703826,80.0
2024,1703842,22.9147
2025,1703842,31.4342
2026,1703842,41.4193
2027,1703842,52.1632
2028,1703842,62.7105
2029,1703842,72.1729
2030,1703842,80.0
2024,1703867,22.4775
2025,1703867,30.9884
2026,1703867,41.0168
2027,1703867,51.8522
2028,1703867,62.5161
2029,1703867,72.0895
2030,1703867,80.0
2024,1703883,32.3409
2025,1703883,40.5144
2026,1703883,49.25
2027,1703883,58.0317
2028,1703883,66.3325
2029,1703883,73.7346
2030,1703883,80.0
2024,1703891,40.9252
2025,1703891,48.13
2026,1703891,55.4135
2027,1703891,62.4717
2028,1703891,69.0369
2029,1703891,74.9147
2030,1703891,80.0
2024,1703909,23.8915
2025,1703909,32.4212
2026,1703909,42.3035
2027,1703909,52.8426
2028,1703909,63.1343
2029,1703909,72.355
2030,1703909,80.0
2024,1704105,30.539
2025,1704105,38.8469
2026,1704105,47.8577
2027,1704105,57.0102
2028,1704105,65.7073
2029,1704105,73.4638
2030,1704105,80.0
2024,1704600,54.9349
2025,1704600,59.7746
2026,1704600,64.4311
2027,1704600,68.8297
2028,1704600,72.9129
2029,1704600,76.6428
2030,1704600,80.0
2024,1705102,54.0932
2025,1705102,59.0926
2026,1705102,63.9108
2027,1705102,68.4644
2028,1705102,72.6889
2029,1705102,76.5414
2030,1705102,80.0
2024,1705508,55.7908
2025,1705508,60.4666
2026,1705508,64.9585
2027,1705508,69.2
2028,1705508,73.1403
2029,1705508,76.746
2030,1705508,80.0
2024,1705557,65.043
2025,1705557,67.885
2026,1705557,70.6003
2027,1705557,73.1768
2028,1705557,75.6055
2029,1705557,77.8808
2030,1705557,80.0
2024,1705607,34.7833
2025,1705607,42.7327
2026,1705607,51.076
2027,1705607,59.3598
2028,1705607,67.1432
2029,1705607,74.0867
2030,1705607,80.0
2024,1706001,53.3852
2025,1706001,58.5177
2026,1706001,63.4717
2027,1706001,68.1561
2028,1706001,72.5
2029,1706001,76.4561
2030,1706001,80.0
2024,1706100,52.246
2025,1706100,57.59
2026,1706100,62.7622
2027,1706100,67.6579
2028,1706100,72.1952
2029,1706100,76.3186
2030,1706100,80.0
2024,1706258,36.1657
2025,1706258,43.9686
2026,1706258,52.0816
2027,1706258,60.0862
2028,1706258,67.5858
2029,1706258,74.2795
2030,1706258,80.0
2024,1706506,38.24
2025,1706506,45.7992
2026,1706506,53.5569
2027,1706506,61.1461
2028,1706506,68.2309
2029,1706506,74.5613
2030,1706506,80.0
2024,1707009,56.4667
2025,1707009,61.0121
2026,1707009,65.3739
2027,1707009,69.4917
2028,1707009,73.3197
2029,1707009,76.8276
2030,1707009,80.0
2024,1707108,45.4594
2025,1707108,51.9809
2026,1707108,58.4356
2027,1707108,64.6133
2028,1707108,70.3389
2029,1707108,75.4895
2030,1707108,80.0
2024,1707207,53.8034
2025,1707207,58.8574
2026,1707207,63.7313
2027,1707207,68.3383
2028,1707207,72.6116
2029,1707207,76.5065
2030,1707207,80.0
2024,1707306,41.7159
2025,1707306,48.8088
2026,1707306,55.95
2027,1707306,62.8532
2028,1707306,69.2687
2029,1707306,75.0167
2030,1707306,80.0
2024,1707405,46.9959
2025,1707405,53.2651
2026,1707405,59.4329
2027,1707405,65.3168
2028,1707405,70.767
2029,1707405,75.6796
2030,1707405,80.0
2024,1707553,57.0821
2025,1707553,61.508
2026,1707553,65.7514
2027,1707553,69.7569
2028,1707553,73.4829
2029,1707553,76.9019
2030,1707553,80.0
2024,1707652,65.2665
2025,1707652,68.0636
2026,1707652,70.7364
2027,1707652,73.2733
2028,1707652,75.666
2029,1707652,77.9091
2030,1707652,80.0
2024,1707702,18.0373
2025,1707702,26.2993
2026,1707702,36.6534
2027,1707702,48.4065
2028,1707702,60.3385
2029,1707702,71.1554
2030,1707702,80.0
2024,1708205,66.3589
2025,1708205,68.9366
2026,1708205,71.4019
2027,1708205,73.7461
2028,1708205,75.9628
2029,1708205,78.048
2030,1708205,80.0
2024,1708254,54.025
2025,1708254,59.0373
2026,1708254,63.8686
2027,1708254,68.4347
2028,1708254,72.6707
2029,1708254,76.5332
2030,1708254,80.0
2024,1708304,57.9399
2025,1708304,62.1982
2026,1708304,66.2764
2027,1708304,70.1259
2028,1708304,73.7103
2029,1708304,77.0056
2030,1708304,80.0
2024,1709005,18.7437
2025,1709005,27.0667
2026,1709005,37.385
2027,1709005,48.9944
2028,1709005,60.7134
2029,1709005,71.3161
2030,1709005,80.0
2024,1709302,42.7386
2025,1709302,49.682
2026,1709302,56.6376
2027,1709302,63.3413
2028,1709302,69.5654
2029,1709302,75.1474
2030,1709302,80.0
2024,1709500,50.1655
2025,1709500,55.8868
2026,1709500,61.4558
2027,1709500,66.7402
2028,1709500,71.6345
2029,1709500,76.0669
2030,1709500,80.0
2024,1709807,34.4617
2025,1709807,42.4432
2026,1709807,50.8393
2027,1709807,59.1883
2028,1709807,67.0387
2029,1709807,74.0413
2030,1709807,80.0
2024,1710508,63.6925
2025,1710508,66.8059
2026,1710508,69.779
2027,1710508,72.595
2028,1710508,75.2417
2029,1710508,77.7113
2030,1710508,80.0
2024,1710706,39.4781
2025,1710706,46.879
2026,1710706,54.4199
2027,1710706,61.7634
2028,1710706,68.6063
2029,1710706,74.7257
2030,1710706,80.0
2024,1710904,41.8442
2025,1710904,48.9186
2026,1710904,56.0366
2027,1710904,62.9147
2028,1710904,69.3062
2029,1710904,75.0332
2030,1710904,80.0
2024,1711100,66.756
2025,1711100,69.2541
2026,1711100,71.6441
2027,1711100,73.9184
2028,1711100,76.0712
2029,1711100,78.0989
2030,1711100,80.0
2024,1711506,64.2147
2025,1711506,67.2232
2026,1711506,70.0965
2027,1711506,72.8197
2028,1711506,75.3821
2029,1711506,77.7766
2030,1711506,80.0
2024,1711803,42.0912
2025,1711803,49.1298
2026,1711803,56.2031
2027,1711803,63.033
2028,1711803,69.378
2029,1711803,75.0648
2030,1711803,80.0
2024,1711902,33.2342
2025,1711902,41.3311
2026,1711902,49.9256
2027,1711902,58.5245
2028,1711902,66.6336
2029,1711902,73.8653
2030,1711902,80.0
2024,1711951,27.8768
2025,1711951,36.3292
2026,1711951,45.7199
2027,1711951,55.425
2028,1711951,64.7333
2029,1711951,73.0432
2030,1711951,80.0
2024,1712009,46.6685
2025,1712009,52.9923
2026,1712009,59.2214
2027,1712009,65.1677
2028,1712009,70.6762
2029,1712009,75.6393
2030,1712009,80.0
2024,1712157,70.9528
2025,1712157,72.6173
2026,1712157,74.2211
2027,1712157,75.7623
2028,1712157,77.2397
2029,1712157,78.6523
2030,1712157,80.0
2024,1712405,48.5704
2025,1712405,54.5718
2026,1712405,60.4432
2027,1712405,66.0281
2028,1712405,71.2003
2029,1712405,75.8727
2030,1712405,80.0
2024,1712454,32.2212
2025,1712454,40.4045
2026,1712454,49.1588
2027,1712454,57.9649
2028,1712454,66.2917
2029,1712454,73.7169
2030,1712454,80.0
2024,1712504,31.3688
2025,1712504,39.6183
2026,1712504,48.504
2027,1712504,57.4853
2028,1712504,65.9983
2029,1712504,73.5898
2030,1712504,80.0
2024,1712702,34.7736
2025,1712702,42.7239
2026,1712702,51.0688
2027,1712702,59.3546
2028,1712702,67.1401
2029,1712702,74.0854
2030,1712702,80.0
2024,1712801,26.3644
2025,1712801,34.8672
2026,1712801,44.4567
2027,1712801,54.4777
2028,1712801,64.1487
2029,1712801,72.7913
2030,1712801,80.0
2024,1713205,47.631
2025,1713205,53.7933
2026,1713205,59.8418
2027,1713205,65.6048
2028,1713205,70.9423
2029,1713205,75.7577
2030,1713205,80.0
2024,1713304,57.0906
2025,1713304,61.5148
2026,1713304,65.7565
2027,1713304,69.7605
2028,1713304,73.4852
2029,1713304,76.9029
2030,1713304,80.0
2024,1713601,71.5585
2025,1713601,73.1046
2026,1713601,74.5965
2027,1713601,76.0328
2028,1713601,77.4125
2029,1713601,78.735
2030,1713601,80.0
2024,1713700,36.4534
2025,1713700,44.2242
2026,1713700,52.2885
2027,1713700,60.2353
2028,1713700,67.6766
2029,1713700,74.3191
2030,1713700,80.0
2024,1713809,25.0619
2025,1713809,33.588
2026,1713809,43.3371
2027,1713809,53.6309
2028,1713809,63.6243
2029,1713809,72.5656
2030,1713809,80.0
2024,1713957,24.8228
2025,1713957,33.3509
2026,1713957,43.1281
2027,1713957,53.472
2028,1713957,63.5256
2029,1713957,72.5232
2030,1713957,80.0
2024,1714203,35.3752
2025,1714203,43.2635
2026,1714203,51.5089
2027,1714203,59.6729
2028,1714203,67.3341
2029,1714203,74.1698
2030,1714203,80.0
2024,1714302,51.463
2025,1714302,56.9504
2026,1714302,62.2723
2027,1714302,67.3139
2028,1714302,71.9848
2029,1714302,76.224
2030,1714302,80.0
2024,1714880,32.67
2025,1714880,40.82
2026,1714880,49.5
2027,1714880,58.21
2028,1714880,66.44
2029,1714880,73.78
2030,1714880,80.0
2024,1715002,39.1417
2025,1715002,46.5865
2026,1715002,54.1866
2027,1715002,61.5967
2028,1715002,68.505
2029,1715002,74.6813
2030,1715002,80.0
2024,1715101,45.5932
2025,1715101,52.0931
2026,1715101,58.5229
2027,1715101,64.675
2028,1715101,70.3764
2029,1715101,75.5061
2030,1715101,80.0
2024,1715150,72.9798
2025,1715150,74.2509
2026,1715150,75.4822
2027,1715150,76.6732
2028,1715150,77.8233
2029,1715150,78.9322
2030,1715150,80.0
2024,1715259,29.5064
2025,1715259,37.8784
2026,1715259,47.0407
2027,1715259,56.4068
2028,1715259,65.3371
2029,1715259,73.3038
2030,1715259,80.0
2024,1715507,54.9349
2025,1715507,59.7746
2026,1715507,64.4311
2027,1715507,68.8297
2028,1715507,72.9129
2029,1715507,76.6428
2030,1715507,80.0
2024,1715705,14.3807
2025,1715705,22.1725
2026,1715705,32.5798
2027,1715705,45.0447
2028,1715705,58.1643
2029,1715705,70.2223
2030,1715705,80.0
2024,1715754,53.0346
2025,1715754,58.2326
2026,1715754,63.2538
2027,1715754,68.0031
2028,1715754,72.4063
2029,1715754,76.4138
2030,1715754,80.0
2024,1716109,63.7755
2025,1716109,66.8722
2026,1716109,69.8294
2027,1716109,72.6306
2028,1716109,75.264
2029,1716109,77.7216
2030,1716109,80.0
2024,1716208,48.2812
2025,1716208,54.3325
2026,1716208,60.2585
2027,1716208,65.8981
2028,1716208,71.121
2029,1716208,75.8373
2030,1716208,80.0
2024,1716307,11.0482
2025,1716307,18.1363
2026,1716307,28.3238
2027,1716307,41.3439
2028,1716307,55.6981
2029,1716307,69.1599
2030,1716307,80.0
2024,1716505,57.5197
2025,1716505,61.8603
2026,1716505,66.0193
2027,1716505,69.9452
2028,1716505,73.5989
2029,1716505,76.9548
2030,1716505,80.0
2024,1716604,51.9194
2025,1716604,57.3234
2026,1716604,62.5581
2027,1716604,67.5146
2028,1716604,72.1075
2029,1716604,76.2792
2030,1716604,80.0
2024,1716653,41.9723
2025,1716653,49.0282
2026,1716653,56.1231
2027,1716653,62.9761
2028,1716653,69.3435
2029,1716653,75.0496
2030,1716653,80.0
2024,1716703,53.6157
2025,1716703,58.705
2026,1716703,63.6149
2027,1716703,68.2566
2028,1716703,72.5616
2029,1716703,76.4839
2030,1716703,80.0
2024,1717008,52.7264
2025,1717008,57.9816
2026,1717008,63.0619
2027,1717008,67.8684
2028,1717008,72.3239
2029,1717008,76.3766
2030,1717008,80.0
2024,1717206,33.2935
2025,1717206,41.3851
2026,1717206,49.9701
2027,1717206,58.5569
2028,1717206,66.6534
2029,1717206,73.8738
2030,1717206,80.0
2024,1717503,29.0528
2025,1717503,37.4498
2026,1717503,46.677
2027,1717503,56.1373
2028,1717503,65.1716
2029,1717503,73.2323
2030,1717503,80.0
2024,1717800,15.033
2025,1717800,22.9295
2026,1717800,33.346
2027,1717800,45.6892
2028,1717800,58.5855
2029,1717800,70.4033
2030,1717800,80.0
2024,1717909,52.8891
2025,1717909,58.1141
2026,1717909,63.1633
2027,1717909,67.9395
2028,1717909,72.3674
2029,1717909,76.3962
2030,1717909,80.0
2024,1718006,12.4908
2025,1718006,19.9209
2026,1718006,30.2434
2027,1718006,43.0398
2028,1718006,56.8388
2029,1718006,69.6521
2030,1718006,80.0
2024,1718204,60.6504
2025,1718204,64.3728
2026,1718204,67.9293
2027,1718204,71.2891
2028,1718204,74.4294
2029,1718204,77.3355
2030,1718204,80.0
2024,1718303,25.0185
2025,1718303,33.545
2026,1718303,43.2992
2027,1718303,53.6021
2028,1718303,63.6064
2029,1718303,72.5579
2030,1718303,80.0
2024,1718402,71.1436
2025,1718402,72.7708
2026,1718402,74.3393
2027,1718402,75.8474
2028,1718402,77.294
2029,1718402,78.6783
2030,1718402,80.0
2024,1718451,27.8453
2025,1718451,36.2991
2026,1718451,45.694
2027,1718451,55.4056
2028,1718451,64.7214
2029,1718451,73.0381
2030,1718451,80.0
2024,1718501,8.2513
2025,1718501,14.4775
2026,1718501,24.1644
2027,1718501,37.4914
2028,1718501,53.0289
2029,1718501,68.0006
2030,1718501,80.0
2024,1718550,28.4616
2025,1718550,36.8882
2026,1718550,46.1985
2027,1718550,55.7817
2028,1718550,64.9529
2029,1718550,73.1379
2030,1718550,80.0
2024,1718659,24.4626
2025,1718659,32.9926
2026,1718659,42.8112
2027,1718659,53.2306
2028,1718659,63.3757
2029,1718659,72.4587
2030,1718659,80.0
2024,1718709,24.4188
2025,1718709,32.9489
2026,1718709,42.7725
2027,1718709,53.2011
2028,1718709,63.3573
2029,1718709,72.4508
2030,1718709,80.0
2024,1718758,35.0069
2025,1718758,42.9335
2026,1718758,51.2399
2027,1718758,59.4784
2028,1718758,67.2155
2029,1718758,74.1182
2030,1718758,80.0
2024,1718808,49.4438
2025,1718808,55.2928
2026,1718808,60.9989
2027,1718808,66.419
2028,1718808,71.4386
2029,1718808,75.9792
2030,1718808,80.0
2024,1718840,51.2559
2025,1718840,56.781
2026,1718840,62.1424
2027,1718840,67.2226
2028,1718840,71.9291
2029,1718840,76.199
2030,1718840,80.0
2024,1718865,23.4824
2025,1718865,32.0093
2026,1718865,41.9357
2027,1718865,52.5606
2028,1718865,62.9586
2029,1718865,72.2795
2030,1718865,80.0
2024,1718881,31.7809
2025,1718881,39.9991
2026,1718881,48.8217
2027,1718881,57.7182
2028,1718881,66.1408
2029,1718881,73.6515
2030,1718881,80.0
2024,1718899,65.9204
2025,1718899,68.5861
2026,1718899,71.1346
2027,1718899,73.5561
2028,1718899,75.8434
2029,1718899,77.9921
2030,1718899,80.0
2024,1718907,27.99
2025,1718907,36.44
2026,1718907,45.81
2027,1718907,55.5
2028,1718907,64.78
2029,1718907,73.06
2030,1718907,80.0
2024,1719004,53.3083
2025,1719004,58.4551
2026,1719004,63.4239
2027,1719004,68.1225
2028,1719004,72.4795
2029,1719004,76.4468
2030,1719004,80.0
2024,1720002,60.033
2025,1720002,63.8782
2026,1720002,67.5534
2027,1720002,71.0244
2028,1720002,74.2654
2029,1720002,77.26
2030,1720002,80.0
2024,1720101,49.7572
2025,1720101,55.5509
2026,1720101,61.1975
2027,1720101,66.5587
2028,1720101,71.5237
2029,1720101,76.0173
2030,1720101,80.0
2024,1720150,80.0
2025,1720150,80.0
2026,1720150,80.0
2027,1720150,80.0
2028,1720150,80.0
2029,1720150,80.0
2030,1720150,80.0
2024,1720200,34.1782
2025,1720200,42.1874
2026,1720200,50.6297
2027,1720200,59.0363
2028,1720200,66.946
2029,1720200,74.001
2030,1720200,80.0
2024,1720259,52.9062
2025,1720259,58.1281
2026,1720259,63.1739
2027,1720259,67.947
2028,1720259,72.372
2029,1720259,76.3983
2030,1720259,80.0
2024,1720309,33.7663
2025,1720309,41.8146
2026,1720309,50.3237
2027,1720309,58.8141
2028,1720309,66.8104
2029,1720309,73.942
2030,1720309,80.0
2024,1720499,67.9223
2025,1720499,70.187
2026,1720499,72.3569
2027,1720499,74.4264
2028,1720499,76.3915
2029,1720499,78.2497
2030,1720499,80.0
2024,1720655,41.5232
2025,1720655,48.6437
2026,1720655,55.8197
2027,1720655,62.7606
2028,1720655,69.2125
2029,1720655,74.9919
2030,1720655,80.0
2024,1720804,45.8516
2025,1720804,52.3096
2026,1720804,58.6913
2027,1720804,64.7938
2028,1720804,70.4487
2029,1720804,75.5382
2030,1720804,80.0
2024,1720853,77.9466
2025,1720853,78.299
2026,1720853,78.6474
2027,1720853,78.9917
2028,1720853,79.3319
2029,1720853,79.668
2030,1720853,80.0
2024,1720903,44.7615
2025,1720903,51.3944
2026,1720903,57.9785
2027,1720903,64.2904
2028,1720903,70.1425
2029,1720903,75.4025
2030,1720903,80.0
2024,1720937,59.8576
2025,1720937,63.7377
2026,1720937,67.4466
2027,1720937,70.9491
2028,1720937,74.2189
2029,1720937,77.2386
2030,1720937,80.0
2024,1720978,49.6789
2025,1720978,55.4865
2026,1720978,61.148
2027,1720978,66.5238
2028,1720978,71.5025
2029,1720978,76.0078
2030,1720978,80.0
2024,1721000,62.1984
2025,1721000,65.6116
2026,1721000,68.8708
2027,1721000,71.9531
2028,1721000,74.8417
2029,1721000,77.5258
2030,1721000,80.0
2024,1721109,48.8766
2025,1721109,54.8248
2026,1721109,60.6384
2027,1721109,66.1654
2028,1721109,71.284
2029,1721109,75.9101
2030,1721109,80.0
2024,1721208,41.2199
2025,1721208,48.3835
2026,1721208,55.614
2027,1721208,62.6143
2028,1721208,69.1236
2029,1721208,74.9528
2030,1721208,80.0
2024,1721257,43.0022
2025,1721257,49.9062
2026,1721257,56.8137
2027,1721257,63.4661
2028,1721257,69.6413
2029,1721257,75.1809
2030,1721257,80.0
2024,1721307,32.2212
2025,1721307,40.4045
2026,1721307,49.1588
2027,1721307,57.9649
2028,1721307,66.2917
2029,1721307,73.7169
2030,1721307,80.0
2024,1722081,41.9082
2025,1722081,48.9734
2026,1722081,56.0799
2027,1722081,62.9454
2028,1722081,69.3248
2029,1722081,75.0414
2030,1722081,80.0
2024,1722107,29.1768
2025,1722107,37.5671
2026,1722107,46.7767
2027,1722107,56.2112
2028,1722107,65.217
2029,1722107,73.2519
2030,1722107,80.0
2024,2100055,45.905
2025,2100055,52.3543
2026,2100055,58.7261
2027,2100055,64.8183
2028,2100055,70.4636
2029,2100055,75.5448
2030,2100055,80.0
2024,2100105,73.3629
2025,2100105,74.5606
2026,2100105,75.7222
2027,2100105,76.8472
2028,2100105,77.9353
2029,2100105,78.9863
2030,2100105,80.0
2024,2100154,69.3456
2025,2100154,71.327
2026,2100154,73.2298
2027,2100154,75.0505
2028,2100154,76.7867
2029,2100154,78.4367
2030,2100154,80.0
2024,2100204,74.4728
2025,2100204,75.4598
2026,2100204,76.4208
2027,2100204,77.3554
2028,2100204,78.2636
2029,2100204,79.1451
2030,2100204,80.0
2024,2100303,69.8507
2025,2100303,71.7321
2026,2100303,73.5407
2027,2100303,75.2734
2028,2100303,76.9282
2029,2100303,78.5039
2030,2100303,80.0
2024,2100402,80.0
2025,2100402,80.0
2026,2100402,80.0
2027,2100402,80.0
2028,2100402,80.0
2029,2100402,80.0
2030,2100402,80.0
2024,2100436,71.7827
2025,2100436,73.2851
2026,2100436,74.7358
2027,2100436,76.1333
2028,2100436,77.4768
2029,2100436,78.7658
2030,2100436,80.0
2024,2100477,42.7113
2025,2100477,49.6587
2026,2100477,56.6194
2027,2100477,63.3283
2028,2100477,69.5575
2029,2100477,75.144
2030,2100477,80.0
2024,2100501,52.1687
2025,2100501,57.5269
2026,2100501,62.714
2027,2100501,67.624
2028,2100501,72.1744
2029,2100501,76.3093
2030,2100501,80.0
2024,2100550,30.1723
2025,2100550,38.5041
2026,2100550,47.5693
2027,2100550,56.7975
2028,2100550,65.5769
2029,2100550,73.4074
2030,2100550,80.0
2024,2100600,51.1955
2025,2100600,56.7316
2026,2100600,62.1045
2027,2100600,67.196
2028,2100600,71.9128
2029,2100600,76.1917
2030,2100600,80.0
2024,2100709,73.9216
2025,2100709,75.0128
2026,2100709,76.0732
2027,2100709,77.1023
2028,2100709,78.0999
2029,2100709,79.0658
2030,2100709,80.0
2024,2100808,80.0
2025,2100808,80.0
2026,2100808,80.0
2027,2100808,80.0
2028,2100808,80.0
2029,2100808,80.0
2030,2100808,80.0
2024,2100832,38.5225
2025,2100832,46.0464
2026,2100832,53.7549
2027,2100832,61.288
2028,2100832,68.3172
2029,2100832,74.599
2030,2100832,80.0
2024,2100873,80.0
2025,2100873,80.0
2026,2100873,80.0
2027,2100873,80.0
2028,2100873,80.0
2029,2100873,80.0
2030,2100873,80.0
2024,2100907,60.1749
2025,2100907,63.9919
2026,2100907,67.6399
2027,2100907,71.0852
2028,2100907,74.3031
2029,2100907,77.2773
2030,2100907,80.0
2024,2100956,76.8141
2025,2100956,77.3688
2026,2100956,77.914
2027,2100956,78.4497
2028,2100956,78.976
2029,2100956,79.4927
2030,2100956,80.0
2024,2101004,69.5112
2025,2101004,71.4598
2026,2101004,73.3317
2027,2101004,75.1235
2028,2101004,76.833
2029,2101004,78.4587
2030,2101004,80.0
2024,2101103,80.0
2025,2101103,80.0
2026,2101103,80.0
2027,2101103,80.0
2028,2101103,80.0
2029,2101103,80.0
2030,2101103,80.0
2024,2101202,51.2214
2025,2101202,56.7528
2026,2101202,62.1207
2027,2101202,67.2074
2028,2101202,71.9198
2029,2101202,76.1948
2030,2101202,80.0
2024,2101251,56.1966
2025,2101251,60.7942
2026,2101251,65.208
2027,2101251,69.3752
2028,2101251,73.248
2029,2101251,76.795
2030,2101251,80.0
2024,2101301,69.6602
2025,2101301,71.5793
2026,2101301,73.4234
2027,2101301,75.1893
2028,2101301,76.8747
2029,2101301,78.4785
2030,2101301,80.0
2024,2101350,80.0
2025,2101350,80.0
2026,2101350,80.0
2027,2101350,80.0
2028,2101350,80.0
2029,2101350,80.0
2030,2101350,80.0
2024,2101400,46.1184
2025,2101400,52.5329
2026,2101400,58.8649
2027,2101400,64.9162
2028,2101400,70.5232
2029,2101400,75.5713
2030,2101400,80.0
2024,2101509,47.6838
2025,2101509,53.8371
2026,2101509,59.8757
2027,2101509,65.6287
2028,2101509,70.9569
2029,2101509,75.7642
2030,2101509,80.0
2024,2101608,67.8231
2025,2101608,70.1076
2026,2101608,72.2962
2027,2101608,74.383
2028,2101608,76.3641
2029,2101608,78.2368
2030,2101608,80.0
2024,2101707,55.2318
2025,2101707,60.0149
2026,2101707,64.6143
2027,2101707,68.9583
2028,2101707,72.9919
2029,2101707,76.6786
2030,2101707,80.0
2024,2101731,64.2396
2025,2101731,67.243
2026,2101731,70.1116
2027,2101731,72.8304
2028,2101731,75.3888
2029,2101731,77.7797
2030,2101731,80.0
2024,2101772,56.48
2025,2101772,61.02
2026,2101772,65.38
2027,2101772,69.5
2028,2101772,73.32
2029,2101772,76.83
2030,2101772,80.0
2024,2101806,59.9829
2025,2101806,63.8381
2026,2101806,67.5229
2027,2101806,71.0029
2028,2101806,74.2521
2029,2101806,77.2539
2030,2101806,80.0
2024,2101905,39.9251
2025,2101905,47.2667
2026,2101905,54.7285
2027,2101905,61.9836
2028,2101905,68.7402
2029,2101905,74.7844
2030,2101905,80.0
2024,2101939,19.0998
2025,2101939,27.4502
2026,2101939,37.7479
2027,2101939,49.2845
2028,2101939,60.8977
2029,2101939,71.3952
2030,2101939,80.0
2024,2101970,63.3027
2025,2101970,66.4944
2026,2101970,69.542
2027,2101970,72.4274
2028,2101970,75.1371
2029,2101970,77.6627
2030,2101970,80.0
2024,2102002,80.0
2025,2102002,80.0
2026,2102002,80.0
2027,2102002,80.0
2028,2102002,80.0
2029,2102002,80.0
2030,2102002,80.0
2024,2102036,66.301
2025,2102036,68.8903
2026,2102036,71.3666
2027,2102036,73.721
2028,2102036,75.947
2029,2102036,78.0406
2030,2102036,80.0
2024,2102077,80.0
2025,2102077,80.0
2026,2102077,80.0
2027,2102077,80.0
2028,2102077,80.0
2029,2102077,80.0
2030,2102077,80.0
2024,2102101,55.1979
2025,2102101,59.9874
2026,2102101,64.5934
2027,2102101,68.9436
2028,2102101,72.9829
2029,2102101,76.6745
2030,2102101,80.0
2024,2102150,40.148
2025,2102150,47.4597
2026,2102150,54.8818
2027,2102150,62.093
2028,2102150,68.8067
2029,2102150,74.8136
2030,2102150,80.0
2024,2102200,50.6163
2025,2102200,56.2569
2026,2102200,61.7402
2027,2102200,66.94
2028,2102200,71.7565
2029,2102200,76.1215
2030,2102200,80.0
2024,2102309,38.419
2025,2102309,45.9559
2026,2102309,53.6824
2027,2102309,61.2361
2028,2102309,68.2856
2029,2102309,74.5852
2030,2102309,80.0
2024,2102325,45.5843
2025,2102325,52.0856
2026,2102325,58.5171
2027,2102325,64.6708
2028,2102325,70.3739
2029,2102325,75.505
2030,2102325,80.0
2024,2102358,64.4467
2025,2102358,67.4085
2026,2102358,70.2376
2027,2102358,72.9197
2028,2102358,75.4446
2029,2102358,77.8057
2030,2102358,80.0
2024,2102374,47.2784
2025,2102374,53.5003
2026,2102374,59.6151
2027,2102374,65.4451
2028,2102374,70.8451
2029,2102374,75.7144
2030,2102374,80.0
2024,2102408,68.0
2025,2102408,70.0
2026,2102408,73.0
2027,2102408,75.0
2028,2102408,77.0
2029,2102408,78.0
2030,2102408,80.0
2024,2102507,57.6963
2025,2102507,62.0023
2026,2102507,66.1274
2027,2102507,70.0212
2028,2102507,73.6457
2029,2102507,76.9761
2030,2102507,80.0
2024,2102556,67.2192
2025,2102556,69.6245
2026,2102556,71.927
2027,2102556,74.1198
2028,2102556,76.1981
2029,2102556,78.1586
2030,2102556,80.0
2024,2102606,64.65
2025,2102606,67.57
2026,2102606,70.36
2027,2102606,73.01
2028,2102606,75.5
2029,2102606,77.83
2030,2102606,80.0
2024,2102705,57.5029
2025,2102705,61.8467
2026,2102705,66.0091
2027,2102705,69.938
2028,2102705,73.5945
2029,2102705,76.9528
2030,2102705,80.0
2024,2102754,42.3742
2025,2102754,49.3715
2026,2102754,56.3934
2027,2102754,63.168
2028,2102754,69.4601
2029,2102754,75.101
2030,2102754,80.0
2024,2102804,50.2523
2025,2102804,55.958
2026,2102804,61.5106
2027,2102804,66.7787
2028,2102804,71.658
2029,2102804,76.0774
2030,2102804,80.0
2024,2102903,59.632
2025,2102903,63.5568
2026,2102903,67.3092
2027,2102903,70.8524
2028,2102903,74.159
2029,2102903,77.2111
2030,2102903,80.0
2024,2103000,49.5658
2025,2103000,55.3933
2026,2103000,61.0762
2027,2103000,66.4734
2028,2103000,71.4717
2029,2103000,75.994
2030,2103000,80.0
2024,2103109,71.4257
2025,2103109,72.9977
2026,2103109,74.5141
2027,2103109,75.9734
2028,2103109,77.3745
2029,2103109,78.7168
2030,2103109,80.0
2024,2103125,80.0
2025,2103125,80.0
2026,2103125,80.0
2027,2103125,80.0
2028,2103125,80.0
2029,2103125,80.0
2030,2103125,80.0
2024,2103158,80.0
2025,2103158,80.0
2026,2103158,80.0
2027,2103158,80.0
2028,2103158,80.0
2029,2103158,80.0
2030,2103158,80.0
2024,2103174,46.2961
2025,2103174,52.6814
2026,2103174,58.9802
2027,2103174,64.9976
2028,2103174,70.5727
2029,2103174,75.5933
2030,2103174,80.0
2024,2103208,52.4606
2025,2103208,57.765
2026,2103208,62.8962
2027,2103208,67.752
2028,2103208,72.2527
2029,2103208,76.3445
2030,2103208,80.0
2024,2103257,68.6421
2025,2103257,70.7633
2026,2103257,72.7979
2027,2103257,74.7414
2028,2103257,76.5907
2029,2103257,78.3439
2030,2103257,80.0
2024,2103307,52.3232
2025,2103307,57.653
2026,2103307,62.8105
2027,2103307,67.6918
2028,2103307,72.2159
2029,2103307,76.328
2030,2103307,80.0
2024,2103406,63.7506
2025,2103406,66.8523
2026,2103406,69.8142
2027,2103406,72.6199
2028,2103406,75.2573
2029,2103406,77.7185
2030,2103406,80.0
2024,2103505,62.8961
2025,2103505,66.1694
2026,2103505,69.2948
2027,2103505,72.2526
2028,2103505,75.0282
2029,2103505,77.6122
2030,2103505,80.0
2024,2103554,49.6876
2025,2103554,55.4936
2026,2103554,61.1535
2027,2103554,66.5277
2028,2103554,71.5048
2029,2103554,76.0088
2030,2103554,80.0
2024,2103604,47.587
2025,2103604,53.7567
2026,2103604,59.8135
2027,2103604,65.5849
2028,2103604,70.9302
2029,2103604,75.7523
2030,2103604,80.0
2024,2103703,68.1374
2025,2103703,70.3592
2026,2103703,72.4886
2027,2103703,74.5204
2028,2103703,76.4509
2029,2103703,78.2778
2030,2103703,80.0
2024,2103752,68.8986
2025,2103752,70.9688
2026,2103752,72.9553
2027,2103752,74.854
2028,2103752,76.662
2029,2103752,78.3776
2030,2103752,80.0
2024,2103802,46.6154
2025,2103802,52.9479
2026,2103802,59.187
2027,2103802,65.1434
2028,2103802,70.6615
2029,2103802,75.6327
2030,2103802,80.0
2024,2103901,71.0855
2025,2103901,72.7241
2026,2103901,74.3033
2027,2103901,75.8215
2028,2103901,77.2774
2029,2103901,78.6704
2030,2103901,80.0
2024,2104008,62.7799
2025,2104008,66.0765
2026,2104008,69.2242
2027,2104008,72.2027
2028,2104008,74.9971
2029,2104008,77.5977
2030,2104008,80.0
2024,2104057,59.0549
2025,2104057,63.0939
2026,2104057,66.9573
2027,2104057,70.6048
2028,2104057,74.0059
2029,2104057,77.1409
2030,2104057,80.0
2024,2104073,80.0
2025,2104073,80.0
2026,2104073,80.0
2027,2104073,80.0
2028,2104073,80.0
2029,2104073,80.0
2030,2104073,80.0
2024,2104081,36.9886
2025,2104081,44.6982
2026,2104081,52.6714
2027,2104081,60.5108
2028,2104081,67.8443
2029,2104081,74.3923
2030,2104081,80.0
2024,2104099,80.0
2025,2104099,80.0
2026,2104099,80.0
2027,2104099,80.0
2028,2104099,80.0
2029,2104099,80.0
2030,2104099,80.0
2024,2104107,50.7288
2025,2104107,56.3492
2026,2104107,61.811
2027,2104107,66.9898
2028,2104107,71.7869
2029,2104107,76.1352
2030,2104107,80.0
2024,2104206,46.6242
2025,2104206,52.9553
2026,2104206,59.1928
2027,2104206,65.1475
2028,2104206,70.6639
2029,2104206,75.6338
2030,2104206,80.0
2024,2104305,80.0
2025,2104305,80.0
2026,2104305,80.0
2027,2104305,80.0
2028,2104305,80.0
2029,2104305,80.0
2030,2104305,80.0
2024,2104404,50.8499
2025,2104404,56.4485
2026,2104404,61.8872
2027,2104404,67.0434
2028,2104404,71.8196
2029,2104404,76.1498
2030,2104404,80.0
2024,2104503,80.0
2025,2104503,80.0
2026,2104503,80.0
2027,2104503,80.0
2028,2104503,80.0
2029,2104503,80.0
2030,2104503,80.0
2024,2104552,80.0
2025,2104552,80.0
2026,2104552,80.0
2027,2104552,80.0
2028,2104552,80.0
2029,2104552,80.0
2030,2104552,80.0
2024,2104602,57.3767
2025,2104602,61.7452
2026,2104602,65.9318
2027,2104602,69.8837
2028,2104602,73.561
2029,2104602,76.9375
2030,2104602,80.0
2024,2104628,80.0
2025,2104628,80.0
2026,2104628,80.0
2027,2104628,80.0
2028,2104628,80.0
2029,2104628,80.0
2030,2104628,80.0
2024,2104651,70.8699
2025,2104651,72.5507
2026,2104651,74.1698
2027,2104651,75.7254
2028,2104651,77.2161
2029,2104651,78.6411
2030,2104651,80.0
2024,2104677,76.7972
2025,2104677,77.3549
2026,2104677,77.9031
2027,2104677,78.4417
2028,2104677,78.9707
2029,2104677,79.4902
2030,2104677,80.0
2024,2104701,73.9049
2025,2104701,74.9993
2026,2104701,76.0627
2027,2104701,77.0947
2028,2104701,78.0949
2029,2104701,79.0634
2030,2104701,80.0
2024,2104800,48.3514
2025,2104800,54.3905
2026,2104800,60.3033
2027,2104800,65.9297
2028,2104800,71.1403
2029,2104800,75.8459
2030,2104800,80.0
2024,2104909,80.0
2025,2104909,80.0
2026,2104909,80.0
2027,2104909,80.0
2028,2104909,80.0
2029,2104909,80.0
2030,2104909,80.0
2024,2105005,64.629
2025,2105005,67.5541
2026,2105005,70.3484
2027,2105005,72.9982
2028,2105005,75.4937
2029,2105005,77.8286
2030,2105005,80.0
2024,2105104,68.7497
2025,2105104,70.8495
2026,2105104,72.8639
2027,2105104,74.7886
2028,2105104,76.6206
2029,2105104,78.358
2030,2105104,80.0
2024,2105153,62.4145
2025,2105153,65.7843
2026,2105153,69.0021
2027,2105153,72.0458
2028,2105153,74.8994
2029,2105153,77.5525
2030,2105153,80.0
2024,2105203,80.0
2025,2105203,80.0
2026,2105203,80.0
2027,2105203,80.0
2028,2105203,80.0
2029,2105203,80.0
2030,2105203,80.0
2024,2105302,50.8153
2025,2105302,56.4201
2026,2105302,61.8655
2027,2105302,67.0281
2028,2105302,71.8102
2029,2105302,76.1456
2030,2105302,80.0
2024,2105351,80.0
2025,2105351,80.0
2026,2105351,80.0
2027,2105351,80.0
2028,2105351,80.0
2029,2105351,80.0
2030,2105351,80.0
2024,2105401,57.7635
2025,2105401,62.0564
2026,2105401,66.1685
2027,2105401,70.0501
2028,2105401,73.6635
2029,2105401,76.9843
2030,2105401,80.0
2024,2105427,79.9314
2025,2105427,79.9429
2026,2105427,79.9543
2027,2105427,79.9657
2028,2105427,79.9772
2029,2105427,79.9886
2030,2105427,80.0
2024,2105450,73.93
2025,2105450,75.0196
2026,2105450,76.0785
2027,2105450,77.1061
2028,2105450,78.1023
2029,2105450,79.067
2030,2105450,80.0
2024,2105476,52.452
2025,2105476,57.758
2026,2105476,62.8908
2027,2105476,67.7482
2028,2105476,72.2504
2029,2105476,76.3435
2030,2105476,80.0
2024,2105500,41.7984
2025,2105500,48.8794
2026,2105500,56.0057
2027,2105500,62.8928
2028,2105500,69.2928
2029,2105500,75.0273
2030,2105500,80.0
2024,2105609,58.7702
2025,2105609,62.8654
2026,2105609,66.7836
2027,2105609,70.4826
2028,2105609,73.9304
2029,2105609,77.1063
2030,2105609,80.0
2024,2105658,80.0
2025,2105658,80.0
2026,2105658,80.0
2027,2105658,80.0
2028,2105658,80.0
2029,2105658,80.0
2030,2105658,80.0
2024,2105708,80.0
2025,2105708,80.0
2026,2105708,80.0
2027,2105708,80.0
2028,2105708,80.0
2029,2105708,80.0
2030,2105708,80.0
2024,2105807,80.0
2025,2105807,80.0
2026,2105807,80.0
2027,2105807,80.0
2028,2105807,80.0
2029,2105807,80.0
2030,2105807,80.0
2024,2105906,65.0679
2025,2105906,67.9048
2026,2105906,70.6155
2027,2105906,73.1875
2028,2105906,75.6122
2029,2105906,77.8839
2030,2105906,80.0
2024,2105922,80.0
2025,2105922,80.0
2026,2105922,80.0
2027,2105922,80.0
2028,2105922,80.0
2029,2105922,80.0
2030,2105922,80.0
2024,2105948,80.0
2025,2105948,80.0
2026,2105948,80.0
2027,2105948,80.0
2028,2105948,80.0
2029,2105948,80.0
2030,2105948,80.0
2024,2105963,80.0
2025,2105963,80.0
2026,2105963,80.0
2027,2105963,80.0
2028,2105963,80.0
2029,2105963,80.0
2030,2105963,80.0
2024,2105989,63.8335
2025,2105989,66.9185
2026,2105989,69.8646
2027,2105989,72.6556
2028,2105989,75.2795
2029,2105989,77.7289
2030,2105989,80.0
2024,2106003,80.0
2025,2106003,80.0
2026,2106003,80.0
2027,2106003,80.0
2028,2106003,80.0
2029,2106003,80.0
2030,2106003,80.0
2024,2106102,45.2003
2025,2106102,51.7634
2026,2106102,58.2662
2027,2106102,64.4937
2028,2106102,70.2661
2029,2106102,75.4572
2030,2106102,80.0
2024,2106201,77.388
2025,2106201,77.8396
2026,2106201,78.2847
2027,2106201,78.7233
2028,2106201,79.1553
2029,2106201,79.5809
2030,2106201,80.0
2024,2106300,56.281
2025,2106300,60.8623
2026,2106300,65.2599
2027,2106300,69.4116
2028,2106300,73.2705
2029,2106300,76.8051
2030,2106300,80.0
2024,2106326,61.6081
2025,2106326,65.1394
2026,2106326,68.5118
2027,2106326,71.6998
2028,2106326,74.6843
2029,2106326,77.453
2030,2106326,80.0
2024,2106359,80.0
2025,2106359,80.0
2026,2106359,80.0
2027,2106359,80.0
2028,2106359,80.0
2029,2106359,80.0
2030,2106359,80.0
2024,2106375,76.949
2025,2106375,77.4793
2026,2106375,78.0009
2027,2106375,78.5138
2028,2106375,79.0179
2029,2106375,79.5133
2030,2106375,80.0
2024,2106409,71.3261
2025,2106409,72.9176
2026,2106409,74.4524
2027,2106409,75.9289
2028,2106409,77.346
2029,2106409,78.7032
2030,2106409,80.0
2024,2106508,66.5988
2025,2106508,69.1284
2026,2106508,71.5482
2027,2106508,73.8502
2028,2106508,76.0282
2029,2106508,78.0787
2030,2106508,80.0
2024,2106607,73.538
2025,2106607,74.7022
2026,2106607,75.832
2027,2106607,76.927
2028,2106607,77.9867
2029,2106607,79.0111
2030,2106607,80.0
2024,2106631,66.4582
2025,2106631,69.016
2026,2106631,71.4624
2027,2106631,73.7891
2028,2106631,75.9898
2029,2106631,78.0607
2030,2106631,80.0
2024,2106672,80.0
2025,2106672,80.0
2026,2106672,80.0
2027,2106672,80.0
2028,2106672,80.0
2029,2106672,80.0
2030,2106672,80.0
2024,2106706,41.7709
2025,2106706,48.8559
2026,2106706,55.9872
2027,2106706,62.8796
2028,2106706,69.2848
2029,2106706,75.0238
2030,2106706,80.0
2024,2106755,59.2725
2025,2106755,63.2684
2026,2106755,67.09
2027,2106755,70.6981
2028,2106755,74.0636
2029,2106755,77.1674
2030,2106755,80.0
2024,2106805,80.0
2025,2106805,80.0
2026,2106805,80.0
2027,2106805,80.0
2028,2106805,80.0
2029,2106805,80.0
2030,2106805,80.0
2024,2106904,56.6102
2025,2106904,61.1277
2026,2106904,65.4619
2027,2106904,69.5536
2028,2106904,73.3578
2029,2106904,76.8449
2030,2106904,80.0
2024,2107001,72.6803
2025,2107001,74.0089
2026,2107001,75.2949
2027,2107001,76.5375
2028,2107001,77.736
2029,2107001,78.8902
2030,2107001,80.0
2024,2107100,80.0
2025,2107100,80.0
2026,2107100,80.0
2027,2107100,80.0
2028,2107100,80.0
2029,2107100,80.0
2030,2107100,80.0
2024,2107209,57.5365
2025,2107209,61.8738
2026,2107209,66.0296
2027,2107209,69.9525
2028,2107209,73.6034
2029,2107209,76.9568
2030,2107209,80.0
2024,2107258,80.0
2025,2107258,80.0
2026,2107258,80.0
2027,2107258,80.0
2028,2107258,80.0
2029,2107258,80.0
2030,2107258,80.0
2024,2107308,77.811
2025,2107308,78.1874
2026,2107308,78.5592
2027,2107308,78.9263
2028,2107308,79.2889
2029,2107308,79.6467
2030,2107308,80.0
2024,2107357,60.9504
2025,2107357,64.613
2026,2107357,68.1118
2027,2107357,71.4177
2028,2107357,74.5092
2029,2107357,77.3722
2030,2107357,80.0
2024,2107407,58.2505
2025,2107407,62.4479
2026,2107407,66.4662
2027,2107407,70.2594
2028,2107407,73.7926
2029,2107407,77.0433
2030,2107407,80.0
2024,2107456,80.0
2025,2107456,80.0
2026,2107456,80.0
2027,2107456,80.0
2028,2107456,80.0
2029,2107456,80.0
2030,2107456,80.0
2024,2107506,55.5369
2025,2107506,60.2615
2026,2107506,64.8022
2027,2107506,69.0902
2028,2107506,73.0729
2029,2107506,76.7154
2030,2107506,80.0
2024,2107605,48.097
2025,2107605,54.1798
2026,2107605,60.1406
2027,2107605,65.8152
2028,2107605,71.0705
2029,2107605,75.8148
2030,2107605,80.0
2024,2107704,79.0172
2025,2107704,79.1834
2026,2107704,79.3487
2027,2107704,79.513
2028,2107704,79.6763
2029,2107704,79.8386
2030,2107704,80.0
2024,2107803,80.0
2025,2107803,80.0
2026,2107803,80.0
2027,2107803,80.0
2028,2107803,80.0
2029,2107803,80.0
2030,2107803,80.0
2024,2107902,77.2444
2025,2107902,77.7217
2026,2107902,78.1917
2027,2107902,78.6546
2028,2107902,79.1103
2029,2107902,79.5587
2030,2107902,80.0
2024,2108009,75.0584
2025,2108009,75.9357
2026,2108009,76.7917
2027,2108009,77.6262
2028,2108009,78.4391
2029,2108009,79.2304
2030,2108009,80.0
2024,2108058,67.335
2025,2108058,69.7171
2026,2108058,71.9977
2027,2108058,74.1702
2028,2108058,76.2298
2029,2108058,78.1735
2030,2108058,80.0
2024,2108108,76.8225
2025,2108108,77.3757
2026,2108108,77.9194
2027,2108108,78.4537
2028,2108108,78.9786
2029,2108108,79.494
2030,2108108,80.0
2024,2108207,70.0163
2025,2108207,71.8651
2026,2108207,73.6427
2027,2108207,75.3466
2028,2108207,76.9748
2029,2108207,78.5261
2030,2108207,80.0
2024,2108256,68.1291
2025,2108256,70.3526
2026,2108256,72.4835
2027,2108256,74.5168
2028,2108256,76.4486
2029,2108256,78.2767
2030,2108256,80.0
2024,2108306,59.5317
2025,2108306,63.4764
2026,2108306,67.2481
2027,2108306,70.8094
2028,2108306,74.1324
2029,2108306,77.1989
2030,2108306,80.0
2024,2108405,42.0729
2025,2108405,49.1142
2026,2108405,56.1908
2027,2108405,63.0242
2028,2108405,69.3727
2029,2108405,75.0625
2030,2108405,80.0
2024,2108454,61.067
2025,2108454,64.7064
2026,2108454,68.1828
2027,2108454,71.4678
2028,2108454,74.5402
2029,2108454,77.3865
2030,2108454,80.0
2024,2108504,47.1019
2025,2108504,53.3534
2026,2108504,59.5013
2027,2108504,65.3649
2028,2108504,70.7963
2029,2108504,75.6927
2030,2108504,80.0
2024,2108603,57.5029
2025,2108603,61.8467
2026,2108603,66.0091
2027,2108603,69.938
2028,2108603,73.5945
2029,2108603,76.9528
2030,2108603,80.0
2024,2108702,32.0713
2025,2108702,40.2667
2026,2108702,49.0443
2027,2108702,57.8812
2028,2108702,66.2405
2029,2108702,73.6947
2030,2108702,80.0
2024,2108801,80.0
2025,2108801,80.0
2026,2108801,80.0
2027,2108801,80.0
2028,2108801,80.0
2029,2108801,80.0
2030,2108801,80.0
2024,2108900,80.0
2025,2108900,80.0
2026,2108900,80.0
2027,2108900,80.0
2028,2108900,80.0
2029,2108900,80.0
2030,2108900,80.0
2024,2109007,61.7162
2025,2109007,65.2259
2026,2109007,68.5776
2027,2109007,71.7462
2028,2109007,74.7131
2029,2109007,77.4663
2030,2109007,80.0
2024,2109056,74.78
2025,2109056,75.71
2026,2109056,76.62
2027,2109056,77.5
2028,2109056,78.36
2029,2109056,79.19
2030,2109056,80.0
2024,2109106,58.9545
2025,2109106,63.0133
2026,2109106,66.896
2027,2109106,70.5617
2028,2109106,73.9793
2029,2109106,77.1287
2030,2109106,80.0
2024,2109205,43.4825
2025,2109205,50.3139
2026,2109205,57.1336
2027,2109205,63.6927
2028,2109205,69.7791
2029,2109205,75.2417
2030,2109205,80.0
2024,2109239,76.1491
2025,2109239,76.8247
2026,2109239,77.4869
2027,2109239,78.1355
2028,2109239,78.7706
2029,2109239,79.3921
2030,2109239,80.0
2024,2109270,65.6307
2025,2109270,68.3546
2026,2109270,70.9582
2027,2109270,73.4307
2028,2109270,75.7647
2029,2109270,77.9552
2030,2109270,80.0
2024,2109304,50.018
2025,2109304,55.7654
2026,2109304,61.3625
2027,2109304,66.6746
2028,2109304,71.5945
2029,2109304,76.0489
2030,2109304,80.0
2024,2109403,76.2163
2025,2109403,76.8797
2026,2109403,77.53
2027,2109403,78.1672
2028,2109403,78.7913
2029,2109403,79.4022
2030,2109403,80.0
2024,2109452,69.9832
2025,2109452,71.8385
2026,2109452,73.6223
2027,2109452,75.332
2028,2109452,76.9655
2029,2109452,78.5216
2030,2109452,80.0
2024,2109502,52.0
2025,2109502,57.0
2026,2109502,63.0
2027,2109502,67.0
2028,2109502,72.0
2029,2109502,76.0
2030,2109502,80.0
2024,2109551,58.5104
2025,2109551,62.6567
2026,2109551,66.625
2027,2109551,70.371
2028,2109551,73.8615
2029,2109551,77.0748
2030,2109551,80.0
2024,2109601,60.5253
2025,2109601,64.2726
2026,2109601,67.8532
2027,2109601,71.2355
2028,2109601,74.3962
2029,2109601,77.3202
2030,2109601,80.0
2024,2109700,80.0
2025,2109700,80.0
2026,2109700,80.0
2027,2109700,80.0
2028,2109700,80.0
2029,2109700,80.0
2030,2109700,80.0
2024,2109759,43.0838
2025,2109759,49.9756
2026,2109759,56.8682
2027,2109759,63.5047
2028,2109759,69.6648
2029,2109759,75.1913
2030,2109759,80.0
2024,2109809,60.9254
2025,2109809,64.593
2026,2109809,68.0966
2027,2109809,71.407
2028,2109809,74.5026
2029,2109809,77.3692
2030,2109809,80.0
2024,2109908,52.4949
2025,2109908,57.793
2026,2109908,62.9176
2027,2109908,67.767
2028,2109908,72.2619
2029,2109908,76.3487
2030,2109908,80.0
2024,2110005,58.6697
2025,2110005,62.7846
2026,2110005,66.7223
2027,2110005,70.4394
2028,2110005,73.9037
2029,2110005,77.0941
2030,2110005,80.0
2024,2110039,80.0
2025,2110039,80.0
2026,2110039,80.0
2027,2110039,80.0
2028,2110039,80.0
2029,2110039,80.0
2030,2110039,80.0
2024,2110104,80.0
2025,2110104,80.0
2026,2110104,80.0
2027,2110104,80.0
2028,2110104,80.0
2029,2110104,80.0
2030,2110104,80.0
2024,2110203,62.921
2025,2110203,66.1893
2026,2110203,69.31
2027,2110203,72.2633
2028,2110203,75.0349
2029,2110203,77.6152
2030,2110203,80.0
2024,2110237,80.0
2025,2110237,80.0
2026,2110237,80.0
2027,2110237,80.0
2028,2110237,80.0
2029,2110237,80.0
2030,2110237,80.0
2024,2110278,40.2037
2025,2110278,47.5078
2026,2110278,54.9201
2027,2110278,62.1202
2028,2110278,68.8232
2029,2110278,74.8209
2030,2110278,80.0
2024,2110302,57.2253
2025,2110302,61.6233
2026,2110302,65.839
2027,2110302,69.8185
2028,2110302,73.5209
2029,2110302,76.9192
2030,2110302,80.0
2024,2110401,52.2116
2025,2110401,57.562
2026,2110401,62.7408
2027,2110401,67.6429
2028,2110401,72.1859
2029,2110401,76.3145
2030,2110401,80.0
2024,2110500,80.0
2025,2110500,80.0
2026,2110500,80.0
2027,2110500,80.0
2028,2110500,80.0
2029,2110500,80.0
2030,2110500,80.0
2024,2110609,75.2846
2025,2110609,76.1197
2026,2110609,76.9353
2027,2110609,77.7312
2028,2110609,78.5073
2029,2110609,79.2636
2030,2110609,80.0
2024,2110658,29.5064
2025,2110658,37.8784
2026,2110658,47.0407
2027,2110658,56.4068
2028,2110658,65.3371
2029,2110658,73.3038
2030,2110658,80.0
2024,2110708,47.8773
2025,2110708,53.9977
2026,2110708,59.9999
2027,2110708,65.7161
2028,2110708,71.0101
2029,2110708,75.7879
2030,2110708,80.0
2024,2110807,49.5919
2025,2110807,55.4148
2026,2110807,61.0928
2027,2110807,66.485
2028,2110807,71.4788
2029,2110807,75.9972
2030,2110807,80.0
2024,2110856,65.5066
2025,2110856,68.2554
2026,2110856,70.8825
2027,2110856,73.3771
2028,2110856,75.731
2029,2110856,77.9395
2030,2110856,80.0
2024,2110906,56.036
2025,2110906,60.6646
2026,2110906,65.1093
2027,2110906,69.3059
2028,2110906,73.2054
2029,2110906,76.7756
2030,2110906,80.0
2024,2111003,36.6544
2025,2111003,44.4025
2026,2111003,52.4327
2027,2111003,60.339
2028,2111003,67.7398
2029,2111003,74.3467
2030,2111003,80.0
2024,2111029,67.5915
2025,2111029,69.9223
2026,2111029,72.1545
2027,2111029,74.282
2028,2111029,76.3003
2029,2111029,78.2067
2030,2111029,80.0
2024,2111052,40.3613
2025,2111052,47.6439
2026,2111052,55.0282
2027,2111052,62.1973
2028,2111052,68.8701
2029,2111052,74.8414
2030,2111052,80.0
2024,2111078,31.6002
2025,2111078,39.8323
2026,2111078,48.6826
2027,2111078,57.6163
2028,2111078,66.0785
2029,2111078,73.6245
2030,2111078,80.0
2024,2111102,57.9399
2025,2111102,62.1982
2026,2111102,66.2764
2027,2111102,70.1259
2028,2111102,73.7103
2029,2111102,77.0056
2030,2111102,80.0
2024,2111201,65.192
2025,2111201,68.0041
2026,2111201,70.691
2027,2111201,73.2412
2028,2111201,75.6458
2029,2111201,77.8996
2030,2111201,80.0
2024,2111250,19.218
2025,2111250,27.577
2026,2111250,37.8676
2027,2111250,49.3799
2028,2111250,60.9583
2029,2111250,71.4212
2030,2111250,80.0
2024,2111300,52.7949
2025,2111300,58.0374
2026,2111300,63.1046
2027,2111300,67.8983
2028,2111300,72.3422
2029,2111300,76.3849
2030,2111300,80.0
2024,2111409,75.6032
2025,2111409,76.3793
2026,2111409,77.1382
2027,2111409,77.8797
2028,2111409,78.6039
2029,2111409,79.3106
2030,2111409,80.0
2024,2111508,67.0869
2025,2111508,69.5186
2026,2111508,71.8461
2027,2111508,74.0622
2028,2111508,76.1618
2029,2111508,78.1415
2030,2111508,80.0
2024,2111532,39.8693
2025,2111532,47.2184
2026,2111532,54.6901
2027,2111532,61.9562
2028,2111532,68.7235
2029,2111532,74.7771
2030,2111532,80.0
2024,2111573,46.509
2025,2111573,52.8592
2026,2111573,59.1182
2027,2111573,65.0949
2028,2111573,70.6319
2029,2111573,75.6196
2030,2111573,80.0
2024,2111607,72.4391
2025,2111607,73.8143
2026,2111607,75.1444
2027,2111607,76.4286
2028,2111607,77.6661
2029,2111607,78.8566
2030,2111607,80.0
2024,2111631,60.225
2025,2111631,64.0321
2026,2111631,67.6703
2027,2111631,71.1067
2028,2111631,74.3164
2029,2111631,77.2835
2030,2111631,80.0
2024,2111672,53.4364
2025,2111672,58.5593
2026,2111672,63.5036
2027,2111672,68.1784
2028,2111672,72.5137
2029,2111672,76.4622
2030,2111672,80.0
2024,2111706,64.165
2025,2111706,67.1834
2026,2111706,70.0662
2027,2111706,72.7983
2028,2111706,75.3687
2029,2111706,77.7704
2030,2111706,80.0
2024,2111722,80.0
2025,2111722,80.0
2026,2111722,80.0
2027,2111722,80.0
2028,2111722,80.0
2029,2111722,80.0
2030,2111722,80.0
2024,2111748,80.0
2025,2111748,80.0
2026,2111748,80.0
2027,2111748,80.0
2028,2111748,80.0
2029,2111748,80.0
2030,2111748,80.0
2024,2111763,39.2072
2025,2111763,46.6435
2026,2111763,54.2321
2027,2111763,61.6292
2028,2111763,68.5247
2029,2111763,74.6899
2030,2111763,80.0
2024,2111789,69.9252
2025,2111789,71.7919
2026,2111789,73.5866
2027,2111789,75.3063
2028,2111789,76.9492
2029,2111789,78.5139
2030,2111789,80.0
2024,2111805,48.3777
2025,2111805,54.4123
2026,2111805,60.3201
2027,2111805,65.9415
2028,2111805,71.1475
2029,2111805,75.8491
2030,2111805,80.0
2024,2111904,54.9095
2025,2111904,59.754
2026,2111904,64.4154
2027,2111904,68.8186
2028,2111904,72.9062
2029,2111904,76.6398
2030,2111904,80.0
2024,2111953,76.0902
2025,2111953,76.7767
2026,2111953,77.4492
2027,2111953,78.1079
2028,2111953,78.7525
2029,2111953,79.3833
2030,2111953,80.0
2024,2112001,50.7375
2025,2112001,56.3563
2026,2112001,61.8165
2027,2112001,66.9936
2028,2112001,71.7892
2029,2112001,76.1362
2030,2112001,80.0
2024,2112100,47.974
2025,2112100,54.0779
2026,2112100,60.0618
2027,2112100,65.7597
2028,2112100,71.0367
2029,2112100,75.7997
2030,2112100,80.0
2024,2112209,69.7678
2025,2112209,71.6657
2026,2112209,73.4897
2027,2112209,75.2368
2028,2112209,76.9049
2029,2112209,78.4929
2030,2112209,80.0
2024,2112233,62.4892
2025,2112233,65.8441
2026,2112233,69.0475
2027,2112233,72.0779
2028,2112233,74.9194
2029,2112233,77.5617
2030,2112233,80.0
2024,2112274,41.5691
2025,2112274,48.6831
2026,2112274,55.8508
2027,2112274,62.7827
2028,2112274,69.2259
2029,2112274,74.9978
2030,2112274,80.0
2024,2112308,45.3165
2025,2112308,51.861
2026,2112308,58.3422
2027,2112308,64.5474
2028,2112308,70.2988
2029,2112308,75.4717
2030,2112308,80.0
2024,2112407,46.6951
2025,2112407,53.0144
2026,2112407,59.2386
2027,2112407,65.1798
2028,2112407,70.6836
2029,2112407,75.6425
2030,2112407,80.0
2024,2112456,60.3418
2025,2112456,64.1256
2026,2112456,67.7415
2027,2112456,71.1568
2028,2112456,74.3474
2029,2112456,77.2977
2030,2112456,80.0
2024,2112506,44.1595
2025,2112506,50.8867
2026,2112506,57.582
2027,2112506,64.0101
2028,2112506,69.972
2029,2112506,75.327
2030,2112506,80.0
2024,2112605,77.2444
2025,2112605,77.7217
2026,2112605,78.1917
2027,2112605,78.6546
2028,2112605,79.1103
2029,2112605,79.5587
2030,2112605,80.0
2024,2112704,80.0
2025,2112704,80.0
2026,2112704,80.0
2027,2112704,80.0
2028,2112704,80.0
2029,2112704,80.0
2030,2112704,80.0
2024,2112803,61.8826
2025,2112803,65.3589
2026,2112803,68.6787
2027,2112803,71.8176
2028,2112803,74.7575
2029,2112803,77.4868
2030,2112803,80.0
2024,2112852,80.0
2025,2112852,80.0
2026,2112852,80.0
2027,2112852,80.0
2028,2112852,80.0
2029,2112852,80.0
2030,2112852,80.0
2024,2112902,54.0676
2025,2112902,59.0719
2026,2112902,63.895
2027,2112902,68.4532
2028,2112902,72.6821
2029,2112902,76.5383
2030,2112902,80.0
2024,2113009,55.8162
2025,2113009,60.4871
2026,2113009,64.9741
2027,2113009,69.2109
2028,2113009,73.1471
2029,2113009,76.7491
2030,2113009,80.0
2024,2114007,80.0
2025,2114007,80.0
2026,2114007,80.0
2027,2114007,80.0
2028,2114007,80.0
2029,2114007,80.0
2030,2114007,80.0
2024,2200053,80.0
2025,2200053,80.0
2026,2200053,80.0
2027,2200053,80.0
2028,2200053,80.0
2029,2200053,80.0
2030,2200053,80.0
2024,2200103,39.5527
2025,2200103,46.9438
2026,2200103,54.4715
2027,2200103,61.8002
2028,2200103,68.6287
2029,2200103,74.7355
2030,2200103,80.0
2024,2200202,80.0
2025,2200202,80.0
2026,2200202,80.0
2027,2200202,80.0
2028,2200202,80.0
2029,2200202,80.0
2030,2200202,80.0
2024,2200251,50.1655
2025,2200251,55.8868
2026,2200251,61.4558
2027,2200251,66.7402
2028,2200251,71.6345
2029,2200251,76.0669
2030,2200251,80.0
2024,2200277,58.2169
2025,2200277,62.4209
2026,2200277,66.4457
2027,2200277,70.2449
2028,2200277,73.7837
2029,2200277,77.0392
2030,2200277,80.0
2024,2200301,80.0
2025,2200301,80.0
2026,2200301,80.0
2027,2200301,80.0
2028,2200301,80.0
2029,2200301,80.0
2030,2200301,80.0
2024,2200400,64.894
2025,2200400,67.7659
2026,2200400,70.5096
2027,2200400,73.1125
2028,2200400,75.5653
2029,2200400,77.862
2030,2200400,80.0
2024,2200459,70.2317
2025,2200459,72.038
2026,2200459,73.7755
2027,2200459,75.442
2028,2200459,77.0355
2029,2200459,78.555
2030,2200459,80.0
2024,2200509,29.4447
2025,2200509,37.8202
2026,2200509,46.9914
2027,2200509,56.3703
2028,2200509,65.3147
2029,2200509,73.2942
2030,2200509,80.0
2024,2200608,64.5544
2025,2200608,67.4946
2026,2200608,70.3031
2027,2200608,72.9661
2028,2200608,75.4736
2029,2200608,77.8192
2030,2200608,80.0
2024,2200707,51.9882
2025,2200707,57.3796
2026,2200707,62.6011
2027,2200707,67.5448
2028,2200707,72.126
2029,2200707,76.2875
2030,2200707,80.0
2024,2200806,80.0
2025,2200806,80.0
2026,2200806,80.0
2027,2200806,80.0
2028,2200806,80.0
2029,2200806,80.0
2030,2200806,80.0
2024,2200905,61.3917
2025,2200905,64.9662
2026,2200905,68.3803
2027,2200905,71.607
2028,2200905,74.6267
2029,2200905,77.4264
2030,2200905,80.0
2024,2200954,57.7467
2025,2200954,62.0429
2026,2200954,66.1582
2027,2200954,70.0428
2028,2200954,73.6591
2029,2200954,76.9822
2030,2200954,80.0
2024,2201002,80.0
2025,2201002,80.0
2026,2201002,80.0
2027,2201002,80.0
2028,2201002,80.0
2029,2201002,80.0
2030,2201002,80.0
2024,2201051,80.0
2025,2201051,80.0
2026,2201051,80.0
2027,2201051,80.0
2028,2201051,80.0
2029,2201051,80.0
2030,2201051,80.0
2024,2201101,47.1372
2025,2201101,53.3828
2026,2201101,59.5241
2027,2201101,65.381
2028,2201101,70.8061
2029,2201101,75.697
2030,2201101,80.0
2024,2201150,53.7522
2025,2201150,58.8159
2026,2201150,63.6995
2027,2201150,68.316
2028,2201150,72.598
2029,2201150,76.5003
2030,2201150,80.0
2024,2201176,64.2313
2025,2201176,67.2364
2026,2201176,70.1065
2027,2201176,72.8269
2028,2201176,75.3865
2029,2201176,77.7787
2030,2201176,80.0
2024,2201200,59.7156
2025,2201200,63.6238
2026,2201200,67.3601
2027,2201200,70.8882
2028,2201200,74.1812
2029,2201200,77.2213
2030,2201200,80.0
2024,2201309,44.8333
2025,2201309,51.4548
2026,2201309,58.0256
2027,2201309,64.3237
2028,2201309,70.1627
2029,2201309,75.4114
2030,2201309,80.0
2024,2201408,44.7615
2025,2201408,51.3944
2026,2201408,57.9785
2027,2201408,64.2904
2028,2201408,70.1425
2029,2201408,75.4025
2030,2201408,80.0
2024,2201507,49.4874
2025,2201507,55.3287
2026,2201507,61.0265
2027,2201507,66.4384
2028,2201507,71.4504
2029,2201507,75.9845
2030,2201507,80.0
2024,2201556,64.1816
2025,2201556,67.1967
2026,2201556,70.0763
2027,2201556,72.8055
2028,2201556,75.3732
2029,2201556,77.7724
2030,2201556,80.0
2024,2201572,80.0
2025,2201572,80.0
2026,2201572,80.0
2027,2201572,80.0
2028,2201572,80.0
2029,2201572,80.0
2030,2201572,80.0
2024,2201606,77.9381
2025,2201606,78.292
2026,2201606,78.6419
2027,2201606,78.9876
2028,2201606,79.3292
2029,2201606,79.6667
2030,2201606,80.0
2024,2201705,62.8795
2025,2201705,66.1561
2026,2201705,69.2848
2027,2201705,72.2455
2028,2201705,75.0238
2029,2201705,77.6101
2030,2201705,80.0
2024,2201739,48.5004
2025,2201739,54.5138
2026,2201739,60.3985
2027,2201739,65.9967
2028,2201739,71.1811
2029,2201739,75.8641
2030,2201739,80.0
2024,2201770,62.2649
2025,2201770,65.6647
2026,2201770,68.9112
2027,2201770,71.9816
2028,2201770,74.8595
2029,2201770,77.534
2030,2201770,80.0
2024,2201804,80.0
2025,2201804,80.0
2026,2201804,80.0
2027,2201804,80.0
2028,2201804,80.0
2029,2201804,80.0
2030,2201804,80.0
2024,2201903,80.0
2025,2201903,80.0
2026,2201903,80.0
2027,2201903,80.0
2028,2201903,80.0
2029,2201903,80.0
2030,2201903,80.0
2024,2201919,80.0
2025,2201919,80.0
2026,2201919,80.0
2027,2201919,80.0
2028,2201919,80.0
2029,2201919,80.0
2030,2201919,80.0
2024,2201929,55.4691
2025,2201929,60.2067
2026,2201929,64.7605
2027,2201929,69.0609
2028,2201929,73.0549
2029,2201929,76.7072
2030,2201929,80.0
2024,2201945,80.0
2025,2201945,80.0
2026,2201945,80.0
2027,2201945,80.0
2028,2201945,80.0
2029,2201945,80.0
2030,2201945,80.0
2024,2201960,40.0738
2025,2201960,47.3954
2026,2201960,54.8308
2027,2201960,62.0566
2028,2201960,68.7845
2029,2201960,74.8039
2030,2201960,80.0
2024,2201988,55.2149
2025,2201988,60.0011
2026,2201988,64.6038
2027,2201988,68.9509
2028,2201988,72.9874
2029,2201988,76.6766
2030,2201988,80.0
2024,2202000,47.5958
2025,2202000,53.764
2026,2202000,59.8192
2027,2202000,65.5889
2028,2202000,70.9326
2029,2202000,75.7534
2030,2202000,80.0
2024,2202026,80.0
2025,2202026,80.0
2026,2202026,80.0
2027,2202026,80.0
2028,2202026,80.0
2029,2202026,80.0
2030,2202026,80.0
2024,2202059,26.9282
2025,2202059,35.4151
2026,2202059,44.9321
2027,2202059,54.8352
2028,2202059,64.3695
2029,2202059,72.8864
2030,2202059,80.0
2024,2202075,80.0
2025,2202075,80.0
2026,2202075,80.0
2027,2202075,80.0
2028,2202075,80.0
2029,2202075,80.0
2030,2202075,80.0
2024,2202083,52.7521
2025,2202083,58.0025
2026,2202083,63.0779
2027,2202083,67.8796
2028,2202083,72.3307
2029,2202083,76.3797
2030,2202083,80.0
2024,2202091,80.0
2025,2202091,80.0
2026,2202091,80.0
2027,2202091,80.0
2028,2202091,80.0
2029,2202091,80.0
2030,2202091,80.0
2024,2202109,80.0
2025,2202109,80.0
2026,2202109,80.0
2027,2202109,80.0
2028,2202109,80.0
2029,2202109,80.0
2030,2202109,80.0
2024,2202117,44.9587
2025,2202117,51.5603
2026,2202117,58.1079
2027,2202117,64.3819
2028,2202117,70.1981
2029,2202117,75.4271
2030,2202117,80.0
2024,2202133,80.0
2025,2202133,80.0
2026,2202133,80.0
2027,2202133,80.0
2028,2202133,80.0
2029,2202133,80.0
2030,2202133,80.0
2024,2202174,24.5719
2025,2202174,33.1015
2026,2202174,42.9077
2027,2202174,53.3042
2028,2202174,63.4214
2029,2202174,72.4784
2030,2202174,80.0
2024,2202208,56.8294
2025,2202208,61.3044
2026,2202208,65.5964
2027,2202208,69.648
2028,2202208,73.4159
2029,2202208,76.8713
2030,2202208,80.0
2024,2202251,55.5284
2025,2202251,60.2546
2026,2202251,64.797
2027,2202251,69.0866
2028,2202251,73.0707
2029,2202251,76.7144
2030,2202251,80.0
2024,2202307,20.0628
2025,2202307,28.4768
2026,2202307,38.7108
2027,2202307,50.049
2028,2202307,61.3821
2029,2202307,71.6029
2030,2202307,80.0
2024,2202406,58.0406
2025,2202406,62.2792
2026,2202406,66.338
2027,2202406,70.1692
2028,2202406,73.737
2029,2202406,77.0178
2030,2202406,80.0
2024,2202455,67.699
2025,2202455,70.0083
2026,2202455,72.2203
2027,2202455,74.3289
2028,2202455,76.3299
2029,2202455,78.2207
2030,2202455,80.0
2024,2202505,64.1153
2025,2202505,67.1437
2026,2202505,70.036
2027,2202505,72.7769
2028,2202505,75.3553
2029,2202505,77.7641
2030,2202505,80.0
2024,2202539,44.9408
2025,2202539,51.5452
2026,2202539,58.0962
2027,2202539,64.3736
2028,2202539,70.1931
2029,2202539,75.4249
2030,2202539,80.0
2024,2202554,64.4881
2025,2202554,67.4416
2026,2202554,70.2627
2027,2202554,72.9375
2028,2202554,75.4557
2029,2202554,77.8109
2030,2202554,80.0
2024,2202604,75.8382
2025,2202604,76.5709
2026,2202604,77.2881
2027,2202604,77.9896
2028,2202604,78.6755
2029,2202604,79.3456
2030,2202604,80.0
2024,2202653,27.4671
2025,2202653,35.9356
2026,2202653,45.3814
2027,2202653,55.172
2028,2202653,64.5773
2029,2202653,72.976
2030,2202653,80.0
2024,2202703,74.2221
2025,2202703,75.2565
2026,2202703,76.2626
2027,2202703,77.2401
2028,2202703,78.189
2029,2202703,79.1089
2030,2202703,80.0
2024,2202711,69.5526
2025,2202711,71.493
2026,2202711,73.3571
2027,2202711,75.1418
2028,2202711,76.8446
2029,2202711,78.4642
2030,2202711,80.0
2024,2202729,80.0
2025,2202729,80.0
2026,2202729,80.0
2027,2202729,80.0
2028,2202729,80.0
2029,2202729,80.0
2030,2202729,80.0
2024,2202737,78.4132
2025,2202737,78.6838
2026,2202737,78.952
2027,2202737,79.2178
2028,2202737,79.481
2029,2202737,79.7417
2030,2202737,80.0
2024,2202752,58.6697
2025,2202752,62.7846
2026,2202752,66.7223
2027,2202752,70.4394
2028,2202752,73.9037
2029,2202752,77.0941
2030,2202752,80.0
2024,2202778,63.2198
2025,2202778,66.4281
2026,2202778,69.4916
2027,2202778,72.3917
2028,2202778,75.1149
2029,2202778,77.6524
2030,2202778,80.0
2024,2202802,52.6149
2025,2202802,57.8908
2026,2202802,62.9925
2027,2202802,67.8196
2028,2202802,72.294
2029,2202802,76.3632
2030,2202802,80.0
2024,2202851,64.2562
2025,2202851,67.2563
2026,2202851,70.1217
2027,2202851,72.8376
2028,2202851,75.3932
2029,2202851,77.7818
2030,2202851,80.0
2024,2202901,53.0261
2025,2202901,58.2256
2026,2202901,63.2485
2027,2202901,67.9994
2028,2202901,72.404
2029,2202901,76.4128
2030,2202901,80.0
2024,2203008,79.94
2025,2203008,79.95
2026,2203008,79.96
2027,2203008,79.97
2028,2203008,79.98
2029,2203008,79.99
2030,2203008,80.0
2024,2203107,55.4691
2025,2203107,60.2067
2026,2203107,64.7605
2027,2203107,69.0609
2028,2203107,73.0549
2029,2203107,76.7072
2030,2203107,80.0
2024,2203206,70.0909
2025,2203206,71.9249
2026,2203206,73.6887
2027,2203206,75.3796
2028,2203206,76.9958
2029,2203206,78.5361
2030,2203206,80.0
2024,2203230,80.0
2025,2203230,80.0
2026,2203230,80.0
2027,2203230,80.0
2028,2203230,80.0
2029,2203230,80.0
2030,2203230,80.0
2024,2203255,39.5713
2025,2203255,46.96
2026,2203255,54.4844
2027,2203255,61.8094
2028,2203255,68.6343
2029,2203255,74.738
2030,2203255,80.0
2024,2203271,22.8588
2025,2203271,31.3774
2026,2203271,41.3681
2027,2203271,52.1236
2028,2203271,62.6858
2029,2203271,72.1623
2030,2203271,80.0
2024,2203305,71.7162
2025,2203305,73.2316
2026,2203305,74.6945
2027,2203305,76.1035
2028,2203305,77.4577
2029,2203305,78.7566
2030,2203305,80.0
2024,2203354,40.1388
2025,2203354,47.4516
2026,2203354,54.8755
2027,2203354,62.0884
2028,2203354,68.8039
2029,2203354,74.8124
2030,2203354,80.0
2024,2203404,77.5571
2025,2203404,77.9786
2026,2203404,78.3943
2027,2203404,78.8043
2028,2203404,79.2086
2029,2203404,79.6071
2030,2203404,80.0
2024,2203420,80.0
2025,2203420,80.0
2026,2203420,80.0
2027,2203420,80.0
2028,2203420,80.0
2029,2203420,80.0
2030,2203420,80.0
2024,2203453,80.0
2025,2203453,80.0
2026,2203453,80.0
2027,2203453,80.0
2028,2203453,80.0
2029,2203453,80.0
2030,2203453,80.0
2024,2203503,55.0113
2025,2203503,59.8365
2026,2203503,64.4783
2027,2203503,68.8628
2028,2203503,72.9333
2029,2203503,76.652
2030,2203503,80.0
2024,2203602,80.0
2025,2203602,80.0
2026,2203602,80.0
2027,2203602,80.0
2028,2203602,80.0
2029,2203602,80.0
2030,2203602,80.0
2024,2203701,61.0
2025,2203701,65.0
2026,2203701,68.0
2027,2203701,71.0
2028,2203701,74.0
2029,2203701,77.0
2030,2203701,80.0
2024,2203750,43.2652
2025,2203750,50.1296
2026,2203750,56.9891
2027,2203750,63.5903
2028,2203750,69.7168
2029,2203750,75.2143
2030,2203750,80.0
2024,2203800,52.2288
2025,2203800,57.576
2026,2203800,62.7515
2027,2203800,67.6504
2028,2203800,72.1905
2029,2203800,76.3166
2030,2203800,80.0
2024,2203859,80.0
2025,2203859,80.0
2026,2203859,80.0
2027,2203859,80.0
2028,2203859,80.0
2029,2203859,80.0
2030,2203859,80.0
2024,2203909,54.2209
2025,2203909,59.1962
2026,2203909,63.9899
2027,2203909,68.5199
2028,2203909,72.7229
2029,2203909,76.5568
2030,2203909,80.0
2024,2204006,78.2688
2025,2204006,78.5647
2026,2204006,78.8576
2027,2204006,79.1476
2028,2204006,79.4347
2029,2204006,79.7188
2030,2204006,80.0
2024,2204105,52.6149
2025,2204105,57.8908
2026,2204105,62.9925
2027,2204105,67.8196
2028,2204105,72.294
2029,2204105,76.3632
2030,2204105,80.0
2024,2204154,62.7965
2025,2204154,66.0897
2026,2204154,69.2343
2027,2204154,72.2099
2028,2204154,75.0016
2029,2204154,77.5998
2030,2204154,80.0
2024,2204204,49.7311
2025,2204204,55.5294
2026,2204204,61.181
2027,2204204,66.5471
2028,2204204,71.5167
2029,2204204,76.0141
2030,2204204,80.0
2024,2204303,80.0
2025,2204303,80.0
2026,2204303,80.0
2027,2204303,80.0
2028,2204303,80.0
2029,2204303,80.0
2030,2204303,80.0
2024,2204352,26.5563
2025,2204352,35.0541
2026,2204352,44.6192
2027,2204352,54.6
2028,2204352,64.2243
2029,2204352,72.8238
2030,2204352,80.0
2024,2204402,38.3154
2025,2204402,45.8652
2026,2204402,53.6098
2027,2204402,61.1841
2028,2204402,68.254
2029,2204402,74.5714
2030,2204402,80.0
2024,2204501,53.9995
2025,2204501,59.0166
2026,2204501,63.8528
2027,2204501,68.4236
2028,2204501,72.6639
2029,2204501,76.5301
2030,2204501,80.0
2024,2204550,61.7162
2025,2204550,65.2259
2026,2204550,68.5776
2027,2204550,71.7462
2028,2204550,74.7131
2029,2204550,77.4663
2030,2204550,80.0
2024,2204600,80.0
2025,2204600,80.0
2026,2204600,80.0
2027,2204600,80.0
2028,2204600,80.0
2029,2204600,80.0
2030,2204600,80.0
2024,2204659,46.1718
2025,2204659,52.5775
2026,2204659,58.8995
2027,2204659,64.9407
2028,2204659,70.5381
2029,2204659,75.5779
2030,2204659,80.0
2024,2204709,59.4732
2025,2204709,63.4294
2026,2204709,67.2124
2027,2204709,70.7843
2028,2204709,74.1168
2029,2204709,77.1918
2030,2204709,80.0
2024,2204808,80.0
2025,2204808,80.0
2026,2204808,80.0
2027,2204808,80.0
2028,2204808,80.0
2029,2204808,80.0
2030,2204808,80.0
2024,2204907,35.0263
2025,2204907,42.9509
2026,2204907,51.2541
2027,2204907,59.4887
2028,2204907,67.2218
2029,2204907,74.121
2030,2204907,80.0
2024,2205003,75.05
2025,2205003,75.9289
2026,2205003,76.7863
2027,2205003,77.6223
2028,2205003,78.4365
2029,2205003,79.2291
2030,2205003,80.0
2024,2205102,32.3708
2025,2205102,40.5419
2026,2205102,49.2728
2027,2205102,58.0483
2028,2205102,66.3427
2029,2205102,73.739
2030,2205102,80.0
2024,2205151,80.0
2025,2205151,80.0
2026,2205151,80.0
2027,2205151,80.0
2028,2205151,80.0
2029,2205151,80.0
2030,2205151,80.0
2024,2205201,79.1365
2025,2205201,79.2823
2026,2205201,79.4274
2027,2205201,79.5717
2028,2205201,79.7152
2029,2205201,79.858
2030,2205201,80.0
2024,2205250,61.9241
2025,2205250,65.3922
2026,2205250,68.704
2027,2205250,71.8354
2028,2205250,74.7685
2029,2205250,77.4919
2030,2205250,80.0
2024,2205276,74.7906
2025,2205276,75.7179
2026,2205276,76.6218
2027,2205276,77.5021
2028,2205276,78.3586
2029,2205276,79.1912
2030,2205276,80.0
2024,2205300,33.5302
2025,2205300,41.6003
2026,2205300,50.1474
2027,2205300,58.6859
2028,2205300,66.7321
2029,2205300,73.908
2030,2205300,80.0
2024,2205359,55.8246
2025,2205359,60.4939
2026,2205359,64.9793
2027,2205359,69.2146
2028,2205359,73.1493
2029,2205359,76.7501
2030,2205359,80.0
2024,2205409,59.5986
2025,2205409,63.53
2026,2205409,67.2888
2027,2205409,70.838
2028,2205409,74.1501
2029,2205409,77.2071
2030,2205409,80.0
2024,2205458,44.7526
2025,2205458,51.3869
2026,2205458,57.9726
2027,2205458,64.2863
2028,2205458,70.14
2029,2205458,75.4013
2030,2205458,80.0
2024,2205508,54.7821
2025,2205508,59.6509
2026,2205508,64.3368
2027,2205508,68.7634
2028,2205508,72.8723
2029,2205508,76.6244
2030,2205508,80.0
2024,2205516,70.5052
2025,2205516,72.2576
2026,2205516,73.9444
2027,2205516,75.5633
2028,2205516,77.1127
2029,2205516,78.5917
2030,2205516,80.0
2024,2205524,49.1648
2025,2205524,55.0627
2026,2205524,60.8217
2027,2205524,66.2944
2028,2205524,71.3626
2029,2205524,75.9452
2030,2205524,80.0
2024,2205532,80.0
2025,2205532,80.0
2026,2205532,80.0
2027,2205532,80.0
2028,2205532,80.0
2029,2205532,80.0
2030,2205532,80.0
2024,2205540,80.0
2025,2205540,80.0
2026,2205540,80.0
2027,2205540,80.0
2028,2205540,80.0
2029,2205540,80.0
2030,2205540,80.0
2024,2205557,28.8147
2025,2205557,37.2241
2026,2205557,46.485
2027,2205557,55.9947
2028,2205557,65.0839
2029,2205557,73.1945
2030,2205557,80.0
2024,2205565,59.7072
2025,2205565,63.6171
2026,2205565,67.355
2027,2205565,70.8846
2028,2205565,74.1789
2029,2205565,77.2203
2030,2205565,80.0
2024,2205573,47.4901
2025,2205573,53.6762
2026,2205573,59.7512
2027,2205573,65.541
2028,2205573,70.9035
2029,2205573,75.7404
2030,2205573,80.0
2024,2205581,11.952
2025,2205581,19.2615
2026,2205581,29.5416
2027,2205581,42.4251
2028,2205581,56.4276
2029,2205581,69.4749
2030,2205581,80.0
2024,2205599,18.9339
2025,2205599,27.2717
2026,2205599,37.5793
2027,2205599,49.1498
2028,2205599,60.8122
2029,2205599,71.3585
2030,2205599,80.0
2024,2205607,80.0
2025,2205607,80.0
2026,2205607,80.0
2027,2205607,80.0
2028,2205607,80.0
2029,2205607,80.0
2030,2205607,80.0
2024,2205706,65.0265
2025,2205706,67.8718
2026,2205706,70.5903
2027,2205706,73.1697
2028,2205706,75.6011
2029,2205706,77.8787
2030,2205706,80.0
2024,2205805,56.3992
2025,2205805,60.9577
2026,2205805,65.3325
2027,2205805,69.4626
2028,2205805,73.3018
2029,2205805,76.8194
2030,2205805,80.0
2024,2205854,65.0099
2025,2205854,67.8585
2026,2205854,70.5802
2027,2205854,73.1625
2028,2205854,75.5966
2029,2205854,77.8766
2030,2205854,80.0
2024,2205904,80.0
2025,2205904,80.0
2026,2205904,80.0
2027,2205904,80.0
2028,2205904,80.0
2029,2205904,80.0
2030,2205904,80.0
2024,2205953,80.0
2025,2205953,80.0
2026,2205953,80.0
2027,2205953,80.0
2028,2205953,80.0
2029,2205953,80.0
2030,2205953,80.0
2024,2206001,29.3726
2025,2206001,37.7522
2026,2206001,46.9337
2027,2206001,56.3277
2028,2206001,65.2885
2029,2206001,73.2828
2030,2206001,80.0
2024,2206050,51.463
2025,2206050,56.9504
2026,2206050,62.2723
2027,2206050,67.3139
2028,2206050,71.9848
2029,2206050,76.224
2030,2206050,80.0
2024,2206100,31.6504
2025,2206100,39.8787
2026,2206100,48.7213
2027,2206100,57.6447
2028,2206100,66.0958
2029,2206100,73.6321
2030,2206100,80.0
2024,2206209,45.4147
2025,2206209,51.9434
2026,2206209,58.4064
2027,2206209,64.5927
2028,2206209,70.3263
2029,2206209,75.4839
2030,2206209,80.0
2024,2206308,52.6492
2025,2206308,57.9188
2026,2206308,63.0138
2027,2206308,67.8346
2028,2206308,72.3032
2029,2206308,76.3673
2030,2206308,80.0
2024,2206357,44.03
2025,2206357,50.78
2026,2206357,57.5
2027,2206357,63.95
2028,2206357,69.94
2029,2206357,75.31
2030,2206357,80.0
2024,2206407,63.5847
2025,2206407,66.7198
2026,2206407,69.7134
2027,2206407,72.5486
2028,2206407,75.2128
2029,2206407,77.6978
2030,2206407,80.0
2024,2206506,80.0
2025,2206506,80.0
2026,2206506,80.0
2027,2206506,80.0
2028,2206506,80.0
2029,2206506,80.0
2030,2206506,80.0
2024,2206605,69.238
2025,2206605,71.2408
2026,2206605,73.1637
2027,2206605,75.0032
2028,2206605,76.7566
2029,2206605,78.4224
2030,2206605,80.0
2024,2206654,30.9143
2025,2206654,39.1966
2026,2206654,48.1512
2027,2206654,57.2261
2028,2206654,65.8396
2029,2206654,73.5211
2030,2206654,80.0
2024,2206670,35.983
2025,2206670,43.8061
2026,2206670,51.9498
2027,2206670,59.9912
2028,2206670,67.528
2029,2206670,74.2543
2030,2206670,80.0
2024,2206696,69.0476
2025,2206696,71.0882
2026,2206696,73.0467
2027,2206696,74.9194
2028,2206696,76.7035
2029,2206696,78.3973
2030,2206696,80.0
2024,2206704,52.3147
2025,2206704,57.646
2026,2206704,62.8051
2027,2206704,67.6881
2028,2206704,72.2136
2029,2206704,76.3269
2030,2206704,80.0
2024,2206720,77.9974
2025,2206720,78.3409
2026,2206720,78.6805
2027,2206720,79.0162
2028,2206720,79.3481
2029,2206720,79.676
2030,2206720,80.0
2024,2206753,28.908
2025,2206753,37.3125
2026,2206753,46.5603
2027,2206753,56.0507
2028,2206753,65.1183
2029,2206753,73.2093
2030,2206753,80.0
2024,2206803,66.7808
2025,2206803,69.2739
2026,2206803,71.6593
2027,2206803,73.9292
2028,2206803,76.078
2029,2206803,78.1021
2030,2206803,80.0
2024,2206902,70.7621
2025,2206902,72.464
2026,2206902,74.1032
2027,2206902,75.6775
2028,2206902,77.1855
2029,2206902,78.6265
2030,2206902,80.0
2024,2206951,53.6499
2025,2206951,58.7327
2026,2206951,63.636
2027,2206951,68.2714
2028,2206951,72.5707
2029,2206951,76.488
2030,2206951,80.0
2024,2207009,68.2119
2025,2207009,70.4188
2026,2207009,72.5342
2027,2207009,74.553
2028,2207009,76.4715
2029,2207009,78.2875
2030,2207009,80.0
2024,2207108,65.3824
2025,2207108,68.1562
2026,2207108,70.807
2027,2207108,73.3234
2028,2207108,75.6974
2029,2207108,77.9237
2030,2207108,80.0
2024,2207207,80.0
2025,2207207,80.0
2026,2207207,80.0
2027,2207207,80.0
2028,2207207,80.0
2029,2207207,80.0
2030,2207207,80.0
2024,2207306,56.4245
2025,2207306,60.9781
2026,2207306,65.348
2027,2207306,69.4735
2028,2207306,73.3085
2029,2207306,76.8225
2030,2207306,80.0
2024,2207355,68.2863
2025,2207355,70.4784
2026,2207355,72.5798
2027,2207355,74.5855
2028,2207355,76.4921
2029,2207355,78.2972
2030,2207355,80.0
2024,2207405,72.2811
2025,2207405,73.6869
2026,2207405,75.0459
2027,2207405,76.3573
2028,2207405,77.6204
2029,2207405,78.8346
2030,2207405,80.0
2024,2207504,55.6977
2025,2207504,60.3914
2026,2207504,64.9012
2027,2207504,69.1598
2028,2207504,73.1156
2029,2207504,76.7348
2030,2207504,80.0
2024,2207553,80.0
2025,2207553,80.0
2026,2207553,80.0
2027,2207553,80.0
2028,2207553,80.0
2029,2207553,80.0
2030,2207553,80.0
2024,2207603,69.6602
2025,2207603,71.5793
2026,2207603,73.4234
2027,2207603,75.1893
2028,2207603,76.8747
2029,2207603,78.4785
2030,2207603,80.0
2024,2207702,38.0418
2025,2207702,45.6255
2026,2207702,53.4175
2027,2207702,61.0463
2028,2207702,68.1702
2029,2207702,74.5347
2030,2207702,80.0
2024,2207751,80.0
2025,2207751,80.0
2026,2207751,80.0
2027,2207751,80.0
2028,2207751,80.0
2029,2207751,80.0
2030,2207751,80.0
2024,2207777,80.0
2025,2207777,80.0
2026,2207777,80.0
2027,2207777,80.0
2028,2207777,80.0
2029,2207777,80.0
2030,2207777,80.0
2024,2207793,80.0
2025,2207793,80.0
2026,2207793,80.0
2027,2207793,80.0
2028,2207793,80.0
2029,2207793,80.0
2030,2207793,80.0
2024,2207801,50.7115
2025,2207801,56.335
2026,2207801,61.8001
2027,2207801,66.9822
2028,2207801,71.7822
2029,2207801,76.1331
2030,2207801,80.0
2024,2207850,68.5428
2025,2207850,70.6838
2026,2207850,72.737
2027,2207850,74.6979
2028,2207850,76.5632
2029,2207850,78.3308
2030,2207850,80.0
2024,2207900,32.311
2025,2207900,40.487
2026,2207900,49.2272
2027,2207900,58.015
2028,2207900,66.3223
2029,2207900,73.7302
2030,2207900,80.0
2024,2207934,44.2765
2025,2207934,50.9855
2026,2207934,57.6592
2027,2207934,64.0647
2028,2207934,70.0052
2029,2207934,75.3417
2030,2207934,80.0
2024,2207959,53.257
2025,2207959,58.4134
2026,2207959,63.3921
2027,2207959,68.1002
2028,2207959,72.4658
2029,2207959,76.4406
2030,2207959,80.0
2024,2208007,57.4272
2025,2208007,61.7858
2026,2208007,65.9627
2027,2208007,69.9054
2028,2208007,73.5744
2029,2208007,76.9436
2030,2208007,80.0
2024,2208106,63.734
2025,2208106,66.839
2026,2208106,69.8042
2027,2208106,72.6128
2028,2208106,75.2528
2029,2208106,77.7164
2030,2208106,80.0
2024,2208205,42.0089
2025,2208205,49.0595
2026,2208205,56.1477
2027,2208205,62.9936
2028,2208205,69.3541
2029,2208205,75.0543
2030,2208205,80.0
2024,2208304,76.3004
2025,2208304,76.9484
2026,2208304,77.5839
2027,2208304,78.2068
2028,2208304,78.8171
2029,2208304,79.4149
2030,2208304,80.0
2024,2208403,40.0645
2025,2208403,47.3874
2026,2208403,54.8244
2027,2208403,62.052
2028,2208403,68.7818
2029,2208403,74.8027
2030,2208403,80.0
2024,2208502,46.376
2025,2208502,52.7481
2026,2208502,59.032
2027,2208502,65.0341
2028,2208502,70.5949
2029,2208502,75.6031
2030,2208502,80.0
2024,2208551,74.8073
2025,2208551,75.7315
2026,2208551,76.6324
2027,2208551,77.5098
2028,2208551,78.3636
2029,2208551,79.1937
2030,2208551,80.0
2024,2208601,20.7814
2025,2208601,29.2334
2026,2208601,39.4126
2027,2208601,50.6018
2028,2208601,61.731
2029,2208601,71.7525
2030,2208601,80.0
2024,2208650,63.4935
2025,2208650,66.6469
2026,2208650,69.658
2027,2208650,72.5094
2028,2208650,75.1883
2029,2208650,77.6864
2030,2208650,80.0
2024,2208700,80.0
2025,2208700,80.0
2026,2208700,80.0
2027,2208700,80.0
2028,2208700,80.0
2029,2208700,80.0
2030,2208700,80.0
2024,2208809,47.0577
2025,2208809,53.3166
2026,2208809,59.4728
2027,2208809,65.3449
2028,2208809,70.7841
2029,2208809,75.6872
2030,2208809,80.0
2024,2208858,80.0
2025,2208858,80.0
2026,2208858,80.0
2027,2208858,80.0
2028,2208858,80.0
2029,2208858,80.0
2030,2208858,80.0
2024,2208874,61.4417
2025,2208874,65.0062
2026,2208874,68.4106
2027,2208874,71.6284
2028,2208874,74.64
2029,2208874,77.4325
2030,2208874,80.0
2024,2208908,80.0
2025,2208908,80.0
2026,2208908,80.0
2027,2208908,80.0
2028,2208908,80.0
2029,2208908,80.0
2030,2208908,80.0
2024,2209005,54.0
2025,2209005,59.0
2026,2209005,64.0
2027,2209005,68.0
2028,2209005,73.0
2029,2209005,77.0
2030,2209005,80.0
2024,2209104,80.0
2025,2209104,80.0
2026,2209104,80.0
2027,2209104,80.0
2028,2209104,80.0
2029,2209104,80.0
2030,2209104,80.0
2024,2209153,56.9979
2025,2209153,61.4402
2026,2209153,65.6997
2027,2209153,69.7206
2028,2209153,73.4606
2029,2209153,76.8917
2030,2209153,80.0
2024,2209203,34.9194
2025,2209203,42.855
2026,2209203,51.1759
2027,2209203,59.4321
2028,2209203,67.1873
2029,2209203,74.1059
2030,2209203,80.0
2024,2209302,80.0
2025,2209302,80.0
2026,2209302,80.0
2027,2209302,80.0
2028,2209302,80.0
2029,2209302,80.0
2030,2209302,80.0
2024,2209351,40.0181
2025,2209351,47.3472
2026,2209351,54.7925
2027,2209351,62.0293
2028,2209351,68.7679
2029,2209351,74.7966
2030,2209351,80.0
2024,2209377,64.1567
2025,2209377,67.1768
2026,2209377,70.0612
2027,2209377,72.7947
2028,2209377,75.3665
2029,2209377,77.7693
2030,2209377,80.0
2024,2209401,64.3142
2025,2209401,67.3026
2026,2209401,70.1569
2027,2209401,72.8626
2028,2209401,75.4089
2029,2209401,77.7891
2030,2209401,80.0
2024,2209450,80.0
2025,2209450,80.0
2026,2209450,80.0
2027,2209450,80.0
2028,2209450,80.0
2029,2209450,80.0
2030,2209450,80.0
2024,2209500,74.4394
2025,2209500,75.4327
2026,2209500,76.3997
2027,2209500,77.34
2028,2209500,78.2536
2029,2209500,79.1403
2030,2209500,80.0
2024,2209559,80.0
2025,2209559,80.0
2026,2209559,80.0
2027,2209559,80.0
2028,2209559,80.0
2029,2209559,80.0
2030,2209559,80.0
2024,2209609,42.2739
2025,2209609,49.2858
2026,2209609,56.326
2027,2209609,63.1202
2028,2209609,69.431
2029,2209609,75.0882
2030,2209609,80.0
2024,2209658,40.5094
2025,2209658,47.7718
2026,2209658,55.1296
2027,2209658,62.2696
2028,2209658,68.914
2029,2209658,74.8607
2030,2209658,80.0
2024,2209708,61.7578
2025,2209708,65.2591
2026,2209708,68.6029
2027,2209708,71.7641
2028,2209708,74.7242
2029,2209708,77.4714
2030,2209708,80.0
2024,2209757,76.9996
2025,2209757,77.5208
2026,2209757,78.0336
2027,2209757,78.5379
2028,2209757,79.0337
2029,2209757,79.5211
2030,2209757,80.0
2024,2209807,80.0
2025,2209807,80.0
2026,2209807,80.0
2027,2209807,80.0
2028,2209807,80.0
2029,2209807,80.0
2030,2209807,80.0
2024,2209856,80.0
2025,2209856,80.0
2026,2209856,80.0
2027,2209856,80.0
2028,2209856,80.0
2029,2209856,80.0
2030,2209856,80.0
2024,2209872,34.1391
2025,2209872,42.152
2026,2209872,50.6007
2027,2209872,59.0153
2028,2209872,66.9331
2029,2209872,73.9954
2030,2209872,80.0
2024,2209906,54.2975
2025,2209906,59.2583
2026,2209906,64.0373
2027,2209906,68.5531
2028,2209906,72.7433
2029,2209906,76.566
2030,2209906,80.0
2024,2209955,58.0071
2025,2209955,62.2522
2026,2209955,66.3175
2027,2209955,70.1548
2028,2209955,73.7281
2029,2209955,77.0138
2030,2209955,80.0
2024,2209971,40.4632
2025,2209971,47.7319
2026,2209971,55.098
2027,2209971,62.247
2028,2209971,68.9003
2029,2209971,74.8547
2030,2209971,80.0
2024,2210003,50.0874
2025,2210003,55.8225
2026,2210003,61.4064
2027,2210003,66.7055
2028,2210003,71.6133
2029,2210003,76.0574
2030,2210003,80.0
2024,2210052,80.0
2025,2210052,80.0
2026,2210052,80.0
2027,2210052,80.0
2028,2210052,80.0
2029,2210052,80.0
2030,2210052,80.0
2024,2210102,76.6034
2025,2210102,77.1963
2026,2210102,77.7784
2027,2210102,78.3499
2028,2210102,78.9106
2029,2210102,79.4607
2030,2210102,80.0
2024,2210201,80.0
2025,2210201,80.0
2026,2210201,80.0
2027,2210201,80.0
2028,2210201,80.0
2029,2210201,80.0
2030,2210201,80.0
2024,2210300,80.0
2025,2210300,80.0
2026,2210300,80.0
2027,2210300,80.0
2028,2210300,80.0
2029,2210300,80.0
2030,2210300,80.0
2024,2210359,80.0
2025,2210359,80.0
2026,2210359,80.0
2027,2210359,80.0
2028,2210359,80.0
2029,2210359,80.0
2030,2210359,80.0
2024,2210375,62.0738
2025,2210375,65.5119
2026,2210375,68.795
2027,2210375,71.8996
2028,2210375,74.8085
2029,2210375,77.5104
2030,2210375,80.0
2024,2210383,31.0
2025,2210383,40.0
2026,2210383,49.0
2027,2210383,57.0
2028,2210383,66.0
2029,2210383,74.0
2030,2210383,80.0
2024,2210391,59.8075
2025,2210391,63.6975
2026,2210391,67.4161
2027,2210391,70.9276
2028,2210391,74.2056
2029,2210391,77.2325
2030,2210391,80.0
2024,2210409,37.0
2025,2210409,45.0
2026,2210409,53.0
2027,2210409,61.0
2028,2210409,68.0
2029,2210409,74.0
2030,2210409,80.0
2024,2210508,54.2975
2025,2210508,59.2583
2026,2210508,64.0373
2027,2210508,68.5531
2028,2210508,72.7433
2029,2210508,76.566
2030,2210508,80.0
2024,2210607,70.0826
2025,2210607,71.9182
2026,2210607,73.6836
2027,2210607,75.3759
2028,2210607,76.9934
2029,2210607,78.5349
2030,2210607,80.0
2024,2210623,33.2144
2025,2210623,41.3131
2026,2210623,49.9107
2027,2210623,58.5137
2028,2210623,66.627
2029,2210623,73.8624
2030,2210623,80.0
2024,2210631,80.0
2025,2210631,80.0
2026,2210631,80.0
2027,2210631,80.0
2028,2210631,80.0
2029,2210631,80.0
2030,2210631,80.0
2024,2210656,50.7894
2025,2210656,56.3988
2026,2210656,61.8491
2027,2210656,67.0166
2028,2210656,71.8032
2029,2210656,76.1425
2030,2210656,80.0
2024,2210706,70.36
2025,2210706,72.14
2026,2210706,73.85
2027,2210706,75.5
2028,2210706,77.07
2029,2210706,78.57
2030,2210706,80.0
2024,2210805,80.0
2025,2210805,80.0
2026,2210805,80.0
2027,2210805,80.0
2028,2210805,80.0
2029,2210805,80.0
2030,2210805,80.0
2024,2210904,70.298
2025,2210904,72.0912
2026,2210904,73.8164
2027,2210904,75.4713
2028,2210904,77.0542
2029,2210904,78.5639
2030,2210904,80.0
2024,2210938,34.2761
2025,2210938,42.2757
2026,2210938,50.7021
2027,2210938,59.0888
2028,2210938,66.978
2029,2210938,74.0149
2030,2210938,80.0
2024,2210953,70.5549
2025,2210953,72.2975
2026,2210953,73.9751
2027,2210953,75.5853
2028,2210953,77.1268
2029,2210953,78.5985
2030,2210953,80.0
2024,2210979,61.9241
2025,2210979,65.3922
2026,2210979,68.704
2027,2210979,71.8354
2028,2210979,74.7685
2029,2210979,77.4919
2030,2210979,80.0
2024,2211001,53.4108
2025,2211001,58.5385
2026,2211001,63.4876
2027,2211001,68.1673
2028,2211001,72.5069
2029,2211001,76.4591
2030,2211001,80.0
2024,2211100,34.0215
2025,2211100,42.0457
2026,2211100,50.5135
2027,2211100,58.9519
2028,2211100,66.8945
2029,2211100,73.9786
2030,2211100,80.0
2024,2211209,34.9583
2025,2211209,42.8899
2026,2211209,51.2043
2027,2211209,59.4527
2028,2211209,67.1999
2029,2211209,74.1114
2030,2211209,80.0
2024,2211308,56.5764
2025,2211308,61.1005
2026,2211308,65.4412
2027,2211308,69.539
2028,2211308,73.3488
2029,2211308,76.8408
2030,2211308,80.0
2024,2211357,33.0
2025,2211357,41.0
2026,2211357,50.0
2027,2211357,59.0
2028,2211357,67.0
2029,2211357,74.0
2030,2211357,80.0
2024,2211407,80.0
2025,2211407,80.0
2026,2211407,80.0
2027,2211407,80.0
2028,2211407,80.0
2029,2211407,80.0
2030,2211407,80.0
2024,2211506,80.0
2025,2211506,80.0
2026,2211506,80.0
2027,2211506,80.0
2028,2211506,80.0
2029,2211506,80.0
2030,2211506,80.0
2024,2211605,80.0
2025,2211605,80.0
2026,2211605,80.0
2027,2211605,80.0
2028,2211605,80.0
2029,2211605,80.0
2030,2211605,80.0
2024,2211704,44.1235
2025,2211704,50.8563
2026,2211704,57.5582
2027,2211704,63.9932
2028,2211704,69.9618
2029,2211704,75.3225
2030,2211704,80.0
2024,2300101,80.0
2025,2300101,80.0
2026,2300101,80.0
2027,2300101,80.0
2028,2300101,80.0
2029,2300101,80.0
2030,2300101,80.0
2024,2300150,78.4132
2025,2300150,78.6838
2026,2300150,78.952
2027,2300150,79.2178
2028,2300150,79.481
2029,2300150,79.7417
2030,2300150,80.0
2024,2300200,80.0
2025,2300200,80.0
2026,2300200,80.0
2027,2300200,80.0
2028,2300200,80.0
2029,2300200,80.0
2030,2300200,80.0
2024,2300309,65.49
2025,2300309,68.2422
2026,2300309,70.8725
2027,2300309,73.3699
2028,2300309,75.7266
2029,2300309,77.9374
2030,2300309,80.0
2024,2300408,75.8802
2025,2300408,76.6052
2026,2300408,77.3149
2027,2300408,78.0093
2028,2300408,78.6883
2029,2300408,79.3518
2030,2300408,80.0
2024,2300507,80.0
2025,2300507,80.0
2026,2300507,80.0
2027,2300507,80.0
2028,2300507,80.0
2029,2300507,80.0
2030,2300507,80.0
2024,2300606,80.0
2025,2300606,80.0
2026,2300606,80.0
2027,2300606,80.0
2028,2300606,80.0
2029,2300606,80.0
2030,2300606,80.0
2024,2300705,80.0
2025,2300705,80.0
2026,2300705,80.0
2027,2300705,80.0
2028,2300705,80.0
2029,2300705,80.0
2030,2300705,80.0
2024,2300754,80.0
2025,2300754,80.0
2026,2300754,80.0
2027,2300754,80.0
2028,2300754,80.0
2029,2300754,80.0
2030,2300754,80.0
2024,2300804,80.0
2025,2300804,80.0
2026,2300804,80.0
2027,2300804,80.0
2028,2300804,80.0
2029,2300804,80.0
2030,2300804,80.0
2024,2300903,80.0
2025,2300903,80.0
2026,2300903,80.0
2027,2300903,80.0
2028,2300903,80.0
2029,2300903,80.0
2030,2300903,80.0
2024,2301000,80.0
2025,2301000,80.0
2026,2301000,80.0
2027,2301000,80.0
2028,2301000,80.0
2029,2301000,80.0
2030,2301000,80.0
2024,2301109,80.0
2025,2301109,80.0
2026,2301109,80.0
2027,2301109,80.0
2028,2301109,80.0
2029,2301109,80.0
2030,2301109,80.0
2024,2301208,80.0
2025,2301208,80.0
2026,2301208,80.0
2027,2301208,80.0
2028,2301208,80.0
2029,2301208,80.0
2030,2301208,80.0
2024,2301257,80.0
2025,2301257,80.0
2026,2301257,80.0
2027,2301257,80.0
2028,2301257,80.0
2029,2301257,80.0
2030,2301257,80.0
2024,2301307,76.1827
2025,2301307,76.8522
2026,2301307,77.5084
2027,2301307,78.1513
2028,2301307,78.7809
2029,2301307,79.3971
2030,2301307,80.0
2024,2301406,80.0
2025,2301406,80.0
2026,2301406,80.0
2027,2301406,80.0
2028,2301406,80.0
2029,2301406,80.0
2030,2301406,80.0
2024,2301505,74.6233
2025,2301505,75.582
2026,2301505,76.516
2027,2301505,77.4248
2028,2301505,78.3085
2029,2301505,79.1669
2030,2301505,80.0
2024,2301604,80.0
2025,2301604,80.0
2026,2301604,80.0
2027,2301604,80.0
2028,2301604,80.0
2029,2301604,80.0
2030,2301604,80.0
2024,2301703,73.9633
2025,2301703,75.0467
2026,2301703,76.0995
2027,2301703,77.1214
2028,2301703,78.1122
2029,2301703,79.0718
2030,2301703,80.0
2024,2301802,80.0
2025,2301802,80.0
2026,2301802,80.0
2027,2301802,80.0
2028,2301802,80.0
2029,2301802,80.0
2030,2301802,80.0
2024,2301851,80.0
2025,2301851,80.0
2026,2301851,80.0
2027,2301851,80.0
2028,2301851,80.0
2029,2301851,80.0
2030,2301851,80.0
2024,2301901,80.0
2025,2301901,80.0
2026,2301901,80.0
2027,2301901,80.0
2028,2301901,80.0
2029,2301901,80.0
2030,2301901,80.0
2024,2301950,80.0
2025,2301950,80.0
2026,2301950,80.0
2027,2301950,80.0
2028,2301950,80.0
2029,2301950,80.0
2030,2301950,80.0
2024,2302008,70.0
2025,2302008,72.0
2026,2302008,74.0
2027,2302008,75.0
2028,2302008,77.0
2029,2302008,79.0
2030,2302008,80.0
2024,2302057,80.0
2025,2302057,80.0
2026,2302057,80.0
2027,2302057,80.0
2028,2302057,80.0
2029,2302057,80.0
2030,2302057,80.0
2024,2302107,78.1755
2025,2302107,78.4877
2026,2302107,78.7967
2027,2302107,79.1024
2028,2302107,79.4048
2029,2302107,79.704
2030,2302107,80.0
2024,2302206,78.3877
2025,2302206,78.6628
2026,2302206,78.9354
2027,2302206,79.2054
2028,2302206,79.4728
2029,2302206,79.7377
2030,2302206,80.0
2024,2302305,80.0
2025,2302305,80.0
2026,2302305,80.0
2027,2302305,80.0
2028,2302305,80.0
2029,2302305,80.0
2030,2302305,80.0
2024,2302404,80.0
2025,2302404,80.0
2026,2302404,80.0
2027,2302404,80.0
2028,2302404,80.0
2029,2302404,80.0
2030,2302404,80.0
2024,2302503,80.0
2025,2302503,80.0
2026,2302503,80.0
2027,2302503,80.0
2028,2302503,80.0
2029,2302503,80.0
2030,2302503,80.0
2024,2302602,80.0
2025,2302602,80.0
2026,2302602,80.0
2027,2302602,80.0
2028,2302602,80.0
2029,2302602,80.0
2030,2302602,80.0
2024,2302701,80.0
2025,2302701,80.0
2026,2302701,80.0
2027,2302701,80.0
2028,2302701,80.0
2029,2302701,80.0
2030,2302701,80.0
2024,2302800,80.0
2025,2302800,80.0
2026,2302800,80.0
2027,2302800,80.0
2028,2302800,80.0
2029,2302800,80.0
2030,2302800,80.0
2024,2302909,77.9889
2025,2302909,78.3339
2026,2302909,78.675
2027,2302909,79.0121
2028,2302909,79.3454
2029,2302909,79.6746
2030,2302909,80.0
2024,2303006,80.0
2025,2303006,80.0
2026,2303006,80.0
2027,2303006,80.0
2028,2303006,80.0
2029,2303006,80.0
2030,2303006,80.0
2024,2303105,80.0
2025,2303105,80.0
2026,2303105,80.0
2027,2303105,80.0
2028,2303105,80.0
2029,2303105,80.0
2030,2303105,80.0
2024,2303204,80.0
2025,2303204,80.0
2026,2303204,80.0
2027,2303204,80.0
2028,2303204,80.0
2029,2303204,80.0
2030,2303204,80.0
2024,2303303,80.0
2025,2303303,80.0
2026,2303303,80.0
2027,2303303,80.0
2028,2303303,80.0
2029,2303303,80.0
2030,2303303,80.0
2024,2303402,80.0
2025,2303402,80.0
2026,2303402,80.0
2027,2303402,80.0
2028,2303402,80.0
2029,2303402,80.0
2030,2303402,80.0
2024,2303501,80.0
2025,2303501,80.0
2026,2303501,80.0
2027,2303501,80.0
2028,2303501,80.0
2029,2303501,80.0
2030,2303501,80.0
2024,2303600,79.3499
2025,2303600,79.4593
2026,2303600,79.5683
2027,2303600,79.6769
2028,2303600,79.785
2029,2303600,79.8927
2030,2303600,80.0
2024,2303659,80.0
2025,2303659,80.0
2026,2303659,80.0
2027,2303659,80.0
2028,2303659,80.0
2029,2303659,80.0
2030,2303659,80.0
2024,2303709,69.1386
2025,2303709,71.1611
2026,2303709,73.1027
2027,2303709,74.9595
2028,2303709,76.7289
2029,2303709,78.4093
2030,2303709,80.0
2024,2303808,80.0
2025,2303808,80.0
2026,2303808,80.0
2027,2303808,80.0
2028,2303808,80.0
2029,2303808,80.0
2030,2303808,80.0
2024,2303907,76.0146
2025,2303907,76.7149
2026,2303907,77.4008
2027,2303907,78.0723
2028,2303907,78.7294
2029,2303907,79.3719
2030,2303907,80.0
2024,2303931,80.0
2025,2303931,80.0
2026,2303931,80.0
2027,2303931,80.0
2028,2303931,80.0
2029,2303931,80.0
2030,2303931,80.0
2024,2303956,80.0
2025,2303956,80.0
2026,2303956,80.0
2027,2303956,80.0
2028,2303956,80.0
2029,2303956,80.0
2030,2303956,80.0
2024,2304004,80.0
2025,2304004,80.0
2026,2304004,80.0
2027,2304004,80.0
2028,2304004,80.0
2029,2304004,80.0
2030,2304004,80.0
2024,2304103,80.0
2025,2304103,80.0
2026,2304103,80.0
2027,2304103,80.0
2028,2304103,80.0
2029,2304103,80.0
2030,2304103,80.0
2024,2304202,80.0
2025,2304202,80.0
2026,2304202,80.0
2027,2304202,80.0
2028,2304202,80.0
2029,2304202,80.0
2030,2304202,80.0
2024,2304236,80.0
2025,2304236,80.0
2026,2304236,80.0
2027,2304236,80.0
2028,2304236,80.0
2029,2304236,80.0
2030,2304236,80.0
2024,2304251,80.0
2025,2304251,80.0
2026,2304251,80.0
2027,2304251,80.0
2028,2304251,80.0
2029,2304251,80.0
2030,2304251,80.0
2024,2304269,80.0
2025,2304269,80.0
2026,2304269,80.0
2027,2304269,80.0
2028,2304269,80.0
2029,2304269,80.0
2030,2304269,80.0
2024,2304277,80.0
2025,2304277,80.0
2026,2304277,80.0
2027,2304277,80.0
2028,2304277,80.0
2029,2304277,80.0
2030,2304277,80.0
2024,2304285,80.0
2025,2304285,80.0
2026,2304285,80.0
2027,2304285,80.0
2028,2304285,80.0
2029,2304285,80.0
2030,2304285,80.0
2024,2304301,80.0
2025,2304301,80.0
2026,2304301,80.0
2027,2304301,80.0
2028,2304301,80.0
2029,2304301,80.0
2030,2304301,80.0
2024,2304350,80.0
2025,2304350,80.0
2026,2304350,80.0
2027,2304350,80.0
2028,2304350,80.0
2029,2304350,80.0
2030,2304350,80.0
2024,2304400,74.9496
2025,2304400,75.8472
2026,2304400,76.7226
2027,2304400,77.5757
2028,2304400,78.4063
2029,2304400,79.2144
2030,2304400,80.0
2024,2304459,80.0
2025,2304459,80.0
2026,2304459,80.0
2027,2304459,80.0
2028,2304459,80.0
2029,2304459,80.0
2030,2304459,80.0
2024,2304509,80.0
2025,2304509,80.0
2026,2304509,80.0
2027,2304509,80.0
2028,2304509,80.0
2029,2304509,80.0
2030,2304509,80.0
2024,2304608,80.0
2025,2304608,80.0
2026,2304608,80.0
2027,2304608,80.0
2028,2304608,80.0
2029,2304608,80.0
2030,2304608,80.0
2024,2304657,80.0
2025,2304657,80.0
2026,2304657,80.0
2027,2304657,80.0
2028,2304657,80.0
2029,2304657,80.0
2030,2304657,80.0
2024,2304707,80.0
2025,2304707,80.0
2026,2304707,80.0
2027,2304707,80.0
2028,2304707,80.0
2029,2304707,80.0
2030,2304707,80.0
2024,2304806,80.0
2025,2304806,80.0
2026,2304806,80.0
2027,2304806,80.0
2028,2304806,80.0
2029,2304806,80.0
2030,2304806,80.0
2024,2304905,80.0
2025,2304905,80.0
2026,2304905,80.0
2027,2304905,80.0
2028,2304905,80.0
2029,2304905,80.0
2030,2304905,80.0
2024,2304954,73.8715
2025,2304954,74.9723
2026,2304954,76.0417
2027,2304954,77.0794
2028,2304954,78.0851
2029,2304954,79.0586
2030,2304954,80.0
2024,2305001,80.0
2025,2305001,80.0
2026,2305001,80.0
2027,2305001,80.0
2028,2305001,80.0
2029,2305001,80.0
2030,2305001,80.0
2024,2305100,59.6571
2025,2305100,63.5769
2026,2305100,67.3245
2027,2305100,70.8631
2028,2305100,74.1656
2029,2305100,77.2142
2030,2305100,80.0
2024,2305209,80.0
2025,2305209,80.0
2026,2305209,80.0
2027,2305209,80.0
2028,2305209,80.0
2029,2305209,80.0
2030,2305209,80.0
2024,2305233,80.0
2025,2305233,80.0
2026,2305233,80.0
2027,2305233,80.0
2028,2305233,80.0
2029,2305233,80.0
2030,2305233,80.0
2024,2305266,71.8408
2025,2305266,73.332
2026,2305266,74.7719
2027,2305266,76.1594
2028,2305266,77.4935
2029,2305266,78.7738
2030,2305266,80.0
2024,2305308,80.0
2025,2305308,80.0
2026,2305308,80.0
2027,2305308,80.0
2028,2305308,80.0
2029,2305308,80.0
2030,2305308,80.0
2024,2305332,80.0
2025,2305332,80.0
2026,2305332,80.0
2027,2305332,80.0
2028,2305332,80.0
2029,2305332,80.0
2030,2305332,80.0
2024,2305357,80.0
2025,2305357,80.0
2026,2305357,80.0
2027,2305357,80.0
2028,2305357,80.0
2029,2305357,80.0
2030,2305357,80.0
2024,2305407,80.0
2025,2305407,80.0
2026,2305407,80.0
2027,2305407,80.0
2028,2305407,80.0
2029,2305407,80.0
2030,2305407,80.0
2024,2305506,60.4419
2025,2305506,64.2058
2026,2305506,67.8024
2027,2305506,71.1997
2028,2305506,74.374
2029,2305506,77.31
2030,2305506,80.0
2024,2305605,80.0
2025,2305605,80.0
2026,2305605,80.0
2027,2305605,80.0
2028,2305605,80.0
2029,2305605,80.0
2030,2305605,80.0
2024,2305654,80.0
2025,2305654,80.0
2026,2305654,80.0
2027,2305654,80.0
2028,2305654,80.0
2029,2305654,80.0
2030,2305654,80.0
2024,2305704,80.0
2025,2305704,80.0
2026,2305704,80.0
2027,2305704,80.0
2028,2305704,80.0
2029,2305704,80.0
2030,2305704,80.0
2024,2305803,80.0
2025,2305803,80.0
2026,2305803,80.0
2027,2305803,80.0
2028,2305803,80.0
2029,2305803,80.0
2030,2305803,80.0
2024,2305902,80.0
2025,2305902,80.0
2026,2305902,80.0
2027,2305902,80.0
2028,2305902,80.0
2029,2305902,80.0
2030,2305902,80.0
2024,2306009,80.0
2025,2306009,80.0
2026,2306009,80.0
2027,2306009,80.0
2028,2306009,80.0
2029,2306009,80.0
2030,2306009,80.0
2024,2306108,80.0
2025,2306108,80.0
2026,2306108,80.0
2027,2306108,80.0
2028,2306108,80.0
2029,2306108,80.0
2030,2306108,80.0
2024,2306207,80.0
2025,2306207,80.0
2026,2306207,80.0
2027,2306207,80.0
2028,2306207,80.0
2029,2306207,80.0
2030,2306207,80.0
2024,2306256,80.0
2025,2306256,80.0
2026,2306256,80.0
2027,2306256,80.0
2028,2306256,80.0
2029,2306256,80.0
2030,2306256,80.0
2024,2306306,80.0
2025,2306306,80.0
2026,2306306,80.0
2027,2306306,80.0
2028,2306306,80.0
2029,2306306,80.0
2030,2306306,80.0
2024,2306405,80.0
2025,2306405,80.0
2026,2306405,80.0
2027,2306405,80.0
2028,2306405,80.0
2029,2306405,80.0
2030,2306405,80.0
2024,2306504,80.0
2025,2306504,80.0
2026,2306504,80.0
2027,2306504,80.0
2028,2306504,80.0
2029,2306504,80.0
2030,2306504,80.0
2024,2306553,80.0
2025,2306553,80.0
2026,2306553,80.0
2027,2306553,80.0
2028,2306553,80.0
2029,2306553,80.0
2030,2306553,80.0
2024,2306603,80.0
2025,2306603,80.0
2026,2306603,80.0
2027,2306603,80.0
2028,2306603,80.0
2029,2306603,80.0
2030,2306603,80.0
2024,2306702,80.0
2025,2306702,80.0
2026,2306702,80.0
2027,2306702,80.0
2028,2306702,80.0
2029,2306702,80.0
2030,2306702,80.0
2024,2306801,80.0
2025,2306801,80.0
2026,2306801,80.0
2027,2306801,80.0
2028,2306801,80.0
2029,2306801,80.0
2030,2306801,80.0
2024,2306900,80.0
2025,2306900,80.0
2026,2306900,80.0
2027,2306900,80.0
2028,2306900,80.0
2029,2306900,80.0
2030,2306900,80.0
2024,2307007,80.0
2025,2307007,80.0
2026,2307007,80.0
2027,2307007,80.0
2028,2307007,80.0
2029,2307007,80.0
2030,2307007,80.0
2024,2307106,78.1924
2025,2307106,78.5017
2026,2307106,78.8078
2027,2307106,79.1106
2028,2307106,79.4103
2029,2307106,79.7067
2030,2307106,80.0
2024,2307205,75.2343
2025,2307205,76.0788
2026,2307205,76.9034
2027,2307205,77.7078
2028,2307205,78.4921
2029,2307205,79.2562
2030,2307205,80.0
2024,2307254,80.0
2025,2307254,80.0
2026,2307254,80.0
2027,2307254,80.0
2028,2307254,80.0
2029,2307254,80.0
2030,2307254,80.0
2024,2307304,63.7755
2025,2307304,66.8722
2026,2307304,69.8294
2027,2307304,72.6306
2028,2307304,75.264
2029,2307304,77.7216
2030,2307304,80.0
2024,2307403,80.0
2025,2307403,80.0
2026,2307403,80.0
2027,2307403,80.0
2028,2307403,80.0
2029,2307403,80.0
2030,2307403,80.0
2024,2307502,76.0818
2025,2307502,76.7698
2026,2307502,77.4438
2027,2307502,78.1039
2028,2307502,78.75
2029,2307502,79.382
2030,2307502,80.0
2024,2307601,80.0
2025,2307601,80.0
2026,2307601,80.0
2027,2307601,80.0
2028,2307601,80.0
2029,2307601,80.0
2030,2307601,80.0
2024,2307635,80.0
2025,2307635,80.0
2026,2307635,80.0
2027,2307635,80.0
2028,2307635,80.0
2029,2307635,80.0
2030,2307635,80.0
2024,2307650,80.0
2025,2307650,80.0
2026,2307650,80.0
2027,2307650,80.0
2028,2307650,80.0
2029,2307650,80.0
2030,2307650,80.0
2024,2307700,79.7944
2025,2307700,79.8288
2026,2307700,79.8631
2027,2307700,79.8974
2028,2307700,79.9316
2029,2307700,79.9658
2030,2307700,80.0
2024,2307809,80.0
2025,2307809,80.0
2026,2307809,80.0
2027,2307809,80.0
2028,2307809,80.0
2029,2307809,80.0
2030,2307809,80.0
2024,2307908,80.0
2025,2307908,80.0
2026,2307908,80.0
2027,2307908,80.0
2028,2307908,80.0
2029,2307908,80.0
2030,2307908,80.0
2024,2308005,80.0
2025,2308005,80.0
2026,2308005,80.0
2027,2308005,80.0
2028,2308005,80.0
2029,2308005,80.0
2030,2308005,80.0
2024,2308104,80.0
2025,2308104,80.0
2026,2308104,80.0
2027,2308104,80.0
2028,2308104,80.0
2029,2308104,80.0
2030,2308104,80.0
2024,2308203,80.0
2025,2308203,80.0
2026,2308203,80.0
2027,2308203,80.0
2028,2308203,80.0
2029,2308203,80.0
2030,2308203,80.0
2024,2308302,75.9978
2025,2308302,76.7012
2026,2308302,77.3901
2027,2308302,78.0644
2028,2308302,78.7242
2029,2308302,79.3694
2030,2308302,80.0
2024,2308351,80.0
2025,2308351,80.0
2026,2308351,80.0
2027,2308351,80.0
2028,2308351,80.0
2029,2308351,80.0
2030,2308351,80.0
2024,2308377,80.0
2025,2308377,80.0
2026,2308377,80.0
2027,2308377,80.0
2028,2308377,80.0
2029,2308377,80.0
2030,2308377,80.0
2024,2308401,75.5529
2025,2308401,76.3383
2026,2308401,77.1061
2027,2308401,77.8562
2028,2308401,78.5886
2029,2308401,79.3032
2030,2308401,80.0
2024,2308500,80.0
2025,2308500,80.0
2026,2308500,80.0
2027,2308500,80.0
2028,2308500,80.0
2029,2308500,80.0
2030,2308500,80.0
2024,2308609,80.0
2025,2308609,80.0
2026,2308609,80.0
2027,2308609,80.0
2028,2308609,80.0
2029,2308609,80.0
2030,2308609,80.0
2024,2308708,73.2213
2025,2308708,74.4461
2026,2308708,75.6334
2027,2308708,76.7828
2028,2308708,77.8938
2029,2308708,78.9662
2030,2308708,80.0
2024,2308807,80.0
2025,2308807,80.0
2026,2308807,80.0
2027,2308807,80.0
2028,2308807,80.0
2029,2308807,80.0
2030,2308807,80.0
2024,2308906,80.0
2025,2308906,80.0
2026,2308906,80.0
2027,2308906,80.0
2028,2308906,80.0
2029,2308906,80.0
2030,2308906,80.0
2024,2309003,80.0
2025,2309003,80.0
2026,2309003,80.0
2027,2309003,80.0
2028,2309003,80.0
2029,2309003,80.0
2030,2309003,80.0
2024,2309102,80.0
2025,2309102,80.0
2026,2309102,80.0
2027,2309102,80.0
2028,2309102,80.0
2029,2309102,80.0
2030,2309102,80.0
2024,2309201,80.0
2025,2309201,80.0
2026,2309201,80.0
2027,2309201,80.0
2028,2309201,80.0
2029,2309201,80.0
2030,2309201,80.0
2024,2309300,80.0
2025,2309300,80.0
2026,2309300,80.0
2027,2309300,80.0
2028,2309300,80.0
2029,2309300,80.0
2030,2309300,80.0
2024,2309409,80.0
2025,2309409,80.0
2026,2309409,80.0
2027,2309409,80.0
2028,2309409,80.0
2029,2309409,80.0
2030,2309409,80.0
2024,2309458,80.0
2025,2309458,80.0
2026,2309458,80.0
2027,2309458,80.0
2028,2309458,80.0
2029,2309458,80.0
2030,2309458,80.0
2024,2309508,80.0
2025,2309508,80.0
2026,2309508,80.0
2027,2309508,80.0
2028,2309508,80.0
2029,2309508,80.0
2030,2309508,80.0
2024,2309607,80.0
2025,2309607,80.0
2026,2309607,80.0
2027,2309607,80.0
2028,2309607,80.0
2029,2309607,80.0
2030,2309607,80.0
2024,2309706,76.6287
2025,2309706,77.2169
2026,2309706,77.7947
2027,2309706,78.3618
2028,2309706,78.9185
2029,2309706,79.4645
2030,2309706,80.0
2024,2309805,80.0
2025,2309805,80.0
2026,2309805,80.0
2027,2309805,80.0
2028,2309805,80.0
2029,2309805,80.0
2030,2309805,80.0
2024,2309904,80.0
2025,2309904,80.0
2026,2309904,80.0
2027,2309904,80.0
2028,2309904,80.0
2029,2309904,80.0
2030,2309904,80.0
2024,2310001,72.0401
2025,2310001,73.4926
2026,2310001,74.8959
2027,2310001,76.2489
2028,2310001,77.5508
2029,2310001,78.8013
2030,2310001,80.0
2024,2310100,80.0
2025,2310100,80.0
2026,2310100,80.0
2027,2310100,80.0
2028,2310100,80.0
2029,2310100,80.0
2030,2310100,80.0
2024,2310209,80.0
2025,2310209,80.0
2026,2310209,80.0
2027,2310209,80.0
2028,2310209,80.0
2029,2310209,80.0
2030,2310209,80.0
2024,2310258,80.0
2025,2310258,80.0
2026,2310258,80.0
2027,2310258,80.0
2028,2310258,80.0
2029,2310258,80.0
2030,2310258,80.0
2024,2310308,80.0
2025,2310308,80.0
2026,2310308,80.0
2027,2310308,80.0
2028,2310308,80.0
2029,2310308,80.0
2030,2310308,80.0
2024,2310407,80.0
2025,2310407,80.0
2026,2310407,80.0
2027,2310407,80.0
2028,2310407,80.0
2029,2310407,80.0
2030,2310407,80.0
2024,2310506,80.0
2025,2310506,80.0
2026,2310506,80.0
2027,2310506,80.0
2028,2310506,80.0
2029,2310506,80.0
2030,2310506,80.0
2024,2310605,78.0398
2025,2310605,78.3758
2026,2310605,78.7082
2027,2310605,79.0367
2028,2310605,79.3616
2029,2310605,79.6826
2030,2310605,80.0
2024,2310704,80.0
2025,2310704,80.0
2026,2310704,80.0
2027,2310704,80.0
2028,2310704,80.0
2029,2310704,80.0
2030,2310704,80.0
2024,2310803,80.0
2025,2310803,80.0
2026,2310803,80.0
2027,2310803,80.0
2028,2310803,80.0
2029,2310803,80.0
2030,2310803,80.0
2024,2310852,80.0
2025,2310852,80.0
2026,2310852,80.0
2027,2310852,80.0
2028,2310852,80.0
2029,2310852,80.0
2030,2310852,80.0
2024,2310902,80.0
2025,2310902,80.0
2026,2310902,80.0
2027,2310902,80.0
2028,2310902,80.0
2029,2310902,80.0
2030,2310902,80.0
2024,2310951,80.0
2025,2310951,80.0
2026,2310951,80.0
2027,2310951,80.0
2028,2310951,80.0
2029,2310951,80.0
2030,2310951,80.0
2024,2311009,80.0
2025,2311009,80.0
2026,2311009,80.0
2027,2311009,80.0
2028,2311009,80.0
2029,2311009,80.0
2030,2311009,80.0
2024,2311108,80.0
2025,2311108,80.0
2026,2311108,80.0
2027,2311108,80.0
2028,2311108,80.0
2029,2311108,80.0
2030,2311108,80.0
2024,2311207,80.0
2025,2311207,80.0
2026,2311207,80.0
2027,2311207,80.0
2028,2311207,80.0
2029,2311207,80.0
2030,2311207,80.0
2024,2311231,80.0
2025,2311231,80.0
2026,2311231,80.0
2027,2311231,80.0
2028,2311231,80.0
2029,2311231,80.0
2030,2311231,80.0
2024,2311264,80.0
2025,2311264,80.0
2026,2311264,80.0
2027,2311264,80.0
2028,2311264,80.0
2029,2311264,80.0
2030,2311264,80.0
2024,2311306,80.0
2025,2311306,80.0
2026,2311306,80.0
2027,2311306,80.0
2028,2311306,80.0
2029,2311306,80.0
2030,2311306,80.0
2024,2311355,79.4011
2025,2311355,79.5018
2026,2311355,79.6022
2027,2311355,79.7022
2028,2311355,79.8018
2029,2311355,79.9011
2030,2311355,80.0
2024,2311405,80.0
2025,2311405,80.0
2026,2311405,80.0
2027,2311405,80.0
2028,2311405,80.0
2029,2311405,80.0
2030,2311405,80.0
2024,2311504,80.0
2025,2311504,80.0
2026,2311504,80.0
2027,2311504,80.0
2028,2311504,80.0
2029,2311504,80.0
2030,2311504,80.0
2024,2311603,80.0
2025,2311603,80.0
2026,2311603,80.0
2027,2311603,80.0
2028,2311603,80.0
2029,2311603,80.0
2030,2311603,80.0
2024,2311702,80.0
2025,2311702,80.0
2026,2311702,80.0
2027,2311702,80.0
2028,2311702,80.0
2029,2311702,80.0
2030,2311702,80.0
2024,2311801,80.0
2025,2311801,80.0
2026,2311801,80.0
2027,2311801,80.0
2028,2311801,80.0
2029,2311801,80.0
2030,2311801,80.0
2024,2311900,76.0818
2025,2311900,76.7698
2026,2311900,77.4438
2027,2311900,78.1039
2028,2311900,78.75
2029,2311900,79.382
2030,2311900,80.0
2024,2311959,80.0
2025,2311959,80.0
2026,2311959,80.0
2027,2311959,80.0
2028,2311959,80.0
2029,2311959,80.0
2030,2311959,80.0
2024,2312007,80.0
2025,2312007,80.0
2026,2312007,80.0
2027,2312007,80.0
2028,2312007,80.0
2029,2312007,80.0
2030,2312007,80.0
2024,2312106,80.0
2025,2312106,80.0
2026,2312106,80.0
2027,2312106,80.0
2028,2312106,80.0
2029,2312106,80.0
2030,2312106,80.0
2024,2312205,80.0
2025,2312205,80.0
2026,2312205,80.0
2027,2312205,80.0
2028,2312205,80.0
2029,2312205,80.0
2030,2312205,80.0
2024,2312304,80.0
2025,2312304,80.0
2026,2312304,80.0
2027,2312304,80.0
2028,2312304,80.0
2029,2312304,80.0
2030,2312304,80.0
2024,2312403,80.0
2025,2312403,80.0
2026,2312403,80.0
2027,2312403,80.0
2028,2312403,80.0
2029,2312403,80.0
2030,2312403,80.0
2024,2312502,79.8458
2025,2312502,79.8716
2026,2312502,79.8973
2027,2312502,79.923
2028,2312502,79.9487
2029,2312502,79.9744
2030,2312502,80.0
2024,2312601,80.0
2025,2312601,80.0
2026,2312601,80.0
2027,2312601,80.0
2028,2312601,80.0
2029,2312601,80.0
2030,2312601,80.0
2024,2312700,80.0
2025,2312700,80.0
2026,2312700,80.0
2027,2312700,80.0
2028,2312700,80.0
2029,2312700,80.0
2030,2312700,80.0
2024,2312809,80.0
2025,2312809,80.0
2026,2312809,80.0
2027,2312809,80.0
2028,2312809,80.0
2029,2312809,80.0
2030,2312809,80.0
2024,2312908,80.0
2025,2312908,80.0
2026,2312908,80.0
2027,2312908,80.0
2028,2312908,80.0
2029,2312908,80.0
2030,2312908,80.0
2024,2313005,80.0
2025,2313005,80.0
2026,2313005,80.0
2027,2313005,80.0
2028,2313005,80.0
2029,2313005,80.0
2030,2313005,80.0
2024,2313104,80.0
2025,2313104,80.0
2026,2313104,80.0
2027,2313104,80.0
2028,2313104,80.0
2029,2313104,80.0
2030,2313104,80.0
2024,2313203,80.0
2025,2313203,80.0
2026,2313203,80.0
2027,2313203,80.0
2028,2313203,80.0
2029,2313203,80.0
2030,2313203,80.0
2024,2313252,80.0
2025,2313252,80.0
2026,2313252,80.0
2027,2313252,80.0
2028,2313252,80.0
2029,2313252,80.0
2030,2313252,80.0
2024,2313302,80.0
2025,2313302,80.0
2026,2313302,80.0
2027,2313302,80.0
2028,2313302,80.0
2029,2313302,80.0
2030,2313302,80.0
2024,2313351,80.0
2025,2313351,80.0
2026,2313351,80.0
2027,2313351,80.0
2028,2313351,80.0
2029,2313351,80.0
2030,2313351,80.0
2024,2313401,80.0
2025,2313401,80.0
2026,2313401,80.0
2027,2313401,80.0
2028,2313401,80.0
2029,2313401,80.0
2030,2313401,80.0
2024,2313500,80.0
2025,2313500,80.0
2026,2313500,80.0
2027,2313500,80.0
2028,2313500,80.0
2029,2313500,80.0
2030,2313500,80.0
2024,2313559,80.0
2025,2313559,80.0
2026,2313559,80.0
2027,2313559,80.0
2028,2313559,80.0
2029,2313559,80.0
2030,2313559,80.0
2024,2313609,80.0
2025,2313609,80.0
2026,2313609,80.0
2027,2313609,80.0
2028,2313609,80.0
2029,2313609,80.0
2030,2313609,80.0
2024,2313708,80.0
2025,2313708,80.0
2026,2313708,80.0
2027,2313708,80.0
2028,2313708,80.0
2029,2313708,80.0
2030,2313708,80.0
2024,2313757,69.8755
2025,2313757,71.7521
2026,2313757,73.556
2027,2313757,75.2843
2028,2313757,76.9352
2029,2313757,78.5072
2030,2313757,80.0
2024,2313807,80.0
2025,2313807,80.0
2026,2313807,80.0
2027,2313807,80.0
2028,2313807,80.0
2029,2313807,80.0
2030,2313807,80.0
2024,2313906,80.0
2025,2313906,80.0
2026,2313906,80.0
2027,2313906,80.0
2028,2313906,80.0
2029,2313906,80.0
2030,2313906,80.0
2024,2313955,80.0
2025,2313955,80.0
2026,2313955,80.0
2027,2313955,80.0
2028,2313955,80.0
2029,2313955,80.0
2030,2313955,80.0
2024,2314003,80.0
2025,2314003,80.0
2026,2314003,80.0
2027,2314003,80.0
2028,2314003,80.0
2029,2314003,80.0
2030,2314003,80.0
2024,2314102,80.0
2025,2314102,80.0
2026,2314102,80.0
2027,2314102,80.0
2028,2314102,80.0
2029,2314102,80.0
2030,2314102,80.0
2024,2400109,49.8442
2025,2400109,55.6225
2026,2400109,61.2526
2027,2400109,66.5974
2028,2400109,71.5474
2029,2400109,76.0278
2030,2400109,80.0
2024,2400208,48.1847
2025,2400208,54.2525
2026,2400208,60.1968
2027,2400208,65.8547
2028,2400208,71.0946
2029,2400208,75.8255
2030,2400208,80.0
2024,2400307,45.7982
2025,2400307,52.2649
2026,2400307,58.6565
2027,2400307,64.7693
2028,2400307,70.4338
2029,2400307,75.5316
2030,2400307,80.0
2024,2400406,40.1852
2025,2400406,47.4917
2026,2400406,54.9073
2027,2400406,62.1112
2028,2400406,68.8177
2029,2400406,74.8184
2030,2400406,80.0
2024,2400505,25.0
2025,2400505,33.0
2026,2400505,43.0
2027,2400505,53.0
2028,2400505,63.0
2029,2400505,73.0
2030,2400505,80.0
2024,2400604,17.0169
2025,2400604,25.1748
2026,2400604,35.5674
2027,2400604,47.5253
2028,2400604,59.7739
2029,2400604,70.9132
2030,2400604,80.0
2024,2400703,53.5816
2025,2400703,58.6773
2026,2400703,63.5937
2027,2400703,68.2417
2028,2400703,72.5524
2029,2400703,76.4797
2030,2400703,80.0
2024,2400802,26.3857
2025,2400802,34.888
2026,2400802,44.4748
2027,2400802,54.4913
2028,2400802,64.1571
2029,2400802,72.7949
2030,2400802,80.0
2024,2400901,32.4505
2025,2400901,40.615
2026,2400901,49.3334
2027,2400901,58.0926
2028,2400901,66.3697
2029,2400901,73.7508
2030,2400901,80.0
2024,2401008,43.4554
2025,2401008,50.2909
2026,2401008,57.1156
2027,2401008,63.6799
2028,2401008,69.7713
2029,2401008,75.2383
2030,2401008,80.0
2024,2401107,56.821
2025,2401107,61.2976
2026,2401107,65.5913
2027,2401107,69.6444
2028,2401107,73.4137
2029,2401107,76.8703
2030,2401107,80.0
2024,2401206,31.9713
2025,2401206,40.1746
2026,2401206,48.9677
2027,2401206,57.8252
2028,2401206,66.2062
2029,2401206,73.6799
2030,2401206,80.0
2024,2401305,42.7932
2025,2401305,49.7284
2026,2401305,56.6741
2027,2401305,63.3671
2028,2401305,69.5812
2029,2401305,75.1544
2030,2401305,80.0
2024,2401404,33.2243
2025,2401404,41.3221
2026,2401404,49.9182
2027,2401404,58.5191
2028,2401404,66.6303
2029,2401404,73.8638
2030,2401404,80.0
2024,2401453,38.9919
2025,2401453,46.4561
2026,2401453,54.0824
2027,2401453,61.5223
2028,2401453,68.4597
2029,2401453,74.6614
2030,2401453,80.0
2024,2401503,59.3729
2025,2401503,63.349
2026,2401503,67.1512
2027,2401503,70.7412
2028,2401503,74.0902
2029,2401503,77.1796
2030,2401503,80.0
2024,2401602,21.4809
2025,2401602,29.9622
2026,2401602,40.0827
2027,2401602,51.1263
2028,2401602,62.061
2029,2401602,71.8941
2030,2401602,80.0
2024,2401651,67.4508
2025,2401651,69.8098
2026,2401651,72.0685
2027,2401651,74.2207
2028,2401651,76.2617
2029,2401651,78.1885
2030,2401651,80.0
2024,2401701,43.2289
2025,2401701,50.0988
2026,2401701,56.9649
2027,2401701,63.5732
2028,2401701,69.7064
2029,2401701,75.2097
2030,2401701,80.0
2024,2401859,38.2305
2025,2401859,45.7909
2026,2401859,53.5502
2027,2401859,61.1414
2028,2401859,68.228
2029,2401859,74.56
2030,2401859,80.0
2024,2401909,44.5192
2025,2401909,51.1903
2026,2401909,57.8192
2027,2401909,64.1778
2028,2401909,70.074
2029,2401909,75.3721
2030,2401909,80.0
2024,2402006,42.3013
2025,2402006,49.3092
2026,2402006,56.3444
2027,2402006,63.1333
2028,2402006,69.439
2029,2402006,75.0917
2030,2402006,80.0
2024,2402105,31.2579
2025,2402105,39.5155
2026,2402105,48.4181
2027,2402105,57.4223
2028,2402105,65.9597
2029,2402105,73.5731
2030,2402105,80.0
2024,2402204,44.2135
2025,2402204,50.9323
2026,2402204,57.6176
2027,2402204,64.0353
2028,2402204,69.9874
2029,2402204,75.3338
2030,2402204,80.0
2024,2402303,32.4505
2025,2402303,40.615
2026,2402303,49.3334
2027,2402303,58.0926
2028,2402303,66.3697
2029,2402303,73.7508
2030,2402303,80.0
2024,2402402,67.881
2025,2402402,70.1539
2026,2402402,72.3316
2027,2402402,74.4083
2028,2402402,76.3801
2029,2402402,78.2444
2030,2402402,80.0
2024,2402501,34.5788
2025,2402501,42.5486
2026,2402501,50.9256
2027,2402501,59.2508
2028,2402501,67.0768
2029,2402501,74.0578
2030,2402501,80.0
2024,2402600,32.0
2025,2402600,41.0
2026,2402600,49.0
2027,2402600,58.0
2028,2402600,66.0
2029,2402600,74.0
2030,2402600,80.0
2024,2402709,63.6594
2025,2402709,66.7794
2026,2402709,69.7588
2027,2402709,72.5807
2028,2402709,75.2328
2029,2402709,77.7071
2030,2402709,80.0
2024,2402808,46.8544
2025,2402808,53.1472
2026,2402808,59.3416
2027,2402808,65.2524
2028,2402808,70.7278
2029,2402808,75.6622
2030,2402808,80.0
2024,2402907,31.0762
2025,2402907,39.3469
2026,2402907,48.2771
2027,2402907,57.3187
2028,2402907,65.8963
2029,2402907,73.5456
2030,2402907,80.0
2024,2403004,56.4583
2025,2403004,61.0053
2026,2403004,65.3687
2027,2403004,69.4881
2028,2403004,73.3175
2029,2403004,76.8265
2030,2403004,80.0
2024,2403103,47.3314
2025,2403103,53.5443
2026,2403103,59.6491
2027,2403103,65.4691
2028,2403103,70.8597
2029,2403103,75.7209
2030,2403103,80.0
2024,2403202,58.2085
2025,2403202,62.4142
2026,2403202,66.4406
2027,2403202,70.2413
2028,2403202,73.7815
2029,2403202,77.0382
2030,2403202,80.0
2024,2403251,50.044
2025,2403251,55.7868
2026,2403251,61.379
2027,2403251,66.6862
2028,2403251,71.6016
2029,2403251,76.0521
2030,2403251,80.0
2024,2403301,52.8292
2025,2403301,58.0653
2026,2403301,63.1259
2027,2403301,67.9133
2028,2403301,72.3514
2029,2403301,76.389
2030,2403301,80.0
2024,2403400,27.6354
2025,2403400,36.0975
2026,2403400,45.5208
2027,2403400,55.2762
2028,2403400,64.6416
2029,2403400,73.0037
2030,2403400,80.0
2024,2403509,47.0
2025,2403509,53.0
2026,2403509,60.0
2027,2403509,65.0
2028,2403509,71.0
2029,2403509,76.0
2030,2403509,80.0
2024,2403608,53.2313
2025,2403608,58.3926
2026,2403608,63.3761
2027,2403608,68.089
2028,2403608,72.4589
2029,2403608,76.4375
2030,2403608,80.0
2024,2403707,58.611
2025,2403707,62.7375
2026,2403707,66.6864
2027,2403707,70.4142
2028,2403707,73.8882
2029,2403707,77.087
2030,2403707,80.0
2024,2403756,39.767
2025,2403756,47.1297
2026,2403756,54.6195
2027,2403756,61.9059
2028,2403756,68.6929
2029,2403756,74.7637
2030,2403756,80.0
2024,2403806,42.9113
2025,2403806,49.8289
2026,2403806,56.7531
2027,2403806,63.4231
2028,2403806,69.6152
2029,2403806,75.1694
2030,2403806,80.0
2024,2403905,50.6509
2025,2403905,56.2853
2026,2403905,61.762
2027,2403905,66.9554
2028,2403905,71.7658
2029,2403905,76.1257
2030,2403905,80.0
2024,2404002,27.0871
2025,2404002,35.5689
2026,2404002,45.0651
2027,2404002,54.9349
2028,2404002,64.4311
2029,2404002,72.9129
2030,2404002,80.0
2024,2404101,44.7795
2025,2404101,51.4095
2026,2404101,57.9903
2027,2404101,64.2988
2028,2404101,70.1476
2029,2404101,75.4047
2030,2404101,80.0
2024,2404200,29.7324
2025,2404200,38.0912
2026,2404200,47.2207
2027,2404200,56.5401
2028,2404200,65.4189
2029,2404200,73.3392
2030,2404200,80.0
2024,2404309,61.5249
2025,2404309,65.0728
2026,2404309,68.4613
2027,2404309,71.6641
2028,2404309,74.6621
2029,2404309,77.4428
2030,2404309,80.0
2024,2404408,46.6508
2025,2404408,52.9775
2026,2404408,59.21
2027,2404408,65.1596
2028,2404408,70.6713
2029,2404408,75.6371
2030,2404408,80.0
2024,2404507,43.0
2025,2404507,50.0
2026,2404507,57.0
2027,2404507,64.0
2028,2404507,70.0
2029,2404507,75.0
2030,2404507,80.0
2024,2404606,47.4019
2025,2404606,53.6029
2026,2404606,59.6945
2027,2404606,65.5011
2028,2404606,70.8792
2029,2404606,75.7296
2030,2404606,80.0
2024,2404705,20.0977
2025,2404705,28.5138
2026,2404705,38.7452
2027,2404705,50.0762
2028,2404705,61.3994
2029,2404705,71.6103
2030,2404705,80.0
2024,2404804,54.9349
2025,2404804,59.7746
2026,2404804,64.4311
2027,2404804,68.8297
2028,2404804,72.9129
2029,2404804,76.6428
2030,2404804,80.0
2024,2404853,60.7754
2025,2404853,64.4729
2026,2404853,68.0054
2027,2404853,71.3427
2028,2404853,74.4627
2029,2404853,77.3508
2030,2404853,80.0
2024,2404903,57.4188
2025,2404903,61.7791
2026,2404903,65.9576
2027,2404903,69.9018
2028,2404903,73.5722
2029,2404903,76.9426
2030,2404903,80.0
2024,2405009,52.3833
2025,2405009,57.702
2026,2405009,62.848
2027,2405009,67.7182
2028,2405009,72.232
2029,2405009,76.3352
2030,2405009,80.0
2024,2405108,37.5022
2025,2405108,45.1512
2026,2405108,53.0365
2027,2405108,60.773
2028,2405108,68.0039
2029,2405108,74.462
2030,2405108,80.0
2024,2405207,30.6913
2025,2405207,38.989
2026,2405207,47.9771
2027,2405207,57.098
2028,2405207,65.7611
2029,2405207,73.4871
2030,2405207,80.0
2024,2405306,51.1092
2025,2405306,56.6609
2026,2405306,62.0502
2027,2405306,67.1579
2028,2405306,71.8895
2029,2405306,76.1812
2030,2405306,80.0
2024,2405405,21.9697
2025,2405405,30.4673
2026,2405405,40.5438
2027,2405405,51.4853
2028,2405405,62.2863
2029,2405405,71.9908
2030,2405405,80.0
2024,2405504,23.4269
2025,2405504,31.9533
2026,2405504,41.8855
2027,2405504,52.522
2028,2405504,62.9345
2029,2405504,72.2692
2030,2405504,80.0
2024,2405603,37.4737
2025,2405603,45.1262
2026,2405603,53.0163
2027,2405603,60.7585
2028,2405603,67.9951
2029,2405603,74.4582
2030,2405603,80.0
2024,2405702,33.9529
2025,2405702,41.9836
2026,2405702,50.4625
2027,2405702,58.9149
2028,2405702,66.8719
2029,2405702,73.9688
2030,2405702,80.0
2024,2405801,29.7426
2025,2405801,38.1008
2026,2405801,47.2289
2027,2405801,56.5461
2028,2405801,65.4226
2029,2405801,73.3408
2030,2405801,80.0
2024,2405900,51.6439
2025,2405900,57.0984
2026,2405900,62.3857
2027,2405900,67.3935
2028,2405900,72.0335
2029,2405900,76.2459
2030,2405900,80.0
2024,2406007,50.0
2025,2406007,56.0
2026,2406007,61.0
2027,2406007,67.0
2028,2406007,72.0
2029,2406007,76.0
2030,2406007,80.0
2024,2406106,34.7444
2025,2406106,42.6977
2026,2406106,51.0474
2027,2406106,59.3391
2028,2406106,67.1306
2029,2406106,74.0813
2030,2406106,80.0
2024,2406155,33.0
2025,2406155,41.0
2026,2406155,50.0
2027,2406155,59.0
2028,2406155,67.0
2029,2406155,74.0
2030,2406155,80.0
2024,2406205,12.0
2025,2406205,19.0
2026,2406205,30.0
2027,2406205,42.0
2028,2406205,56.0
2029,2406205,69.0
2030,2406205,80.0
2024,2406304,52.9918
2025,2406304,58.1977
2026,2406304,63.2272
2027,2406304,67.9844
2028,2406304,72.3949
2029,2406304,76.4086
2030,2406304,80.0
2024,2406403,47.7454
2025,2406403,53.8883
2026,2406403,59.9152
2027,2406403,65.6565
2028,2406403,70.9739
2029,2406403,75.7717
2030,2406403,80.0
2024,2406502,41.5232
2025,2406502,48.6437
2026,2406502,55.8197
2027,2406502,62.7606
2028,2406502,69.2125
2029,2406502,74.9919
2030,2406502,80.0
2024,2406601,30.0191
2025,2406601,38.3605
2026,2406601,47.4482
2027,2406601,56.7081
2028,2406601,65.522
2029,2406601,73.3837
2030,2406601,80.0
2024,2406700,36.2521
2025,2406700,44.0454
2026,2406700,52.1438
2027,2406700,60.131
2028,2406700,67.6131
2029,2406700,74.2914
2030,2406700,80.0
2024,2406809,47.0
2025,2406809,54.0
2026,2406809,60.0
2027,2406809,66.0
2028,2406809,71.0
2029,2406809,76.0
2030,2406809,80.0
2024,2406908,7.9367
2025,2406908,14.0465
2026,2406908,23.6514
2027,2406908,36.9971
2028,2406908,52.6776
2029,2406908,67.847
2030,2406908,80.0
2024,2407005,33.4415
2025,2407005,41.5197
2026,2407005,50.081
2027,2407005,58.6376
2028,2407005,66.7027
2029,2407005,73.8952
2030,2407005,80.0
2024,2407104,36.2808
2025,2407104,44.071
2026,2407104,52.1645
2027,2407104,60.1459
2028,2407104,67.6222
2029,2407104,74.2954
2030,2407104,80.0
2024,2407203,34.4617
2025,2407203,42.4432
2026,2407203,50.8393
2027,2407203,59.1883
2028,2407203,67.0387
2029,2407203,74.0413
2030,2407203,80.0
2024,2407252,38.4378
2025,2407252,45.9723
2026,2407252,53.6956
2027,2407252,61.2455
2028,2407252,68.2914
2029,2407252,74.5877
2030,2407252,80.0
2024,2407302,34.0999
2025,2407302,42.1166
2026,2407302,50.5717
2027,2407302,58.9942
2028,2407302,66.9203
2029,2407302,73.9898
2030,2407302,80.0
2024,2407401,47.7014
2025,2407401,53.8517
2026,2407401,59.887
2027,2407401,65.6366
2028,2407401,70.9617
2029,2407401,75.7663
2030,2407401,80.0
2024,2407500,35.0
2025,2407500,43.0
2026,2407500,51.0
2027,2407500,60.0
2028,2407500,67.0
2029,2407500,74.0
2030,2407500,80.0
2024,2407609,24.0
2025,2407609,33.0
2026,2407609,42.0
2027,2407609,53.0
2028,2407609,63.0
2029,2407609,72.0
2030,2407609,80.0
2024,2407708,62.2234
2025,2407708,65.6315
2026,2407708,68.8859
2027,2407708,71.9638
2028,2407708,74.8484
2029,2407708,77.5289
2030,2407708,80.0
2024,2407807,62.6304
2025,2407807,65.957
2026,2407807,69.1334
2027,2407807,72.1385
2028,2407807,74.9571
2029,2407807,77.5792
2030,2407807,80.0
2024,2407906,40.2501
2025,2407906,47.5479
2026,2407906,54.9519
2027,2407906,62.1429
2028,2407906,68.837
2029,2407906,74.8269
2030,2407906,80.0
2024,2408003,44.5372
2025,2408003,51.2054
2026,2408003,57.831
2027,2408003,64.1862
2028,2408003,70.0791
2029,2408003,75.3744
2030,2408003,80.0
2024,2408102,41.3027
2025,2408102,48.4545
2026,2408102,55.6702
2027,2408102,62.6543
2028,2408102,69.1479
2029,2408102,74.9635
2030,2408102,80.0
2024,2408201,39.1417
2025,2408201,46.5865
2026,2408201,54.1866
2027,2408201,61.5967
2028,2408201,68.505
2029,2408201,74.6813
2030,2408201,80.0
2024,2408300,37.6065
2025,2408300,45.2431
2026,2408300,53.1104
2027,2408300,60.826
2028,2408300,68.0362
2029,2408300,74.4761
2030,2408300,80.0
2024,2408409,31.39
2025,2408409,39.64
2026,2408409,48.52
2027,2408409,57.5
2028,2408409,66.01
2029,2408409,73.59
2030,2408409,80.0
2024,2408508,46.8544
2025,2408508,53.1472
2026,2408508,59.3416
2027,2408508,65.2524
2028,2408508,70.7278
2029,2408508,75.6622
2030,2408508,80.0
2024,2408607,28.0
2025,2408607,36.0
2026,2408607,45.0
2027,2408607,55.0
2028,2408607,65.0
2029,2408607,73.0
2030,2408607,80.0
2024,2408706,14.0
2025,2408706,22.0
2026,2408706,33.0
2027,2408706,45.0
2028,2408706,58.0
2029,2408706,70.0
2030,2408706,80.0
2024,2408805,52.3747
2025,2408805,57.695
2026,2408805,62.8426
2027,2408805,67.7144
2028,2408805,72.2297
2029,2408805,76.3342
2030,2408805,80.0
2024,2408904,49.1997
2025,2408904,55.0915
2026,2408904,60.8439
2027,2408904,66.31
2028,2408904,71.3721
2029,2408904,75.9494
2030,2408904,80.0
2024,2408953,21.4353
2025,2408953,29.9149
2026,2408953,40.0394
2027,2408953,51.0924
2028,2408953,62.0397
2029,2408953,71.885
2030,2408953,80.0
2024,2409100,31.7909
2025,2409100,40.0084
2026,2409100,48.8294
2027,2409100,57.7239
2028,2409100,66.1443
2029,2409100,73.653
2030,2409100,80.0
2024,2409209,52.7349
2025,2409209,57.9886
2026,2409209,63.0672
2027,2409209,67.8721
2028,2409209,72.3262
2029,2409209,76.3776
2030,2409209,80.0
2024,2409308,39.1323
2025,2409308,46.5784
2026,2409308,54.1801
2027,2409308,61.5921
2028,2409308,68.5021
2029,2409308,74.68
2030,2409308,80.0
2024,2409332,53.1715
2025,2409332,58.3439
2026,2409332,63.3389
2027,2409332,68.0629
2028,2409332,72.4429
2029,2409332,76.4303
2030,2409332,80.0
2024,2409407,45.2539
2025,2409407,51.8084
2026,2409407,58.3013
2027,2409407,64.5185
2028,2409407,70.2812
2029,2409407,75.4639
2030,2409407,80.0
2024,2409506,51.066
2025,2409506,56.6255
2026,2409506,62.0231
2027,2409506,67.1388
2028,2409506,71.8779
2029,2409506,76.176
2030,2409506,80.0
2024,2409605,48.1321
2025,2409605,54.2089
2026,2409605,60.1631
2027,2409605,65.831
2028,2409605,71.0801
2029,2409605,75.8191
2030,2409605,80.0
2024,2409704,26.535
2025,2409704,35.0334
2026,2409704,44.6012
2027,2409704,54.5864
2028,2409704,64.2159
2029,2409704,72.8202
2030,2409704,80.0
2024,2409803,23.8032
2025,2409803,32.3325
2026,2409803,42.2244
2027,2409803,52.7821
2028,2409803,63.0966
2029,2409803,72.3388
2030,2409803,80.0
2024,2409902,47.04
2025,2409902,53.3019
2026,2409902,59.4614
2027,2409902,65.3368
2028,2409902,70.7792
2029,2409902,75.685
2030,2409902,80.0
2024,2410009,67.211
2025,2410009,69.6179
2026,2410009,71.9219
2027,2410009,74.1162
2028,2410009,76.1958
2029,2410009,78.1575
2030,2410009,80.0
2024,2410108,16.1399
2025,2410108,24.1923
2026,2410108,34.6044
2027,2410108,46.7351
2028,2410108,59.2645
2029,2410108,70.6947
2030,2410108,80.0
2024,2410207,55.6723
2025,2410207,60.3709
2026,2410207,64.8856
2027,2410207,69.1488
2028,2410207,73.1089
2029,2410207,76.7317
2030,2410207,80.0
2024,2410256,61.9408
2025,2410256,65.4055
2026,2410256,68.7141
2027,2410256,71.8425
2028,2410256,74.773
2029,2410256,77.494
2030,2410256,80.0
2024,2410306,36.6353
2025,2410306,44.3855
2026,2410306,52.419
2027,2410306,60.3292
2028,2410306,67.7338
2029,2410306,74.3441
2030,2410306,80.0
2024,2410405,42.593
2025,2410405,49.558
2026,2410405,56.5401
2027,2410405,63.2721
2028,2410405,69.5234
2029,2410405,75.1289
2030,2410405,80.0
2024,2410504,59.6488
2025,2410504,63.5702
2026,2410504,67.3194
2027,2410504,70.8596
2028,2410504,74.1634
2029,2410504,77.2132
2030,2410504,80.0
2024,2410603,37.0267
2025,2410603,44.7318
2026,2410603,52.6986
2027,2410603,60.5303
2028,2410603,67.8562
2029,2410603,74.3975
2030,2410603,80.0
2024,2410702,32.2212
2025,2410702,40.4045
2026,2410702,49.1588
2027,2410702,57.9649
2028,2410702,66.2917
2029,2410702,73.7169
2030,2410702,80.0
2024,2410801,52.8035
2025,2410801,58.0444
2026,2410801,63.1099
2027,2410801,67.9021
2028,2410801,72.3445
2029,2410801,76.3859
2030,2410801,80.0
2024,2410900,47.1902
2025,2410900,53.4269
2026,2410900,59.5582
2027,2410900,65.405
2028,2410900,70.8207
2029,2410900,75.7035
2030,2410900,80.0
2024,2411007,38.2211
2025,2411007,45.7827
2026,2411007,53.5436
2027,2411007,61.1367
2028,2411007,68.2252
2029,2411007,74.5588
2030,2411007,80.0
2024,2411106,61.841
2025,2411106,65.3257
2026,2411106,68.6535
2027,2411106,71.7997
2028,2411106,74.7464
2029,2411106,77.4817
2030,2411106,80.0
2024,2411205,28.5032
2025,2411205,36.9279
2026,2411205,46.2324
2027,2411205,55.8069
2028,2411205,64.9684
2029,2411205,73.1446
2030,2411205,80.0
2024,2411403,28.8666
2025,2411403,37.2732
2026,2411403,46.5268
2027,2411403,56.0258
2028,2411403,65.103
2029,2411403,73.2027
2030,2411403,80.0
2024,2411429,56.9137
2025,2411429,61.3723
2026,2411429,65.6481
2027,2411429,69.6844
2028,2411429,73.4382
2029,2411429,76.8815
2030,2411429,80.0
2024,2411502,68.6918
2025,2411502,70.8031
2026,2411502,72.8283
2027,2411502,74.7632
2028,2411502,76.6045
2029,2411502,78.3504
2030,2411502,80.0
2024,2411601,61.45
2025,2411601,65.0129
2026,2411601,68.4157
2027,2411601,71.632
2028,2411601,74.6422
2029,2411601,77.4336
2030,2411601,80.0
2024,2411700,40.2408
2025,2411700,47.5399
2026,2411700,54.9455
2027,2411700,62.1384
2028,2411700,68.8343
2029,2411700,74.8257
2030,2411700,80.0
2024,2411809,52.4949
2025,2411809,57.793
2026,2411809,62.9176
2027,2411809,67.767
2028,2411809,72.2619
2029,2411809,76.3487
2030,2411809,80.0
2024,2411908,60.692
2025,2411908,64.4062
2026,2411908,67.9546
2027,2411908,71.307
2028,2411908,74.4405
2029,2411908,77.3406
2030,2411908,80.0
2024,2412005,56.9137
2025,2412005,61.3723
2026,2412005,65.6481
2027,2412005,69.6844
2028,2412005,73.4382
2029,2412005,76.8815
2030,2412005,80.0
2024,2412104,54.4762
2025,2412104,59.4031
2026,2412104,64.1478
2027,2412104,68.6307
2028,2412104,72.7909
2029,2412104,76.5875
2030,2412104,80.0
2024,2412203,41.4314
2025,2412203,48.565
2026,2412203,55.7575
2027,2412203,62.7164
2028,2412203,69.1856
2029,2412203,74.9801
2030,2412203,80.0
2024,2412302,24.9968
2025,2412302,33.5234
2026,2412302,43.2803
2027,2412302,53.5877
2028,2412302,63.5975
2029,2412302,72.5541
2030,2412302,80.0
2024,2412401,42.9477
2025,2412401,49.8598
2026,2412401,56.7774
2027,2412401,63.4403
2028,2412401,69.6256
2029,2412401,75.174
2030,2412401,80.0
2024,2412500,46.1273
2025,2412500,52.5403
2026,2412500,58.8706
2027,2412500,64.9203
2028,2412500,70.5257
2029,2412500,75.5724
2030,2412500,80.0
2024,2412559,31.0
2025,2412559,39.0
2026,2412559,48.0
2027,2412559,57.0
2028,2412559,66.0
2029,2412559,73.0
2030,2412559,80.0
2024,2412609,58.5104
2025,2412609,62.6567
2026,2412609,66.625
2027,2412609,70.371
2028,2412609,73.8615
2029,2412609,77.0748
2030,2412609,80.0
2024,2412807,26.8752
2025,2412807,35.3637
2026,2412807,44.8876
2027,2412807,54.8018
2028,2412807,64.3489
2029,2412807,72.8775
2030,2412807,80.0
2024,2412906,27.1822
2025,2412906,35.6608
2026,2412906,45.1445
2027,2412906,54.9945
2028,2412906,64.4679
2029,2412906,72.9288
2030,2412906,80.0
2024,2413003,65.7632
2025,2413003,68.4604
2026,2413003,71.0388
2027,2413003,73.488
2028,2413003,75.8007
2029,2413003,77.972
2030,2413003,80.0
2024,2413102,63.1866
2025,2413102,66.4016
2026,2413102,69.4714
2027,2413102,72.3774
2028,2413102,75.106
2029,2413102,77.6482
2030,2413102,80.0
2024,2413201,31.1065
2025,2413201,39.3751
2026,2413201,48.3007
2027,2413201,57.336
2028,2413201,65.9069
2029,2413201,73.5502
2030,2413201,80.0
2024,2413300,34.1195
2025,2413300,42.1343
2026,2413300,50.5862
2027,2413300,59.0047
2028,2413300,66.9267
2029,2413300,73.9926
2030,2413300,80.0
2024,2413359,39.6086
2025,2413359,46.9924
2026,2413359,54.5102
2027,2413359,61.8278
2028,2413359,68.6455
2029,2413359,74.7429
2030,2413359,80.0
2024,2413409,33.0463
2025,2413409,41.1599
2026,2413409,49.7843
2027,2413409,58.4215
2028,2413409,66.5707
2029,2413409,73.838
2030,2413409,80.0
2024,2413508,60.1415
2025,2413508,63.9652
2026,2413508,67.6195
2027,2413508,71.0709
2028,2413508,74.2942
2029,2413508,77.2733
2030,2413508,80.0
2024,2413557,61.1836
2025,2413557,64.7997
2026,2413557,68.2537
2027,2413557,71.5178
2028,2413557,74.5713
2029,2413557,77.4008
2030,2413557,80.0
2024,2413607,72.9465
2025,2413607,74.224
2026,2413607,75.4614
2027,2413607,76.6581
2028,2413607,77.8135
2029,2413607,78.9276
2030,2413607,80.0
2024,2413706,35.8771
2025,2413706,43.7118
2026,2413706,51.8732
2027,2413706,59.9359
2028,2413706,67.4943
2029,2413706,74.2396
2030,2413706,80.0
2024,2413805,51.0401
2025,2413805,56.6043
2026,2413805,62.0068
2027,2413805,67.1274
2028,2413805,71.8709
2029,2413805,76.1729
2030,2413805,80.0
2024,2413904,43.1655
2025,2413904,50.0449
2026,2413904,56.9227
2027,2413904,63.5433
2028,2413904,69.6882
2029,2413904,75.2016
2030,2413904,80.0
2024,2414001,48.8416
2025,2414001,54.796
2026,2414001,60.6161
2027,2414001,66.1498
2028,2414001,71.2744
2029,2414001,75.9058
2030,2414001,80.0
2024,2414100,48.8067
2025,2414100,54.7671
2026,2414100,60.5938
2027,2414100,66.1341
2028,2414100,71.2648
2029,2414100,75.9015
2030,2414100,80.0
2024,2414159,50.339
2025,2414159,56.0293
2026,2414159,61.5653
2027,2414159,66.8172
2028,2414159,71.6815
2029,2414159,76.0879
2030,2414159,80.0
2024,2414209,24.5063
2025,2414209,33.0362
2026,2414209,42.8498
2027,2414209,53.2601
2028,2414209,63.394
2029,2414209,72.4666
2030,2414209,80.0
2024,2414308,27.9606
2025,2414308,36.4095
2026,2414308,45.7888
2027,2414308,55.4764
2028,2414308,64.765
2029,2414308,73.0569
2030,2414308,80.0
2024,2414407,31.9112
2025,2414407,40.1193
2026,2414407,48.9217
2027,2414407,57.7915
2028,2414407,66.1856
2029,2414407,73.671
2030,2414407,80.0
2024,2414456,11.0
2025,2414456,18.0
2026,2414456,28.0
2027,2414456,41.0
2028,2414456,56.0
2029,2414456,69.0
2030,2414456,80.0
2024,2414605,32.0313
2025,2414605,40.2299
2026,2414605,49.0137
2027,2414605,57.8588
2028,2414605,66.2268
2029,2414605,73.6888
2030,2414605,80.0
2024,2414704,24.1226
2025,2414704,32.6529
2026,2414704,42.5098
2027,2414704,53.0005
2028,2414704,63.2326
2029,2414704,72.3972
2030,2414704,80.0
2024,2414753,47.3137
2025,2414753,53.5296
2026,2414753,59.6378
2027,2414753,65.4611
2028,2414753,70.8548
2029,2414753,75.7187
2030,2414753,80.0
2024,2414803,62.2566
2025,2414803,65.6581
2026,2414803,68.9061
2027,2414803,71.9781
2028,2414803,74.8573
2029,2414803,77.533
2030,2414803,80.0
2024,2414902,62.4228
2025,2414902,65.791
2026,2414902,69.0071
2027,2414902,72.0494
2028,2414902,74.9016
2029,2414902,77.5535
2030,2414902,80.0
2024,2415008,26.4284
2025,2415008,34.9296
2026,2415008,44.511
2027,2415008,54.5186
2028,2415008,64.174
2029,2415008,72.8022
2030,2415008,80.0
2024,2500106,52.9148
2025,2500106,58.135
2026,2500106,63.1792
2027,2500106,67.9507
2028,2500106,72.3743
2029,2500106,76.3993
2030,2500106,80.0
2024,2500205,70.5383
2025,2500205,72.2842
2026,2500205,73.9648
2027,2500205,75.578
2028,2500205,77.1221
2029,2500205,78.5962
2030,2500205,80.0
2024,2500304,38.306
2025,2500304,45.857
2026,2500304,53.6032
2027,2500304,61.1793
2028,2500304,68.2511
2029,2500304,74.5701
2030,2500304,80.0
2024,2500403,45.3254
2025,2500403,51.8685
2026,2500403,58.348
2027,2500403,64.5515
2028,2500403,70.3013
2029,2500403,75.4728
2030,2500403,80.0
2024,2500502,61.0587
2025,2500502,64.6997
2026,2500502,68.1777
2027,2500502,71.4642
2028,2500502,74.538
2029,2500502,77.3855
2030,2500502,80.0
2024,2500536,48.5792
2025,2500536,54.579
2026,2500536,60.4488
2027,2500536,66.0321
2028,2500536,71.2027
2029,2500536,75.8738
2030,2500536,80.0
2024,2500577,50.0614
2025,2500577,55.8011
2026,2500577,61.39
2027,2500577,66.6939
2028,2500577,71.6063
2029,2500577,76.0542
2030,2500577,80.0
2024,2500601,61.092
2025,2500601,64.7264
2026,2500601,68.198
2027,2500601,71.4785
2028,2500601,74.5469
2029,2500601,77.3896
2030,2500601,80.0
2024,2500700,48.1145
2025,2500700,54.1944
2026,2500700,60.1518
2027,2500700,65.8231
2028,2500700,71.0753
2029,2500700,75.8169
2030,2500700,80.0
2024,2500734,80.0
2025,2500734,80.0
2026,2500734,80.0
2027,2500734,80.0
2028,2500734,80.0
2029,2500734,80.0
2030,2500734,80.0
2024,2500775,48.4741
2025,2500775,54.4921
2026,2500775,60.3817
2027,2500775,65.9849
2028,2500775,71.1739
2029,2500775,75.8609
2030,2500775,80.0
2024,2500809,66.6485
2025,2500809,69.1681
2026,2500809,71.5785
2027,2500809,73.8717
2028,2500809,76.0418
2029,2500809,78.0851
2030,2500809,80.0
2024,2500908,42.082
2025,2500908,49.122
2026,2500908,56.197
2027,2500908,63.0286
2028,2500908,69.3754
2029,2500908,75.0637
2030,2500908,80.0
2024,2501005,41.9266
2025,2501005,48.9891
2026,2501005,56.0922
2027,2501005,62.9542
2028,2501005,69.3302
2029,2501005,75.0438
2030,2501005,80.0
2024,2501104,80.0
2025,2501104,80.0
2026,2501104,80.0
2027,2501104,80.0
2028,2501104,80.0
2029,2501104,80.0
2030,2501104,80.0
2024,2501153,32.2212
2025,2501153,40.4045
2026,2501153,49.1588
2027,2501153,57.9649
2028,2501153,66.2917
2029,2501153,73.7169
2030,2501153,80.0
2024,2501203,80.0
2025,2501203,80.0
2026,2501203,80.0
2027,2501203,80.0
2028,2501203,80.0
2029,2501203,80.0
2030,2501203,80.0
2024,2501302,69.8921
2025,2501302,71.7654
2026,2501302,73.5662
2027,2501302,75.2917
2028,2501302,76.9398
2029,2501302,78.5095
2030,2501302,80.0
2024,2501351,53.5474
2025,2501351,58.6495
2026,2501351,63.5725
2027,2501351,68.2268
2028,2501351,72.5433
2029,2501351,76.4756
2030,2501351,80.0
2024,2501401,28.8976
2025,2501401,37.3027
2026,2501401,46.5519
2027,2501401,56.0445
2028,2501401,65.1145
2029,2501401,73.2077
2030,2501401,80.0
2024,2501500,55.8162
2025,2501500,60.4871
2026,2501500,64.9741
2027,2501500,69.2109
2028,2501500,73.1471
2029,2501500,76.7491
2030,2501500,80.0
2024,2501534,62.7799
2025,2501534,66.0765
2026,2501534,69.2242
2027,2501534,72.2027
2028,2501534,74.9971
2029,2501534,77.5977
2030,2501534,80.0
2024,2501575,35.2106
2025,2501575,43.1161
2026,2501575,51.3888
2027,2501575,59.5861
2028,2501575,67.2812
2029,2501575,74.1468
2030,2501575,80.0
2024,2501609,60.3084
2025,2501609,64.0989
2026,2501609,67.7212
2027,2501609,71.1425
2028,2501609,74.3386
2029,2501609,77.2937
2030,2501609,80.0
2024,2501708,63.734
2025,2501708,66.839
2026,2501708,69.8042
2027,2501708,72.6128
2028,2501708,75.2528
2029,2501708,77.7164
2030,2501708,80.0
2024,2501807,40.7406
2025,2501807,47.9711
2026,2501807,55.2876
2027,2501807,62.3821
2028,2501807,68.9824
2029,2501807,74.8908
2030,2501807,80.0
2024,2501906,60.6504
2025,2501906,64.3728
2026,2501906,67.9293
2027,2501906,71.2891
2028,2501906,74.4294
2029,2501906,77.3355
2030,2501906,80.0
2024,2502003,61.2335
2025,2502003,64.8397
2026,2502003,68.2841
2027,2502003,71.5392
2028,2502003,74.5846
2029,2502003,77.407
2030,2502003,80.0
2024,2502052,64.455
2025,2502052,67.4152
2026,2502052,70.2426
2027,2502052,72.9232
2028,2502052,75.4468
2029,2502052,77.8067
2030,2502052,80.0
2024,2502102,35.7326
2025,2502102,43.5829
2026,2502102,51.7685
2027,2502102,59.8604
2028,2502102,67.4483
2029,2502102,74.2196
2030,2502102,80.0
2024,2502151,70.4057
2025,2502151,72.1777
2026,2502151,73.8829
2027,2502151,75.5191
2028,2502151,77.0846
2029,2502151,78.5783
2030,2502151,80.0
2024,2502201,32.7787
2025,2502201,40.9154
2026,2502201,49.5822
2027,2502201,58.2742
2028,2502201,66.4807
2029,2502201,73.7989
2030,2502201,80.0
2024,2502300,67.7734
2025,2502300,70.0679
2026,2502300,72.2658
2027,2502300,74.3614
2028,2502300,76.3504
2029,2502300,78.2304
2030,2502300,80.0
2024,2502409,47.04
2025,2502409,53.3019
2026,2502409,59.4614
2027,2502409,65.3368
2028,2502409,70.7792
2029,2502409,75.685
2030,2502409,80.0
2024,2502508,44.4833
2025,2502508,51.16
2026,2502508,57.7955
2027,2502508,64.1611
2028,2502508,70.0638
2029,2502508,75.3676
2030,2502508,80.0
2024,2502607,36.0984
2025,2502607,43.9088
2026,2502607,52.0331
2027,2502607,60.0512
2028,2502607,67.5645
2029,2502607,74.2703
2030,2502607,80.0
2024,2502706,80.0
2025,2502706,80.0
2026,2502706,80.0
2027,2502706,80.0
2028,2502706,80.0
2029,2502706,80.0
2030,2502706,80.0
2024,2502805,57.9483
2025,2502805,62.205
2026,2502805,66.2815
2027,2502805,70.1295
2028,2502805,73.7125
2029,2502805,77.0067
2030,2502805,80.0
2024,2502904,51.0746
2025,2502904,56.6326
2026,2502904,62.0285
2027,2502904,67.1426
2028,2502904,71.8802
2029,2502904,76.177
2030,2502904,80.0
2024,2503001,44.2855
2025,2503001,50.9931
2026,2503001,57.6651
2027,2503001,64.0689
2028,2503001,70.0078
2029,2503001,75.3428
2030,2503001,80.0
2024,2503100,64.0158
2025,2503100,67.0642
2026,2503100,69.9755
2027,2503100,72.7341
2028,2503100,75.3286
2029,2503100,77.7517
2030,2503100,80.0
2024,2503209,54.0165
2025,2503209,59.0304
2026,2503209,63.8633
2027,2503209,68.431
2028,2503209,72.6684
2029,2503209,76.5322
2030,2503209,80.0
2024,2503308,48.0794
2025,2503308,54.1653
2026,2503308,60.1293
2027,2503308,65.8072
2028,2503308,71.0657
2029,2503308,75.8126
2030,2503308,80.0
2024,2503407,66.5326
2025,2503407,69.0755
2026,2503407,71.5079
2027,2503407,73.8214
2028,2503407,76.0102
2029,2503407,78.0703
2030,2503407,80.0
2024,2503506,79.5634
2025,2503506,79.6367
2026,2503506,79.7097
2027,2503506,79.7826
2028,2503506,79.8553
2029,2503506,79.9277
2030,2503506,80.0
2024,2503555,39.4874
2025,2503555,46.8871
2026,2503555,54.4263
2027,2503555,61.768
2028,2503555,68.6091
2029,2503555,74.7269
2030,2503555,80.0
2024,2503605,58.1749
2025,2503605,62.3872
2026,2503605,66.4201
2027,2503605,70.2269
2028,2503605,73.7726
2029,2503605,77.0341
2030,2503605,80.0
2024,2503704,56.357
2025,2503704,60.9236
2026,2503704,65.3065
2027,2503704,69.4444
2028,2503704,73.2906
2029,2503704,76.8143
2030,2503704,80.0
2024,2503753,80.0
2025,2503753,80.0
2026,2503753,80.0
2027,2503753,80.0
2028,2503753,80.0
2029,2503753,80.0
2030,2503753,80.0
2024,2503803,59.08
2025,2503803,63.114
2026,2503803,66.9727
2027,2503803,70.6156
2028,2503803,74.0126
2029,2503803,77.144
2030,2503803,80.0
2024,2503902,42.984
2025,2503902,49.8907
2026,2503902,56.8016
2027,2503902,63.4575
2028,2503902,69.6361
2029,2503902,75.1786
2030,2503902,80.0
2024,2504009,48.3865
2025,2504009,54.4196
2026,2504009,60.3257
2027,2504009,65.9455
2028,2504009,71.1499
2029,2504009,75.8502
2030,2504009,80.0
2024,2504033,60.0079
2025,2504033,63.8581
2026,2504033,67.5382
2027,2504033,71.0136
2028,2504033,74.2588
2029,2504033,77.257
2030,2504033,80.0
2024,2504074,53.5816
2025,2504074,58.6773
2026,2504074,63.5937
2027,2504074,68.2417
2028,2504074,72.5524
2029,2504074,76.4797
2030,2504074,80.0
2024,2504108,70.7207
2025,2504108,72.4307
2026,2504108,74.0775
2027,2504108,75.659
2028,2504108,77.1738
2029,2504108,78.6209
2030,2504108,80.0
2024,2504157,53.2057
2025,2504157,58.3717
2026,2504157,63.3602
2027,2504157,68.0778
2028,2504157,72.4521
2029,2504157,76.4344
2030,2504157,80.0
2024,2504207,39.7204
2025,2504207,47.0894
2026,2504207,54.5874
2027,2504207,61.883
2028,2504207,68.679
2029,2504207,74.7576
2030,2504207,80.0
2024,2504306,59.3227
2025,2504306,63.3087
2026,2504306,67.1206
2027,2504306,70.7197
2028,2504306,74.0769
2029,2504306,77.1735
2030,2504306,80.0
2024,2504355,57.4693
2025,2504355,61.8197
2026,2504355,65.9885
2027,2504355,69.9235
2028,2504355,73.5855
2029,2504355,76.9487
2030,2504355,80.0
2024,2504405,78.15
2025,2504405,78.4667
2026,2504405,78.7801
2027,2504405,79.0901
2028,2504405,79.3967
2029,2504405,79.7
2030,2504405,80.0
2024,2504504,60.1832
2025,2504504,63.9986
2026,2504504,67.6449
2027,2504504,71.0888
2028,2504504,74.3053
2029,2504504,77.2784
2030,2504504,80.0
2024,2504603,65.2831
2025,2504603,68.0768
2026,2504603,70.7465
2027,2504603,73.2805
2028,2504603,75.6705
2029,2504603,77.9112
2030,2504603,80.0
2024,2504702,54.3571
2025,2504702,59.3066
2026,2504702,64.0741
2027,2504702,68.579
2028,2504702,72.7592
2029,2504702,76.5732
2030,2504702,80.0
2024,2504801,69.1635
2025,2504801,71.181
2026,2504801,73.1179
2027,2504801,74.9704
2028,2504801,76.7358
2029,2504801,78.4126
2030,2504801,80.0
2024,2504850,75.7626
2025,2504850,76.5093
2026,2504850,77.2399
2027,2504850,77.9542
2028,2504850,78.6524
2029,2504850,79.3343
2030,2504850,80.0
2024,2504900,60.3418
2025,2504900,64.1256
2026,2504900,67.7415
2027,2504900,71.1568
2028,2504900,74.3474
2029,2504900,77.2977
2030,2504900,80.0
2024,2505006,73.1131
2025,2505006,74.3585
2026,2505006,75.5656
2027,2505006,76.7336
2028,2505006,77.8622
2029,2505006,78.951
2030,2505006,80.0
2024,2505105,55.4945
2025,2505105,60.2272
2026,2505105,64.7761
2027,2505105,69.0719
2028,2505105,73.0617
2029,2505105,76.7103
2030,2505105,80.0
2024,2505204,36.3768
2025,2505204,44.1562
2026,2505204,52.2335
2027,2505204,60.1956
2028,2505204,67.6525
2029,2505204,74.3086
2030,2505204,80.0
2024,2505238,16.0527
2025,2505238,24.0937
2026,2505238,34.507
2027,2505238,46.6547
2028,2505238,59.2125
2029,2505238,70.6724
2030,2505238,80.0
2024,2505279,60.9337
2025,2505279,64.5997
2026,2505279,68.1017
2027,2505279,71.4106
2028,2505279,74.5048
2029,2505279,77.3702
2030,2505279,80.0
2024,2505303,44.5731
2025,2505303,51.2357
2026,2505303,57.8546
2027,2505303,64.2029
2028,2505303,70.0892
2029,2505303,75.3789
2030,2505303,80.0
2024,2505352,44.2405
2025,2505352,50.9551
2026,2505352,57.6355
2027,2505352,64.0479
2028,2505352,69.995
2029,2505352,75.3372
2030,2505352,80.0
2024,2505402,59.8827
2025,2505402,63.7577
2026,2505402,67.4619
2027,2505402,70.9599
2028,2505402,74.2255
2029,2505402,77.2417
2030,2505402,80.0
2024,2505501,49.8702
2025,2505501,55.6439
2026,2505501,61.2691
2027,2505501,66.609
2028,2505501,71.5544
2029,2505501,76.031
2030,2505501,80.0
2024,2505600,32.2212
2025,2505600,40.4045
2026,2505600,49.1588
2027,2505600,57.9649
2028,2505600,66.2917
2029,2505600,73.7169
2030,2505600,80.0
2024,2505709,53.9824
2025,2505709,59.0027
2026,2505709,63.8422
2027,2505709,68.4162
2028,2505709,72.6594
2029,2505709,76.528
2030,2505709,80.0
2024,2505808,16.9433
2025,2505808,25.0929
2026,2505808,35.4877
2027,2505808,47.4602
2028,2505808,59.732
2029,2505808,70.8953
2030,2505808,80.0
2024,2505907,67.8148
2025,2505907,70.101
2026,2505907,72.2911
2027,2505907,74.3794
2028,2505907,76.3618
2029,2505907,78.2357
2030,2505907,80.0
2024,2506004,64.5544
2025,2506004,67.4946
2026,2506004,70.3031
2027,2506004,72.9661
2028,2506004,75.4736
2029,2506004,77.8192
2030,2506004,80.0
2024,2506103,63.8998
2025,2506103,66.9715
2026,2506103,69.905
2027,2506103,72.6841
2028,2506103,75.2974
2029,2506103,77.7372
2030,2506103,80.0
2024,2506202,45.1109
2025,2506202,51.6882
2026,2506202,58.2076
2027,2506202,64.4523
2028,2506202,70.241
2029,2506202,75.4461
2030,2506202,80.0
2024,2506251,78.5151
2025,2506251,78.7681
2026,2506251,79.0188
2027,2506251,79.2674
2028,2506251,79.5138
2029,2506251,79.758
2030,2506251,80.0
2024,2506301,42.7841
2025,2506301,49.7207
2026,2506301,56.6681
2027,2506301,63.3628
2028,2506301,69.5785
2029,2506301,75.1532
2030,2506301,80.0
2024,2506400,41.8533
2025,2506400,48.9264
2026,2506400,56.0428
2027,2506400,62.9191
2028,2506400,69.3088
2029,2506400,75.0344
2030,2506400,80.0
2024,2506509,74.3474
2025,2506509,75.3581
2026,2506509,76.3416
2027,2506509,77.2977
2028,2506509,78.2262
2029,2506509,79.127
2030,2506509,80.0
2024,2506608,19.3714
2025,2506608,27.7413
2026,2506608,38.0222
2027,2506608,49.503
2028,2506608,61.0364
2029,2506608,71.4546
2030,2506608,80.0
2024,2506707,69.2214
2025,2506707,71.2275
2026,2506707,73.1535
2027,2506707,74.9959
2028,2506707,76.752
2029,2506707,78.4203
2030,2506707,80.0
2024,2506806,61.0753
2025,2506806,64.713
2026,2506806,68.1878
2027,2506806,71.4713
2028,2506806,74.5424
2029,2506806,77.3875
2030,2506806,80.0
2024,2506905,32.5501
2025,2506905,40.7062
2026,2506905,49.4091
2027,2506905,58.1478
2028,2506905,66.4035
2029,2506905,73.7654
2030,2506905,80.0
2024,2507002,24.8989
2025,2507002,33.4265
2026,2507002,43.1948
2027,2507002,53.5227
2028,2507002,63.5571
2029,2507002,72.5367
2030,2507002,80.0
2024,2507101,73.0464
2025,2507101,74.3047
2026,2507101,75.5239
2027,2507101,76.7034
2028,2507101,77.8427
2029,2507101,78.9416
2030,2507101,80.0
2024,2507200,30.5288
2025,2507200,38.8374
2026,2507200,47.8498
2027,2507200,57.0043
2028,2507200,65.7037
2029,2507200,73.4623
2030,2507200,80.0
2024,2507309,41.56
2025,2507309,48.6752
2026,2507309,55.8445
2027,2507309,62.7782
2028,2507309,69.2232
2029,2507309,74.9967
2030,2507309,80.0
2024,2507408,57.8475
2025,2507408,62.1239
2026,2507408,66.2199
2027,2507408,70.0862
2028,2507408,73.6858
2029,2507408,76.9945
2030,2507408,80.0
2024,2507507,52.1257
2025,2507507,57.4919
2026,2507507,62.6871
2027,2507507,67.6052
2028,2507507,72.1629
2029,2507507,76.3041
2030,2507507,80.0
2024,2507606,36.0023
2025,2507606,43.8232
2026,2507606,51.9637
2027,2507606,60.0012
2028,2507606,67.5341
2029,2507606,74.257
2030,2507606,80.0
2024,2507705,55.74
2025,2507705,60.4256
2026,2507705,64.9273
2027,2507705,69.178
2028,2507705,73.1269
2029,2507705,76.7399
2030,2507705,80.0
2024,2507804,60.1666
2025,2507804,63.9852
2026,2507804,67.6348
2027,2507804,71.0816
2028,2507804,74.3009
2029,2507804,77.2763
2030,2507804,80.0
2024,2507903,55.2827
2025,2507903,60.056
2026,2507903,64.6456
2027,2507903,68.9803
2028,2507903,73.0054
2029,2507903,76.6848
2030,2507903,80.0
2024,2508000,68.0
2025,2508000,71.0
2026,2508000,73.0
2027,2508000,75.0
2028,2508000,77.0
2029,2508000,78.0
2030,2508000,80.0
2024,2508109,32.2212
2025,2508109,40.4045
2026,2508109,49.1588
2027,2508109,57.9649
2028,2508109,66.2917
2029,2508109,73.7169
2030,2508109,80.0
2024,2508208,69.6105
2025,2508208,71.5395
2026,2508208,73.3928
2027,2508208,75.1673
2028,2508208,76.8608
2029,2508208,78.4719
2030,2508208,80.0
2024,2508307,68.7249
2025,2508307,70.8296
2026,2508307,72.8486
2027,2508307,74.7777
2028,2508307,76.6137
2029,2508307,78.3547
2030,2508307,80.0
2024,2508406,27.8977
2025,2508406,36.3493
2026,2508406,45.7372
2027,2508406,55.4378
2028,2508406,64.7412
2029,2508406,73.0466
2030,2508406,80.0
2024,2508505,50.0
2025,2508505,55.0
2026,2508505,61.0
2027,2508505,67.0
2028,2508505,71.0
2029,2508505,76.0
2030,2508505,80.0
2024,2508554,80.0
2025,2508554,80.0
2026,2508554,80.0
2027,2508554,80.0
2028,2508554,80.0
2029,2508554,80.0
2030,2508554,80.0
2024,2508604,52.5378
2025,2508604,57.8279
2026,2508604,62.9443
2027,2508604,67.7858
2028,2508604,72.2734
2029,2508604,76.3539
2030,2508604,80.0
2024,2508703,71.5917
2025,2508703,73.1313
2026,2508703,74.6171
2027,2508703,76.0477
2028,2508703,77.422
2029,2508703,78.7395
2030,2508703,80.0
2024,2508802,70.2897
2025,2508802,72.0845
2026,2508802,73.8113
2027,2508802,75.4677
2028,2508802,77.0518
2029,2508802,78.5627
2030,2508802,80.0
2024,2508901,51.6611
2025,2508901,57.1125
2026,2508901,62.3965
2027,2508901,67.4011
2028,2508901,72.0381
2029,2508901,76.248
2030,2508901,80.0
2024,2509008,80.0
2025,2509008,80.0
2026,2509008,80.0
2027,2509008,80.0
2028,2509008,80.0
2029,2509008,80.0
2030,2509008,80.0
2024,2509057,70.7041
2025,2509057,72.4174
2026,2509057,74.0673
2027,2509057,75.6516
2028,2509057,77.169
2029,2509057,78.6186
2030,2509057,80.0
2024,2509107,44.4743
2025,2509107,51.1524
2026,2509107,57.7896
2027,2509107,64.1569
2028,2509107,70.0613
2029,2509107,75.3665
2030,2509107,80.0
2024,2509156,80.0
2025,2509156,80.0
2026,2509156,80.0
2027,2509156,80.0
2028,2509156,80.0
2029,2509156,80.0
2030,2509156,80.0
2024,2509206,50.018
2025,2509206,55.7654
2026,2509206,61.3625
2027,2509206,66.6746
2028,2509206,71.5945
2029,2509206,76.0489
2030,2509206,80.0
2024,2509305,80.0
2025,2509305,80.0
2026,2509305,80.0
2027,2509305,80.0
2028,2509305,80.0
2029,2509305,80.0
2030,2509305,80.0
2024,2509339,79.384
2025,2509339,79.4876
2026,2509339,79.5909
2027,2509339,79.6937
2028,2509339,79.7962
2029,2509339,79.8983
2030,2509339,80.0
2024,2509370,46.2695
2025,2509370,52.6591
2026,2509370,58.9629
2027,2509370,64.9854
2028,2509370,70.5653
2029,2509370,75.59
2030,2509370,80.0
2024,2509396,55.4776
2025,2509396,60.2135
2026,2509396,64.7657
2027,2509396,69.0646
2028,2509396,73.0572
2029,2509396,76.7082
2030,2509396,80.0
2024,2509404,74.2639
2025,2509404,75.2903
2026,2509404,76.2889
2027,2509404,77.2593
2028,2509404,78.2014
2029,2509404,79.1149
2030,2509404,80.0
2024,2509503,68.1788
2025,2509503,70.3923
2026,2509503,72.5139
2027,2509503,74.5385
2028,2509503,76.4623
2029,2509503,78.2832
2030,2509503,80.0
2024,2509602,80.0
2025,2509602,80.0
2026,2509602,80.0
2027,2509602,80.0
2028,2509602,80.0
2029,2509602,80.0
2030,2509602,80.0
2024,2509701,59.1721
2025,2509701,63.1879
2026,2509701,67.0288
2027,2509701,70.6551
2028,2509701,74.037
2029,2509701,77.1552
2030,2509701,80.0
2024,2509800,60.2083
2025,2509800,64.0187
2026,2509800,67.6602
2027,2509800,71.0995
2028,2509800,74.312
2029,2509800,77.2814
2030,2509800,80.0
2024,2509909,62.2982
2025,2509909,65.6913
2026,2509909,68.9314
2027,2509909,71.9959
2028,2509909,74.8684
2029,2509909,77.5381
2030,2509909,80.0
2024,2510006,43.1111
2025,2510006,49.9987
2026,2510006,56.8864
2027,2510006,63.5176
2028,2510006,69.6726
2029,2510006,75.1947
2030,2510006,80.0
2024,2510105,68.3773
2025,2510105,70.5513
2026,2510105,72.6356
2027,2510105,74.6254
2028,2510105,76.5173
2029,2510105,78.3091
2030,2510105,80.0
2024,2510204,51.4716
2025,2510204,56.9575
2026,2510204,62.2777
2027,2510204,67.3176
2028,2510204,71.9871
2029,2510204,76.2251
2030,2510204,80.0
2024,2510303,62.838
2025,2510303,66.1229
2026,2510303,69.2595
2027,2510303,72.2277
2028,2510303,75.0127
2029,2510303,77.6049
2030,2510303,80.0
2024,2510402,66.7643
2025,2510402,69.2607
2026,2510402,71.6492
2027,2510402,73.922
2028,2510402,76.0734
2029,2510402,78.1
2030,2510402,80.0
2024,2510501,58.5272
2025,2510501,62.6702
2026,2510501,66.6353
2027,2510501,70.3782
2028,2510501,73.866
2029,2510501,77.0768
2030,2510501,80.0
2024,2510600,80.0
2025,2510600,80.0
2026,2510600,80.0
2027,2510600,80.0
2028,2510600,80.0
2029,2510600,80.0
2030,2510600,80.0
2024,2510659,66.3258
2025,2510659,68.9101
2026,2510659,71.3817
2027,2510659,73.7317
2028,2510659,75.9537
2029,2510659,78.0438
2030,2510659,80.0
2024,2510709,79.5891
2025,2510709,79.658
2026,2510709,79.7268
2027,2510709,79.7953
2028,2510709,79.8637
2029,2510709,79.9319
2030,2510709,80.0
2024,2510808,49.4438
2025,2510808,55.2928
2026,2510808,60.9989
2027,2510808,66.419
2028,2510808,71.4386
2029,2510808,75.9792
2030,2510808,80.0
2024,2510907,64.8609
2025,2510907,67.7394
2026,2510907,70.4895
2027,2510907,73.0982
2028,2510907,75.5563
2029,2510907,77.8578
2030,2510907,80.0
2024,2511004,80.0
2025,2511004,80.0
2026,2511004,80.0
2027,2511004,80.0
2028,2511004,80.0
2029,2511004,80.0
2030,2511004,80.0
2024,2511103,76.2752
2025,2511103,76.9278
2026,2511103,77.5677
2027,2511103,78.1949
2028,2511103,78.8094
2029,2511103,79.4111
2030,2511103,80.0
2024,2511202,43.853
2025,2511202,50.6276
2026,2511202,57.3793
2027,2511202,63.8667
2028,2511202,69.8848
2029,2511202,75.2885
2030,2511202,80.0
2024,2511301,53.9483
2025,2511301,58.9751
2026,2511301,63.8211
2027,2511301,68.4014
2028,2511301,72.6503
2029,2511301,76.5239
2030,2511301,80.0
2024,2511400,57.0569
2025,2511400,61.4877
2026,2511400,65.7359
2027,2511400,69.746
2028,2511400,73.4762
2029,2511400,76.8988
2030,2511400,80.0
2024,2511509,74.431
2025,2511509,75.4259
2026,2511509,76.3944
2027,2511509,77.3362
2028,2511509,78.2511
2029,2511509,79.139
2030,2511509,80.0
2024,2511608,47.8246
2025,2511608,53.9539
2026,2511608,59.966
2027,2511608,65.6923
2028,2511608,70.9956
2029,2511608,75.7814
2030,2511608,80.0
2024,2511707,80.0
2025,2511707,80.0
2026,2511707,80.0
2027,2511707,80.0
2028,2511707,80.0
2029,2511707,80.0
2030,2511707,80.0
2024,2511806,41.413
2025,2511806,48.5492
2026,2511806,55.745
2027,2511806,62.7075
2028,2511806,69.1802
2029,2511806,74.9777
2030,2511806,80.0
2024,2511905,76.5698
2025,2511905,77.1687
2026,2511905,77.7568
2027,2511905,78.3339
2028,2511905,78.9002
2029,2511905,79.4556
2030,2511905,80.0
2024,2512002,48.1672
2025,2512002,54.238
2026,2512002,60.1855
2027,2512002,65.8468
2028,2512002,71.0898
2029,2512002,75.8234
2030,2512002,80.0
2024,2512036,30.4475
2025,2512036,38.7614
2026,2512036,47.7859
2027,2512036,56.9573
2028,2512036,65.6748
2029,2512036,73.4498
2030,2512036,80.0
2024,2512077,58.0
2025,2512077,62.0
2026,2512077,66.0
2027,2512077,70.0
2028,2512077,74.0
2029,2512077,77.0
2030,2512077,80.0
2024,2512101,62.1901
2025,2512101,65.6049
2026,2512101,68.8657
2027,2512101,71.9495
2028,2512101,74.8395
2029,2512101,77.5248
2030,2512101,80.0
2024,2512200,52.7692
2025,2512200,58.0165
2026,2512200,63.0886
2027,2512200,67.8871
2028,2512200,72.3353
2029,2512200,76.3818
2030,2512200,80.0
2024,2512309,80.0
2025,2512309,80.0
2026,2512309,80.0
2027,2512309,80.0
2028,2512309,80.0
2029,2512309,80.0
2030,2512309,80.0
2024,2512408,76.2416
2025,2512408,76.9003
2026,2512408,77.5461
2027,2512408,78.1791
2028,2512408,78.799
2029,2512408,79.406
2030,2512408,80.0
2024,2512507,80.0
2025,2512507,80.0
2026,2512507,80.0
2027,2512507,80.0
2028,2512507,80.0
2029,2512507,80.0
2030,2512507,80.0
2024,2512606,70.9528
2025,2512606,72.6173
2026,2512606,74.2211
2027,2512606,75.7623
2028,2512606,77.2397
2029,2512606,78.6523
2030,2512606,80.0
2024,2512705,62.2815
2025,2512705,65.678
2026,2512705,68.9213
2027,2512705,71.9888
2028,2512705,74.8639
2029,2512705,77.5361
2030,2512705,80.0
2024,2512721,52.7264
2025,2512721,57.9816
2026,2512721,63.0619
2027,2512721,67.8684
2028,2512721,72.3239
2029,2512721,76.3766
2030,2512721,80.0
2024,2512747,56.9726
2025,2512747,61.4198
2026,2512747,65.6842
2027,2512747,69.7098
2028,2512747,73.4539
2029,2512747,76.8886
2030,2512747,80.0
2024,2512754,50.2697
2025,2512754,55.9723
2026,2512754,61.5215
2027,2512754,66.7864
2028,2512754,71.6627
2029,2512754,76.0795
2030,2512754,80.0
2024,2512762,70.1323
2025,2512762,71.9581
2026,2512762,73.7142
2027,2512762,75.3979
2028,2512762,77.0074
2029,2512762,78.5416
2030,2512762,80.0
2024,2512788,78.7788
2025,2512788,78.986
2026,2512788,79.1918
2027,2512788,79.3961
2028,2512788,79.5989
2029,2512788,79.8002
2030,2512788,80.0
2024,2512804,70.9197
2025,2512804,72.5907
2026,2512804,74.2006
2027,2512804,75.7476
2028,2512804,77.2302
2029,2512804,78.6478
2030,2512804,80.0
2024,2512903,78.1585
2025,2512903,78.4737
2026,2512903,78.7856
2027,2512903,79.0942
2028,2512903,79.3994
2029,2512903,79.7014
2030,2512903,80.0
2024,2513000,73.8632
2025,2513000,74.9655
2026,2513000,76.0364
2027,2513000,77.0756
2028,2513000,78.0826
2029,2513000,79.0574
2030,2513000,80.0
2024,2513109,80.0
2025,2513109,80.0
2026,2513109,80.0
2027,2513109,80.0
2028,2513109,80.0
2029,2513109,80.0
2030,2513109,80.0
2024,2513158,19.7356
2025,2513158,28.1297
2026,2513158,38.3866
2027,2513158,49.7924
2028,2513158,61.2198
2029,2513158,71.5333
2030,2513158,80.0
2024,2513208,57.2926
2025,2513208,61.6775
2026,2513208,65.8803
2027,2513208,69.8475
2028,2513208,73.5387
2029,2513208,76.9273
2030,2513208,80.0
2024,2513307,57.3262
2025,2513307,61.7046
2026,2513307,65.9009
2027,2513307,69.862
2028,2513307,73.5476
2029,2513307,76.9314
2030,2513307,80.0
2024,2513356,57.1832
2025,2513356,61.5894
2026,2513356,65.8133
2027,2513356,69.8004
2028,2513356,73.5097
2029,2513356,76.9141
2030,2513356,80.0
2024,2513406,58.9963
2025,2513406,63.0469
2026,2513406,66.9216
2027,2513406,70.5796
2028,2513406,73.9904
2029,2513406,77.1338
2030,2513406,80.0
2024,2513505,80.0
2025,2513505,80.0
2026,2513505,80.0
2027,2513505,80.0
2028,2513505,80.0
2029,2513505,80.0
2030,2513505,80.0
2024,2513604,39.6273
2025,2513604,47.0085
2026,2513604,54.523
2027,2513604,61.837
2028,2513604,68.6511
2029,2513604,74.7453
2030,2513604,80.0
2024,2513653,46.0029
2025,2513653,52.4362
2026,2513653,58.7897
2027,2513653,64.8632
2028,2513653,70.4909
2029,2513653,75.5569
2030,2513653,80.0
2024,2513703,47.0047
2025,2513703,53.2725
2026,2513703,59.4386
2027,2513703,65.3208
2028,2513703,70.7694
2029,2513703,75.6807
2030,2513703,80.0
2024,2513802,46.6508
2025,2513802,52.9775
2026,2513802,59.21
2027,2513802,65.1596
2028,2513802,70.6713
2029,2513802,75.6371
2030,2513802,80.0
2024,2513851,50.7634
2025,2513851,56.3775
2026,2513851,61.8328
2027,2513851,67.0051
2028,2513851,71.7962
2029,2513851,76.1394
2030,2513851,80.0
2024,2513901,48.439
2025,2513901,54.4631
2026,2513901,60.3593
2027,2513901,65.9691
2028,2513901,71.1643
2029,2513901,75.8566
2030,2513901,80.0
2024,2513927,68.2615
2025,2513927,70.4585
2026,2513927,72.5646
2027,2513927,74.5747
2028,2513927,76.4852
2029,2513927,78.294
2030,2513927,80.0
2024,2513943,80.0
2025,2513943,80.0
2026,2513943,80.0
2027,2513943,80.0
2028,2513943,80.0
2029,2513943,80.0
2030,2513943,80.0
2024,2513968,80.0
2025,2513968,80.0
2026,2513968,80.0
2027,2513968,80.0
2028,2513968,80.0
2029,2513968,80.0
2030,2513968,80.0
2024,2513984,60.4752
2025,2513984,64.2325
2026,2513984,67.8227
2027,2513984,71.214
2028,2513984,74.3829
2029,2513984,77.314
2030,2513984,80.0
2024,2514008,36.7022
2025,2514008,44.4448
2026,2514008,52.4669
2027,2514008,60.3636
2028,2514008,67.7548
2029,2514008,74.3532
2030,2514008,80.0
2024,2514107,43.3377
2025,2514107,50.1911
2026,2514107,57.0373
2027,2514107,63.6245
2028,2514107,69.7376
2029,2514107,75.2234
2030,2514107,80.0
2024,2514206,80.0
2025,2514206,80.0
2026,2514206,80.0
2027,2514206,80.0
2028,2514206,80.0
2029,2514206,80.0
2030,2514206,80.0
2024,2514305,53.3937
2025,2514305,58.5246
2026,2514305,63.477
2027,2514305,68.1598
2028,2514305,72.5023
2029,2514305,76.4571
2030,2514305,80.0
2024,2514404,60.2333
2025,2514404,64.0387
2026,2514404,67.6754
2027,2514404,71.1103
2028,2514404,74.3186
2029,2514404,77.2845
2030,2514404,80.0
2024,2514453,62.3646
2025,2514453,65.7445
2026,2514453,68.9718
2027,2514453,72.0244
2028,2514453,74.8861
2029,2514453,77.5463
2030,2514453,80.0
2024,2514503,40.9344
2025,2514503,48.1379
2026,2514503,55.4198
2027,2514503,62.4761
2028,2514503,69.0396
2029,2514503,74.9159
2030,2514503,80.0
2024,2514552,80.0
2025,2514552,80.0
2026,2514552,80.0
2027,2514552,80.0
2028,2514552,80.0
2029,2514552,80.0
2030,2514552,80.0
2024,2514602,18.0614
2025,2514602,26.3256
2026,2514602,36.6786
2027,2514602,48.4268
2028,2514602,60.3515
2029,2514602,71.1609
2030,2514602,80.0
2024,2514651,46.2695
2025,2514651,52.6591
2026,2514651,58.9629
2027,2514651,64.9854
2028,2514651,70.5653
2029,2514651,75.59
2030,2514651,80.0
2024,2514701,56.2134
2025,2514701,60.8078
2026,2514701,65.2184
2027,2514701,69.3825
2028,2514701,73.2525
2029,2514701,76.797
2030,2514701,80.0
2024,2514800,80.0
2025,2514800,80.0
2026,2514800,80.0
2027,2514800,80.0
2028,2514800,80.0
2029,2514800,80.0
2030,2514800,80.0
2024,2514909,44.1685
2025,2514909,50.8943
2026,2514909,57.5879
2027,2514909,64.0143
2028,2514909,69.9746
2029,2514909,75.3281
2030,2514909,80.0
2024,2515005,15.7275
2025,2515005,23.7249
2026,2515005,34.1414
2027,2515005,46.3521
2028,2515005,59.0165
2029,2515005,70.5883
2030,2515005,80.0
2024,2515104,66.9463
2025,2515104,69.4062
2026,2515104,71.7603
2027,2515104,74.0011
2028,2515104,76.1232
2029,2515104,78.1234
2030,2515104,80.0
2024,2515203,80.0
2025,2515203,80.0
2026,2515203,80.0
2027,2515203,80.0
2028,2515203,80.0
2029,2515203,80.0
2030,2515203,80.0
2024,2515302,40.7406
2025,2515302,47.9711
2026,2515302,55.2876
2027,2515302,62.3821
2028,2515302,68.9824
2029,2515302,74.8908
2030,2515302,80.0
2024,2515401,59.8827
2025,2515401,63.7577
2026,2515401,67.4619
2027,2515401,70.9599
2028,2515401,74.2255
2029,2515401,77.2417
2030,2515401,80.0
2024,2515500,61.2918
2025,2515500,64.8863
2026,2515500,68.3195
2027,2515500,71.5642
2028,2515500,74.6001
2029,2515500,77.4141
2030,2515500,80.0
2024,2515609,24.2763
2025,2515609,32.8067
2026,2515609,42.6464
2027,2515609,53.1048
2028,2515609,63.2975
2029,2515609,72.4251
2030,2515609,80.0
2024,2515708,46.2695
2025,2515708,52.6591
2026,2515708,58.9629
2027,2515708,64.9854
2028,2515708,70.5653
2029,2515708,75.59
2030,2515708,80.0
2024,2515807,21.0919
2025,2515807,29.5578
2026,2515807,39.7116
2027,2515807,50.8362
2028,2515807,61.8786
2029,2515807,71.8159
2030,2515807,80.0
2024,2515906,80.0
2025,2515906,80.0
2026,2515906,80.0
2027,2515906,80.0
2028,2515906,80.0
2029,2515906,80.0
2030,2515906,80.0
2024,2515930,56.627
2025,2515930,61.1413
2026,2515930,65.4723
2027,2515930,69.5608
2028,2515930,73.3622
2029,2515930,76.8469
2030,2515930,80.0
2024,2515971,63.311
2025,2515971,66.501
2026,2515971,69.547
2027,2515971,72.4309
2028,2515971,75.1393
2029,2515971,77.6637
2030,2515971,80.0
2024,2516003,78.7702
2025,2516003,78.979
2026,2516003,79.1862
2027,2516003,79.3919
2028,2516003,79.5961
2029,2516003,79.7988
2030,2516003,80.0
2024,2516102,40.3891
2025,2516102,47.6679
2026,2516102,55.0472
2027,2516102,62.2109
2028,2516102,68.8783
2029,2516102,74.8451
2030,2516102,80.0
2024,2516151,25.4301
2025,2516151,33.9516
2026,2516151,43.6568
2027,2516151,53.8734
2028,2516151,63.7746
2029,2516151,72.6303
2030,2516151,80.0
2024,2516201,49.8963
2025,2516201,55.6654
2026,2516201,61.2856
2027,2516201,66.6206
2028,2516201,71.5615
2029,2516201,76.0342
2030,2516201,80.0
2024,2516300,40.1016
2025,2516300,47.4195
2026,2516300,54.85
2027,2516300,62.0703
2028,2516300,68.7928
2029,2516300,74.8075
2030,2516300,80.0
2024,2516409,59.9244
2025,2516409,63.7912
2026,2516409,67.4873
2027,2516409,70.9778
2028,2516409,74.2366
2029,2516409,77.2468
2030,2516409,80.0
2024,2516508,78.5746
2025,2516508,78.8172
2026,2516508,79.0578
2027,2516508,79.2964
2028,2516508,79.5329
2029,2516508,79.7675
2030,2516508,80.0
2024,2516607,75.9894
2025,2516607,76.6943
2026,2516607,77.3847
2027,2516607,78.0605
2028,2516607,78.7217
2029,2516607,79.3682
2030,2516607,80.0
2024,2516706,73.9633
2025,2516706,75.0467
2026,2516706,76.0995
2027,2516706,77.1214
2028,2516706,78.1122
2029,2516706,79.0718
2030,2516706,80.0
2024,2516755,65.101
2025,2516755,67.9313
2026,2516755,70.6356
2027,2516755,73.2018
2028,2516755,75.6212
2029,2516755,77.8881
2030,2516755,80.0
2024,2516805,55.0028
2025,2516805,59.8296
2026,2516805,64.473
2027,2516805,68.8591
2028,2516805,72.931
2029,2516805,76.651
2030,2516805,80.0
2024,2516904,80.0
2025,2516904,80.0
2026,2516904,80.0
2027,2516904,80.0
2028,2516904,80.0
2029,2516904,80.0
2030,2516904,80.0
2024,2517001,44.7436
2025,2517001,51.3793
2026,2517001,57.9667
2027,2517001,64.2821
2028,2517001,70.1374
2029,2517001,75.4002
2030,2517001,80.0
2024,2517100,56.627
2025,2517100,61.1413
2026,2517100,65.4723
2027,2517100,69.5608
2028,2517100,73.3622
2029,2517100,76.8469
2030,2517100,80.0
2024,2517209,35.3558
2025,2517209,43.2462
2026,2517209,51.4948
2027,2517209,59.6627
2028,2517209,67.3279
2029,2517209,74.1671
2030,2517209,80.0
2024,2517407,80.0
2025,2517407,80.0
2026,2517407,80.0
2027,2517407,80.0
2028,2517407,80.0
2029,2517407,80.0
2030,2517407,80.0
2024,2600054,52.7521
2025,2600054,58.0025
2026,2600054,63.0779
2027,2600054,67.8796
2028,2600054,72.3307
2029,2600054,76.3797
2030,2600054,80.0
2024,2600104,68.7662
2025,2600104,70.8627
2026,2600104,72.874
2027,2600104,74.7958
2028,2600104,76.6252
2029,2600104,78.3602
2030,2600104,80.0
2024,2600203,58.7954
2025,2600203,62.8855
2026,2600203,66.799
2027,2600203,70.4934
2028,2600203,73.9371
2029,2600203,77.1094
2030,2600203,80.0
2024,2600302,73.0131
2025,2600302,74.2778
2026,2600302,75.503
2027,2600302,76.6883
2028,2600302,77.833
2029,2600302,78.9369
2030,2600302,80.0
2024,2600401,64.2562
2025,2600401,67.2563
2026,2600401,70.1217
2027,2600401,72.8376
2028,2600401,75.3932
2029,2600401,77.7818
2030,2600401,80.0
2024,2600500,61.2835
2025,2600500,64.8796
2026,2600500,68.3145
2027,2600500,71.5606
2028,2600500,74.5978
2029,2600500,77.4131
2030,2600500,80.0
2024,2600609,48.7892
2025,2600609,54.7526
2026,2600609,60.5827
2027,2600609,66.1263
2028,2600609,71.2601
2029,2600609,75.8994
2030,2600609,80.0
2024,2600708,59.2725
2025,2600708,63.2684
2026,2600708,67.09
2027,2600708,70.6981
2028,2600708,74.0636
2029,2600708,77.1674
2030,2600708,80.0
2024,2600807,61.9906
2025,2600807,65.4454
2026,2600807,68.7444
2027,2600807,71.8639
2028,2600807,74.7863
2029,2600807,77.5001
2030,2600807,80.0
2024,2600906,70.5466
2025,2600906,72.2909
2026,2600906,73.9699
2027,2600906,75.5817
2028,2600906,77.1244
2029,2600906,78.5973
2030,2600906,80.0
2024,2601003,65.0099
2025,2601003,67.8585
2026,2601003,70.5802
2027,2601003,73.1625
2028,2601003,75.5966
2029,2601003,77.8766
2030,2601003,80.0
2024,2601052,51.2646
2025,2601052,56.7881
2026,2601052,62.1478
2027,2601052,67.2264
2028,2601052,71.9314
2029,2601052,76.2
2030,2601052,80.0
2024,2601102,60.7254
2025,2601102,64.4329
2026,2601102,67.9749
2027,2601102,71.3213
2028,2601102,74.4494
2029,2601102,77.3447
2030,2601102,80.0
2024,2601201,62.921
2025,2601201,66.1893
2026,2601201,69.31
2027,2601201,72.2633
2028,2601201,75.0349
2029,2601201,77.6152
2030,2601201,80.0
2024,2601300,80.0
2025,2601300,80.0
2026,2601300,80.0
2027,2601300,80.0
2028,2601300,80.0
2029,2601300,80.0
2030,2601300,80.0
2024,2601409,64.7863
2025,2601409,67.6799
2026,2601409,70.4441
2027,2601409,73.0661
2028,2601409,75.5362
2029,2601409,77.8484
2030,2601409,80.0
2024,2601508,72.622
2025,2601508,73.9619
2026,2601508,75.2586
2027,2601508,76.5112
2028,2601508,77.7191
2029,2601508,78.8821
2030,2601508,80.0
2024,2601607,56.2472
2025,2601607,60.8351
2026,2601607,65.2391
2027,2601607,69.3971
2028,2601607,73.2615
2029,2601607,76.8011
2030,2601607,80.0
2024,2601706,54.6717
2025,2601706,59.5615
2026,2601706,64.2686
2027,2601706,68.7155
2028,2601706,72.8429
2029,2601706,76.6111
2030,2601706,80.0
2024,2601805,71.9654
2025,2601805,73.4323
2026,2601805,74.8494
2027,2601805,76.2153
2028,2601805,77.5293
2029,2601805,78.7909
2030,2601805,80.0
2024,2601904,56.1797
2025,2601904,60.7805
2026,2601904,65.1976
2027,2601904,69.3679
2028,2601904,73.2436
2029,2601904,76.7929
2030,2601904,80.0
2024,2602001,50.8499
2025,2602001,56.4485
2026,2602001,61.8872
2027,2602001,67.0434
2028,2602001,71.8196
2029,2602001,76.1498
2030,2602001,80.0
2024,2602100,63.2944
2025,2602100,66.4878
2026,2602100,69.537
2027,2602100,72.4238
2028,2602100,75.1349
2029,2602100,77.6617
2030,2602100,80.0
2024,2602209,64.0904
2025,2602209,67.1238
2026,2602209,70.0209
2027,2602209,72.7662
2028,2602209,75.3486
2029,2602209,77.761
2030,2602209,80.0
2024,2602308,60.5753
2025,2602308,64.3127
2026,2602308,67.8836
2027,2602308,71.2569
2028,2602308,74.4095
2029,2602308,77.3263
2030,2602308,80.0
2024,2602407,69.1221
2025,2602407,71.1479
2026,2602407,73.0925
2027,2602407,74.9522
2028,2602407,76.7243
2029,2602407,78.4071
2030,2602407,80.0
2024,2602506,72.7967
2025,2602506,74.103
2026,2602506,75.3677
2027,2602506,76.5902
2028,2602506,77.7699
2029,2602506,78.9065
2030,2602506,80.0
2024,2602605,57.4356
2025,2602605,61.7926
2026,2602605,65.9679
2027,2602605,69.909
2028,2602605,73.5766
2029,2602605,76.9446
2030,2602605,80.0
2024,2602704,65.79
2025,2602704,68.48
2026,2602704,71.05
2027,2602704,73.5
2028,2602704,75.81
2029,2602704,77.98
2030,2602704,80.0
2024,2602803,57.0821
2025,2602803,61.508
2026,2602803,65.7514
2027,2602803,69.7569
2028,2602803,73.4829
2029,2602803,76.9019
2030,2602803,80.0
2024,2602902,59.2474
2025,2602902,63.2483
2026,2602902,67.0747
2027,2602902,70.6874
2028,2602902,74.0569
2029,2602902,77.1643
2030,2602902,80.0
2024,2603009,70.1406
2025,2603009,71.9648
2026,2603009,73.7193
2027,2603009,75.4016
2028,2603009,77.0098
2029,2603009,78.5427
2030,2603009,80.0
2024,2603108,60.5586
2025,2603108,64.2993
2026,2603108,67.8735
2027,2603108,71.2498
2028,2603108,74.405
2029,2603108,77.3242
2030,2603108,80.0
2024,2603207,51.325
2025,2603207,56.8375
2026,2603207,62.1857
2027,2603207,67.2531
2028,2603207,71.9477
2029,2603207,76.2073
2030,2603207,80.0
2024,2603306,61.1086
2025,2603306,64.7397
2026,2603306,68.2081
2027,2603306,71.4856
2028,2603306,74.5513
2029,2603306,77.3916
2030,2603306,80.0
2024,2603405,75.2678
2025,2603405,76.1061
2026,2603405,76.9247
2027,2603405,77.7234
2028,2603405,78.5022
2029,2603405,79.2611
2030,2603405,80.0
2024,2603454,62.1984
2025,2603454,65.6116
2026,2603454,68.8708
2027,2603454,71.9531
2028,2603454,74.8417
2029,2603454,77.5258
2030,2603454,80.0
2024,2603504,59.7407
2025,2603504,63.6439
2026,2603504,67.3754
2027,2603504,70.899
2028,2603504,74.1878
2029,2603504,77.2244
2030,2603504,80.0
2024,2603603,60.0664
2025,2603603,63.905
2026,2603603,67.5738
2027,2603603,71.0387
2028,2603603,74.2743
2029,2603603,77.2641
2030,2603603,80.0
2024,2603702,53.4535
2025,2603702,58.5732
2026,2603702,63.5142
2027,2603702,68.1859
2028,2603702,72.5183
2029,2603702,76.4643
2030,2603702,80.0
2024,2603801,55.74
2025,2603801,60.4256
2026,2603801,64.9273
2027,2603801,69.178
2028,2603801,73.1269
2029,2603801,76.7399
2030,2603801,80.0
2024,2603900,80.0
2025,2603900,80.0
2026,2603900,80.0
2027,2603900,80.0
2028,2603900,80.0
2029,2603900,80.0
2030,2603900,80.0
2024,2603926,80.0
2025,2603926,80.0
2026,2603926,80.0
2027,2603926,80.0
2028,2603926,80.0
2029,2603926,80.0
2030,2603926,80.0
2024,2604007,67.6824
2025,2604007,69.9951
2026,2604007,72.2101
2027,2604007,74.3217
2028,2604007,76.3254
2029,2604007,78.2185
2030,2604007,80.0
2024,2604106,59.1052
2025,2604106,63.1342
2026,2604106,66.988
2027,2604106,70.6263
2028,2604106,74.0192
2029,2604106,77.147
2030,2604106,80.0
2024,2604155,79.5378
2025,2604155,79.6154
2026,2604155,79.6927
2027,2604155,79.7699
2028,2604155,79.8468
2029,2604155,79.9235
2030,2604155,80.0
2024,2604205,50.3044
2025,2604205,56.0008
2026,2604205,61.5434
2027,2604205,66.8018
2028,2604205,71.6721
2029,2604205,76.0837
2030,2604205,80.0
2024,2604304,52.3232
2025,2604304,57.653
2026,2604304,62.8105
2027,2604304,67.6918
2028,2604304,72.2159
2029,2604304,76.328
2030,2604304,80.0
2024,2604403,65.79
2025,2604403,68.48
2026,2604403,71.05
2027,2604403,73.5
2028,2604403,75.81
2029,2604403,77.98
2030,2604403,80.0
2024,2604502,59.423
2025,2604502,63.3892
2026,2604502,67.1818
2027,2604502,70.7627
2028,2604502,74.1035
2029,2604502,77.1857
2030,2604502,80.0
2024,2604601,51.1437
2025,2604601,56.6892
2026,2604601,62.0719
2027,2604601,67.1731
2028,2604601,71.8988
2029,2604601,76.1854
2030,2604601,80.0
2024,2604700,56.4667
2025,2604700,61.0121
2026,2604700,65.3739
2027,2604700,69.4917
2028,2604700,73.3197
2029,2604700,76.8276
2030,2604700,80.0
2024,2604809,64.8112
2025,2604809,67.6997
2026,2604809,70.4593
2027,2604809,73.0768
2028,2604809,75.5429
2029,2604809,77.8516
2030,2604809,80.0
2024,2604908,76.9659
2025,2604908,77.4932
2026,2604908,78.0118
2027,2604908,78.5218
2028,2604908,79.0232
2029,2604908,79.5159
2030,2604908,80.0
2024,2605004,78.2688
2025,2605004,78.5647
2026,2605004,78.8576
2027,2605004,79.1476
2028,2605004,79.4347
2029,2605004,79.7188
2030,2605004,80.0
2024,2605103,80.0
2025,2605103,80.0
2026,2605103,80.0
2027,2605103,80.0
2028,2605103,80.0
2029,2605103,80.0
2030,2605103,80.0
2024,2605152,67.3929
2025,2605152,69.7634
2026,2605152,72.0331
2027,2605152,74.1955
2028,2605152,76.2457
2029,2605152,78.181
2030,2605152,80.0
2024,2605202,58.7367
2025,2605202,62.8384
2026,2605202,66.7632
2027,2605202,70.4682
2028,2605202,73.9215
2029,2605202,77.1023
2030,2605202,80.0
2024,2605301,60.5253
2025,2605301,64.2726
2026,2605301,67.8532
2027,2605301,71.2355
2028,2605301,74.3962
2029,2605301,77.3202
2030,2605301,80.0
2024,2605400,80.0
2025,2605400,80.0
2026,2605400,80.0
2027,2605400,80.0
2028,2605400,80.0
2029,2605400,80.0
2030,2605400,80.0
2024,2605509,61.7828
2025,2605509,65.2791
2026,2605509,68.6181
2027,2605509,71.7748
2028,2605509,74.7309
2029,2605509,77.4745
2030,2605509,80.0
2024,2605608,75.1421
2025,2605608,76.0038
2026,2605608,76.8448
2027,2605608,77.665
2028,2605608,78.4643
2029,2605608,79.2426
2030,2605608,80.0
2024,2605707,40.3057
2025,2605707,47.5959
2026,2605707,54.9901
2027,2605707,62.1701
2028,2605707,68.8536
2029,2605707,74.8342
2030,2605707,80.0
2024,2605806,69.9583
2025,2605806,71.8185
2026,2605806,73.607
2027,2605806,75.321
2028,2605806,76.9585
2029,2605806,78.5183
2030,2605806,80.0
2024,2605905,62.0987
2025,2605905,65.5318
2026,2605905,68.8101
2027,2605905,71.9103
2028,2605905,74.8151
2029,2605905,77.5135
2030,2605905,80.0
2024,2606002,56.8631
2025,2606002,61.3316
2026,2606002,65.6171
2027,2606002,69.6626
2028,2606002,73.4248
2029,2606002,76.8754
2030,2606002,80.0
2024,2606101,72.0734
2025,2606101,73.5194
2026,2606101,74.9166
2027,2606101,76.2638
2028,2606101,77.5604
2029,2606101,78.8059
2030,2606101,80.0
2024,2606200,57.587
2025,2606200,61.9144
2026,2606200,66.0605
2027,2606200,69.9742
2028,2606200,73.6168
2029,2606200,76.9629
2030,2606200,80.0
2024,2606309,57.04
2025,2606309,61.4741
2026,2606309,65.7256
2027,2606309,69.7388
2028,2606309,73.4718
2029,2606309,76.8968
2030,2606309,80.0
2024,2606408,48.2637
2025,2606408,54.3179
2026,2606408,60.2473
2027,2606408,65.8902
2028,2606408,71.1162
2029,2606408,75.8352
2030,2606408,80.0
2024,2606507,68.5594
2025,2606507,70.697
2026,2606507,72.7471
2027,2606507,74.7051
2028,2606507,76.5677
2029,2606507,78.333
2030,2606507,80.0
2024,2606606,55.5792
2025,2606606,60.2957
2026,2606606,64.8283
2027,2606606,69.1085
2028,2606606,73.0842
2029,2606606,76.7205
2030,2606606,80.0
2024,2606705,45.6823
2025,2606705,52.1678
2026,2606705,58.5811
2027,2606705,64.716
2028,2606705,70.4014
2029,2606705,75.5172
2030,2606705,80.0
2024,2606804,65.4735
2025,2606804,68.229
2026,2606804,70.8624
2027,2606804,73.3628
2028,2606804,75.7221
2029,2606804,77.9353
2030,2606804,80.0
2024,2606903,73.7464
2025,2606903,74.8709
2026,2606903,75.963
2027,2606903,77.0221
2028,2606903,78.0481
2029,2606903,79.0408
2030,2606903,80.0
2024,2607000,58.6026
2025,2607000,62.7308
2026,2607000,66.6813
2027,2607000,70.4106
2028,2607000,73.886
2029,2607000,77.086
2030,2607000,80.0
2024,2607109,78.7788
2025,2607109,78.986
2026,2607109,79.1918
2027,2607109,79.3961
2028,2607109,79.5989
2029,2607109,79.8002
2030,2607109,80.0
2024,2607208,70.24
2025,2607208,72.0446
2026,2607208,73.7807
2027,2607208,75.4456
2028,2607208,77.0378
2029,2607208,78.5561
2030,2607208,80.0
2024,2607307,73.2546
2025,2607307,74.473
2026,2607307,75.6543
2027,2607307,76.798
2028,2607307,77.9036
2029,2607307,78.971
2030,2607307,80.0
2024,2607406,67.2771
2025,2607406,69.6708
2026,2607406,71.9624
2027,2607406,74.145
2028,2607406,76.2139
2029,2607406,78.1661
2030,2607406,80.0
2024,2607505,62.8961
2025,2607505,66.1694
2026,2607505,69.2948
2027,2607505,72.2526
2028,2607505,75.0282
2029,2607505,77.6122
2030,2607505,80.0
2024,2607604,57.6122
2025,2607604,61.9347
2026,2607604,66.0759
2027,2607604,69.985
2028,2607604,73.6234
2029,2607604,76.966
2030,2607604,80.0
2024,2607653,54.0
2025,2607653,59.0
2026,2607653,64.0
2027,2607653,68.0
2028,2607653,73.0
2029,2607653,77.0
2030,2607653,80.0
2024,2607703,67.6824
2025,2607703,69.9951
2026,2607703,72.2101
2027,2607703,74.3217
2028,2607703,76.3254
2029,2607703,78.2185
2030,2607703,80.0
2024,2607752,78.0313
2025,2607752,78.3689
2026,2607752,78.7026
2027,2607752,79.0326
2028,2607752,79.3589
2029,2607752,79.6813
2030,2607752,80.0
2024,2607802,53.4791
2025,2607802,58.594
2026,2607802,63.5301
2027,2607802,68.1971
2028,2607802,72.5251
2029,2607802,76.4674
2030,2607802,80.0
2024,2607901,61.0253
2025,2607901,64.673
2026,2607901,68.1574
2027,2607901,71.4499
2028,2607901,74.5291
2029,2607901,77.3814
2030,2607901,80.0
2024,2607950,61.3584
2025,2607950,64.9396
2026,2607950,68.36
2027,2607950,71.5927
2028,2607950,74.6178
2029,2607950,77.4223
2030,2607950,80.0
2024,2608008,56.5427
2025,2608008,61.0733
2026,2608008,65.4205
2027,2608008,69.5245
2028,2608008,73.3399
2029,2608008,76.8367
2030,2608008,80.0
2024,2608057,76.7214
2025,2608057,77.2928
2026,2608057,77.8543
2027,2608057,78.4057
2028,2608057,78.9472
2029,2608057,79.4786
2030,2608057,80.0
2024,2608107,61.0
2025,2608107,65.0
2026,2608107,68.0
2027,2608107,71.0
2028,2608107,74.0
2029,2608107,77.0
2030,2608107,80.0
2024,2608206,54.5782
2025,2608206,59.4858
2026,2608206,64.2108
2027,2608206,68.675
2028,2608206,72.818
2029,2608206,76.5998
2030,2608206,80.0
2024,2608255,49.8268
2025,2608255,55.6082
2026,2608255,61.2416
2027,2608255,66.5896
2028,2608255,71.5426
2029,2608255,76.0257
2030,2608255,80.0
2024,2608305,63.8749
2025,2608305,66.9516
2026,2608305,69.8898
2027,2608305,72.6734
2028,2608305,75.2907
2029,2608305,77.7341
2030,2608305,80.0
2024,2608404,57.8559
2025,2608404,62.1307
2026,2608404,66.225
2027,2608404,70.0898
2028,2608404,73.688
2029,2608404,76.9955
2030,2608404,80.0
2024,2608453,53.5474
2025,2608453,58.6495
2026,2608453,63.5725
2027,2608453,68.2268
2028,2608453,72.5433
2029,2608453,76.4756
2030,2608453,80.0
2024,2608503,71.874
2025,2608503,73.3587
2026,2608503,74.7925
2027,2608503,76.1743
2028,2608503,77.503
2029,2608503,78.7783
2030,2608503,80.0
2024,2608602,73.7798
2025,2608602,74.898
2026,2608602,75.984
2027,2608602,77.0374
2028,2608602,78.058
2029,2608602,79.0455
2030,2608602,80.0
2024,2608701,72.3726
2025,2608701,73.7606
2026,2608701,75.1029
2027,2608701,76.3986
2028,2608701,77.6468
2029,2608701,78.8473
2030,2608701,80.0
2024,2608750,58.9294
2025,2608750,62.9931
2026,2608750,66.8807
2027,2608750,70.5509
2028,2608750,73.9726
2029,2608750,77.1256
2030,2608750,80.0
2024,2608800,52.9833
2025,2608800,58.1908
2026,2608800,63.2219
2027,2608800,67.9807
2028,2608800,72.3926
2029,2608800,76.4076
2030,2608800,80.0
2024,2608909,73.4463
2025,2608909,74.628
2026,2608909,75.7745
2027,2608909,76.8852
2028,2608909,77.9598
2029,2608909,78.9981
2030,2608909,80.0
2024,2609006,73.7631
2025,2609006,74.8844
2026,2609006,75.9735
2027,2609006,77.0298
2028,2609006,78.053
2029,2609006,79.0431
2030,2609006,80.0
2024,2609105,80.0
2025,2609105,80.0
2026,2609105,80.0
2027,2609105,80.0
2028,2609105,80.0
2029,2609105,80.0
2030,2609105,80.0
2024,2609154,60.7254
2025,2609154,64.4329
2026,2609154,67.9749
2027,2609154,71.3213
2028,2609154,74.4494
2029,2609154,77.3447
2030,2609154,80.0
2024,2609204,70.928
2025,2609204,72.5973
2026,2609204,74.2057
2027,2609204,75.7513
2028,2609204,77.2326
2029,2609204,78.6489
2030,2609204,80.0
2024,2609303,42.1734
2025,2609303,49.2001
2026,2609303,56.2585
2027,2609303,63.0723
2028,2609303,69.4019
2029,2609303,75.0754
2030,2609303,80.0
2024,2609402,57.7887
2025,2609402,62.0767
2026,2609402,66.1839
2027,2609402,70.0609
2028,2609402,73.6702
2029,2609402,76.9873
2030,2609402,80.0
2024,2609501,58.9294
2025,2609501,62.9931
2026,2609501,66.8807
2027,2609501,70.5509
2028,2609501,73.9726
2029,2609501,77.1256
2030,2609501,80.0
2024,2609600,62.9542
2025,2609600,66.2158
2026,2609600,69.3302
2027,2609600,72.2776
2028,2609600,75.0438
2029,2609600,77.6194
2030,2609600,80.0
2024,2609709,64.339
2025,2609709,67.3225
2026,2609709,70.1721
2027,2609709,72.8733
2028,2609709,75.4155
2029,2609709,77.7922
2030,2609709,80.0
2024,2609808,51.4371
2025,2609808,56.9293
2026,2609808,62.2561
2027,2609808,67.3025
2028,2609808,71.9778
2029,2609808,76.2209
2030,2609808,80.0
2024,2609907,42.8204
2025,2609907,49.7516
2026,2609907,56.6924
2027,2609907,63.3801
2028,2609907,69.589
2029,2609907,75.1578
2030,2609907,80.0
2024,2610004,48.9203
2025,2610004,54.8609
2026,2610004,60.6662
2027,2610004,66.185
2028,2610004,71.2959
2029,2610004,75.9154
2030,2610004,80.0
2024,2610103,63.7755
2025,2610103,66.8722
2026,2610103,69.8294
2027,2610103,72.6306
2028,2610103,75.264
2029,2610103,77.7216
2030,2610103,80.0
2024,2610202,77.2951
2025,2610202,77.7633
2026,2610202,78.2245
2027,2610202,78.6788
2028,2610202,79.1261
2029,2610202,79.5665
2030,2610202,80.0
2024,2610301,75.0416
2025,2610301,75.9221
2026,2610301,76.781
2027,2610301,77.6184
2028,2610301,78.434
2029,2610301,79.2279
2030,2610301,80.0
2024,2610400,53.7949
2025,2610400,58.8505
2026,2610400,63.726
2027,2610400,68.3346
2028,2610400,72.6094
2029,2610400,76.5054
2030,2610400,80.0
2024,2610509,75.6703
2025,2610509,76.434
2026,2610509,77.181
2027,2610509,77.9111
2028,2610509,78.6243
2029,2610509,79.3206
2030,2610509,80.0
2024,2610608,65.79
2025,2610608,68.48
2026,2610608,71.05
2027,2610608,73.5
2028,2610608,75.81
2029,2610608,77.98
2030,2610608,80.0
2024,2610707,55.9768
2025,2610707,60.6168
2026,2610707,65.0729
2027,2610707,69.2803
2028,2610707,73.1897
2029,2610707,76.7684
2030,2610707,80.0
2024,2610806,52.4091
2025,2610806,57.723
2026,2610806,62.8641
2027,2610806,67.7294
2028,2610806,72.2389
2029,2610806,76.3383
2030,2610806,80.0
2024,2610905,63.0206
2025,2610905,66.2689
2026,2610905,69.3705
2027,2610905,72.3061
2028,2610905,75.0615
2029,2610905,77.6276
2030,2610905,80.0
2024,2611002,56.5174
2025,2611002,61.0529
2026,2611002,65.405
2027,2611002,69.5136
2028,2611002,73.3332
2029,2611002,76.8337
2030,2611002,80.0
2024,2611101,68.4187
2025,2611101,70.5844
2026,2611101,72.6609
2027,2611101,74.6435
2028,2611101,76.5287
2029,2611101,78.3146
2030,2611101,80.0
2024,2611200,65.4238
2025,2611200,68.1893
2026,2611200,70.8321
2027,2611200,73.3413
2028,2611200,75.7086
2029,2611200,77.929
2030,2611200,80.0
2024,2611309,52.3318
2025,2611309,57.66
2026,2611309,62.8159
2027,2611309,67.6956
2028,2611309,72.2182
2029,2611309,76.329
2030,2611309,80.0
2024,2611408,77.8957
2025,2611408,78.2572
2026,2611408,78.6143
2027,2611408,78.9672
2028,2611408,79.3157
2029,2611408,79.66
2030,2611408,80.0
2024,2611507,53.3339
2025,2611507,58.476
2026,2611507,63.4399
2027,2611507,68.1337
2028,2611507,72.4863
2029,2611507,76.4499
2030,2611507,80.0
2024,2611533,80.0
2025,2611533,80.0
2026,2611533,80.0
2027,2611533,80.0
2028,2611533,80.0
2029,2611533,80.0
2030,2611533,80.0
2024,2611606,65.2914
2025,2611606,68.0834
2026,2611606,70.7515
2027,2611606,73.2841
2028,2611606,75.6727
2029,2611606,77.9122
2030,2611606,80.0
2024,2611705,66.5988
2025,2611705,69.1284
2026,2611705,71.5482
2027,2611705,73.8502
2028,2611705,76.0282
2029,2611705,78.0787
2030,2611705,80.0
2024,2611804,64.6124
2025,2611804,67.5409
2026,2611804,70.3383
2027,2611804,72.9911
2028,2611804,75.4892
2029,2611804,77.8265
2030,2611804,80.0
2024,2611903,80.0
2025,2611903,80.0
2026,2611903,80.0
2027,2611903,80.0
2028,2611903,80.0
2029,2611903,80.0
2030,2611903,80.0
2024,2612000,69.6933
2025,2612000,71.6059
2026,2612000,73.4438
2027,2612000,75.2039
2028,2612000,76.884
2029,2612000,78.4829
2030,2612000,80.0
2024,2612109,80.0
2025,2612109,80.0
2026,2612109,80.0
2027,2612109,80.0
2028,2612109,80.0
2029,2612109,80.0
2030,2612109,80.0
2024,2612208,76.5529
2025,2612208,77.1549
2026,2612208,77.7459
2027,2612208,78.326
2028,2612208,78.895
2029,2612208,79.453
2030,2612208,80.0
2024,2612307,61.7245
2025,2612307,65.2325
2026,2612307,68.5827
2027,2612307,71.7498
2028,2612307,74.7153
2029,2612307,77.4673
2030,2612307,80.0
2024,2612406,47.8597
2025,2612406,53.9831
2026,2612406,59.9886
2027,2612406,65.7082
2028,2612406,71.0053
2029,2612406,75.7857
2030,2612406,80.0
2024,2612455,70.9777
2025,2612455,72.6374
2026,2612455,74.2365
2027,2612455,75.7734
2028,2612455,77.2467
2029,2612455,78.6557
2030,2612455,80.0
2024,2612471,76.0818
2025,2612471,76.7698
2026,2612471,77.4438
2027,2612471,78.1039
2028,2612471,78.75
2029,2612471,79.382
2030,2612471,80.0
2024,2612505,57.3094
2025,2612505,61.691
2026,2612505,65.8906
2027,2612505,69.8547
2028,2612505,73.5432
2029,2612505,76.9294
2030,2612505,80.0
2024,2612554,62.4145
2025,2612554,65.7843
2026,2612554,69.0021
2027,2612554,72.0458
2028,2612554,74.8994
2029,2612554,77.5525
2030,2612554,80.0
2024,2612604,51.1696
2025,2612604,56.7104
2026,2612604,62.0882
2027,2612604,67.1846
2028,2612604,71.9058
2029,2612604,76.1885
2030,2612604,80.0
2024,2612703,80.0
2025,2612703,80.0
2026,2612703,80.0
2027,2612703,80.0
2028,2612703,80.0
2029,2612703,80.0
2030,2612703,80.0
2024,2612802,70.1903
2025,2612802,72.0047
2026,2612802,73.75
2027,2612802,75.4236
2028,2612802,77.0238
2029,2612802,78.5494
2030,2612802,80.0
2024,2612901,41.3579
2025,2612901,48.5019
2026,2612901,55.7076
2027,2612901,62.6809
2028,2612901,69.164
2029,2612901,74.9706
2030,2612901,80.0
2024,2613008,59.891
2025,2613008,63.7644
2026,2613008,67.467
2027,2613008,70.9635
2028,2613008,74.2277
2029,2613008,77.2427
2030,2613008,80.0
2024,2613107,50.7375
2025,2613107,56.3563
2026,2613107,61.8165
2027,2613107,66.9936
2028,2613107,71.7892
2029,2613107,76.1362
2030,2613107,80.0
2024,2613206,63.9827
2025,2613206,67.0378
2026,2613206,69.9554
2027,2613206,72.7198
2028,2613206,75.3197
2029,2613206,77.7475
2030,2613206,80.0
2024,2613305,70.3477
2025,2613305,72.1311
2026,2613305,73.8471
2027,2613305,75.4934
2028,2613305,77.0682
2029,2613305,78.5705
2030,2613305,80.0
2024,2613404,47.8334
2025,2613404,53.9612
2026,2613404,59.9717
2027,2613404,65.6963
2028,2613404,70.9981
2029,2613404,75.7825
2030,2613404,80.0
2024,2613503,52.1171
2025,2613503,57.4849
2026,2613503,62.6817
2027,2613503,67.6014
2028,2613503,72.1606
2029,2613503,76.3031
2030,2613503,80.0
2024,2613602,69.536
2025,2613602,71.4797
2026,2613602,73.3469
2027,2613602,75.1345
2028,2613602,76.8399
2029,2613602,78.462
2030,2613602,80.0
2024,2613701,49.8442
2025,2613701,55.6225
2026,2613701,61.2526
2027,2613701,66.5974
2028,2613701,71.5474
2029,2613701,76.0278
2030,2613701,80.0
2024,2613800,53.7608
2025,2613800,58.8228
2026,2613800,63.7048
2027,2613800,68.3197
2028,2613800,72.6003
2029,2613800,76.5013
2030,2613800,80.0
2024,2613909,76.713
2025,2613909,77.2859
2026,2613909,77.8489
2027,2613909,78.4017
2028,2613909,78.9446
2029,2613909,79.4773
2030,2613909,80.0
2024,2614006,58.0742
2025,2614006,62.3062
2026,2614006,66.3585
2027,2614006,70.1836
2028,2614006,73.7459
2029,2614006,77.0219
2030,2614006,80.0
2024,2614105,62.5972
2025,2614105,65.9304
2026,2614105,69.1132
2027,2614105,72.1243
2028,2614105,74.9483
2029,2614105,77.5751
2030,2614105,80.0
2024,2614204,63.5599
2025,2614204,66.6999
2026,2614204,69.6983
2027,2614204,72.5379
2028,2614204,75.2061
2029,2614204,77.6947
2030,2614204,80.0
2024,2614303,49.9398
2025,2614303,55.7011
2026,2614303,61.3131
2027,2614303,66.6399
2028,2614303,71.5733
2029,2614303,76.0395
2030,2614303,80.0
2024,2614402,75.4522
2025,2614402,76.2563
2026,2614402,77.042
2027,2614402,77.8093
2028,2614402,78.5581
2029,2614402,79.2883
2030,2614402,80.0
2024,2614501,59.4899
2025,2614501,63.4429
2026,2614501,67.2226
2027,2614501,70.7914
2028,2614501,74.1213
2029,2614501,77.1938
2030,2614501,80.0
2024,2614600,74.0301
2025,2614600,75.1008
2026,2614600,76.1415
2027,2614600,77.152
2028,2614600,78.132
2029,2614600,79.0813
2030,2614600,80.0
2024,2614709,51.4457
2025,2614709,56.9363
2026,2614709,62.2615
2027,2614709,67.3063
2028,2614709,71.9802
2029,2614709,76.2219
2030,2614709,80.0
2024,2614808,60.0163
2025,2614808,63.8648
2026,2614808,67.5433
2027,2614808,71.0172
2028,2614808,74.261
2029,2614808,77.258
2030,2614808,80.0
2024,2614857,50.5643
2025,2614857,56.2142
2026,2614857,61.7074
2027,2614857,66.917
2028,2614857,71.7424
2029,2614857,76.1152
2030,2614857,80.0
2024,2615003,63.0206
2025,2615003,66.2689
2026,2615003,69.3705
2027,2615003,72.3061
2028,2615003,75.0615
2029,2615003,77.6276
2030,2615003,80.0
2024,2615102,70.1488
2025,2615102,71.9714
2026,2615102,73.7244
2027,2615102,75.4053
2028,2615102,77.0121
2029,2615102,78.5438
2030,2615102,80.0
2024,2615201,64.9933
2025,2615201,67.8453
2026,2615201,70.5701
2027,2615201,73.1554
2028,2615201,75.5921
2029,2615201,77.8745
2030,2615201,80.0
2024,2615300,75.0165
2025,2615300,75.9016
2026,2615300,76.7651
2027,2615300,77.6067
2028,2615300,78.4265
2029,2615300,79.2242
2030,2615300,80.0
2024,2615409,55.1131
2025,2615409,59.9188
2026,2615409,64.5411
2027,2615409,68.9069
2028,2615409,72.9603
2029,2615409,76.6643
2030,2615409,80.0
2024,2615508,62.7467
2025,2615508,66.0499
2026,2615508,69.204
2027,2615508,72.1885
2028,2615508,74.9882
2029,2615508,77.5936
2030,2615508,80.0
2024,2615607,63.0455
2025,2615607,66.2888
2026,2615607,69.3857
2027,2615607,72.3168
2028,2615607,75.0682
2029,2615607,77.6307
2030,2615607,80.0
2024,2615706,80.0
2025,2615706,80.0
2026,2615706,80.0
2027,2615706,80.0
2028,2615706,80.0
2029,2615706,80.0
2030,2615706,80.0
2024,2615805,70.4057
2025,2615805,72.1777
2026,2615805,73.8829
2027,2615805,75.5191
2028,2615805,77.0846
2029,2615805,78.5783
2030,2615805,80.0
2024,2615904,77.5402
2025,2615904,77.9647
2026,2615904,78.3833
2027,2615904,78.7962
2028,2615904,79.2032
2029,2615904,79.6045
2030,2615904,80.0
2024,2616001,57.6794
2025,2616001,61.9888
2026,2616001,66.1171
2027,2616001,70.0139
2028,2616001,73.6413
2029,2616001,76.9741
2030,2616001,80.0
2024,2616100,57.7971
2025,2616100,62.0834
2026,2616100,66.1891
2027,2616100,70.0645
2028,2616100,73.6724
2029,2616100,76.9884
2030,2616100,80.0
2024,2616183,80.0
2025,2616183,80.0
2026,2616183,80.0
2027,2616183,80.0
2028,2616183,80.0
2029,2616183,80.0
2030,2616183,80.0
2024,2616209,59.1888
2025,2616209,63.2013
2026,2616209,67.039
2027,2616209,70.6622
2028,2616209,74.0414
2029,2616209,77.1572
2030,2616209,80.0
2024,2616308,61.1919
2025,2616308,64.8063
2026,2616308,68.2588
2027,2616308,71.5213
2028,2616308,74.5735
2029,2616308,77.4019
2030,2616308,80.0
2024,2616407,51.5922
2025,2616407,57.0561
2026,2616407,62.3533
2027,2616407,67.3708
2028,2616407,72.0196
2029,2616407,76.2397
2030,2616407,80.0
2024,2616506,65.5066
2025,2616506,68.2554
2026,2616506,70.8825
2027,2616506,73.3771
2028,2616506,75.731
2029,2616506,77.9395
2030,2616506,80.0
2024,2700102,52.4949
2025,2700102,57.793
2026,2700102,62.9176
2027,2700102,67.767
2028,2700102,72.2619
2029,2700102,76.3487
2030,2700102,80.0
2024,2700201,57.8391
2025,2700201,62.1172
2026,2700201,66.2148
2027,2700201,70.0826
2028,2700201,73.6836
2029,2700201,76.9934
2030,2700201,80.0
2024,2700300,45.7714
2025,2700300,52.2425
2026,2700300,58.6391
2027,2700300,64.757
2028,2700300,70.4263
2029,2700300,75.5283
2030,2700300,80.0
2024,2700409,39.3193
2025,2700409,46.7411
2026,2700409,54.3099
2027,2700409,61.6848
2028,2700409,68.5585
2029,2700409,74.7048
2030,2700409,80.0
2024,2700508,37.6349
2025,2700508,45.2681
2026,2700508,53.1305
2027,2700508,60.8405
2028,2700508,68.045
2029,2700508,74.48
2030,2700508,80.0
2024,2700607,38.7856
2025,2700607,46.2762
2026,2700607,53.9387
2027,2700607,61.4195
2028,2700607,68.3972
2029,2700607,74.6341
2030,2700607,80.0
2024,2700706,40.0552
2025,2700706,47.3794
2026,2700706,54.818
2027,2700706,62.0475
2028,2700706,68.779
2029,2700706,74.8015
2030,2700706,80.0
2024,2700805,59.2139
2025,2700805,63.2215
2026,2700805,67.0543
2027,2700805,70.673
2028,2700805,74.0481
2029,2700805,77.1602
2030,2700805,80.0
2024,2700904,80.0
2025,2700904,80.0
2026,2700904,80.0
2027,2700904,80.0
2028,2700904,80.0
2029,2700904,80.0
2030,2700904,80.0
2024,2701001,74.5898
2025,2701001,75.5549
2026,2701001,76.4948
2027,2701001,77.4094
2028,2701001,78.2985
2029,2701001,79.162
2030,2701001,80.0
2024,2701100,76.9743
2025,2701100,77.5001
2026,2701100,78.0173
2027,2701100,78.5258
2028,2701100,79.0258
2029,2701100,79.5172
2030,2701100,80.0
2024,2701209,37.616
2025,2701209,45.2514
2026,2701209,53.1171
2027,2701209,60.8308
2028,2701209,68.0391
2029,2701209,74.4774
2030,2701209,80.0
2024,2701308,33.9529
2025,2701308,41.9836
2026,2701308,50.4625
2027,2701308,58.9149
2028,2701308,66.8719
2029,2701308,73.9688
2030,2701308,80.0
2024,2701357,47.3578
2025,2701357,53.5663
2026,2701357,59.6662
2027,2701357,65.4811
2028,2701357,70.867
2029,2701357,75.7241
2030,2701357,80.0
2024,2701407,67.8562
2025,2701407,70.1341
2026,2701407,72.3164
2027,2701407,74.3975
2028,2701407,76.3732
2029,2701407,78.2411
2030,2701407,80.0
2024,2701506,56.2134
2025,2701506,60.8078
2026,2701506,65.2184
2027,2701506,69.3825
2028,2701506,73.2525
2029,2701506,76.797
2030,2701506,80.0
2024,2701605,51.0833
2025,2701605,56.6396
2026,2701605,62.034
2027,2701605,67.1464
2028,2701605,71.8825
2029,2701605,76.1781
2030,2701605,80.0
2024,2701704,47.3578
2025,2701704,53.5663
2026,2701704,59.6662
2027,2701704,65.4811
2028,2701704,70.867
2029,2701704,75.7241
2030,2701704,80.0
2024,2701803,49.3654
2025,2701803,55.2282
2026,2701803,60.9491
2027,2701803,66.384
2028,2701803,71.4172
2029,2701803,75.9696
2030,2701803,80.0
2024,2701902,49.65
2025,2701902,55.46
2026,2701902,61.13
2027,2701902,66.51
2028,2701902,71.5
2029,2701902,76.0
2030,2701902,80.0
2024,2702009,75.7375
2025,2702009,76.4888
2026,2702009,77.2238
2027,2702009,77.9425
2028,2702009,78.6447
2029,2702009,79.3306
2030,2702009,80.0
2024,2702108,80.0
2025,2702108,80.0
2026,2702108,80.0
2027,2702108,80.0
2028,2702108,80.0
2029,2702108,80.0
2030,2702108,80.0
2024,2702207,41.3303
2025,2702207,48.4782
2026,2702207,55.6889
2027,2702207,62.6676
2028,2702207,69.156
2029,2702207,74.9671
2030,2702207,80.0
2024,2702306,80.0
2025,2702306,80.0
2026,2702306,80.0
2027,2702306,80.0
2028,2702306,80.0
2029,2702306,80.0
2030,2702306,80.0
2024,2702355,51.2559
2025,2702355,56.781
2026,2702355,62.1424
2027,2702355,67.2226
2028,2702355,71.9291
2029,2702355,76.199
2030,2702355,80.0
2024,2702405,38.1456
2025,2702405,45.7165
2026,2702405,53.4906
2027,2702405,61.0987
2028,2702405,68.202
2029,2702405,74.5487
2030,2702405,80.0
2024,2702504,51.9194
2025,2702504,57.3234
2026,2702504,62.5581
2027,2702504,67.5146
2028,2702504,72.1075
2029,2702504,76.2792
2030,2702504,80.0
2024,2702553,41.3487
2025,2702553,48.494
2026,2702553,55.7014
2027,2702553,62.6765
2028,2702553,69.1614
2029,2702553,74.9695
2030,2702553,80.0
2024,2702603,41.9449
2025,2702603,49.0047
2026,2702603,56.1046
2027,2702603,62.963
2028,2702603,69.3355
2029,2702603,75.0461
2030,2702603,80.0
2024,2702702,44.0784
2025,2702702,50.8182
2026,2702702,57.5284
2027,2702702,63.9722
2028,2702702,69.949
2029,2702702,75.3168
2030,2702702,80.0
2024,2702801,41.5
2025,2702801,48.62
2026,2702801,55.8
2027,2702801,62.75
2028,2702801,69.2
2029,2702801,74.99
2030,2702801,80.0
2024,2702900,42.429
2025,2702900,49.4182
2026,2702900,56.4302
2027,2702900,63.1941
2028,2702900,69.476
2029,2702900,75.108
2030,2702900,80.0
2024,2703007,80.0
2025,2703007,80.0
2026,2703007,80.0
2027,2703007,80.0
2028,2703007,80.0
2029,2703007,80.0
2030,2703007,80.0
2024,2703106,36.8455
2025,2703106,44.5716
2026,2703106,52.5693
2027,2703106,60.4373
2028,2703106,67.7996
2029,2703106,74.3728
2030,2703106,80.0
2024,2703205,53.1715
2025,2703205,58.3439
2026,2703205,63.3389
2027,2703205,68.0629
2028,2703205,72.4429
2029,2703205,76.4303
2030,2703205,80.0
2024,2703304,67.4922
2025,2703304,69.8428
2026,2703304,72.0938
2027,2703304,74.2387
2028,2703304,76.273
2029,2703304,78.1939
2030,2703304,80.0
2024,2703403,44.6449
2025,2703403,51.2962
2026,2703403,57.9019
2027,2703403,64.2363
2028,2703403,70.1096
2029,2703403,75.3879
2030,2703403,80.0
2024,2703502,58.5524
2025,2703502,62.6904
2026,2703502,66.6506
2027,2703502,70.389
2028,2703502,73.8726
2029,2703502,77.0799
2030,2703502,80.0
2024,2703601,30.2743
2025,2703601,38.5996
2026,2703601,47.6497
2027,2703601,56.8568
2028,2703601,65.6133
2029,2703601,73.4232
2030,2703601,80.0
2024,2703700,42.7204
2025,2703700,49.6665
2026,2703700,56.6255
2027,2703700,63.3326
2028,2703700,69.5602
2029,2703700,75.1451
2030,2703700,80.0
2024,2703759,55.1216
2025,2703759,59.9257
2026,2703759,64.5463
2027,2703759,68.9105
2028,2703759,72.9626
2029,2703759,76.6653
2030,2703759,80.0
2024,2703809,40.352
2025,2703809,47.6359
2026,2703809,55.0218
2027,2703809,62.1928
2028,2703809,68.8673
2029,2703809,74.8402
2030,2703809,80.0
2024,2703908,41.3947
2025,2703908,48.5334
2026,2703908,55.7326
2027,2703908,62.6986
2028,2703908,69.1748
2029,2703908,74.9754
2030,2703908,80.0
2024,2704005,57.7215
2025,2704005,62.0226
2026,2704005,66.1428
2027,2704005,70.032
2028,2704005,73.6524
2029,2704005,76.9792
2030,2704005,80.0
2024,2704104,51.1437
2025,2704104,56.6892
2026,2704104,62.0719
2027,2704104,67.1731
2028,2704104,71.8988
2029,2704104,76.1854
2030,2704104,80.0
2024,2704203,49.3044
2025,2704203,55.1779
2026,2704203,60.9104
2027,2704203,66.3568
2028,2704203,71.4006
2029,2704203,75.9622
2030,2704203,80.0
2024,2704302,45.5843
2025,2704302,52.0856
2026,2704302,58.5171
2027,2704302,64.6708
2028,2704302,70.3739
2029,2704302,75.505
2030,2704302,80.0
2024,2704401,46.3316
2025,2704401,52.7111
2026,2704401,59.0032
2027,2704401,65.0138
2028,2704401,70.5826
2029,2704401,75.5976
2030,2704401,80.0
2024,2704500,39.3567
2025,2704500,46.7736
2026,2704500,54.3358
2027,2704500,61.7033
2028,2704500,68.5698
2029,2704500,74.7097
2030,2704500,80.0
2024,2704609,70.5963
2025,2704609,72.3308
2026,2704609,74.0007
2027,2704609,75.6037
2028,2704609,77.1385
2029,2704609,78.6041
2030,2704609,80.0
2024,2704708,46.8013
2025,2704708,53.103
2026,2704708,59.3073
2027,2704708,65.2282
2028,2704708,70.7131
2029,2704708,75.6556
2030,2704708,80.0
2024,2704807,52.0225
2025,2704807,57.4077
2026,2704807,62.6226
2027,2704807,67.5599
2028,2704807,72.1352
2029,2704807,76.2917
2030,2704807,80.0
2024,2704906,62.456
2025,2704906,65.8175
2026,2704906,69.0273
2027,2704906,72.0637
2028,2704906,74.9105
2029,2704906,77.5576
2030,2704906,80.0
2024,2705002,46.3671
2025,2705002,52.7407
2026,2705002,59.0262
2027,2705002,65.0301
2028,2705002,70.5925
2029,2705002,75.602
2030,2705002,80.0
2024,2705101,41.9906
2025,2705101,49.0439
2026,2705101,56.1354
2027,2705101,62.9849
2028,2705101,69.3488
2029,2705101,75.052
2030,2705101,80.0
2024,2705200,37.8622
2025,2705200,45.4678
2026,2705200,53.291
2027,2705200,60.9556
2028,2705200,68.115
2029,2705200,74.5106
2030,2705200,80.0
2024,2705309,37.1124
2025,2705309,44.8076
2026,2705309,52.7597
2027,2705309,60.5742
2028,2705309,67.8829
2029,2705309,74.4092
2030,2705309,80.0
2024,2705408,42.018
2025,2705408,49.0673
2026,2705408,56.1539
2027,2705408,62.998
2028,2705408,69.3568
2029,2705408,75.0555
2030,2705408,80.0
2024,2705507,57.5954
2025,2705507,61.9212
2026,2705507,66.0657
2027,2705507,69.9778
2028,2705507,73.619
2029,2705507,76.9639
2030,2705507,80.0
2024,2705606,34.5593
2025,2705606,42.5311
2026,2705606,50.9112
2027,2705606,59.2404
2028,2705606,67.0704
2029,2705606,74.0551
2030,2705606,80.0
2024,2705705,46.376
2025,2705705,52.7481
2026,2705705,59.032
2027,2705705,65.0341
2028,2705705,70.5949
2029,2705705,75.6031
2030,2705705,80.0
2024,2705804,41.0542
2025,2705804,48.241
2026,2705804,55.5013
2027,2705804,62.5342
2028,2705804,69.0749
2029,2705804,74.9314
2030,2705804,80.0
2024,2705903,80.0
2025,2705903,80.0
2026,2705903,80.0
2027,2705903,80.0
2028,2705903,80.0
2029,2705903,80.0
2030,2705903,80.0
2024,2706000,54.9349
2025,2706000,59.7746
2026,2706000,64.4311
2027,2706000,68.8297
2028,2706000,72.9129
2029,2706000,76.6428
2030,2706000,80.0
2024,2706109,27.5197
2025,2706109,35.9862
2026,2706109,45.4251
2027,2706109,55.2046
2028,2706109,64.5975
2029,2706109,72.9846
2030,2706109,80.0
2024,2706208,40.5927
2025,2706208,47.8436
2026,2706208,55.1866
2027,2706208,62.3101
2028,2706208,68.9387
2029,2706208,74.8716
2030,2706208,80.0
2024,2706307,39.151
2025,2706307,46.5947
2026,2706307,54.1931
2027,2706307,61.6014
2028,2706307,68.5078
2029,2706307,74.6825
2030,2706307,80.0
2024,2706406,52.9319
2025,2706406,58.149
2026,2706406,63.1899
2027,2706406,67.9582
2028,2706406,72.3789
2029,2706406,76.4014
2030,2706406,80.0
2024,2706422,47.5605
2025,2706422,53.7348
2026,2706422,59.7965
2027,2706422,65.5729
2028,2706422,70.9229
2029,2706422,75.749
2030,2706422,80.0
2024,2706448,57.8223
2025,2706448,62.1037
2026,2706448,66.2045
2027,2706448,70.0753
2028,2706448,73.6791
2029,2706448,76.9914
2030,2706448,80.0
2024,2706505,48.0618
2025,2706505,54.1507
2026,2706505,60.1181
2027,2706505,65.7993
2028,2706505,71.0608
2029,2706505,75.8105
2030,2706505,80.0
2024,2706604,43.6724
2025,2706604,50.4748
2026,2706604,57.2596
2027,2706604,63.782
2028,2706604,69.8333
2029,2706604,75.2657
2030,2706604,80.0
2024,2706703,47.0224
2025,2706703,53.2872
2026,2706703,59.45
2027,2706703,65.3288
2028,2706703,70.7743
2029,2706703,75.6829
2030,2706703,80.0
2024,2706802,38.7386
2025,2706802,46.2352
2026,2706802,53.9059
2027,2706802,61.3961
2028,2706802,68.3829
2029,2706802,74.6278
2030,2706802,80.0
2024,2706901,44.1144
2025,2706901,50.8487
2026,2706901,57.5522
2027,2706901,63.989
2028,2706901,69.9592
2029,2706901,75.3214
2030,2706901,80.0
2024,2707008,36.1849
2025,2707008,43.9857
2026,2707008,52.0954
2027,2707008,60.0961
2028,2707008,67.5919
2029,2707008,74.2822
2030,2707008,80.0
2024,2707107,31.9613
2025,2707107,40.1654
2026,2707107,48.9601
2027,2707107,57.8196
2028,2707107,66.2028
2029,2707107,73.6784
2030,2707107,80.0
2024,2707206,40.2686
2025,2707206,47.5639
2026,2707206,54.9646
2027,2707206,62.152
2028,2707206,68.8425
2029,2707206,74.8293
2030,2707206,80.0
2024,2707305,43.1745
2025,2707305,50.0526
2026,2707305,56.9287
2027,2707305,63.5476
2028,2707305,69.6908
2029,2707305,75.2028
2030,2707305,80.0
2024,2707404,37.2076
2025,2707404,44.8916
2026,2707404,52.8274
2027,2707404,60.6229
2028,2707404,67.9126
2029,2707404,74.4221
2030,2707404,80.0
2024,2707503,69.6933
2025,2707503,71.6059
2026,2707503,73.4438
2027,2707503,75.2039
2028,2707503,76.884
2029,2707503,78.4829
2030,2707503,80.0
2024,2707602,61.2169
2025,2707602,64.8263
2026,2707602,68.274
2027,2707602,71.532
2028,2707602,74.5801
2029,2707602,77.4049
2030,2707602,80.0
2024,2707701,43.4825
2025,2707701,50.3139
2026,2707701,57.1336
2027,2707701,63.6927
2028,2707701,69.7791
2029,2707701,75.2417
2030,2707701,80.0
2024,2707800,66.9214
2025,2707800,69.3863
2026,2707800,71.7451
2027,2707800,73.9903
2028,2707800,76.1164
2029,2707800,78.1202
2030,2707800,80.0
2024,2707909,38.8606
2025,2707909,46.3416
2026,2707909,53.991
2027,2707909,61.4569
2028,2707909,68.4199
2029,2707909,74.644
2030,2707909,80.0
2024,2708006,41.5691
2025,2708006,48.6831
2026,2708006,55.8508
2027,2708006,62.7827
2028,2708006,69.2259
2029,2708006,74.9978
2030,2708006,80.0
2024,2708105,80.0
2025,2708105,80.0
2026,2708105,80.0
2027,2708105,80.0
2028,2708105,80.0
2029,2708105,80.0
2030,2708105,80.0
2024,2708204,69.2628
2025,2708204,71.2607
2026,2708204,73.179
2027,2708204,75.0141
2028,2708204,76.7635
2029,2708204,78.4257
2030,2708204,80.0
2024,2708303,79.3328
2025,2708303,79.4451
2026,2708303,79.557
2027,2708303,79.6684
2028,2708303,79.7794
2029,2708303,79.8899
2030,2708303,80.0
2024,2708402,54.1102
2025,2708402,59.1064
2026,2708402,63.9213
2027,2708402,68.4718
2028,2708402,72.6934
2029,2708402,76.5434
2030,2708402,80.0
2024,2708501,45.905
2025,2708501,52.3543
2026,2708501,58.7261
2027,2708501,64.8183
2028,2708501,70.4636
2029,2708501,75.5448
2030,2708501,80.0
2024,2708600,55.0028
2025,2708600,59.8296
2026,2708600,64.473
2027,2708600,68.8591
2028,2708600,72.931
2029,2708600,76.651
2030,2708600,80.0
2024,2708709,41.3119
2025,2708709,48.4624
2026,2708709,55.6765
2027,2708709,62.6587
2028,2708709,69.1506
2029,2708709,74.9647
2030,2708709,80.0
2024,2708808,43.2743
2025,2708808,50.1373
2026,2708808,56.9951
2027,2708808,63.5946
2028,2708808,69.7194
2029,2708808,75.2154
2030,2708808,80.0
2024,2708907,48.8504
2025,2708907,54.8032
2026,2708907,60.6217
2027,2708907,66.1537
2028,2708907,71.2768
2029,2708907,75.9069
2030,2708907,80.0
2024,2708956,56.5427
2025,2708956,61.0733
2026,2708956,65.4205
2027,2708956,69.5245
2028,2708956,73.3399
2029,2708956,76.8367
2030,2708956,80.0
2024,2709004,48.0794
2025,2709004,54.1653
2026,2709004,60.1293
2027,2709004,65.8072
2028,2709004,71.0657
2029,2709004,75.8126
2030,2709004,80.0
2024,2709103,49.8007
2025,2709103,55.5867
2026,2709103,61.2251
2027,2709103,66.578
2028,2709103,71.5356
2029,2709103,76.0226
2030,2709103,80.0
2024,2709152,57.0316
2025,2709152,61.4673
2026,2709152,65.7204
2027,2709152,69.7351
2028,2709152,73.4695
2029,2709152,76.8958
2030,2709152,80.0
2024,2709202,38.6259
2025,2709202,46.1368
2026,2709202,53.8272
2027,2709202,61.3397
2028,2709202,68.3487
2029,2709202,74.6128
2030,2709202,80.0
2024,2709301,80.0
2025,2709301,80.0
2026,2709301,80.0
2027,2709301,80.0
2028,2709301,80.0
2029,2709301,80.0
2030,2709301,80.0
2024,2709400,46.2961
2025,2709400,52.6814
2026,2709400,58.9802
2027,2709400,64.9976
2028,2709400,70.5727
2029,2709400,75.5933
2030,2709400,80.0
2024,2800100,47.3137
2025,2800100,53.5296
2026,2800100,59.6378
2027,2800100,65.4611
2028,2800100,70.8548
2029,2800100,75.7187
2030,2800100,80.0
2024,2800209,28.5864
2025,2800209,37.007
2026,2800209,46.3
2027,2800209,55.8572
2028,2800209,64.9994
2029,2800209,73.158
2030,2800209,80.0
2024,2800308,36.7977
2025,2800308,44.5294
2026,2800308,52.5352
2027,2800308,60.4128
2028,2800308,67.7847
2029,2800308,74.3663
2030,2800308,80.0
2024,2800407,38.0701
2025,2800407,45.6503
2026,2800407,53.4375
2027,2800407,61.0606
2028,2800407,68.1789
2029,2800407,74.5385
2030,2800407,80.0
2024,2800506,34.2858
2025,2800506,42.2846
2026,2800506,50.7094
2027,2800506,59.0941
2028,2800506,66.9812
2029,2800506,74.0163
2030,2800506,80.0
2024,2800605,29.3211
2025,2800605,37.7036
2026,2800605,46.8925
2027,2800605,56.2971
2028,2800605,65.2697
2029,2800605,73.2747
2030,2800605,80.0
2024,2800670,29.9577
2025,2800670,38.3029
2026,2800670,47.3996
2027,2800670,56.6722
2028,2800670,65.5
2029,2800670,73.3742
2030,2800670,80.0
2024,2800704,34.4617
2025,2800704,42.4432
2026,2800704,50.8393
2027,2800704,59.1883
2028,2800704,67.0387
2029,2800704,74.0413
2030,2800704,80.0
2024,2801009,45.54
2025,2801009,52.05
2026,2801009,58.49
2027,2801009,64.65
2028,2801009,70.36
2029,2801009,75.5
2030,2801009,80.0
2024,2801108,51.0401
2025,2801108,56.6043
2026,2801108,62.0068
2027,2801108,67.1274
2028,2801108,71.8709
2029,2801108,76.1729
2030,2801108,80.0
2024,2801207,29.8861
2025,2801207,38.2356
2026,2801207,47.3428
2027,2801207,56.6303
2028,2801207,65.4743
2029,2801207,73.3631
2030,2801207,80.0
2024,2801306,40.3984
2025,2801306,47.6759
2026,2801306,55.0536
2027,2801306,62.2154
2028,2801306,68.8811
2029,2801306,74.8463
2030,2801306,80.0
2024,2801405,40.3984
2025,2801405,47.6759
2026,2801405,55.0536
2027,2801405,62.2154
2028,2801405,68.8811
2029,2801405,74.8463
2030,2801405,80.0
2024,2801504,32.0713
2025,2801504,40.2667
2026,2801504,49.0443
2027,2801504,57.8812
2028,2801504,66.2405
2029,2801504,73.6947
2030,2801504,80.0
2024,2801603,29.4035
2025,2801603,37.7814
2026,2801603,46.9585
2027,2801603,56.346
2028,2801603,65.2997
2029,2801603,73.2877
2030,2801603,80.0
2024,2801702,31.9613
2025,2801702,40.1654
2026,2801702,48.9601
2027,2801702,57.8196
2028,2801702,66.2028
2029,2801702,73.6784
2030,2801702,80.0
2024,2801900,49.8876
2025,2801900,55.6582
2026,2801900,61.2801
2027,2801900,66.6167
2028,2801900,71.5591
2029,2801900,76.0331
2030,2801900,80.0
2024,2802007,45.6823
2025,2802007,52.1678
2026,2802007,58.5811
2027,2802007,64.716
2028,2802007,70.4014
2029,2802007,75.5172
2030,2802007,80.0
2024,2802106,40.8052
2025,2802106,48.0267
2026,2802106,55.3317
2027,2802106,62.4135
2028,2802106,69.0015
2029,2802106,74.8992
2030,2802106,80.0
2024,2802205,36.6926
2025,2802205,44.4363
2026,2802205,52.46
2027,2802205,60.3587
2028,2802205,67.7518
2029,2802205,74.3519
2030,2802205,80.0
2024,2802304,26.2682
2025,2802304,34.7735
2026,2802304,44.3751
2027,2802304,54.4162
2028,2802304,64.1107
2029,2802304,72.7749
2030,2802304,80.0
2024,2802403,26.4711
2025,2802403,34.9712
2026,2802403,44.5471
2027,2802403,54.5458
2028,2802403,64.1908
2029,2802403,72.8094
2030,2802403,80.0
2024,2802502,27.0871
2025,2802502,35.5689
2026,2802502,45.0651
2027,2802502,54.9349
2028,2802502,64.4311
2029,2802502,72.9129
2030,2802502,80.0
2024,2802601,27.0871
2025,2802601,35.5689
2026,2802601,45.0651
2027,2802601,54.9349
2028,2802601,64.4311
2029,2802601,72.9129
2030,2802601,80.0
2024,2802700,34.1684
2025,2802700,42.1785
2026,2802700,50.6225
2027,2802700,59.031
2028,2802700,66.9428
2029,2802700,73.9996
2030,2802700,80.0
2024,2802809,44.7795
2025,2802809,51.4095
2026,2802809,57.9903
2027,2802809,64.2988
2028,2802809,70.1476
2029,2802809,75.4047
2030,2802809,80.0
2024,2802908,33.8351
2025,2802908,41.8769
2026,2802908,50.3749
2027,2802908,58.8513
2028,2802908,66.8331
2029,2802908,73.9519
2030,2802908,80.0
2024,2803005,62.5225
2025,2803005,65.8707
2026,2803005,69.0677
2027,2803005,72.0922
2028,2803005,74.9283
2029,2803005,77.5658
2030,2803005,80.0
2024,2803104,26.0
2025,2803104,35.0
2026,2803104,44.0
2027,2803104,55.0
2028,2803104,64.0
2029,2803104,73.0
2030,2803104,80.0
2024,2803203,31.5298
2025,2803203,39.7673
2026,2803203,48.6284
2027,2803203,57.5766
2028,2803203,66.0541
2029,2803203,73.614
2030,2803203,80.0
2024,2803302,48.1584
2025,2803302,54.2307
2026,2803302,60.1799
2027,2803302,65.8428
2028,2803302,71.0874
2029,2803302,75.8223
2030,2803302,80.0
2024,2803401,33.2737
2025,2803401,41.3671
2026,2803401,49.9553
2027,2803401,58.5461
2028,2803401,66.6468
2029,2803401,73.871
2030,2803401,80.0
2024,2803500,42.3104
2025,2803500,49.317
2026,2803500,56.3506
2027,2803500,63.1376
2028,2803500,69.4416
2029,2803500,75.0929
2030,2803500,80.0
2024,2803609,23.0487
2025,2803609,31.5704
2026,2803609,41.5418
2027,2803609,52.2576
2028,2803609,62.7695
2029,2803609,72.1983
2030,2803609,80.0
2024,2803708,44.7526
2025,2803708,51.3869
2026,2803708,57.9726
2027,2803708,64.2863
2028,2803708,70.14
2029,2803708,75.4013
2030,2803708,80.0
2024,2803807,46.2695
2025,2803807,52.6591
2026,2803807,58.9629
2027,2803807,64.9854
2028,2803807,70.5653
2029,2803807,75.59
2030,2803807,80.0
2024,2803906,41.1095
2025,2803906,48.2885
2026,2803906,55.5389
2027,2803906,62.5609
2028,2803906,69.0911
2029,2803906,74.9386
2030,2803906,80.0
2024,2804003,28.5448
2025,2804003,36.9675
2026,2804003,46.2662
2027,2804003,55.8321
2028,2804003,64.9839
2029,2804003,73.1513
2030,2804003,80.0
2024,2804102,49.0513
2025,2804102,54.9691
2026,2804102,60.7496
2027,2804102,66.2437
2028,2804102,71.3316
2029,2804102,75.9314
2030,2804102,80.0
2024,2804201,31.9913
2025,2804201,40.193
2026,2804201,48.9831
2027,2804201,57.8364
2028,2804201,66.2131
2029,2804201,73.6829
2030,2804201,80.0
2024,2804300,15.6396
2025,2804300,23.6248
2026,2804300,34.0418
2027,2804300,46.2695
2028,2804300,58.9629
2029,2804300,70.5653
2030,2804300,80.0
2024,2804409,28.3262
2025,2804409,36.7591
2026,2804409,46.0882
2027,2804409,55.6996
2028,2804409,64.9024
2029,2804409,73.1161
2030,2804409,80.0
2024,2804458,44.5731
2025,2804458,51.2357
2026,2804458,57.8546
2027,2804458,64.2029
2028,2804458,70.0892
2029,2804458,75.3789
2030,2804458,80.0
2024,2804508,36.664
2025,2804508,44.4109
2026,2804508,52.4395
2027,2804508,60.3439
2028,2804508,67.7428
2029,2804508,74.348
2030,2804508,80.0
2024,2804607,39.6366
2025,2804607,47.0166
2026,2804607,54.5295
2027,2804607,61.8416
2028,2804607,68.6539
2029,2804607,74.7465
2030,2804607,80.0
2024,2804706,26.1827
2025,2804706,34.6899
2026,2804706,44.3024
2027,2804706,54.3614
2028,2804706,64.0768
2029,2804706,72.7603
2030,2804706,80.0
2024,2804805,26.9282
2025,2804805,35.4151
2026,2804805,44.9321
2027,2804805,54.8352
2028,2804805,64.3695
2029,2804805,72.8864
2030,2804805,80.0
2024,2804904,23.7369
2025,2804904,32.2659
2026,2804904,42.1649
2027,2804904,52.7365
2028,2804904,63.0682
2029,2804904,72.3266
2030,2804904,80.0
2024,2805000,52.9062
2025,2805000,58.1281
2026,2805000,63.1739
2027,2805000,67.947
2028,2805000,72.372
2029,2805000,76.3983
2030,2805000,80.0
2024,2805109,21.3896
2025,2805109,29.8675
2026,2805109,39.9959
2027,2805109,51.0585
2028,2805109,62.0184
2029,2805109,71.8759
2030,2805109,80.0
2024,2805208,22.9817
2025,2805208,31.5024
2026,2805208,41.4806
2027,2805208,52.2104
2028,2805208,62.7401
2029,2805208,72.1856
2030,2805208,80.0
2024,2805307,33.0265
2025,2805307,41.1418
2026,2805307,49.7693
2027,2805307,58.4106
2028,2805307,66.5641
2029,2805307,73.8351
2030,2805307,80.0
2024,2805406,23.748
2025,2805406,32.277
2026,2805406,42.1749
2027,2805406,52.7441
2028,2805406,63.0729
2029,2805406,72.3286
2030,2805406,80.0
2024,2805505,37.8244
2025,2805505,45.4346
2026,2805505,53.2643
2027,2805505,60.9365
2028,2805505,68.1034
2029,2805505,74.5055
2030,2805505,80.0
2024,2805604,30.7421
2025,2805604,39.0362
2026,2805604,48.0167
2027,2805604,57.1272
2028,2805604,65.779
2029,2805604,73.4949
2030,2805604,80.0
2024,2805703,26.7053
2025,2805703,35.1989
2026,2805703,44.7448
2027,2805703,54.6945
2028,2805703,64.2827
2029,2805703,72.849
2030,2805703,80.0
2024,2805802,44.4473
2025,2805802,51.1297
2026,2805802,57.7718
2027,2805802,64.1443
2028,2805802,70.0537
2029,2805802,75.3631
2030,2805802,80.0
2024,2805901,17.2737
2025,2805901,25.4596
2026,2805901,35.8441
2027,2805901,47.7508
2028,2805901,59.9187
2029,2805901,70.9753
2030,2805901,80.0
2024,2806008,40.5372
2025,2806008,47.7958
2026,2806008,55.1486
2027,2806008,62.2831
2028,2806008,68.9222
2029,2806008,74.8643
2030,2806008,80.0
2024,2806107,45.54
2025,2806107,52.05
2026,2806107,58.49
2027,2806107,64.65
2028,2806107,70.36
2029,2806107,75.5
2030,2806107,80.0
2024,2806206,40.6297
2025,2806206,47.8755
2026,2806206,55.2119
2027,2806206,62.3281
2028,2806206,68.9496
2029,2806206,74.8764
2030,2806206,80.0
2024,2806305,33.1156
2025,2806305,41.223
2026,2806305,49.8364
2027,2806305,58.4595
2028,2806305,66.5939
2029,2806305,73.848
2030,2806305,80.0
2024,2806404,36.0311
2025,2806404,43.8489
2026,2806404,51.9845
2027,2806404,60.0162
2028,2806404,67.5432
2029,2806404,74.261
2030,2806404,80.0
2024,2806503,32.2212
2025,2806503,40.4045
2026,2806503,49.1588
2027,2806503,57.9649
2028,2806503,66.2917
2029,2806503,73.7169
2030,2806503,80.0
2024,2806602,41.3671
2025,2806602,48.5098
2026,2806602,55.7139
2027,2806602,62.6854
2028,2806602,69.1667
2029,2806602,74.9718
2030,2806602,80.0
2024,2806701,59.8743
2025,2806701,63.7511
2026,2806701,67.4568
2027,2806701,70.9563
2028,2806701,74.2233
2029,2806701,77.2407
2030,2806701,80.0
2024,2806800,36.7022
2025,2806800,44.4448
2026,2806800,52.4669
2027,2806800,60.3636
2028,2806800,67.7548
2029,2806800,74.3532
2030,2806800,80.0
2024,2806909,41.56
2025,2806909,48.6752
2026,2806909,55.8445
2027,2806909,62.7782
2028,2806909,69.2232
2029,2806909,74.9967
2030,2806909,80.0
2024,2807006,45.0572
2025,2807006,51.6431
2026,2807006,58.1725
2027,2807006,64.4275
2028,2807006,70.2259
2029,2807006,75.4394
2030,2807006,80.0
2024,2807105,40.0924
2025,2807105,47.4115
2026,2807105,54.8436
2027,2807105,62.0657
2028,2807105,68.7901
2029,2807105,74.8063
2030,2807105,80.0
2024,2807204,52.4262
2025,2807204,57.737
2026,2807204,62.8748
2027,2807204,67.737
2028,2807204,72.2435
2029,2807204,76.3404
2030,2807204,80.0
2024,2807303,24.2763
2025,2807303,32.8067
2026,2807303,42.6464
2027,2807303,53.1048
2028,2807303,63.2975
2029,2807303,72.4251
2030,2807303,80.0
2024,2807402,47.9476
2025,2807402,54.056
2026,2807402,60.0449
2027,2807402,65.7478
2028,2807402,71.0295
2029,2807402,75.7965
2030,2807402,80.0
2024,2807501,48.7892
2025,2807501,54.7526
2026,2807501,60.5827
2027,2807501,66.1263
2028,2807501,71.2601
2029,2807501,75.8994
2030,2807501,80.0
2024,2807600,32.6197
2025,2807600,40.77
2026,2807600,49.4619
2027,2807600,58.1864
2028,2807600,66.4271
2029,2807600,73.7756
2030,2807600,80.0
2024,2900108,41.3671
2025,2900108,48.5098
2026,2900108,55.7139
2027,2900108,62.6854
2028,2900108,69.1667
2029,2900108,74.9718
2030,2900108,80.0
2024,2900207,35.4429
2025,2900207,43.3241
2026,2900207,51.5582
2027,2900207,59.7085
2028,2900207,67.3558
2029,2900207,74.1793
2030,2900207,80.0
2024,2900306,26.769
2025,2900306,35.2608
2026,2900306,44.7985
2027,2900306,54.7348
2028,2900306,64.3076
2029,2900306,72.8597
2030,2900306,80.0
2024,2900355,50.3737
2025,2900355,56.0578
2026,2900355,61.5872
2027,2900355,66.8326
2028,2900355,71.6909
2029,2900355,76.0921
2030,2900355,80.0
2024,2900405,28.1384
2025,2900405,36.5797
2026,2900405,45.9346
2027,2900405,55.5852
2028,2900405,64.8319
2029,2900405,73.0857
2030,2900405,80.0
2024,2900504,69.9749
2025,2900504,71.8318
2026,2900504,73.6172
2027,2900504,75.3283
2028,2900504,76.9631
2029,2900504,78.5205
2030,2900504,80.0
2024,2900603,36.3863
2025,2900603,44.1647
2026,2900603,52.2404
2027,2900603,60.2006
2028,2900603,67.6555
2029,2900603,74.3099
2030,2900603,80.0
2024,2900702,40.4447
2025,2900702,47.7159
2026,2900702,55.0853
2027,2900702,62.238
2028,2900702,68.8948
2029,2900702,74.8523
2030,2900702,80.0
2024,2900801,50.9364
2025,2900801,56.5193
2026,2900801,61.9416
2027,2900801,67.0816
2028,2900801,71.8429
2029,2900801,76.1603
2030,2900801,80.0
2024,2900900,38.2211
2025,2900900,45.7827
2026,2900900,53.5436
2027,2900900,61.1367
2028,2900900,68.2252
2029,2900900,74.5588
2030,2900900,80.0
2024,2901007,55.8415
2025,2901007,60.5076
2026,2901007,64.9897
2027,2901007,69.2219
2028,2901007,73.1538
2029,2901007,76.7521
2030,2901007,80.0
2024,2901106,44.0243
2025,2901106,50.7725
2026,2901106,57.4927
2027,2901106,63.9469
2028,2901106,69.9336
2029,2901106,75.31
2030,2901106,80.0
2024,2901155,39.1604
2025,2901155,46.6028
2026,2901155,54.1996
2027,2901155,61.606
2028,2901155,68.5106
2029,2901155,74.6837
2030,2901155,80.0
2024,2901205,43.1655
2025,2901205,50.0449
2026,2901205,56.9227
2027,2901205,63.5433
2028,2901205,69.6882
2029,2901205,75.2016
2030,2901205,80.0
2024,2901304,50.4777
2025,2901304,56.1431
2026,2901304,61.6528
2027,2901304,66.8787
2028,2901304,71.719
2029,2901304,76.1047
2030,2901304,80.0
2024,2901353,39.8786
2025,2901353,47.2265
2026,2901353,54.6965
2027,2901353,61.9608
2028,2901353,68.7263
2029,2901353,74.7783
2030,2901353,80.0
2024,2901403,44.5282
2025,2901403,51.1978
2026,2901403,57.8251
2027,2901403,64.182
2028,2901403,70.0765
2029,2901403,75.3733
2030,2901403,80.0
2024,2901502,45.1466
2025,2901502,51.7183
2026,2901502,58.2311
2027,2901502,64.4689
2028,2901502,70.251
2029,2901502,75.4505
2030,2901502,80.0
2024,2901601,49.8876
2025,2901601,55.6582
2026,2901601,61.2801
2027,2901601,66.6167
2028,2901601,71.5591
2029,2901601,76.0331
2030,2901601,80.0
2024,2901700,40.7406
2025,2901700,47.9711
2026,2901700,55.2876
2027,2901700,62.3821
2028,2901700,68.9824
2029,2901700,74.8908
2030,2901700,80.0
2024,2901809,39.5247
2025,2901809,46.9195
2026,2901809,54.4521
2027,2901809,61.7864
2028,2901809,68.6203
2029,2901809,74.7318
2030,2901809,80.0
2024,2901908,24.7029
2025,2901908,33.2318
2026,2901908,43.0229
2027,2901908,53.3919
2028,2901908,63.4759
2029,2901908,72.5018
2030,2901908,80.0
2024,2901957,43.582
2025,2901957,50.3982
2026,2901957,57.1997
2027,2901957,63.7395
2028,2901957,69.8075
2029,2901957,75.2543
2030,2901957,80.0
2024,2902005,47.9916
2025,2902005,54.0925
2026,2902005,60.0731
2027,2902005,65.7676
2028,2902005,71.0415
2029,2902005,75.8019
2030,2902005,80.0
2024,2902054,43.2833
2025,2902054,50.145
2026,2902054,57.0011
2027,2902054,63.5989
2028,2902054,69.722
2029,2902054,75.2165
2030,2902054,80.0
2024,2902104,27.3722
2025,2902104,35.8442
2026,2902104,45.3027
2027,2902104,55.113
2028,2902104,64.541
2029,2902104,72.9603
2030,2902104,80.0
2024,2902203,28.8976
2025,2902203,37.3027
2026,2902203,46.5519
2027,2902203,56.0445
2028,2902203,65.1145
2029,2902203,73.2077
2030,2902203,80.0
2024,2902252,23.6927
2025,2902252,32.2214
2026,2902252,42.1252
2027,2902252,52.706
2028,2902252,63.0492
2029,2902252,72.3184
2030,2902252,80.0
2024,2902302,53.1458
2025,2902302,58.323
2026,2902302,63.323
2027,2902302,68.0517
2028,2902302,72.4361
2029,2902302,76.4272
2030,2902302,80.0
2024,2902401,48.6054
2025,2902401,54.6007
2026,2902401,60.4655
2027,2902401,66.0438
2028,2902401,71.2098
2029,2902401,75.877
2030,2902401,80.0
2024,2902500,46.1362
2025,2902500,52.5478
2026,2902500,58.8764
2027,2902500,64.9244
2028,2902500,70.5281
2029,2902500,75.5735
2030,2902500,80.0
2024,2902609,42.9386
2025,2902609,49.8521
2026,2902609,56.7713
2027,2902609,63.436
2028,2902609,69.623
2029,2902609,75.1729
2030,2902609,80.0
2024,2902658,46.9782
2025,2902658,53.2504
2026,2902658,59.4215
2027,2902658,65.3087
2028,2902658,70.7621
2029,2902658,75.6774
2030,2902658,80.0
2024,2902708,34.0411
2025,2902708,42.0634
2026,2902708,50.5281
2027,2902708,58.9625
2028,2902708,66.901
2029,2902708,73.9814
2030,2902708,80.0
2024,2902807,52.872
2025,2902807,58.1002
2026,2902807,63.1526
2027,2902807,67.932
2028,2902807,72.3628
2029,2902807,76.3942
2030,2902807,80.0
2024,2902906,42.7568
2025,2902906,49.6975
2026,2902906,56.6498
2027,2902906,63.3499
2028,2902906,69.5707
2029,2902906,75.1498
2030,2902906,80.0
2024,2903003,45.6021
2025,2903003,52.1006
2026,2903003,58.5287
2027,2903003,64.6791
2028,2903003,70.3789
2029,2903003,75.5072
2030,2903003,80.0
2024,2903102,44.609
2025,2903102,51.2659
2026,2903102,57.8783
2027,2903102,64.2196
2028,2903102,70.0994
2029,2903102,75.3834
2030,2903102,80.0
2024,2903201,44.4653
2025,2903201,51.1448
2026,2903201,57.7837
2027,2903201,64.1527
2028,2903201,70.0587
2029,2903201,75.3654
2030,2903201,80.0
2024,2903235,31.5097
2025,2903235,39.7487
2026,2903235,48.6129
2027,2903235,57.5652
2028,2903235,66.0472
2029,2903235,73.611
2030,2903235,80.0
2024,2903276,48.1057
2025,2903276,54.1871
2026,2903276,60.1462
2027,2903276,65.8191
2028,2903276,71.0729
2029,2903276,75.8159
2030,2903276,80.0
2024,2903300,45.6378
2025,2903300,52.1305
2026,2903300,58.552
2027,2903300,64.6955
2028,2903300,70.3889
2029,2903300,75.5117
2030,2903300,80.0
2024,2903409,42.4928
2025,2903409,49.4726
2026,2903409,56.473
2027,2903409,63.2245
2028,2903409,69.4944
2029,2903409,75.1161
2030,2903409,80.0
2024,2903508,52.8891
2025,2903508,58.1141
2026,2903508,63.1633
2027,2903508,67.9395
2028,2903508,72.3674
2029,2903508,76.3962
2030,2903508,80.0
2024,2903607,29.4035
2025,2903607,37.7814
2026,2903607,46.9585
2027,2903607,56.346
2028,2903607,65.2997
2029,2903607,73.2877
2030,2903607,80.0
2024,2903706,49.9745
2025,2903706,55.7297
2026,2903706,61.3351
2027,2903706,66.6553
2028,2903706,71.5827
2029,2903706,76.0437
2030,2903706,80.0
2024,2903805,40.2872
2025,2903805,47.5799
2026,2903805,54.9773
2027,2903805,62.1611
2028,2903805,68.848
2029,2903805,74.8318
2030,2903805,80.0
2024,2903904,40.7313
2025,2903904,47.9631
2026,2903904,55.2813
2027,2903904,62.3776
2028,2903904,68.9797
2029,2903904,74.8896
2030,2903904,80.0
2024,2903953,47.9037
2025,2903953,54.0196
2026,2903953,60.0168
2027,2903953,65.728
2028,2903953,71.0174
2029,2903953,75.7911
2030,2903953,80.0
2024,2904001,50.6942
2025,2904001,56.3208
2026,2904001,61.7892
2027,2904001,66.9745
2028,2904001,71.7775
2029,2904001,76.131
2030,2904001,80.0
2024,2904050,46.4292
2025,2904050,52.7926
2026,2904050,59.0665
2027,2904050,65.0584
2028,2904050,70.6097
2029,2904050,75.6097
2030,2904050,80.0
2024,2904100,45.7982
2025,2904100,52.2649
2026,2904100,58.6565
2027,2904100,64.7693
2028,2904100,70.4338
2029,2904100,75.5316
2030,2904100,80.0
2024,2904209,65.0347
2025,2904209,67.8784
2026,2904209,70.5953
2027,2904209,73.1733
2028,2904209,75.6033
2029,2904209,77.8798
2030,2904209,80.0
2024,2904308,57.8643
2025,2904308,62.1375
2026,2904308,66.2302
2027,2904308,70.0934
2028,2904308,73.6903
2029,2904308,76.9965
2030,2904308,80.0
2024,2904407,47.2343
2025,2904407,53.4636
2026,2904407,59.5866
2027,2904407,65.4251
2028,2904407,70.8329
2029,2904407,75.709
2030,2904407,80.0
2024,2904506,61.0
2025,2904506,65.0
2026,2904506,68.0
2027,2904506,71.0
2028,2904506,75.0
2029,2904506,77.0
2030,2904506,80.0
2024,2904605,57.7047
2025,2904605,62.0091
2026,2904605,66.1325
2027,2904605,70.0248
2028,2904605,73.6479
2029,2904605,76.9772
2030,2904605,80.0
2024,2904704,31.4896
2025,2904704,39.7301
2026,2904704,48.5973
2027,2904704,57.5538
2028,2904704,66.0402
2029,2904704,73.608
2030,2904704,80.0
2024,2904753,19.336
2025,2904753,27.7034
2026,2904753,37.9866
2027,2904753,49.4747
2028,2904753,61.0185
2029,2904753,71.4469
2030,2904753,80.0
2024,2904803,53.6243
2025,2904803,58.712
2026,2904803,63.6201
2027,2904803,68.2603
2028,2904803,72.5638
2029,2904803,76.4849
2030,2904803,80.0
2024,2904852,35.2009
2025,2904852,43.1074
2026,2904852,51.3817
2027,2904852,59.581
2028,2904852,67.2781
2029,2904852,74.1454
2030,2904852,80.0
2024,2904902,32.0713
2025,2904902,40.2667
2026,2904902,49.0443
2027,2904902,57.8812
2028,2904902,66.2405
2029,2904902,73.6947
2030,2904902,80.0
2024,2905008,56.48
2025,2905008,61.02
2026,2905008,65.38
2027,2905008,69.5
2028,2905008,73.32
2029,2905008,76.83
2030,2905008,80.0
2024,2905107,42.1003
2025,2905107,49.1376
2026,2905107,56.2093
2027,2905107,63.0373
2028,2905107,69.3807
2029,2905107,75.066
2030,2905107,80.0
2024,2905156,32.0813
2025,2905156,40.2759
2026,2905156,49.0519
2027,2905156,57.8868
2028,2905156,66.2439
2029,2905156,73.6962
2030,2905156,80.0
2024,2905206,54.2124
2025,2905206,59.1893
2026,2905206,63.9846
2027,2905206,68.5162
2028,2905206,72.7206
2029,2905206,76.5558
2030,2905206,80.0
2024,2905305,28.794
2025,2905305,37.2044
2026,2905305,46.4682
2027,2905305,55.9823
2028,2905305,65.0763
2029,2905305,73.1912
2030,2905305,80.0
2024,2905404,43.5006
2025,2905404,50.3292
2026,2905404,57.1456
2027,2905404,63.7012
2028,2905404,69.7842
2029,2905404,75.244
2030,2905404,80.0
2024,2905503,28.4512
2025,2905503,36.8783
2026,2905503,46.19
2027,2905503,55.7754
2028,2905503,64.949
2029,2905503,73.1363
2030,2905503,80.0
2024,2905602,40.8421
2025,2905602,48.0585
2026,2905602,55.3569
2027,2905602,62.4314
2028,2905602,69.0124
2029,2905602,74.9039
2030,2905602,80.0
2024,2905701,40.4261
2025,2905701,47.6999
2026,2905701,55.0726
2027,2905701,62.2289
2028,2905701,68.8893
2029,2905701,74.8499
2030,2905701,80.0
2024,2905800,33.1749
2025,2905800,41.2771
2026,2905800,49.881
2027,2905800,58.492
2028,2905800,66.6138
2029,2905800,73.8566
2030,2905800,80.0
2024,2905909,43.2924
2025,2905909,50.1526
2026,2905909,57.0072
2027,2905909,63.6032
2028,2905909,69.7246
2029,2905909,75.2177
2030,2905909,80.0
2024,2906006,43.383
2025,2906006,50.2295
2026,2906006,57.0674
2027,2906006,63.6458
2028,2906006,69.7506
2029,2906006,75.2292
2030,2906006,80.0
2024,2906105,43.853
2025,2906105,50.6276
2026,2906105,57.3793
2027,2906105,63.8667
2028,2906105,69.8848
2029,2906105,75.2885
2030,2906105,80.0
2024,2906204,36.3384
2025,2906204,44.1221
2026,2906204,52.2059
2027,2906204,60.1758
2028,2906204,67.6404
2029,2906204,74.3033
2030,2906204,80.0
2024,2906303,36.1176
2025,2906303,43.9259
2026,2906303,52.0469
2027,2906303,60.0612
2028,2906303,67.5706
2029,2906303,74.2729
2030,2906303,80.0
2024,2906402,37.9662
2025,2906402,45.5592
2026,2906402,53.3643
2027,2906402,61.0082
2028,2906402,68.147
2029,2906402,74.5246
2030,2906402,80.0
2024,2906501,39.5993
2025,2906501,46.9843
2026,2906501,54.5037
2027,2906501,61.8232
2028,2906501,68.6427
2029,2906501,74.7416
2030,2906501,80.0
2024,2906600,52.13
2025,2906600,57.5
2026,2906600,62.69
2027,2906600,67.61
2028,2906600,72.17
2029,2906600,76.31
2030,2906600,80.0
2024,2906709,44.5731
2025,2906709,51.2357
2026,2906709,57.8546
2027,2906709,64.2029
2028,2906709,70.0892
2029,2906709,75.3789
2030,2906709,80.0
2024,2906808,36.7977
2025,2906808,44.5294
2026,2906808,52.5352
2027,2906808,60.4128
2028,2906808,67.7847
2029,2906808,74.3663
2030,2906808,80.0
2024,2906824,25.861
2025,2906824,34.3752
2026,2906824,44.0277
2027,2906824,54.154
2028,2906824,63.9485
2029,2906824,72.7051
2030,2906824,80.0
2024,2906857,42.5565
2025,2906857,49.5269
2026,2906857,56.5157
2027,2906857,63.2548
2028,2906857,69.5129
2029,2906857,75.1243
2030,2906857,80.0
2024,2906873,33.4119
2025,2906873,41.4928
2026,2906873,50.0589
2027,2906873,58.6215
2028,2906873,66.6928
2029,2906873,73.891
2030,2906873,80.0
2024,2906899,52.0225
2025,2906899,57.4077
2026,2906899,62.6226
2027,2906899,67.5599
2028,2906899,72.1352
2029,2906899,76.2917
2030,2906899,80.0
2024,2906907,47.0754
2025,2906907,53.3313
2026,2906907,59.4842
2027,2906907,65.3529
2028,2906907,70.789
2029,2906907,75.6894
2030,2906907,80.0
2024,2907004,33.8744
2025,2907004,41.9125
2026,2907004,50.4041
2027,2907004,58.8725
2028,2907004,66.846
2029,2907004,73.9575
2030,2907004,80.0
2024,2907103,35.7036
2025,2907103,43.557
2026,2907103,51.7476
2027,2907103,59.8453
2028,2907103,67.4391
2029,2907103,74.2156
2030,2907103,80.0
2024,2907202,19.442
2025,2907202,27.8168
2026,2907202,38.0932
2027,2907202,49.5594
2028,2907202,61.0722
2029,2907202,71.47
2030,2907202,80.0
2024,2907301,49.792
2025,2907301,55.5795
2026,2907301,61.2196
2027,2907301,66.5742
2028,2907301,71.5332
2029,2907301,76.0215
2030,2907301,80.0
2024,2907400,16.2394
2025,2907400,24.3046
2026,2907400,34.7151
2027,2907400,46.8264
2028,2907400,59.3235
2029,2907400,70.72
2030,2907400,80.0
2024,2907509,49.3218
2025,2907509,55.1922
2026,2907509,60.9215
2027,2907509,66.3645
2028,2907509,71.4053
2029,2907509,75.9643
2030,2907509,80.0
2024,2907558,52.3061
2025,2907558,57.639
2026,2907558,62.7998
2027,2907558,67.6843
2028,2907558,72.2113
2029,2907558,76.3259
2030,2907558,80.0
2024,2907608,37.9
2025,2907608,45.5011
2026,2907608,53.3177
2027,2907608,60.9747
2028,2907608,68.1267
2029,2907608,74.5157
2030,2907608,80.0
2024,2907707,41.3579
2025,2907707,48.5019
2026,2907707,55.7076
2027,2907707,62.6809
2028,2907707,69.164
2029,2907707,74.9706
2030,2907707,80.0
2024,2907806,37.9757
2025,2907806,45.5674
2026,2907806,53.371
2027,2907806,61.0129
2028,2907806,68.1499
2029,2907806,74.5258
2030,2907806,80.0
2024,2907905,35.0748
2025,2907905,42.9944
2026,2907905,51.2896
2027,2907905,59.5144
2028,2907905,67.2375
2029,2907905,74.1278
2030,2907905,80.0
2024,2908002,43.7988
2025,2908002,50.5818
2026,2908002,57.3435
2027,2908002,63.8413
2028,2908002,69.8694
2029,2908002,75.2816
2030,2908002,80.0
2024,2908101,53.7608
2025,2908101,58.8228
2026,2908101,63.7048
2027,2908101,68.3197
2028,2908101,72.6003
2029,2908101,76.5013
2030,2908101,80.0
2024,2908200,38.6823
2025,2908200,46.186
2026,2908200,53.8666
2027,2908200,61.3679
2028,2908200,68.3658
2029,2908200,74.6203
2030,2908200,80.0
2024,2908309,58.1833
2025,2908309,62.3939
2026,2908309,66.4252
2027,2908309,70.2305
2028,2908309,73.7748
2029,2908309,77.0351
2030,2908309,80.0
2024,2908408,35.7326
2025,2908408,43.5829
2026,2908408,51.7685
2027,2908408,59.8604
2028,2908408,67.4483
2029,2908408,74.2196
2030,2908408,80.0
2024,2908507,41.1187
2025,2908507,48.2964
2026,2908507,55.5452
2027,2908507,62.5654
2028,2908507,69.0938
2029,2908507,74.9398
2030,2908507,80.0
2024,2908606,46.7924
2025,2908606,53.0956
2026,2908606,59.3016
2027,2908606,65.2242
2028,2908606,70.7106
2029,2908606,75.6545
2030,2908606,80.0
2024,2908705,76.3509
2025,2908705,76.9897
2026,2908705,77.6162
2027,2908705,78.2306
2028,2908705,78.8327
2029,2908705,79.4225
2030,2908705,80.0
2024,2908804,31.2175
2025,2908804,39.4781
2026,2908804,48.3869
2027,2908804,57.3993
2028,2908804,65.9457
2029,2908804,73.567
2030,2908804,80.0
2024,2908903,37.9946
2025,2908903,45.584
2026,2908903,53.3843
2027,2908903,61.0225
2028,2908903,68.1557
2029,2908903,74.5284
2030,2908903,80.0
2024,2909000,71.0275
2025,2909000,72.6774
2026,2909000,74.2673
2027,2909000,75.7956
2028,2909000,77.2609
2029,2909000,78.6625
2030,2909000,80.0
2024,2909109,52.6578
2025,2909109,57.9257
2026,2909109,63.0192
2027,2909109,67.8384
2028,2909109,72.3055
2029,2909109,76.3683
2030,2909109,80.0
2024,2909208,35.8482
2025,2909208,43.686
2026,2909208,51.8523
2027,2909208,59.9209
2028,2909208,67.4851
2029,2909208,74.2356
2030,2909208,80.0
2024,2909307,43.3196
2025,2909307,50.1757
2026,2909307,57.0253
2027,2909307,63.616
2028,2909307,69.7324
2029,2909307,75.2211
2030,2909307,80.0
2024,2909406,46.9517
2025,2909406,53.2283
2026,2909406,59.4044
2027,2909406,65.2967
2028,2909406,70.7547
2029,2909406,75.6742
2030,2909406,80.0
2024,2909505,61.092
2025,2909505,64.7264
2026,2909505,68.198
2027,2909505,71.4785
2028,2909505,74.5469
2029,2909505,77.3896
2030,2909505,80.0
2024,2909604,55.1979
2025,2909604,59.9874
2026,2909604,64.5934
2027,2909604,68.9436
2028,2909604,72.9829
2029,2909604,76.6745
2030,2909604,80.0
2024,2909703,50.23
2025,2909703,55.94
2026,2909703,61.5
2027,2909703,66.77
2028,2909703,71.65
2029,2909703,76.08
2030,2909703,80.0
2024,2909802,41.4314
2025,2909802,48.565
2026,2909802,55.7575
2027,2909802,62.7164
2028,2909802,69.1856
2029,2909802,74.9801
2030,2909802,80.0
2024,2909901,36.7691
2025,2909901,44.504
2026,2909901,52.5147
2027,2909901,60.3981
2028,2909901,67.7757
2029,2909901,74.3624
2030,2909901,80.0
2024,2910008,44.3125
2025,2910008,51.0159
2026,2910008,57.6829
2027,2910008,64.0815
2028,2910008,70.0154
2029,2910008,75.3462
2030,2910008,80.0
2024,2910057,42.2191
2025,2910057,49.2391
2026,2910057,56.2892
2027,2910057,63.0941
2028,2910057,69.4152
2029,2910057,75.0812
2030,2910057,80.0
2024,2910107,53.5218
2025,2910107,58.6287
2026,2910107,63.5566
2027,2910107,68.2157
2028,2910107,72.5365
2029,2910107,76.4725
2030,2910107,80.0
2024,2910206,80.0
2025,2910206,80.0
2026,2910206,80.0
2027,2910206,80.0
2028,2910206,80.0
2029,2910206,80.0
2030,2910206,80.0
2024,2910305,37.0553
2025,2910305,44.7571
2026,2910305,52.719
2027,2910305,60.5449
2028,2910305,67.8651
2029,2910305,74.4014
2030,2910305,80.0
2024,2910404,47.9213
2025,2910404,54.0342
2026,2910404,60.028
2027,2910404,65.7359
2028,2910404,71.0222
2029,2910404,75.7933
2030,2910404,80.0
2024,2910503,33.0
2025,2910503,41.0
2026,2910503,49.0
2027,2910503,58.0
2028,2910503,66.0
2029,2910503,74.0
2030,2910503,80.0
2024,2910602,26.9494
2025,2910602,35.4357
2026,2910602,44.9499
2027,2910602,54.8485
2028,2910602,64.3778
2029,2910602,72.89
2030,2910602,80.0
2024,2910701,39.9809
2025,2910701,47.315
2026,2910701,54.7669
2027,2910701,62.011
2028,2910701,68.7568
2029,2910701,74.7917
2030,2910701,80.0
2024,2910727,41.413
2025,2910727,48.5492
2026,2910727,55.745
2027,2910727,62.7075
2028,2910727,69.1802
2029,2910727,74.9777
2030,2910727,80.0
2024,2910750,48.0
2025,2910750,55.0
2026,2910750,60.0
2027,2910750,66.0
2028,2910750,71.0
2029,2910750,76.0
2030,2910750,80.0
2024,2910776,59.7574
2025,2910776,63.6573
2026,2910776,67.3856
2027,2910776,70.9061
2028,2910776,74.1923
2029,2910776,77.2264
2030,2910776,80.0
2024,2910800,38.95
2025,2910800,46.42
2026,2910800,54.05
2027,2910800,61.5
2028,2910800,68.45
2029,2910800,74.66
2030,2910800,80.0
2024,2910859,25.25
2025,2910859,33.77
2026,2910859,43.5
2027,2910859,53.75
2028,2910859,63.7
2029,2910859,72.6
2030,2910859,80.0
2024,2910909,43.1473
2025,2910909,50.0295
2026,2910909,56.9106
2027,2910909,63.5347
2028,2910909,69.683
2029,2910909,75.1993
2030,2910909,80.0
2024,2911006,21.7428
2025,2911006,30.2332
2026,2911006,40.3305
2027,2911006,51.3194
2028,2911006,62.1822
2029,2911006,71.9462
2030,2911006,80.0
2024,2911105,26.7265
2025,2911105,35.2195
2026,2911105,44.7627
2027,2911105,54.7079
2028,2911105,64.291
2029,2911105,72.8526
2030,2911105,80.0
2024,2911204,40.1573
2025,2911204,47.4677
2026,2911204,54.8882
2027,2911204,62.0975
2028,2911204,68.8094
2029,2911204,74.8148
2030,2911204,80.0
2024,2911253,63.7008
2025,2911253,66.8125
2026,2911253,69.784
2027,2911253,72.5985
2028,2911253,75.2439
2029,2911253,77.7123
2030,2911253,80.0
2024,2911303,50.7115
2025,2911303,56.335
2026,2911303,61.8001
2027,2911303,66.9822
2028,2911303,71.7822
2029,2911303,76.1331
2030,2911303,80.0
2024,2911402,42.593
2025,2911402,49.558
2026,2911402,56.5401
2027,2911402,63.2721
2028,2911402,69.5234
2029,2911402,75.1289
2030,2911402,80.0
2024,2911501,34.9194
2025,2911501,42.855
2026,2911501,51.1759
2027,2911501,59.4321
2028,2911501,67.1873
2029,2911501,74.1059
2030,2911501,80.0
2024,2911600,43.5097
2025,2911600,50.3369
2026,2911600,57.1516
2027,2911600,63.7055
2028,2911600,69.7868
2029,2911600,75.2452
2030,2911600,80.0
2024,2911659,36.3288
2025,2911659,44.1136
2026,2911659,52.199
2027,2911659,60.1708
2028,2911659,67.6374
2029,2911659,74.302
2030,2911659,80.0
2024,2911709,54.0
2025,2911709,59.0
2026,2911709,64.0
2027,2911709,68.0
2028,2911709,73.0
2029,2911709,77.0
2030,2911709,80.0
2024,2911808,29.8861
2025,2911808,38.2356
2026,2911808,47.3428
2027,2911808,56.6303
2028,2911808,65.4743
2029,2911808,73.3631
2030,2911808,80.0
2024,2911857,38.419
2025,2911857,45.9559
2026,2911857,53.6824
2027,2911857,61.2361
2028,2911857,68.2856
2029,2911857,74.5852
2030,2911857,80.0
2024,2911907,30.1315
2025,2911907,38.4658
2026,2911907,47.537
2027,2911907,56.7737
2028,2911907,65.5623
2029,2911907,73.4011
2030,2911907,80.0
2024,2912004,67.4591
2025,2912004,69.8164
2026,2912004,72.0736
2027,2912004,74.2243
2028,2912004,76.2639
2029,2912004,78.1896
2030,2912004,80.0
2024,2912103,38.0
2025,2912103,46.0
2026,2912103,53.0
2027,2912103,61.0
2028,2912103,68.0
2029,2912103,75.0
2030,2912103,80.0
2024,2912202,35.036
2025,2912202,42.9596
2026,2912202,51.2612
2027,2912202,59.4938
2028,2912202,67.225
2029,2912202,74.1223
2030,2912202,80.0
2024,2912301,62.4311
2025,2912301,65.7976
2026,2912301,69.0122
2027,2912301,72.053
2028,2912301,74.9039
2029,2912301,77.5545
2030,2912301,80.0
2024,2912400,36.9027
2025,2912400,44.6223
2026,2912400,52.6102
2027,2912400,60.4667
2028,2912400,67.8175
2029,2912400,74.3806
2030,2912400,80.0
2024,2912509,49.9311
2025,2912509,55.694
2026,2912509,61.3076
2027,2912509,66.636
2028,2912509,71.5709
2029,2912509,76.0384
2030,2912509,80.0
2024,2912608,27.1717
2025,2912608,35.6506
2026,2912608,45.1357
2027,2912608,54.9879
2028,2912608,64.4638
2029,2912608,72.927
2030,2912608,80.0
2024,2912707,38.2588
2025,2912707,45.8157
2026,2912707,53.5701
2027,2912707,61.1556
2028,2912707,68.2367
2029,2912707,74.5638
2030,2912707,80.0
2024,2912806,63.7091
2025,2912806,66.8192
2026,2912806,69.789
2027,2912806,72.6021
2028,2912806,75.2461
2029,2912806,77.7133
2030,2912806,80.0
2024,2912905,39.7204
2025,2912905,47.0894
2026,2912905,54.5874
2027,2912905,61.883
2028,2912905,68.679
2029,2912905,74.7576
2030,2912905,80.0
2024,2913002,65.1093
2025,2913002,67.9379
2026,2913002,70.6407
2027,2913002,73.2054
2028,2913002,75.6234
2029,2913002,77.8892
2030,2913002,80.0
2024,2913101,33.3132
2025,2913101,41.403
2026,2913101,49.9849
2027,2913101,58.5677
2028,2913101,66.66
2029,2913101,73.8767
2030,2913101,80.0
2024,2913200,48.3689
2025,2913200,54.4051
2026,2913200,60.3145
2027,2913200,65.9376
2028,2913200,71.1451
2029,2913200,75.8481
2030,2913200,80.0
2024,2913309,35.5878
2025,2913309,43.4536
2026,2913309,51.6635
2027,2913309,59.7846
2028,2913309,67.4021
2029,2913309,74.1995
2030,2913309,80.0
2024,2913408,60.9587
2025,2913408,64.6197
2026,2913408,68.1169
2027,2913408,71.4213
2028,2913408,74.5114
2029,2913408,77.3732
2030,2913408,80.0
2024,2913457,37.3787
2025,2913457,45.0425
2026,2913457,52.949
2027,2913457,60.7102
2028,2913457,67.9657
2029,2913457,74.4453
2030,2913457,80.0
2024,2913507,54.5527
2025,2913507,59.4651
2026,2913507,64.1951
2027,2913507,68.6639
2028,2913507,72.8113
2029,2913507,76.5968
2030,2913507,80.0
2024,2913606,39.2165
2025,2913606,46.6516
2026,2913606,54.2386
2027,2913606,61.6339
2028,2913606,68.5275
2029,2913606,74.6912
2030,2913606,80.0
2024,2913705,36.6066
2025,2913705,44.3601
2026,2913705,52.3984
2027,2913705,60.3144
2028,2913705,67.7248
2029,2913705,74.3401
2030,2913705,80.0
2024,2913804,41.6058
2025,2913804,48.7145
2026,2913804,55.8756
2027,2913804,62.8003
2028,2913804,69.2366
2029,2913804,75.0026
2030,2913804,80.0
2024,2913903,40.5094
2025,2913903,47.7718
2026,2913903,55.1296
2027,2913903,62.2696
2028,2913903,68.914
2029,2913903,74.8607
2030,2913903,80.0
2024,2914000,37.0743
2025,2914000,44.7739
2026,2914000,52.7326
2027,2914000,60.5547
2028,2914000,67.8711
2029,2914000,74.404
2030,2914000,80.0
2024,2914109,68.8986
2025,2914109,70.9688
2026,2914109,72.9553
2027,2914109,74.854
2028,2914109,76.662
2029,2914109,78.3776
2030,2914109,80.0
2024,2914208,46.5711
2025,2914208,52.911
2026,2914208,59.1584
2027,2914208,65.1232
2028,2914208,70.6492
2029,2914208,75.6272
2030,2914208,80.0
2024,2914307,34.569
2025,2914307,42.5399
2026,2914307,50.9184
2027,2914307,59.2456
2028,2914307,67.0736
2029,2914307,74.0565
2030,2914307,80.0
2024,2914406,45.2629
2025,2914406,51.8159
2026,2914406,58.3071
2027,2914406,64.5226
2028,2914406,70.2837
2029,2914406,75.465
2030,2914406,80.0
2024,2914505,40.4724
2025,2914505,47.7399
2026,2914505,55.1043
2027,2914505,62.2515
2028,2914505,68.903
2029,2914505,74.8559
2030,2914505,80.0
2024,2914604,48.0531
2025,2914604,54.1434
2026,2914604,60.1125
2027,2914604,65.7954
2028,2914604,71.0584
2029,2914604,75.8094
2030,2914604,80.0
2024,2914653,38.1362
2025,2914653,45.7083
2026,2914653,53.484
2027,2914653,61.0939
2028,2914653,68.1992
2029,2914653,74.5474
2030,2914653,80.0
2024,2914703,48.2286
2025,2914703,54.2889
2026,2914703,60.2248
2027,2914703,65.8745
2028,2914703,71.1066
2029,2914703,75.8309
2030,2914703,80.0
2024,2914802,38.6071
2025,2914802,46.1204
2026,2914802,53.8141
2027,2914802,61.3303
2028,2914802,68.3429
2029,2914802,74.6103
2030,2914802,80.0
2024,2914901,39.2819
2025,2914901,46.7086
2026,2914901,54.284
2027,2914901,61.6663
2028,2914901,68.5473
2029,2914901,74.6998
2030,2914901,80.0
2024,2915007,47.4284
2025,2915007,53.6249
2026,2915007,59.7115
2027,2915007,65.5131
2028,2915007,70.8865
2029,2915007,75.7328
2030,2915007,80.0
2024,2915106,44.2585
2025,2915106,50.9703
2026,2915106,57.6473
2027,2915106,64.0563
2028,2915106,70.0001
2029,2915106,75.3394
2030,2915106,80.0
2024,2915205,43.5097
2025,2915205,50.3369
2026,2915205,57.1516
2027,2915205,63.7055
2028,2915205,69.7868
2029,2915205,75.2452
2030,2915205,80.0
2024,2915304,39.739
2025,2915304,47.1055
2026,2915304,54.6002
2027,2915304,61.8921
2028,2915304,68.6846
2029,2915304,74.76
2030,2915304,80.0
2024,2915353,28.0234
2025,2915353,36.4697
2026,2915353,45.8404
2027,2915353,55.5149
2028,2915353,64.7887
2029,2915353,73.0671
2030,2915353,80.0
2024,2915403,27.2667
2025,2915403,35.7424
2026,2915403,45.2149
2027,2915403,55.0473
2028,2915403,64.5005
2029,2915403,72.9428
2030,2915403,80.0
2024,2915502,41.1831
2025,2915502,48.3518
2026,2915502,55.589
2027,2915502,62.5966
2028,2915502,69.1128
2029,2915502,74.9481
2030,2915502,80.0
2024,2915601,49.8442
2025,2915601,55.6225
2026,2915601,61.2526
2027,2915601,66.5974
2028,2915601,71.5474
2029,2915601,76.0278
2030,2915601,80.0
2024,2915700,63.0372
2025,2915700,66.2822
2026,2915700,69.3806
2027,2915700,72.3133
2028,2915700,75.066
2029,2915700,77.6297
2030,2915700,80.0
2024,2915809,29.3932
2025,2915809,37.7717
2026,2915809,46.9502
2027,2915809,56.3399
2028,2915809,65.296
2029,2915809,73.2861
2030,2915809,80.0
2024,2915908,29.6605
2025,2915908,38.0236
2026,2915908,47.1636
2027,2915908,56.4978
2028,2915908,65.393
2029,2915908,73.328
2030,2915908,80.0
2024,2916005,60.942
2025,2916005,64.6063
2026,2916005,68.1068
2027,2916005,71.4142
2028,2916005,74.507
2029,2916005,77.3712
2030,2916005,80.0
2024,2916104,44.7077
2025,2916104,51.3491
2026,2916104,57.9432
2027,2916104,64.2654
2028,2916104,70.1273
2029,2916104,75.3957
2030,2916104,80.0
2024,2916203,37.6539
2025,2916203,45.2848
2026,2916203,53.1439
2027,2916203,60.8501
2028,2916203,68.0508
2029,2916203,74.4825
2030,2916203,80.0
2024,2916302,21.5721
2025,2916302,30.0567
2026,2916302,40.1692
2027,2916302,51.1937
2028,2916302,62.1033
2029,2916302,71.9123
2030,2916302,80.0
2024,2916401,45.9406
2025,2916401,52.3841
2026,2916401,58.7492
2027,2916401,64.8347
2028,2916401,70.4736
2029,2916401,75.5492
2030,2916401,80.0
2024,2916500,35.2493
2025,2916500,43.1508
2026,2916500,51.4171
2027,2916500,59.6066
2028,2916500,67.2937
2029,2916500,74.1522
2030,2916500,80.0
2024,2916609,38.0607
2025,2916609,45.642
2026,2916609,53.4308
2027,2916609,61.0559
2028,2916609,68.176
2029,2916609,74.5373
2030,2916609,80.0
2024,2916708,41.1739
2025,2916708,48.3439
2026,2916708,55.5827
2027,2916708,62.5921
2028,2916708,69.1101
2029,2916708,74.9469
2030,2916708,80.0
2024,2916807,44.6359
2025,2916807,51.2886
2026,2916807,57.896
2027,2916807,64.2321
2028,2916807,70.107
2029,2916807,75.3868
2030,2916807,80.0
2024,2916856,56.2895
2025,2916856,60.8691
2026,2916856,65.265
2027,2916856,69.4153
2028,2916856,73.2727
2029,2916856,76.8062
2030,2916856,80.0
2024,2916906,39.7856
2025,2916906,47.1459
2026,2916906,54.6323
2027,2916906,61.915
2028,2916906,68.6985
2029,2916906,74.7661
2030,2916906,80.0
2024,2917003,34.968
2025,2917003,42.8986
2026,2917003,51.2115
2027,2917003,59.4578
2028,2917003,67.203
2029,2917003,74.1128
2030,2917003,80.0
2024,2917102,52.7178
2025,2917102,57.9746
2026,2917102,63.0566
2027,2917102,67.8646
2028,2917102,72.3216
2029,2917102,76.3756
2030,2917102,80.0
2024,2917201,61.2502
2025,2917201,64.853
2026,2917201,68.2942
2027,2917201,71.5463
2028,2917201,74.589
2029,2917201,77.409
2030,2917201,80.0
2024,2917300,49.8615
2025,2917300,55.6368
2026,2917300,61.2636
2027,2917300,66.6051
2028,2917300,71.5521
2029,2917300,76.03
2030,2917300,80.0
2024,2917334,54.1102
2025,2917334,59.1064
2026,2917334,63.9213
2027,2917334,68.4718
2028,2917334,72.6934
2029,2917334,76.5434
2030,2917334,80.0
2024,2917359,47.0577
2025,2917359,53.3166
2026,2917359,59.4728
2027,2917359,65.3449
2028,2917359,70.7841
2029,2917359,75.6872
2030,2917359,80.0
2024,2917409,66.4334
2025,2917409,68.9961
2026,2917409,71.4473
2027,2917409,73.7784
2028,2917409,75.9831
2029,2917409,78.0575
2030,2917409,80.0
2024,2917508,37.7865
2025,2917508,45.4013
2026,2917508,53.2376
2027,2917508,60.9173
2028,2917508,68.0917
2029,2917508,74.5004
2030,2917508,80.0
2024,2917607,51.7817
2025,2917607,57.211
2026,2917607,62.472
2027,2917607,67.4541
2028,2917607,72.0705
2029,2917607,76.2626
2030,2917607,80.0
2024,2917706,37.6255
2025,2917706,45.2598
2026,2917706,53.1238
2027,2917706,60.8357
2028,2917706,68.042
2029,2917706,74.4787
2030,2917706,80.0
2024,2917805,33.0661
2025,2917805,41.1779
2026,2917805,49.7992
2027,2917805,58.4324
2028,2917805,66.5773
2029,2917805,73.8408
2030,2917805,80.0
2024,2917904,55.3674
2025,2917904,60.1245
2026,2917904,64.6978
2027,2917904,69.0169
2028,2917904,73.0279
2029,2917904,76.695
2030,2917904,80.0
2024,2918001,44.3664
2025,2918001,51.0614
2026,2918001,57.7185
2027,2918001,64.1066
2028,2918001,70.0307
2029,2918001,75.353
2030,2918001,80.0
2024,2918100,34.2369
2025,2918100,42.2404
2026,2918100,50.6732
2027,2918100,59.0678
2028,2918100,66.9652
2029,2918100,74.0093
2030,2918100,80.0
2024,2918209,48.0706
2025,2918209,54.158
2026,2918209,60.1237
2027,2918209,65.8033
2028,2918209,71.0633
2029,2918209,75.8116
2030,2918209,80.0
2024,2918308,31.3688
2025,2918308,39.6183
2026,2918308,48.504
2027,2918308,57.4853
2028,2918308,65.9983
2029,2918308,73.5898
2030,2918308,80.0
2024,2918357,41.4314
2025,2918357,48.565
2026,2918357,55.7575
2027,2918357,62.7164
2028,2918357,69.1856
2029,2918357,74.9801
2030,2918357,80.0
2024,2918407,38.2117
2025,2918407,45.7744
2026,2918407,53.537
2027,2918407,61.1319
2028,2918407,68.2223
2029,2918407,74.5575
2030,2918407,80.0
2024,2918456,61.0253
2025,2918456,64.673
2026,2918456,68.1574
2027,2918456,71.4499
2028,2918456,74.5291
2029,2918456,77.3814
2030,2918456,80.0
2024,2918506,30.3966
2025,2918506,38.7139
2026,2918506,47.7459
2027,2918506,56.9278
2028,2918506,65.6567
2029,2918506,73.442
2030,2918506,80.0
2024,2918555,42.5383
2025,2918555,49.5114
2026,2918555,56.5035
2027,2918555,63.2461
2028,2918555,69.5076
2029,2918555,75.1219
2030,2918555,80.0
2024,2918605,39.0762
2025,2918605,46.5295
2026,2918605,54.1411
2027,2918605,61.5642
2028,2918605,68.4852
2029,2918605,74.6726
2030,2918605,80.0
2024,2918704,69.6436
2025,2918704,71.566
2026,2918704,73.4132
2027,2918704,75.1819
2028,2918704,76.8701
2029,2918704,78.4763
2030,2918704,80.0
2024,2918753,28.5136
2025,2918753,36.9378
2026,2918753,46.2408
2027,2918753,55.8132
2028,2918753,64.9723
2029,2918753,73.1463
2030,2918753,80.0
2024,2918803,52.0397
2025,2918803,57.4217
2026,2918803,62.6334
2027,2918803,67.5675
2028,2918803,72.1398
2029,2918803,76.2937
2030,2918803,80.0
2024,2918902,61.97
2025,2918902,65.43
2026,2918902,68.73
2027,2918902,71.85
2028,2918902,74.78
2029,2918902,77.5
2030,2918902,80.0
2024,2919009,54.9349
2025,2919009,59.7746
2026,2919009,64.4311
2027,2919009,68.8297
2028,2919009,72.9129
2029,2919009,76.6428
2030,2919009,80.0
2024,2919058,59.1972
2025,2919058,63.208
2026,2919058,67.0441
2027,2919058,70.6658
2028,2919058,74.0436
2029,2919058,77.1582
2030,2919058,80.0
2024,2919108,29.4241
2025,2919108,37.8008
2026,2919108,46.9749
2027,2919108,56.3582
2028,2919108,65.3072
2029,2919108,73.2909
2030,2919108,80.0
2024,2919157,32.301
2025,2919157,40.4778
2026,2919157,49.2196
2027,2919157,58.0094
2028,2919157,66.3189
2029,2919157,73.7287
2030,2919157,80.0
2024,2919207,36.7404
2025,2919207,44.4786
2026,2919207,52.4942
2027,2919207,60.3833
2028,2919207,67.7668
2029,2919207,74.3585
2030,2919207,80.0
2024,2919306,42.8295
2025,2919306,49.7594
2026,2919306,56.6985
2027,2919306,63.3844
2028,2919306,69.5916
2029,2919306,75.159
2030,2919306,80.0
2024,2919405,75.7626
2025,2919405,76.5093
2026,2919405,77.2399
2027,2919405,77.9542
2028,2919405,78.6524
2029,2919405,79.3343
2030,2919405,80.0
2024,2919504,44.8691
2025,2919504,51.4849
2026,2919504,58.0491
2027,2919504,64.3403
2028,2919504,70.1729
2029,2919504,75.4159
2030,2919504,80.0
2024,2919553,36.53
2025,2919553,44.2922
2026,2919553,52.3435
2027,2919553,60.2749
2028,2919553,67.7007
2029,2919553,74.3296
2030,2919553,80.0
2024,2919603,25.5489
2025,2919603,34.0685
2026,2919603,43.7593
2027,2919603,53.951
2028,2919603,63.8228
2029,2919603,72.651
2030,2919603,80.0
2024,2919702,54.1273
2025,2919702,59.1202
2026,2919702,63.9319
2027,2919702,68.4792
2028,2919702,72.698
2029,2919702,76.5455
2030,2919702,80.0
2024,2919801,49.348
2025,2919801,55.2138
2026,2919801,60.9381
2027,2919801,66.3762
2028,2919801,71.4125
2029,2919801,75.9675
2030,2919801,80.0
2024,2919900,8.3852
2025,2919900,14.6596
2026,2919900,24.3796
2027,2919900,37.6974
2028,2919900,53.1746
2029,2919900,68.0642
2030,2919900,80.0
2024,2919926,46.8986
2025,2919926,53.1841
2026,2919926,59.3701
2027,2919926,65.2725
2028,2919926,70.74
2029,2919926,75.6676
2030,2919926,80.0
2024,2919959,64.1236
2025,2919959,67.1503
2026,2919959,70.041
2027,2919959,72.7805
2028,2919959,75.3576
2029,2919959,77.7652
2030,2919959,80.0
2024,2920007,36.9313
2025,2920007,44.6476
2026,2920007,52.6306
2027,2920007,60.4814
2028,2920007,67.8265
2029,2920007,74.3845
2030,2920007,80.0
2024,2920106,46.987
2025,2920106,53.2577
2026,2920106,59.4272
2027,2920106,65.3127
2028,2920106,70.7645
2029,2920106,75.6785
2030,2920106,80.0
2024,2920205,32.4505
2025,2920205,40.615
2026,2920205,49.3334
2027,2920205,58.0926
2028,2920205,66.3697
2029,2920205,73.7508
2030,2920205,80.0
2024,2920304,71.8906
2025,2920304,73.3721
2026,2920304,74.8029
2027,2920304,76.1817
2028,2920304,77.5078
2029,2920304,78.7806
2030,2920304,80.0
2024,2920403,45.8605
2025,2920403,52.3171
2026,2920403,58.6971
2027,2920403,64.7979
2028,2920403,70.4512
2029,2920403,75.5393
2030,2920403,80.0
2024,2920452,38.0
2025,2920452,45.0
2026,2920452,53.0
2027,2920452,61.0
2028,2920452,68.0
2029,2920452,75.0
2030,2920452,80.0
2024,2920502,57.0232
2025,2920502,61.4605
2026,2920502,65.7152
2027,2920502,69.7315
2028,2920502,73.4673
2029,2920502,76.8948
2030,2920502,80.0
2024,2920601,52.7435
2025,2920601,57.9956
2026,2920601,63.0726
2027,2920601,67.8758
2028,2920601,72.3285
2029,2920601,76.3787
2030,2920601,80.0
2024,2920700,31.0863
2025,2920700,39.3563
2026,2920700,48.285
2027,2920700,57.3245
2028,2920700,65.8998
2029,2920700,73.5472
2030,2920700,80.0
2024,2920809,28.2949
2025,2920809,36.7292
2026,2920809,46.0626
2027,2920809,55.6806
2028,2920809,64.8907
2029,2920809,73.1111
2030,2920809,80.0
2024,2920908,29.5064
2025,2920908,37.8784
2026,2920908,47.0407
2027,2920908,56.4068
2028,2920908,65.3371
2029,2920908,73.3038
2030,2920908,80.0
2024,2921005,58.3176
2025,2921005,62.5018
2026,2921005,66.5072
2027,2921005,70.2882
2028,2921005,73.8104
2029,2921005,77.0514
2030,2921005,80.0
2024,2921054,47.7718
2025,2921054,53.9102
2026,2921054,59.9322
2027,2921054,65.6684
2028,2921054,70.9811
2029,2921054,75.775
2030,2921054,80.0
2024,2921104,56.1712
2025,2921104,60.7737
2026,2921104,65.1924
2027,2921104,69.3642
2028,2921104,73.2413
2029,2921104,76.7919
2030,2921104,80.0
2024,2921203,53.0603
2025,2921203,58.2534
2026,2921203,63.2698
2027,2921203,68.0143
2028,2921203,72.4132
2029,2921203,76.4169
2030,2921203,80.0
2024,2921302,40.7221
2025,2921302,47.9552
2026,2921302,55.275
2027,2921302,62.3731
2028,2921302,68.9769
2029,2921302,74.8884
2030,2921302,80.0
2024,2921401,40.5927
2025,2921401,47.8436
2026,2921401,55.1866
2027,2921401,62.3101
2028,2921401,68.9387
2029,2921401,74.8716
2030,2921401,80.0
2024,2921450,56.7704
2025,2921450,61.2569
2026,2921450,65.5602
2027,2921450,69.6226
2028,2921450,73.4003
2029,2921450,76.8642
2030,2921450,80.0
2024,2921500,37.9473
2025,2921500,45.5426
2026,2921500,53.351
2027,2921500,60.9986
2028,2921500,68.1412
2029,2921500,74.522
2030,2921500,80.0
2024,2921609,38.7762
2025,2921609,46.268
2026,2921609,53.9322
2027,2921609,61.4148
2028,2921609,68.3943
2029,2921609,74.6328
2030,2921609,80.0
2024,2921708,42.8659
2025,2921708,49.7903
2026,2921708,56.7228
2027,2921708,63.4016
2028,2921708,69.6021
2029,2921708,75.1636
2030,2921708,80.0
2024,2921807,70.7372
2025,2921807,72.4441
2026,2921807,74.0878
2027,2921807,75.6664
2028,2921807,77.1785
2029,2921807,78.6231
2030,2921807,80.0
2024,2921906,47.7278
2025,2921906,53.8736
2026,2921906,59.9039
2027,2921906,65.6486
2028,2921906,70.969
2029,2921906,75.7696
2030,2921906,80.0
2024,2922003,54.1613
2025,2922003,59.1479
2026,2922003,63.953
2027,2922003,68.494
2028,2922003,72.707
2029,2922003,76.5496
2030,2922003,80.0
2024,2922052,30.0
2025,2922052,38.0
2026,2922052,47.0
2027,2922052,57.0
2028,2922052,65.0
2029,2922052,73.0
2030,2922052,80.0
2024,2922102,33.8154
2025,2922102,41.8591
2026,2922102,50.3603
2027,2922102,58.8407
2028,2922102,66.8266
2029,2922102,73.9491
2030,2922102,80.0
2024,2922201,51.4371
2025,2922201,56.9293
2026,2922201,62.2561
2027,2922201,67.3025
2028,2922201,71.9778
2029,2922201,76.2209
2030,2922201,80.0
2024,2922250,38.0229
2025,2922250,45.6089
2026,2922250,53.4042
2027,2922250,61.0368
2028,2922250,68.1644
2029,2922250,74.5322
2030,2922250,80.0
2024,2922300,30.5492
2025,2922300,38.8564
2026,2922300,47.8657
2027,2922300,57.0161
2028,2922300,65.7109
2029,2922300,73.4654
2030,2922300,80.0
2024,2922409,61.96
2025,2922409,65.42
2026,2922409,68.72
2027,2922409,71.85
2028,2922409,74.78
2029,2922409,77.5
2030,2922409,80.0
2024,2922607,42.7295
2025,2922607,49.6742
2026,2922607,56.6316
2027,2922607,63.3369
2028,2922607,69.5628
2029,2922607,75.1463
2030,2922607,80.0
2024,2922656,38.2777
2025,2922656,45.8322
2026,2922656,53.5833
2027,2922656,61.1651
2028,2922656,68.2425
2029,2922656,74.5663
2030,2922656,80.0
2024,2922706,36.597
2025,2922706,44.3516
2026,2922706,52.3916
2027,2922706,60.3094
2028,2922706,67.7218
2029,2922706,74.3388
2030,2922706,80.0
2024,2922730,52.2116
2025,2922730,57.562
2026,2922730,62.7408
2027,2922730,67.6429
2028,2922730,72.1859
2029,2922730,76.3145
2030,2922730,80.0
2024,2922755,55.2234
2025,2922755,60.008
2026,2922755,64.609
2027,2922755,68.9546
2028,2922755,72.9896
2029,2922755,76.6776
2030,2922755,80.0
2024,2922805,39.8879
2025,2922805,47.2345
2026,2922805,54.7029
2027,2922805,61.9654
2028,2922805,68.7291
2029,2922805,74.7795
2030,2922805,80.0
2024,2922854,38.8981
2025,2922854,46.3744
2026,2922854,54.0172
2027,2922854,61.4756
2028,2922854,68.4313
2029,2922854,74.649
2030,2922854,80.0
2024,2922904,29.3211
2025,2922904,37.7036
2026,2922904,46.8925
2027,2922904,56.2971
2028,2922904,65.2697
2029,2922904,73.2747
2030,2922904,80.0
2024,2923001,60.2917
2025,2923001,64.0855
2026,2923001,67.711
2027,2923001,71.1353
2028,2923001,74.3341
2029,2923001,77.2916
2030,2923001,80.0
2024,2923035,63.792
2025,2923035,66.8854
2026,2923035,69.8394
2027,2923035,72.6378
2028,2923035,75.2684
2029,2923035,77.7237
2030,2923035,80.0
2024,2923050,28.9183
2025,2923050,37.3224
2026,2923050,46.5686
2027,2923050,56.0569
2028,2923050,65.1221
2029,2923050,73.211
2030,2923050,80.0
2024,2923100,41.3027
2025,2923100,48.4545
2026,2923100,55.6702
2027,2923100,62.6543
2028,2923100,69.1479
2029,2923100,74.9635
2030,2923100,80.0
2024,2923209,44.5821
2025,2923209,51.2432
2026,2923209,57.8605
2027,2923209,64.207
2028,2923209,70.0918
2029,2923209,75.38
2030,2923209,80.0
2024,2923308,42.6203
2025,2923308,49.5812
2026,2923308,56.5584
2027,2923308,63.2851
2028,2923308,69.5313
2029,2923308,75.1324
2030,2923308,80.0
2024,2923357,29.8451
2025,2923357,38.1972
2026,2923357,47.3103
2027,2923357,56.6063
2028,2923357,65.4596
2029,2923357,73.3567
2030,2923357,80.0
2024,2923407,51.0919
2025,2923407,56.6467
2026,2923407,62.0394
2027,2923407,67.1503
2028,2923407,71.8849
2029,2923407,76.1791
2030,2923407,80.0
2024,2923506,49.5483
2025,2923506,55.3789
2026,2923506,61.0652
2027,2923506,66.4656
2028,2923506,71.467
2029,2923506,75.9919
2030,2923506,80.0
2024,2923605,52.2803
2025,2923605,57.618
2026,2923605,62.7837
2027,2923605,67.673
2028,2923605,72.2044
2029,2923605,76.3228
2030,2923605,80.0
2024,2923704,28.2741
2025,2923704,36.7093
2026,2923704,46.0456
2027,2923704,55.6679
2028,2923704,64.8829
2029,2923704,73.1077
2030,2923704,80.0
2024,2923803,56.5005
2025,2923803,61.0393
2026,2923803,65.3946
2027,2923803,69.5063
2028,2923803,73.3287
2029,2923803,76.8316
2030,2923803,80.0
2024,2923902,50.3477
2025,2923902,56.0364
2026,2923902,61.5708
2027,2923902,66.821
2028,2923902,71.6838
2029,2923902,76.089
2030,2923902,80.0
2024,2924009,32.0113
2025,2924009,40.2115
2026,2924009,48.9984
2027,2924009,57.8476
2028,2924009,66.22
2029,2924009,73.6858
2030,2924009,80.0
2024,2924058,44.3844
2025,2924058,51.0766
2026,2924058,57.7304
2027,2924058,64.115
2028,2924058,70.0358
2029,2924058,75.3552
2030,2924058,80.0
2024,2924108,27.8453
2025,2924108,36.2991
2026,2924108,45.694
2027,2924108,55.4056
2028,2924108,64.7214
2029,2924108,73.0381
2030,2924108,80.0
2024,2924207,36.2713
2025,2924207,44.0625
2026,2924207,52.1576
2027,2924207,60.141
2028,2924207,67.6192
2029,2924207,74.2941
2030,2924207,80.0
2024,2924306,48.2111
2025,2924306,54.2743
2026,2924306,60.2136
2027,2924306,65.8666
2028,2924306,71.1018
2029,2924306,75.8288
2030,2924306,80.0
2024,2924405,31.1166
2025,2924405,39.3845
2026,2924405,48.3085
2027,2924405,57.3418
2028,2924405,65.9104
2029,2924405,73.5518
2030,2924405,80.0
2024,2924504,72.4557
2025,2924504,73.8277
2026,2924504,75.1548
2027,2924504,76.4361
2028,2924504,77.6709
2029,2924504,78.8589
2030,2924504,80.0
2024,2924603,40.9989
2025,2924603,48.1935
2026,2924603,55.4637
2027,2924603,62.5074
2028,2924603,69.0586
2029,2924603,74.9243
2030,2924603,80.0
2024,2924652,50.5903
2025,2924652,56.2356
2026,2924652,61.7238
2027,2924652,66.9285
2028,2924652,71.7495
2029,2924652,76.1184
2030,2924652,80.0
2024,2924678,52.949
2025,2924678,58.1629
2026,2924678,63.2006
2027,2924678,67.9657
2028,2924678,72.3834
2029,2924678,76.4035
2030,2924678,80.0
2024,2924702,66.8387
2025,2924702,69.3202
2026,2924702,71.6946
2027,2924702,73.9543
2028,2924702,76.0938
2029,2924702,78.1095
2030,2924702,80.0
2024,2924801,48.9727
2025,2924801,54.9042
2026,2924801,60.6995
2027,2924801,66.2085
2028,2924801,71.3102
2029,2924801,75.9218
2030,2924801,80.0
2024,2924900,58.1246
2025,2924900,62.3467
2026,2924900,66.3893
2027,2924900,70.2053
2028,2924900,73.7592
2029,2924900,77.028
2030,2924900,80.0
2024,2925006,46.3493
2025,2925006,52.7259
2026,2925006,59.0147
2027,2925006,65.0219
2028,2925006,70.5875
2029,2925006,75.5998
2030,2925006,80.0
2024,2925105,49.792
2025,2925105,55.5795
2026,2925105,61.2196
2027,2925105,66.5742
2028,2925105,71.5332
2029,2925105,76.0215
2030,2925105,80.0
2024,2925204,63.7589
2025,2925204,66.8589
2026,2925204,69.8193
2027,2925204,72.6235
2028,2925204,75.2595
2029,2925204,77.7196
2030,2925204,80.0
2024,2925253,30.3762
2025,2925253,38.6949
2026,2925253,47.7299
2027,2925253,56.916
2028,2925253,65.6495
2029,2925253,73.4389
2030,2925253,80.0
2024,2925303,52.13
2025,2925303,57.5
2026,2925303,62.69
2027,2925303,67.61
2028,2925303,72.17
2029,2925303,76.31
2030,2925303,80.0
2024,2925402,35.0554
2025,2925402,42.977
2026,2925402,51.2754
2027,2925402,59.5041
2028,2925402,67.2312
2029,2925402,74.125
2030,2925402,80.0
2024,2925501,41.6517
2025,2925501,48.7538
2026,2925501,55.9066
2027,2925501,62.8224
2028,2925501,69.25
2029,2925501,75.0085
2030,2925501,80.0
2024,2925600,28.4304
2025,2925600,36.8584
2026,2925600,46.1731
2027,2925600,55.7628
2028,2925600,64.9413
2029,2925600,73.1329
2030,2925600,80.0
2024,2925709,37.4832
2025,2925709,45.1345
2026,2925709,53.023
2027,2925709,60.7634
2028,2925709,67.998
2029,2925709,74.4595
2030,2925709,80.0
2024,2925758,29.0425
2025,2925758,37.44
2026,2925758,46.6687
2027,2925758,56.1311
2028,2925758,65.1678
2029,2925758,73.2307
2030,2925758,80.0
2024,2925808,34.5397
2025,2925808,42.5135
2026,2925808,50.8968
2027,2925808,59.23
2028,2925808,67.0641
2029,2925808,74.0523
2030,2925808,80.0
2024,2925907,44.896
2025,2925907,51.5076
2026,2925907,58.0668
2027,2925907,64.3528
2028,2925907,70.1804
2029,2925907,75.4193
2030,2925907,80.0
2024,2925931,45.1288
2025,2925931,51.7033
2026,2925931,58.2194
2027,2925931,64.4606
2028,2925931,70.246
2029,2925931,75.4483
2030,2925931,80.0
2024,2925956,53.5816
2025,2925956,58.6773
2026,2925956,63.5937
2027,2925956,68.2417
2028,2925956,72.5524
2029,2925956,76.4797
2030,2925956,80.0
2024,2926004,32.0
2025,2926004,41.0
2026,2926004,49.0
2027,2926004,58.0
2028,2926004,66.0
2029,2926004,74.0
2030,2926004,80.0
2024,2926103,25.4625
2025,2926103,33.9835
2026,2926103,43.6848
2027,2926103,53.8946
2028,2926103,63.7878
2029,2926103,72.6359
2030,2926103,80.0
2024,2926202,43.7717
2025,2926202,50.5589
2026,2926202,57.3255
2027,2926202,63.8286
2028,2926202,69.8617
2029,2926202,75.2782
2030,2926202,80.0
2024,2926301,44.8512
2025,2926301,51.4699
2026,2926301,58.0374
2027,2926301,64.332
2028,2926301,70.1678
2029,2926301,75.4137
2030,2926301,80.0
2024,2926400,48.1672
2025,2926400,54.238
2026,2926400,60.1855
2027,2926400,65.8468
2028,2926400,71.0898
2029,2926400,75.8234
2030,2926400,80.0
2024,2926509,35.8675
2025,2926509,43.7032
2026,2926509,51.8663
2027,2926509,59.9309
2028,2926509,67.4913
2029,2926509,74.2383
2030,2926509,80.0
2024,2926608,41.2015
2025,2926608,48.3676
2026,2926608,55.6015
2027,2926608,62.6054
2028,2926608,69.1182
2029,2926608,74.9505
2030,2926608,80.0
2024,2926657,52.5892
2025,2926657,57.8699
2026,2926657,62.9764
2027,2926657,67.8083
2028,2926657,72.2871
2029,2926657,76.3601
2030,2926657,80.0
2024,2926707,55.3081
2025,2926707,60.0766
2026,2926707,64.6613
2027,2926707,68.9913
2028,2926707,73.0121
2029,2926707,76.6878
2030,2926707,80.0
2024,2926806,65.4155
2025,2926806,68.1827
2026,2926806,70.8271
2027,2926806,73.3377
2028,2926806,75.7064
2029,2926806,77.9279
2030,2926806,80.0
2024,2926905,43.1292
2025,2926905,50.0141
2026,2926905,56.8985
2027,2926905,63.5262
2028,2926905,69.6778
2029,2926905,75.197
2030,2926905,80.0
2024,2927002,47.1284
2025,2927002,53.3754
2026,2927002,59.5184
2027,2927002,65.377
2028,2927002,70.8036
2029,2927002,75.6959
2030,2927002,80.0
2024,2927101,30.478
2025,2927101,38.79
2026,2927101,47.8099
2027,2927101,56.9749
2028,2927101,65.6856
2029,2927101,73.4545
2030,2927101,80.0
2024,2927200,44.7077
2025,2927200,51.3491
2026,2927200,57.9432
2027,2927200,64.2654
2028,2927200,70.1273
2029,2927200,75.3957
2030,2927200,80.0
2024,2927309,53.0688
2025,2927309,58.2604
2026,2927309,63.2751
2027,2927309,68.018
2028,2927309,72.4155
2029,2927309,76.4179
2030,2927309,80.0
2024,2927408,45.52
2025,2927408,52.03
2026,2927408,58.48
2027,2927408,64.64
2028,2927408,70.36
2029,2927408,75.5
2030,2927408,80.0
2024,2927507,28.1488
2025,2927507,36.5897
2026,2927507,45.9432
2027,2927507,55.5915
2028,2927507,64.8359
2029,2927507,73.0874
2030,2927507,80.0
2024,2927606,32.8679
2025,2927606,40.997
2026,2927606,49.6497
2027,2927606,58.3234
2028,2927606,66.5108
2029,2927606,73.812
2030,2927606,80.0
2024,2927705,46.6685
2025,2927705,52.9923
2026,2927705,59.2214
2027,2927705,65.1677
2028,2927705,70.6762
2029,2927705,75.6393
2030,2927705,80.0
2024,2927804,50.7634
2025,2927804,56.3775
2026,2927804,61.8328
2027,2927804,67.0051
2028,2927804,71.7962
2029,2927804,76.1394
2030,2927804,80.0
2024,2927903,52.6664
2025,2927903,57.9327
2026,2927903,63.0245
2027,2927903,67.8421
2028,2927903,72.3078
2029,2927903,76.3694
2030,2927903,80.0
2024,2928000,32.301
2025,2928000,40.4778
2026,2928000,49.2196
2027,2928000,58.0094
2028,2928000,66.3189
2029,2928000,73.7287
2030,2928000,80.0
2024,2928059,40.3428
2025,2928059,47.6279
2026,2928059,55.0155
2027,2928059,62.1882
2028,2928059,68.8646
2029,2928059,74.839
2030,2928059,80.0
2024,2928109,39.2913
2025,2928109,46.7167
2026,2928109,54.2905
2027,2928109,61.671
2028,2928109,68.5501
2029,2928109,74.7011
2030,2928109,80.0
2024,2928208,37.0076
2025,2928208,44.715
2026,2928208,52.685
2027,2928208,60.5205
2028,2928208,67.8503
2029,2928208,74.3949
2030,2928208,80.0
2024,2928307,23.0
2025,2928307,32.0
2026,2928307,41.0
2027,2928307,52.0
2028,2928307,63.0
2029,2928307,72.0
2030,2928307,80.0
2024,2928406,52.3318
2025,2928406,57.66
2026,2928406,62.8159
2027,2928406,67.6956
2028,2928406,72.2182
2029,2928406,76.329
2030,2928406,80.0
2024,2928505,33.8351
2025,2928505,41.8769
2026,2928505,50.3749
2027,2928505,58.8513
2028,2928505,66.8331
2029,2928505,73.9519
2030,2928505,80.0
2024,2928604,50.0
2025,2928604,55.0
2026,2928604,61.0
2027,2928604,67.0
2028,2928604,71.0
2029,2928604,76.0
2030,2928604,80.0
2024,2928703,40.352
2025,2928703,47.6359
2026,2928703,55.0218
2027,2928703,62.1928
2028,2928703,68.8673
2029,2928703,74.8402
2030,2928703,80.0
2024,2928802,40.0
2025,2928802,47.0
2026,2928802,55.0
2027,2928802,62.0
2028,2928802,69.0
2029,2928802,75.0
2030,2928802,80.0
2024,2928901,50.3824
2025,2928901,56.0649
2026,2928901,61.5927
2027,2928901,66.8364
2028,2928901,71.6932
2029,2928901,76.0932
2030,2928901,80.0
2024,2928950,32.4904
2025,2928950,40.6515
2026,2928950,49.3637
2027,2928950,58.1147
2028,2928950,66.3833
2029,2928950,73.7566
2030,2928950,80.0
2024,2929008,39.0481
2025,2929008,46.505
2026,2929008,54.1215
2027,2929008,61.5502
2028,2929008,68.4767
2029,2929008,74.6689
2030,2929008,80.0
2024,2929057,59.0549
2025,2929057,63.0939
2026,2929057,66.9573
2027,2929057,70.6048
2028,2929057,74.0059
2029,2929057,77.1409
2030,2929057,80.0
2024,2929107,51.4285
2025,2929107,56.9222
2026,2929107,62.2507
2027,2929107,67.2987
2028,2929107,71.9755
2029,2929107,76.2199
2030,2929107,80.0
2024,2929206,37.1124
2025,2929206,44.8076
2026,2929206,52.7597
2027,2929206,60.5742
2028,2929206,67.8829
2029,2929206,74.4092
2030,2929206,80.0
2024,2929255,40.0924
2025,2929255,47.4115
2026,2929255,54.8436
2027,2929255,62.0657
2028,2929255,68.7901
2029,2929255,74.8063
2030,2929255,80.0
2024,2929305,43.0385
2025,2929305,49.937
2026,2929305,56.838
2027,2929305,63.4833
2028,2929305,69.6517
2029,2929305,75.1855
2030,2929305,80.0
2024,2929354,38.3248
2025,2929354,45.8735
2026,2929354,53.6164
2027,2929354,61.1888
2028,2929354,68.2569
2029,2929354,74.5726
2030,2929354,80.0
2024,2929370,30.3864
2025,2929370,38.7044
2026,2929370,47.7379
2027,2929370,56.9219
2028,2929370,65.6531
2029,2929370,73.4404
2030,2929370,80.0
2024,2929404,35.906
2025,2929404,43.7375
2026,2929404,51.8941
2027,2929404,59.951
2028,2929404,67.5035
2029,2929404,74.2436
2030,2929404,80.0
2024,2929503,54.8925
2025,2929503,59.7403
2026,2929503,64.4049
2027,2929503,68.8113
2028,2929503,72.9017
2029,2929503,76.6377
2030,2929503,80.0
2024,2929602,60.6837
2025,2929602,64.3995
2026,2929602,67.9496
2027,2929602,71.3034
2028,2929602,74.4383
2029,2929602,77.3396
2030,2929602,80.0
2024,2929701,22.015
2025,2929701,30.5139
2026,2929701,40.5862
2027,2929701,51.5183
2028,2929701,62.307
2029,2929701,71.9997
2030,2929701,80.0
2024,2929750,49.0688
2025,2929750,54.9835
2026,2929750,60.7607
2027,2929750,66.2515
2028,2929750,71.3364
2029,2929750,75.9335
2030,2929750,80.0
2024,2929800,21.6291
2025,2929800,30.1156
2026,2929800,40.2231
2027,2929800,51.2357
2028,2929800,62.1297
2029,2929800,71.9236
2030,2929800,80.0
2024,2929909,53.8034
2025,2929909,58.8574
2026,2929909,63.7313
2027,2929909,68.3383
2028,2929909,72.6116
2029,2929909,76.5065
2030,2929909,80.0
2024,2930006,62.5059
2025,2930006,65.8574
2026,2930006,69.0576
2027,2930006,72.0851
2028,2930006,74.9238
2029,2930006,77.5638
2030,2930006,80.0
2024,2930105,27.01
2025,2930105,35.5
2026,2930105,45.0
2027,2930105,54.89
2028,2930105,64.4
2029,2930105,72.9
2030,2930105,80.0
2024,2930154,42.8295
2025,2930154,49.7594
2026,2930154,56.6985
2027,2930154,63.3844
2028,2930154,69.5916
2029,2930154,75.159
2030,2930154,80.0
2024,2930204,33.6188
2025,2930204,41.6808
2026,2930204,50.2136
2027,2930204,58.7341
2028,2930204,66.7615
2029,2930204,73.9208
2030,2930204,80.0
2024,2930303,36.1272
2025,2930303,43.9344
2026,2930303,52.0539
2027,2930303,60.0662
2028,2930303,67.5737
2029,2930303,74.2742
2030,2930303,80.0
2024,2930402,38.8325
2025,2930402,46.3171
2026,2930402,53.9714
2027,2930402,61.4429
2028,2930402,68.4114
2029,2930402,74.6403
2030,2930402,80.0
2024,2930501,32.4206
2025,2930501,40.5876
2026,2930501,49.3107
2027,2930501,58.076
2028,2930501,66.3596
2029,2930501,73.7464
2030,2930501,80.0
2024,2930600,39.767
2025,2930600,47.1297
2026,2930600,54.6195
2027,2930600,61.9059
2028,2930600,68.6929
2029,2930600,74.7637
2030,2930600,80.0
2024,2930709,48.5792
2025,2930709,54.579
2026,2930709,60.4488
2027,2930709,66.0321
2028,2930709,71.2027
2029,2930709,75.8738
2030,2930709,80.0
2024,2930758,50.7894
2025,2930758,56.3988
2026,2930758,61.8491
2027,2930758,67.0166
2028,2930758,71.8032
2029,2930758,76.1425
2030,2930758,80.0
2024,2930766,49.8268
2025,2930766,55.6082
2026,2930766,61.2416
2027,2930766,66.5896
2028,2930766,71.5426
2029,2930766,76.0257
2030,2930766,80.0
2024,2930774,33.6483
2025,2930774,41.7076
2026,2930774,50.2357
2027,2930774,58.7501
2028,2930774,66.7713
2029,2930774,73.9251
2030,2930774,80.0
2024,2930808,32.7091
2025,2930808,40.8519
2026,2930808,49.5296
2027,2930808,58.2358
2028,2930808,66.4573
2029,2930808,73.7887
2030,2930808,80.0
2024,2930907,43.0
2025,2930907,50.0
2026,2930907,57.0
2027,2930907,63.0
2028,2930907,70.0
2029,2930907,75.0
2030,2930907,80.0
2024,2931004,62.2566
2025,2931004,65.6581
2026,2931004,68.9061
2027,2931004,71.9781
2028,2931004,74.8573
2029,2931004,77.533
2030,2931004,80.0
2024,2931053,66.1686
2025,2931053,68.7845
2026,2931053,71.2859
2027,2931053,73.6636
2028,2931053,75.9109
2029,2931053,78.0237
2030,2931053,80.0
2024,2931103,25.9469
2025,2931103,34.4593
2026,2931103,44.1013
2027,2931103,54.2096
2028,2931103,63.9829
2029,2931103,72.7199
2030,2931103,80.0
2024,2931202,45.2271
2025,2931202,51.7859
2026,2931202,58.2838
2027,2931202,64.5061
2028,2931202,70.2737
2029,2931202,75.4606
2030,2931202,80.0
2024,2931301,39.9716
2025,2931301,47.307
2026,2931301,54.7605
2027,2931301,62.0065
2028,2931301,68.7541
2029,2931301,74.7905
2030,2931301,80.0
2024,2931350,56.5005
2025,2931350,61.0393
2026,2931350,65.3946
2027,2931350,69.5063
2028,2931350,73.3287
2029,2931350,76.8316
2030,2931350,80.0
2024,2931400,47.1814
2025,2931400,53.4195
2026,2931400,59.5525
2027,2931400,65.401
2028,2931400,70.8183
2029,2931400,75.7024
2030,2931400,80.0
2024,2931509,35.2299
2025,2931509,43.1335
2026,2931509,51.403
2027,2931509,59.5963
2028,2931509,67.2874
2029,2931509,74.1495
2030,2931509,80.0
2024,2931608,52.6492
2025,2931608,57.9188
2026,2931608,63.0138
2027,2931608,67.8346
2028,2931608,72.3032
2029,2931608,76.3673
2030,2931608,80.0
2024,2931707,30.4576
2025,2931707,38.771
2026,2931707,47.7939
2027,2931707,56.9631
2028,2931707,65.6784
2029,2931707,73.4514
2030,2931707,80.0
2024,2931806,54.5017
2025,2931806,59.4238
2026,2931806,64.1635
2027,2931806,68.6418
2028,2931806,72.7977
2029,2931806,76.5906
2030,2931806,80.0
2024,2931905,36.1176
2025,2931905,43.9259
2026,2931905,52.0469
2027,2931905,60.0612
2028,2931905,67.5706
2029,2931905,74.2729
2030,2931905,80.0
2024,2932002,50.5903
2025,2932002,56.2356
2026,2932002,61.7238
2027,2932002,66.9285
2028,2932002,71.7495
2029,2932002,76.1184
2030,2932002,80.0
2024,2932101,52.7092
2025,2932101,57.9676
2026,2932101,63.0512
2027,2932101,67.8609
2028,2932101,72.3193
2029,2932101,76.3745
2030,2932101,80.0
2024,2932200,36.8932
2025,2932200,44.6138
2026,2932200,52.6034
2027,2932200,60.4618
2028,2932200,67.8145
2029,2932200,74.3793
2030,2932200,80.0
2024,2932309,38.4472
2025,2932309,45.9806
2026,2932309,53.7022
2027,2932309,61.2502
2028,2932309,68.2942
2029,2932309,74.589
2030,2932309,80.0
2024,2932408,39.9995
2025,2932408,47.3311
2026,2932408,54.7797
2027,2932408,62.0202
2028,2932408,68.7624
2029,2932408,74.7942
2030,2932408,80.0
2024,2932457,28.4616
2025,2932457,36.8882
2026,2932457,46.1985
2027,2932457,55.7817
2028,2932457,64.9529
2029,2932457,73.1379
2030,2932457,80.0
2024,2932507,44.3844
2025,2932507,51.0766
2026,2932507,57.7304
2027,2932507,64.115
2028,2932507,70.0358
2029,2932507,75.3552
2030,2932507,80.0
2024,2932606,62.6803
2025,2932606,65.9968
2026,2932606,69.1636
2027,2932606,72.1599
2028,2932606,74.9705
2029,2932606,77.5854
2030,2932606,80.0
2024,2932705,37.1029
2025,2932705,44.7992
2026,2932705,52.7529
2027,2932705,60.5693
2028,2932705,67.88
2029,2932705,74.4079
2030,2932705,80.0
2024,2932804,40.6944
2025,2932804,47.9313
2026,2932804,55.2561
2027,2932804,62.3596
2028,2932804,68.9687
2029,2932804,74.8848
2030,2932804,80.0
2024,2932903,38.0796
2025,2932903,45.6586
2026,2932903,53.4441
2027,2932903,61.0654
2028,2932903,68.1818
2029,2932903,74.5398
2030,2932903,80.0
2024,2933000,39.2072
2025,2933000,46.6435
2026,2933000,54.2321
2027,2933000,61.6292
2028,2933000,68.5247
2029,2933000,74.6899
2030,2933000,80.0
2024,2933059,39.5247
2025,2933059,46.9195
2026,2933059,54.4521
2027,2933059,61.7864
2028,2933059,68.6203
2029,2933059,74.7318
2030,2933059,80.0
2024,2933109,51.0
2025,2933109,56.0
2026,2933109,62.0
2027,2933109,67.0
2028,2933109,72.0
2029,2933109,76.0
2030,2933109,80.0
2024,2933158,39.7297
2025,2933158,47.0974
2026,2933158,54.5938
2027,2933158,61.8875
2028,2933158,68.6818
2029,2933158,74.7588
2030,2933158,80.0
2024,2933174,49.905
2025,2933174,55.6725
2026,2933174,61.2911
2027,2933174,66.6244
2028,2933174,71.5639
2029,2933174,76.0352
2030,2933174,80.0
2024,2933208,45.5
2025,2933208,52.02
2026,2933208,58.46
2027,2933208,64.63
2028,2933208,70.35
2029,2933208,75.5
2030,2933208,80.0
2024,2933257,70.0
2025,2933257,72.0
2026,2933257,74.0
2027,2933257,75.0
2028,2933257,77.0
2029,2933257,79.0
2030,2933257,80.0
2024,2933307,53.1116
2025,2933307,58.2952
2026,2933307,63.3017
2027,2933307,68.0367
2028,2933307,72.4269
2029,2933307,76.4231
2030,2933307,80.0
2024,2933406,57.8223
2025,2933406,62.1037
2026,2933406,66.2045
2027,2933406,70.0753
2028,2933406,73.6791
2029,2933406,76.9914
2030,2933406,80.0
2024,2933455,58.3343
2025,2933455,62.5153
2026,2933455,66.5175
2027,2933455,70.2954
2028,2933455,73.8149
2029,2933455,77.0534
2030,2933455,80.0
2024,2933505,44.8243
2025,2933505,51.4472
2026,2933505,58.0197
2027,2933505,64.3196
2028,2933505,70.1602
2029,2933505,75.4103
2030,2933505,80.0
2024,2933604,38.0607
2025,2933604,45.642
2026,2933604,53.4308
2027,2933604,61.0559
2028,2933604,68.176
2029,2933604,74.5373
2030,2933604,80.0
2024,3100104,64.4799
2025,3100104,67.435
2026,3100104,70.2577
2027,3100104,72.9339
2028,3100104,75.4535
2029,3100104,77.8099
2030,3100104,80.0
2024,3100203,56.8968
2025,3100203,61.3588
2026,3100203,65.6378
2027,3100203,69.6771
2028,3100203,73.4338
2029,3100203,76.8795
2030,3100203,80.0
2024,3100302,80.0
2025,3100302,80.0
2026,3100302,80.0
2027,3100302,80.0
2028,3100302,80.0
2029,3100302,80.0
2030,3100302,80.0
2024,3100401,80.0
2025,3100401,80.0
2026,3100401,80.0
2027,3100401,80.0
2028,3100401,80.0
2029,3100401,80.0
2030,3100401,80.0
2024,3100708,80.0
2025,3100708,80.0
2026,3100708,80.0
2027,3100708,80.0
2028,3100708,80.0
2029,3100708,80.0
2030,3100708,80.0
2024,3100807,80.0
2025,3100807,80.0
2026,3100807,80.0
2027,3100807,80.0
2028,3100807,80.0
2029,3100807,80.0
2030,3100807,80.0
2024,3100906,69.0
2025,3100906,71.0
2026,3100906,73.0
2027,3100906,75.0
2028,3100906,77.0
2029,3100906,78.0
2030,3100906,80.0
2024,3101003,48.7105
2025,3101003,54.6876
2026,3101003,60.5325
2027,3101003,66.091
2028,3101003,71.2386
2029,3101003,75.8898
2030,3101003,80.0
2024,3101102,53.8972
2025,3101102,58.9336
2026,3101102,63.7894
2027,3101102,68.3791
2028,3101102,72.6366
2029,3101102,76.5178
2030,3101102,80.0
2024,3101201,59.398
2025,3101201,63.3691
2026,3101201,67.1665
2027,3101201,70.752
2028,3101201,74.0969
2029,3101201,77.1826
2030,3101201,80.0
2024,3101300,69.1055
2025,3101300,71.1346
2026,3101300,73.0823
2027,3101300,74.9449
2028,3101300,76.7197
2029,3101300,78.4049
2030,3101300,80.0
2024,3101409,71.2348
2025,3101409,72.8442
2026,3101409,74.3958
2027,3101409,75.8881
2028,3101409,77.32
2029,3101409,78.6907
2030,3101409,80.0
2024,3101508,70.7124
2025,3101508,72.4241
2026,3101508,74.0724
2027,3101508,75.6553
2028,3101508,77.1714
2029,3101508,78.6197
2030,3101508,80.0
2024,3101607,62.5225
2025,3101607,65.8707
2026,3101607,69.0677
2027,3101607,72.0922
2028,3101607,74.9283
2029,3101607,77.5658
2030,3101607,80.0
2024,3101631,73.263
2025,3101631,74.4797
2026,3101631,75.6595
2027,3101631,76.8017
2028,3101631,77.906
2029,3101631,78.9721
2030,3101631,80.0
2024,3101706,45.5932
2025,3101706,52.0931
2026,3101706,58.5229
2027,3101706,64.675
2028,3101706,70.3764
2029,3101706,75.5061
2030,3101706,80.0
2024,3101805,51.6267
2025,3101805,57.0843
2026,3101805,62.3749
2027,3101805,67.3859
2028,3101805,72.0288
2029,3101805,76.2438
2030,3101805,80.0
2024,3101904,48.2637
2025,3101904,54.3179
2026,3101904,60.2473
2027,3101904,65.8902
2028,3101904,71.1162
2029,3101904,75.8352
2030,3101904,80.0
2024,3102001,64.5958
2025,3102001,67.5277
2026,3102001,70.3283
2027,3102001,72.9839
2028,3102001,75.4848
2029,3102001,77.8245
2030,3102001,80.0
2024,3102050,80.0
2025,3102050,80.0
2026,3102050,80.0
2027,3102050,80.0
2028,3102050,80.0
2029,3102050,80.0
2030,3102050,80.0
2024,3102100,78.3792
2025,3102100,78.6558
2026,3102100,78.9298
2027,3102100,79.2012
2028,3102100,79.4701
2029,3102100,79.7363
2030,3102100,80.0
2024,3102209,45.8427
2025,3102209,52.3022
2026,3102209,58.6855
2027,3102209,64.7897
2028,3102209,70.4462
2029,3102209,75.5371
2030,3102209,80.0
2024,3102308,54.1187
2025,3102308,59.1133
2026,3102308,63.9266
2027,3102308,68.4755
2028,3102308,72.6957
2029,3102308,76.5445
2030,3102308,80.0
2024,3102407,47.8773
2025,3102407,53.9977
2026,3102407,59.9999
2027,3102407,65.7161
2028,3102407,71.0101
2029,3102407,75.7879
2030,3102407,80.0
2024,3102506,69.0807
2025,3102506,71.1147
2026,3102506,73.0671
2027,3102506,74.934
2028,3102506,76.7127
2029,3102506,78.4016
2030,3102506,80.0
2024,3102605,60.225
2025,3102605,64.0321
2026,3102605,67.6703
2027,3102605,71.1067
2028,3102605,74.3164
2029,3102605,77.2835
2030,3102605,80.0
2024,3102704,63.5682
2025,3102704,66.7065
2026,3102704,69.7033
2027,3102704,72.5415
2028,3102704,75.2083
2029,3102704,77.6958
2030,3102704,80.0
2024,3102803,65.8873
2025,3102803,68.5596
2026,3102803,71.1144
2027,3102803,73.5417
2028,3102803,75.8344
2029,3102803,77.9878
2030,3102803,80.0
2024,3102852,63.0787
2025,3102852,66.3153
2026,3102852,69.4058
2027,3102852,72.3311
2028,3102852,75.0771
2029,3102852,77.6348
2030,3102852,80.0
2024,3102902,78.3198
2025,3102902,78.6067
2026,3102902,78.8909
2027,3102902,79.1724
2028,3102902,79.451
2029,3102902,79.7269
2030,3102902,80.0
2024,3103009,69.9169
2025,3103009,71.7853
2026,3103009,73.5815
2027,3103009,75.3027
2028,3103009,76.9468
2029,3103009,78.5128
2030,3103009,80.0
2024,3103108,78.7788
2025,3103108,78.986
2026,3103108,79.1918
2027,3103108,79.3961
2028,3103108,79.5989
2029,3103108,79.8002
2030,3103108,80.0
2024,3103207,80.0
2025,3103207,80.0
2026,3103207,80.0
2027,3103207,80.0
2028,3103207,80.0
2029,3103207,80.0
2030,3103207,80.0
2024,3103306,80.0
2025,3103306,80.0
2026,3103306,80.0
2027,3103306,80.0
2028,3103306,80.0
2029,3103306,80.0
2030,3103306,80.0
2024,3103405,50.018
2025,3103405,55.7654
2026,3103405,61.3625
2027,3103405,66.6746
2028,3103405,71.5945
2029,3103405,76.0489
2030,3103405,80.0
2024,3103504,53.1715
2025,3103504,58.3439
2026,3103504,63.3389
2027,3103504,68.0629
2028,3103504,72.4429
2029,3103504,76.4303
2030,3103504,80.0
2024,3103603,75.7626
2025,3103603,76.5093
2026,3103603,77.2399
2027,3103603,77.9542
2028,3103603,78.6524
2029,3103603,79.3343
2030,3103603,80.0
2024,3103702,52.4262
2025,3103702,57.737
2026,3103702,62.8748
2027,3103702,67.737
2028,3103702,72.2435
2029,3103702,76.3404
2030,3103702,80.0
2024,3103751,65.5645
2025,3103751,68.3017
2026,3103751,70.9178
2027,3103751,73.4021
2028,3103751,75.7468
2029,3103751,77.9468
2030,3103751,80.0
2024,3103801,80.0
2025,3103801,80.0
2026,3103801,80.0
2027,3103801,80.0
2028,3103801,80.0
2029,3103801,80.0
2030,3103801,80.0
2024,3103900,74.9244
2025,3103900,75.8268
2026,3103900,76.7067
2027,3103900,77.5641
2028,3103900,78.3988
2029,3103900,79.2108
2030,3103900,80.0
2024,3104007,70.588
2025,3104007,72.3242
2026,3104007,73.9956
2027,3104007,75.6001
2028,3104007,77.1362
2029,3104007,78.6029
2030,3104007,80.0
2024,3104106,80.0
2025,3104106,80.0
2026,3104106,80.0
2027,3104106,80.0
2028,3104106,80.0
2029,3104106,80.0
2030,3104106,80.0
2024,3104205,79.0002
2025,3104205,79.1693
2026,3104205,79.3375
2027,3104205,79.5046
2028,3104205,79.6707
2029,3104205,79.8359
2030,3104205,80.0
2024,3104304,72.2146
2025,3104304,73.6333
2026,3104304,75.0045
2027,3104304,76.3274
2028,3104304,77.6012
2029,3104304,78.8254
2030,3104304,80.0
2024,3104403,59.2558
2025,3104403,63.255
2026,3104403,67.0798
2027,3104403,70.691
2028,3104403,74.0592
2029,3104403,77.1653
2030,3104403,80.0
2024,3104452,60.3752
2025,3104452,64.1524
2026,3104452,67.7618
2027,3104452,71.1711
2028,3104452,74.3563
2029,3104452,77.3018
2030,3104452,80.0
2024,3104502,50.8932
2025,3104502,56.4839
2026,3104502,61.9144
2027,3104502,67.0625
2028,3104502,71.8312
2029,3104502,76.1551
2030,3104502,80.0
2024,3104601,75.6619
2025,3104601,76.4272
2026,3104601,77.1756
2027,3104601,77.9071
2028,3104601,78.6217
2029,3104601,79.3194
2030,3104601,80.0
2024,3104700,69.1966
2025,3104700,71.2076
2026,3104700,73.1383
2027,3104700,74.985
2028,3104700,76.7451
2029,3104700,78.417
2030,3104700,80.0
2024,3104809,53.3937
2025,3104809,58.5246
2026,3104809,63.477
2027,3104809,68.1598
2028,3104809,72.5023
2029,3104809,76.4571
2030,3104809,80.0
2024,3104908,71.8325
2025,3104908,73.3253
2026,3104908,74.7667
2027,3104908,76.1556
2028,3104908,77.4911
2029,3104908,78.7726
2030,3104908,80.0
2024,3105004,75.1338
2025,3105004,75.997
2026,3105004,76.8395
2027,3105004,77.6611
2028,3105004,78.4618
2029,3105004,79.2414
2030,3105004,80.0
2024,3105103,68.2367
2025,3105103,70.4387
2026,3105103,72.5494
2027,3105103,74.5638
2028,3105103,76.4784
2029,3105103,78.2907
2030,3105103,80.0
2024,3105202,65.5728
2025,3105202,68.3083
2026,3105202,70.9229
2027,3105202,73.4057
2028,3105202,75.749
2029,3105202,77.9479
2030,3105202,80.0
2024,3105301,74.431
2025,3105301,75.4259
2026,3105301,76.3944
2027,3105301,77.3362
2028,3105301,78.2511
2029,3105301,79.139
2030,3105301,80.0
2024,3105400,62.2815
2025,3105400,65.678
2026,3105400,68.9213
2027,3105400,71.9888
2028,3105400,74.8639
2029,3105400,77.5361
2030,3105400,80.0
2024,3105509,66.2431
2025,3105509,68.844
2026,3105509,71.3313
2027,3105509,73.6959
2028,3105509,75.9312
2029,3105509,78.0332
2030,3105509,80.0
2024,3105608,62.7135
2025,3105608,66.0234
2026,3105608,69.1838
2027,3105608,72.1742
2028,3105608,74.9793
2029,3105608,77.5895
2030,3105608,80.0
2024,3105905,74.6734
2025,3105905,75.6228
2026,3105905,76.5477
2027,3105905,77.448
2028,3105905,78.3235
2029,3105905,79.1742
2030,3105905,80.0
2024,3106002,66.4582
2025,3106002,69.016
2026,3106002,71.4624
2027,3106002,73.7891
2028,3106002,75.9898
2029,3106002,78.0607
2030,3106002,80.0
2024,3106101,58.0
2025,3106101,62.0
2026,3106101,66.0
2027,3106101,70.0
2028,3106101,74.0
2029,3106101,77.0
2030,3106101,80.0
2024,3106200,61.3251
2025,3106200,64.913
2026,3106200,68.3398
2027,3106200,71.5785
2028,3106200,74.6089
2029,3106200,77.4182
2030,3106200,80.0
2024,3106309,61.0
2025,3106309,65.0
2026,3106309,68.0
2027,3106309,71.0
2028,3106309,75.0
2029,3106309,77.0
2030,3106309,80.0
2024,3106408,80.0
2025,3106408,80.0
2026,3106408,80.0
2027,3106408,80.0
2028,3106408,80.0
2029,3106408,80.0
2030,3106408,80.0
2024,3106606,62.8712
2025,3106606,66.1495
2026,3106606,69.2797
2027,3106606,72.242
2028,3106606,75.0215
2029,3106606,77.6091
2030,3106606,80.0
2024,3106655,70.182
2025,3106655,71.998
2026,3106655,73.7449
2027,3106655,75.4199
2028,3106655,77.0214
2029,3106655,78.5483
2030,3106655,80.0
2024,3106705,58.2505
2025,3106705,62.4479
2026,3106705,66.4662
2027,3106705,70.2594
2028,3106705,73.7926
2029,3106705,77.0433
2030,3106705,80.0
2024,3106804,70.5549
2025,3106804,72.2975
2026,3106804,73.9751
2027,3106804,75.5853
2028,3106804,77.1268
2029,3106804,78.5985
2030,3106804,80.0
2024,3106903,50.8067
2025,3106903,56.413
2026,3106903,61.86
2027,3106903,67.0243
2028,3106903,71.8079
2029,3106903,76.1446
2030,3106903,80.0
2024,3107000,80.0
2025,3107000,80.0
2026,3107000,80.0
2027,3107000,80.0
2028,3107000,80.0
2029,3107000,80.0
2030,3107000,80.0
2024,3107109,58.1665
2025,3107109,62.3804
2026,3107109,66.4149
2027,3107109,70.2233
2028,3107109,73.7704
2029,3107109,77.0331
2030,3107109,80.0
2024,3107208,54.9349
2025,3107208,59.7746
2026,3107208,64.4311
2027,3107208,68.8297
2028,3107208,72.9129
2029,3107208,76.6428
2030,3107208,80.0
2024,3107307,70.6129
2025,3107307,72.3441
2026,3107307,74.0109
2027,3107307,75.6111
2028,3107307,77.1432
2029,3107307,78.6063
2030,3107307,80.0
2024,3107406,48.7892
2025,3107406,54.7526
2026,3107406,60.5827
2027,3107406,66.1263
2028,3107406,71.2601
2029,3107406,75.8994
2030,3107406,80.0
2024,3107505,52.9833
2025,3107505,58.1908
2026,3107505,63.2219
2027,3107505,67.9807
2028,3107505,72.3926
2029,3107505,76.4076
2030,3107505,80.0
2024,3107604,55.9937
2025,3107604,60.6305
2026,3107604,65.0833
2027,3107604,69.2876
2028,3107604,73.1942
2029,3107604,76.7705
2030,3107604,80.0
2024,3107703,80.0
2025,3107703,80.0
2026,3107703,80.0
2027,3107703,80.0
2028,3107703,80.0
2029,3107703,80.0
2030,3107703,80.0
2024,3107802,80.0
2025,3107802,80.0
2026,3107802,80.0
2027,3107802,80.0
2028,3107802,80.0
2029,3107802,80.0
2030,3107802,80.0
2024,3107901,60.4419
2025,3107901,64.2058
2026,3107901,67.8024
2027,3107901,71.1997
2028,3107901,74.374
2029,3107901,77.31
2030,3107901,80.0
2024,3108008,69.3373
2025,3108008,71.3204
2026,3108008,73.2248
2027,3108008,75.0469
2028,3108008,76.7844
2029,3108008,78.4356
2030,3108008,80.0
2024,3108107,70.986
2025,3108107,72.644
2026,3108107,74.2417
2027,3108107,75.7771
2028,3108107,77.2491
2029,3108107,78.6568
2030,3108107,80.0
2024,3108206,80.0
2025,3108206,80.0
2026,3108206,80.0
2027,3108206,80.0
2028,3108206,80.0
2029,3108206,80.0
2030,3108206,80.0
2024,3108255,66.8718
2025,3108255,69.3467
2026,3108255,71.7148
2027,3108255,73.9687
2028,3108255,76.1029
2029,3108255,78.1138
2030,3108255,80.0
2024,3108305,67.9058
2025,3108305,70.1738
2026,3108305,72.3468
2027,3108305,74.4192
2028,3108305,76.3869
2029,3108305,78.2476
2030,3108305,80.0
2024,3108404,67.8562
2025,3108404,70.1341
2026,3108404,72.3164
2027,3108404,74.3975
2028,3108404,76.3732
2029,3108404,78.2411
2030,3108404,80.0
2024,3108552,77.2275
2025,3108552,77.7078
2026,3108552,78.1808
2027,3108552,78.6465
2028,3108552,79.105
2029,3108552,79.5561
2030,3108552,80.0
2024,3108602,75.813
2025,3108602,76.5504
2026,3108602,77.272
2027,3108602,77.9778
2028,3108602,78.6678
2029,3108602,79.3418
2030,3108602,80.0
2024,3108701,58.0406
2025,3108701,62.2792
2026,3108701,66.338
2027,3108701,70.1692
2028,3108701,73.737
2029,3108701,77.0178
2030,3108701,80.0
2024,3108800,73.4463
2025,3108800,74.628
2026,3108800,75.7745
2027,3108800,76.8852
2028,3108800,77.9598
2029,3108800,78.9981
2030,3108800,80.0
2024,3108909,55.6639
2025,3108909,60.3641
2026,3108909,64.8804
2027,3108909,69.1451
2028,3108909,73.1066
2029,3108909,76.7307
2030,3108909,80.0
2024,3109006,71.8242
2025,3109006,73.3186
2026,3109006,74.7616
2027,3109006,76.1519
2028,3109006,77.4887
2029,3109006,78.7715
2030,3109006,80.0
2024,3109105,65.8045
2025,3109105,68.4935
2026,3109105,71.064
2027,3109105,73.5059
2028,3109105,75.8119
2029,3109105,77.9773
2030,3109105,80.0
2024,3109204,80.0
2025,3109204,80.0
2026,3109204,80.0
2027,3109204,80.0
2028,3109204,80.0
2029,3109204,80.0
2030,3109204,80.0
2024,3109253,80.0
2025,3109253,80.0
2026,3109253,80.0
2027,3109253,80.0
2028,3109253,80.0
2029,3109253,80.0
2030,3109253,80.0
2024,3109303,56.7451
2025,3109303,61.2365
2026,3109303,65.5447
2027,3109303,69.6117
2028,3109303,73.3935
2029,3109303,76.8612
2030,3109303,80.0
2024,3109402,44.2135
2025,3109402,50.9323
2026,3109402,57.6176
2027,3109402,64.0353
2028,3109402,69.9874
2029,3109402,75.3338
2030,3109402,80.0
2024,3109451,46.7039
2025,3109451,53.0218
2026,3109451,59.2443
2027,3109451,65.1838
2028,3109451,70.6861
2029,3109451,75.6436
2030,3109451,80.0
2024,3109501,73.2463
2025,3109501,74.4663
2026,3109501,75.6491
2027,3109501,76.7942
2028,3109501,77.9011
2029,3109501,78.9698
2030,3109501,80.0
2024,3109600,56.9642
2025,3109600,61.4131
2026,3109600,65.6791
2027,3109600,69.7061
2028,3109600,73.4517
2029,3109600,76.8876
2030,3109600,80.0
2024,3109709,64.7118
2025,3109709,67.6203
2026,3109709,70.3988
2027,3109709,73.0339
2028,3109709,75.5161
2029,3109709,77.839
2030,3109709,80.0
2024,3109808,80.0
2025,3109808,80.0
2026,3109808,80.0
2027,3109808,80.0
2028,3109808,80.0
2029,3109808,80.0
2030,3109808,80.0
2024,3109907,59.239
2025,3109907,63.2416
2026,3109907,67.0696
2027,3109907,70.6838
2028,3109907,74.0547
2029,3109907,77.1633
2030,3109907,80.0
2024,3110004,74.4895
2025,3110004,75.4734
2026,3110004,76.4314
2027,3110004,77.3631
2028,3110004,78.2686
2029,3110004,79.1475
2030,3110004,80.0
2024,3110103,62.0987
2025,3110103,65.5318
2026,3110103,68.8101
2027,3110103,71.9103
2028,3110103,74.8151
2029,3110103,77.5135
2030,3110103,80.0
2024,3110202,66.7974
2025,3110202,69.2871
2026,3110202,71.6694
2027,3110202,73.9364
2028,3110202,76.0825
2029,3110202,78.1042
2030,3110202,80.0
2024,3110301,56.1036
2025,3110301,60.7192
2026,3110301,65.1509
2027,3110301,69.3351
2028,3110301,73.2234
2029,3110301,76.7837
2030,3110301,80.0
2024,3110400,80.0
2025,3110400,80.0
2026,3110400,80.0
2027,3110400,80.0
2028,3110400,80.0
2029,3110400,80.0
2030,3110400,80.0
2024,3110509,58.8456
2025,3110509,62.9259
2026,3110509,66.8296
2027,3110509,70.5149
2028,3110509,73.9504
2029,3110509,77.1155
2030,3110509,80.0
2024,3110608,67.5915
2025,3110608,69.9223
2026,3110608,72.1545
2027,3110608,74.282
2028,3110608,76.3003
2029,3110608,78.2067
2030,3110608,80.0
2024,3110707,71.0026
2025,3110707,72.6574
2026,3110707,74.2519
2027,3110707,75.7845
2028,3110707,77.2538
2029,3110707,78.6591
2030,3110707,80.0
2024,3110806,64.5213
2025,3110806,67.4681
2026,3110806,70.2829
2027,3110806,72.9518
2028,3110806,75.4647
2029,3110806,77.8151
2030,3110806,80.0
2024,3110905,48.0004
2025,3110905,54.0997
2026,3110905,60.0787
2027,3110905,65.7716
2028,3110905,71.044
2029,3110905,75.803
2030,3110905,80.0
2024,3111002,71.5751
2025,3111002,73.118
2026,3111002,74.6068
2027,3111002,76.0403
2028,3111002,77.4173
2029,3111002,78.7372
2030,3111002,80.0
2024,3111101,77.6671
2025,3111101,78.069
2026,3111101,78.4657
2027,3111101,78.8571
2028,3111101,79.2433
2029,3111101,79.6243
2030,3111101,80.0
2024,3111150,80.0
2025,3111150,80.0
2026,3111150,80.0
2027,3111150,80.0
2028,3111150,80.0
2029,3111150,80.0
2030,3111150,80.0
2024,3111200,71.1685
2025,3111200,72.7908
2026,3111200,74.3547
2027,3111200,75.8585
2028,3111200,77.3011
2029,3111200,78.6817
2030,3111200,80.0
2024,3111309,69.5526
2025,3111309,71.493
2026,3111309,73.3571
2027,3111309,75.1418
2028,3111309,76.8446
2029,3111309,78.4642
2030,3111309,80.0
2024,3111408,76.5698
2025,3111408,77.1687
2026,3111408,77.7568
2027,3111408,78.3339
2028,3111408,78.9002
2029,3111408,79.4556
2030,3111408,80.0
2024,3111507,61.8742
2025,3111507,65.3523
2026,3111507,68.6737
2027,3111507,71.814
2028,3111507,74.7552
2029,3111507,77.4858
2030,3111507,80.0
2024,3111606,67.9141
2025,3111606,70.1804
2026,3111606,72.3518
2027,3111606,74.4228
2028,3111606,76.3892
2029,3111606,78.2487
2030,3111606,80.0
2024,3111705,76.5782
2025,3111705,77.1756
2026,3111705,77.7622
2027,3111705,78.3379
2028,3111705,78.9028
2029,3111705,79.4568
2030,3111705,80.0
2024,3111804,51.066
2025,3111804,56.6255
2026,3111804,62.0231
2027,3111804,67.1388
2028,3111804,71.8779
2029,3111804,76.176
2030,3111804,80.0
2024,3111903,55.5961
2025,3111903,60.3094
2026,3111903,64.8387
2027,3111903,69.1158
2028,3111903,73.0887
2029,3111903,76.7225
2030,3111903,80.0
2024,3112000,80.0
2025,3112000,80.0
2026,3112000,80.0
2027,3112000,80.0
2028,3112000,80.0
2029,3112000,80.0
2030,3112000,80.0
2024,3112059,63.0
2025,3112059,67.0
2026,3112059,70.0
2027,3112059,73.0
2028,3112059,75.0
2029,3112059,78.0
2030,3112059,80.0
2024,3112109,63.4355
2025,3112109,66.6005
2026,3112109,69.6227
2027,3112109,72.4844
2028,3112109,75.1727
2029,3112109,77.6792
2030,3112109,80.0
2024,3112208,80.0
2025,3112208,80.0
2026,3112208,80.0
2027,3112208,80.0
2028,3112208,80.0
2029,3112208,80.0
2030,3112208,80.0
2024,3112307,60.275
2025,3112307,64.0722
2026,3112307,67.7008
2027,3112307,71.1282
2028,3112307,74.3297
2029,3112307,77.2896
2030,3112307,80.0
2024,3112406,58.9963
2025,3112406,63.0469
2026,3112406,66.9216
2027,3112406,70.5796
2028,3112406,73.9904
2029,3112406,77.1338
2030,3112406,80.0
2024,3112505,78.0
2025,3112505,78.0
2026,3112505,79.0
2027,3112505,79.0
2028,3112505,79.0
2029,3112505,80.0
2030,3112505,80.0
2024,3112604,55.943
2025,3112604,60.5895
2026,3112604,65.0521
2027,3112604,69.2657
2028,3112604,73.1808
2029,3112604,76.7644
2030,3112604,80.0
2024,3112653,46.6685
2025,3112653,52.9923
2026,3112653,59.2214
2027,3112653,65.1677
2028,3112653,70.6762
2029,3112653,75.6393
2030,3112653,80.0
2024,3112703,64.8609
2025,3112703,67.7394
2026,3112703,70.4895
2027,3112703,73.0982
2028,3112703,75.5563
2029,3112703,77.8578
2030,3112703,80.0
2024,3112802,80.0
2025,3112802,80.0
2026,3112802,80.0
2027,3112802,80.0
2028,3112802,80.0
2029,3112802,80.0
2030,3112802,80.0
2024,3112901,62.8048
2025,3112901,66.0964
2026,3112901,69.2393
2027,3112901,72.2134
2028,3112901,75.0038
2029,3112901,77.6008
2030,3112901,80.0
2024,3113008,48.0706
2025,3113008,54.158
2026,3113008,60.1237
2027,3113008,65.8033
2028,3113008,71.0633
2029,3113008,75.8116
2030,3113008,80.0
2024,3113107,71.5917
2025,3113107,73.1313
2026,3113107,74.6171
2027,3113107,76.0477
2028,3113107,77.422
2029,3113107,78.7395
2030,3113107,80.0
2024,3113206,73.0881
2025,3113206,74.3383
2026,3113206,75.55
2027,3113206,76.7223
2028,3113206,77.8549
2029,3113206,78.9475
2030,3113206,80.0
2024,3113305,55.6385
2025,3113305,60.3436
2026,3113305,64.8647
2027,3113305,69.1341
2028,3113305,73.0999
2029,3113305,76.7276
2030,3113305,80.0
2024,3113404,55.1555
2025,3113404,59.9531
2026,3113404,64.5672
2027,3113404,68.9252
2028,3113404,72.9716
2029,3113404,76.6694
2030,3113404,80.0
2024,3113503,67.0786
2025,3113503,69.512
2026,3113503,71.8411
2027,3113503,74.0586
2028,3113503,76.1595
2029,3113503,78.1404
2030,3113503,80.0
2024,3113602,80.0
2025,3113602,80.0
2026,3113602,80.0
2027,3113602,80.0
2028,3113602,80.0
2029,3113602,80.0
2030,3113602,80.0
2024,3113701,60.3585
2025,3113701,64.139
2026,3113701,67.7516
2027,3113701,71.1639
2028,3113701,74.3519
2029,3113701,77.2998
2030,3113701,80.0
2024,3113800,36.855
2025,3113800,44.5801
2026,3113800,52.5761
2027,3113800,60.4422
2028,3113800,67.8026
2029,3113800,74.3741
2030,3113800,80.0
2024,3113909,75.2092
2025,3113909,76.0583
2026,3113909,76.8874
2027,3113909,77.6962
2028,3113909,78.4845
2029,3113909,79.2525
2030,3113909,80.0
2024,3114006,79.1877
2025,3114006,79.3248
2026,3114006,79.4612
2027,3114006,79.5969
2028,3114006,79.7319
2029,3114006,79.8663
2030,3114006,80.0
2024,3114105,60.4252
2025,3114105,64.1925
2026,3114105,67.7922
2027,3114105,71.1925
2028,3114105,74.3696
2029,3114105,77.3079
2030,3114105,80.0
2024,3114204,69.2794
2025,3114204,71.2739
2026,3114204,73.1891
2027,3114204,75.0214
2028,3114204,76.7682
2029,3114204,78.4279
2030,3114204,80.0
2024,3114303,71.9404
2025,3114303,73.4123
2026,3114303,74.8339
2027,3114303,76.2041
2028,3114303,77.5221
2029,3114303,78.7875
2030,3114303,80.0
2024,3114402,65.9618
2025,3114402,68.6192
2026,3114402,71.1598
2027,3114402,73.574
2028,3114402,75.8546
2029,3114402,77.9973
2030,3114402,80.0
2024,3114501,77.388
2025,3114501,77.8396
2026,3114501,78.2847
2027,3114501,78.7233
2028,3114501,79.1553
2029,3114501,79.5809
2030,3114501,80.0
2024,3114550,56.8041
2025,3114550,61.2841
2026,3114550,65.5809
2027,3114550,69.6372
2028,3114550,73.4092
2029,3114550,76.8683
2030,3114550,80.0
2024,3114600,71.8906
2025,3114600,73.3721
2026,3114600,74.8029
2027,3114600,76.1817
2028,3114600,77.5078
2029,3114600,78.7806
2030,3114600,80.0
2024,3114709,77.4134
2025,3114709,77.8604
2026,3114709,78.3011
2027,3114709,78.7354
2028,3114709,79.1633
2029,3114709,79.5848
2030,3114709,80.0
2024,3114808,80.0
2025,3114808,80.0
2026,3114808,80.0
2027,3114808,80.0
2028,3114808,80.0
2029,3114808,80.0
2030,3114808,80.0
2024,3114907,70.5549
2025,3114907,72.2975
2026,3114907,73.9751
2027,3114907,75.5853
2028,3114907,77.1268
2029,3114907,78.5985
2030,3114907,80.0
2024,3115003,66.5409
2025,3115003,69.0821
2026,3115003,71.5129
2027,3115003,73.825
2028,3115003,76.0124
2029,3115003,78.0713
2030,3115003,80.0
2024,3115102,72.1398
2025,3115102,73.573
2026,3115102,74.9579
2027,3115102,76.2937
2028,3115102,77.5796
2029,3115102,78.8151
2030,3115102,80.0
2024,3115201,70.5549
2025,3115201,72.2975
2026,3115201,73.9751
2027,3115201,75.5853
2028,3115201,77.1268
2029,3115201,78.5985
2030,3115201,80.0
2024,3115300,42.6749
2025,3115300,49.6277
2026,3115300,56.595
2027,3115300,63.311
2028,3115300,69.547
2029,3115300,75.1393
2030,3115300,80.0
2024,3115359,69.3953
2025,3115359,71.3669
2026,3115359,73.2604
2027,3115359,75.0724
2028,3115359,76.8006
2029,3115359,78.4433
2030,3115359,80.0
2024,3115458,42.5839
2025,3115458,49.5502
2026,3115458,56.534
2027,3115458,63.2678
2028,3115458,69.5208
2029,3115458,75.1277
2030,3115458,80.0
2024,3115474,64.3473
2025,3115474,67.3291
2026,3115474,70.1771
2027,3115474,72.8768
2028,3115474,75.4178
2029,3115474,77.7932
2030,3115474,80.0
2024,3115508,76.9321
2025,3115508,77.4655
2026,3115508,77.9901
2027,3115508,78.5058
2028,3115508,79.0127
2029,3115508,79.5108
2030,3115508,80.0
2024,3115607,76.9996
2025,3115607,77.5208
2026,3115607,78.0336
2027,3115607,78.5379
2028,3115607,79.0337
2029,3115607,79.5211
2030,3115607,80.0
2024,3115706,72.647
2025,3115706,73.9821
2026,3115706,75.2742
2027,3115706,76.5225
2028,3115706,77.7264
2029,3115706,78.8856
2030,3115706,80.0
2024,3115805,78.5406
2025,3115805,78.7891
2026,3115805,79.0355
2027,3115805,79.2798
2028,3115805,79.522
2029,3115805,79.762
2030,3115805,80.0
2024,3115904,35.9541
2025,3115904,43.7804
2026,3115904,51.9289
2027,3115904,59.9761
2028,3115904,67.5188
2029,3115904,74.2503
2030,3115904,80.0
2024,3116001,80.0
2025,3116001,80.0
2026,3116001,80.0
2027,3116001,80.0
2028,3116001,80.0
2029,3116001,80.0
2030,3116001,80.0
2024,3116100,47.2608
2025,3116100,53.4856
2026,3116100,59.6037
2027,3116100,65.4371
2028,3116100,70.8402
2029,3116100,75.7122
2030,3116100,80.0
2024,3116159,54.2294
2025,3116159,59.2031
2026,3116159,63.9951
2027,3116159,68.5236
2028,3116159,72.7252
2029,3116159,76.5578
2030,3116159,80.0
2024,3116209,77.8957
2025,3116209,78.2572
2026,3116209,78.6143
2027,3116209,78.9672
2028,3116209,79.3157
2029,3116209,79.66
2030,3116209,80.0
2024,3116308,74.172
2025,3116308,75.2158
2026,3116308,76.231
2027,3116308,77.2171
2028,3116308,78.1741
2029,3116308,79.1017
2030,3116308,80.0
2024,3116407,75.7375
2025,3116407,76.4888
2026,3116407,77.2238
2027,3116407,77.9425
2028,3116407,78.6447
2029,3116407,79.3306
2030,3116407,80.0
2024,3116506,71.6332
2025,3116506,73.1648
2026,3116506,74.6429
2027,3116506,76.0663
2028,3116506,77.4339
2029,3116506,78.7452
2030,3116506,80.0
2024,3116605,64.1816
2025,3116605,67.1967
2026,3116605,70.0763
2027,3116605,72.8055
2028,3116605,75.3732
2029,3116605,77.7724
2030,3116605,80.0
2024,3116704,77.3796
2025,3116704,77.8327
2026,3116704,78.2792
2027,3116704,78.7192
2028,3116704,79.1527
2029,3116704,79.5796
2030,3116704,80.0
2024,3116803,66.6733
2025,3116803,69.1879
2026,3116803,71.5937
2027,3116803,73.8825
2028,3116803,76.0486
2029,3116803,78.0883
2030,3116803,80.0
2024,3116902,42.4107
2025,3116902,49.4026
2026,3116902,56.4179
2027,3116902,63.1854
2028,3116902,69.4707
2029,3116902,75.1057
2030,3116902,80.0
2024,3117009,61.8742
2025,3117009,65.3523
2026,3117009,68.6737
2027,3117009,71.814
2028,3117009,74.7552
2029,3117009,77.4858
2030,3117009,80.0
2024,3117108,72.3144
2025,3117108,73.7137
2026,3117108,75.0667
2027,3117108,76.3723
2028,3117108,77.63
2029,3117108,78.8393
2030,3117108,80.0
2024,3117207,62.0
2025,3117207,65.0
2026,3117207,69.0
2027,3117207,72.0
2028,3117207,75.0
2029,3117207,77.0
2030,3117207,80.0
2024,3117306,59.4649
2025,3117306,63.4227
2026,3117306,67.2073
2027,3117306,70.7807
2028,3117306,74.1146
2029,3117306,77.1908
2030,3117306,80.0
2024,3117405,80.0
2025,3117405,80.0
2026,3117405,80.0
2027,3117405,80.0
2028,3117405,80.0
2029,3117405,80.0
2030,3117405,80.0
2024,3117504,62.2649
2025,3117504,65.6647
2026,3117504,68.9112
2027,3117504,71.9816
2028,3117504,74.8595
2029,3117504,77.534
2030,3117504,80.0
2024,3117603,74.9077
2025,3117603,75.8131
2026,3117603,76.6961
2027,3117603,77.5563
2028,3117603,78.3937
2029,3117603,79.2083
2030,3117603,80.0
2024,3117702,80.0
2025,3117702,80.0
2026,3117702,80.0
2027,3117702,80.0
2028,3117702,80.0
2029,3117702,80.0
2030,3117702,80.0
2024,3117801,64.9188
2025,3117801,67.7857
2026,3117801,70.5248
2027,3117801,73.1232
2028,3117801,75.572
2029,3117801,77.8651
2030,3117801,80.0
2024,3117876,57.0653
2025,3117876,61.4945
2026,3117876,65.741
2027,3117876,69.7497
2028,3117876,73.4785
2029,3117876,76.8998
2030,3117876,80.0
2024,3117900,74.4728
2025,3117900,75.4598
2026,3117900,76.4208
2027,3117900,77.3554
2028,3117900,78.2636
2029,3117900,79.1451
2030,3117900,80.0
2024,3118007,60.1081
2025,3118007,63.9384
2026,3118007,67.5992
2027,3118007,71.0566
2028,3118007,74.2854
2029,3118007,77.2692
2030,3118007,80.0
2024,3118106,80.0
2025,3118106,80.0
2026,3118106,80.0
2027,3118106,80.0
2028,3118106,80.0
2029,3118106,80.0
2030,3118106,80.0
2024,3118205,70.5383
2025,3118205,72.2842
2026,3118205,73.9648
2027,3118205,75.578
2028,3118205,77.1221
2029,3118205,78.5962
2030,3118205,80.0
2024,3118304,67.4343
2025,3118304,69.7965
2026,3118304,72.0584
2027,3118304,74.2135
2028,3118304,76.2571
2029,3118304,78.1864
2030,3118304,80.0
2024,3118403,69.0228
2025,3118403,71.0683
2026,3118403,73.0315
2027,3118403,74.9085
2028,3118403,76.6966
2029,3118403,78.394
2030,3118403,80.0
2024,3118502,65.3824
2025,3118502,68.1562
2026,3118502,70.807
2027,3118502,73.3234
2028,3118502,75.6974
2029,3118502,77.9237
2030,3118502,80.0
2024,3118601,58.0826
2025,3118601,62.313
2026,3118601,66.3636
2027,3118601,70.1872
2028,3118601,73.7481
2029,3118601,77.0229
2030,3118601,80.0
2024,3118700,72.6719
2025,3118700,74.0022
2026,3118700,75.2897
2027,3118700,76.5337
2028,3118700,77.7336
2029,3118700,78.8891
2030,3118700,80.0
2024,3118809,67.9472
2025,3118809,70.2069
2026,3118809,72.3721
2027,3118809,74.4372
2028,3118809,76.3983
2029,3118809,78.253
2030,3118809,80.0
2024,3118908,70.9943
2025,3118908,72.6507
2026,3118908,74.2468
2027,3118908,75.7808
2028,3118908,77.2515
2029,3118908,78.658
2030,3118908,80.0
2024,3119005,52.4949
2025,3119005,57.793
2026,3119005,62.9176
2027,3119005,67.767
2028,3119005,72.2619
2029,3119005,76.3487
2030,3119005,80.0
2024,3119104,46.2961
2025,3119104,52.6814
2026,3119104,58.9802
2027,3119104,64.9976
2028,3119104,70.5727
2029,3119104,75.5933
2030,3119104,80.0
2024,3119203,60.1666
2025,3119203,63.9852
2026,3119203,67.6348
2027,3119203,71.0816
2028,3119203,74.3009
2029,3119203,77.2763
2030,3119203,80.0
2024,3119302,47.9301
2025,3119302,54.0415
2026,3119302,60.0337
2027,3119302,65.7399
2028,3119302,71.0246
2029,3119302,75.7944
2030,3119302,80.0
2024,3119401,52.7092
2025,3119401,57.9676
2026,3119401,63.0512
2027,3119401,67.8609
2028,3119401,72.3193
2029,3119401,76.3745
2030,3119401,80.0
2024,3119500,68.0464
2025,3119500,70.2863
2026,3119500,72.4329
2027,3119500,74.4806
2028,3119500,76.4258
2029,3119500,78.2659
2030,3119500,80.0
2024,3119609,80.0
2025,3119609,80.0
2026,3119609,80.0
2027,3119609,80.0
2028,3119609,80.0
2029,3119609,80.0
2030,3119609,80.0
2024,3119708,73.663
2025,3119708,74.8034
2026,3119708,75.9106
2027,3119708,76.984
2028,3119708,78.0235
2029,3119708,79.0289
2030,3119708,80.0
2024,3119807,80.0
2025,3119807,80.0
2026,3119807,80.0
2027,3119807,80.0
2028,3119807,80.0
2029,3119807,80.0
2030,3119807,80.0
2024,3119906,74.7571
2025,3119906,75.6907
2026,3119906,76.6006
2027,3119906,77.4866
2028,3119906,78.3486
2029,3119906,79.1864
2030,3119906,80.0
2024,3119955,71.2183
2025,3119955,72.8308
2026,3119955,74.3855
2027,3119955,75.8807
2028,3119955,77.3153
2029,3119955,78.6884
2030,3119955,80.0
2024,3120003,52.1085
2025,3120003,57.4778
2026,3120003,62.6764
2027,3120003,67.5976
2028,3120003,72.1583
2029,3120003,76.302
2030,3120003,80.0
2024,3120102,53.6328
2025,3120102,58.7189
2026,3120102,63.6254
2027,3120102,68.264
2028,3120102,72.5661
2029,3120102,76.4859
2030,3120102,80.0
2024,3120151,57.4608
2025,3120151,61.8129
2026,3120151,65.9833
2027,3120151,69.9199
2028,3120151,73.5833
2029,3120151,76.9477
2030,3120151,80.0
2024,3120201,69.329
2025,3120201,71.3138
2026,3120201,73.2197
2027,3120201,75.0433
2028,3120201,76.782
2029,3120201,78.4345
2030,3120201,80.0
2024,3120300,33.5696
2025,3120300,41.6361
2026,3120300,50.1769
2027,3120300,58.7073
2028,3120300,66.7452
2029,3120300,73.9137
2030,3120300,80.0
2024,3120409,73.3546
2025,3120409,74.5538
2026,3120409,75.717
2027,3120409,76.8434
2028,3120409,77.9329
2029,3120409,78.9851
2030,3120409,80.0
2024,3120508,59.8409
2025,3120508,63.7243
2026,3120508,67.4365
2027,3120508,70.942
2028,3120508,74.2144
2029,3120508,77.2366
2030,3120508,80.0
2024,3120607,80.0
2025,3120607,80.0
2026,3120607,80.0
2027,3120607,80.0
2028,3120607,80.0
2029,3120607,80.0
2030,3120607,80.0
2024,3120706,65.3162
2025,3120706,68.1033
2026,3120706,70.7666
2027,3120706,73.2948
2028,3120706,75.6795
2029,3120706,77.9153
2030,3120706,80.0
2024,3120805,80.0
2025,3120805,80.0
2026,3120805,80.0
2027,3120805,80.0
2028,3120805,80.0
2029,3120805,80.0
2030,3120805,80.0
2024,3120839,80.0
2025,3120839,80.0
2026,3120839,80.0
2027,3120839,80.0
2028,3120839,80.0
2029,3120839,80.0
2030,3120839,80.0
2024,3120870,79.3584
2025,3120870,79.4664
2026,3120870,79.5739
2027,3120870,79.6811
2028,3120870,79.7878
2029,3120870,79.8941
2030,3120870,80.0
2024,3120904,67.7321
2025,3120904,70.0348
2026,3120904,72.2405
2027,3120904,74.3433
2028,3120904,76.339
2029,3120904,78.225
2030,3120904,80.0
2024,3121001,80.0
2025,3121001,80.0
2026,3121001,80.0
2027,3121001,80.0
2028,3121001,80.0
2029,3121001,80.0
2030,3121001,80.0
2024,3121100,66.1769
2025,3121100,68.7911
2026,3121100,71.2909
2027,3121100,73.6672
2028,3121100,75.9132
2029,3121100,78.0248
2030,3121100,80.0
2024,3121209,79.3413
2025,3121209,79.4522
2026,3121209,79.5627
2027,3121209,79.6726
2028,3121209,79.7822
2029,3121209,79.8913
2030,3121209,80.0
2024,3121258,55.7654
2025,3121258,60.4461
2026,3121258,64.9429
2027,3121258,69.189
2028,3121258,73.1336
2029,3121258,76.7429
2030,3121258,80.0
2024,3121308,65.5397
2025,3121308,68.2819
2026,3121308,70.9027
2027,3121308,73.3914
2028,3121308,75.74
2029,3121308,77.9437
2030,3121308,80.0
2024,3121407,80.0
2025,3121407,80.0
2026,3121407,80.0
2027,3121407,80.0
2028,3121407,80.0
2029,3121407,80.0
2030,3121407,80.0
2024,3121506,70.0826
2025,3121506,71.9182
2026,3121506,73.6836
2027,3121506,75.3759
2028,3121506,76.9934
2029,3121506,78.5349
2030,3121506,80.0
2024,3121605,62.9293
2025,3121605,66.1959
2026,3121605,69.315
2027,3121605,72.2669
2028,3121605,75.0371
2029,3121605,77.6163
2030,3121605,80.0
2024,3121704,78.6511
2025,3121704,78.8805
2026,3121704,79.108
2027,3121704,79.3337
2028,3121704,79.5576
2029,3121704,79.7797
2030,3121704,80.0
2024,3121803,80.0
2025,3121803,80.0
2026,3121803,80.0
2027,3121803,80.0
2028,3121803,80.0
2029,3121803,80.0
2030,3121803,80.0
2024,3121902,48.9116
2025,3121902,54.8537
2026,3121902,60.6606
2027,3121902,66.1811
2028,3121902,71.2935
2029,3121902,75.9143
2030,3121902,80.0
2024,3122009,54.2294
2025,3122009,59.2031
2026,3122009,63.9951
2027,3122009,68.5236
2028,3122009,72.7252
2029,3122009,76.5578
2030,3122009,80.0
2024,3122108,47.5
2025,3122108,53.68
2026,3122108,59.76
2027,3122108,65.54
2028,3122108,70.91
2029,3122108,75.74
2030,3122108,80.0
2024,3122207,69.5443
2025,3122207,71.4864
2026,3122207,73.352
2027,3122207,75.1381
2028,3122207,76.8423
2029,3122207,78.4631
2030,3122207,80.0
2024,3122306,67.2275
2025,3122306,69.6311
2026,3122306,71.932
2027,3122306,74.1234
2028,3122306,76.2003
2029,3122306,78.1596
2030,3122306,80.0
2024,3122355,55.7231
2025,3122355,60.4119
2026,3122355,64.9168
2027,3122355,69.1707
2028,3122355,73.1224
2029,3122355,76.7378
2030,3122355,80.0
2024,3122405,66.8553
2025,3122405,69.3334
2026,3122405,71.7047
2027,3122405,73.9615
2028,3122405,76.0983
2029,3122405,78.1117
2030,3122405,80.0
2024,3122454,48.439
2025,3122454,54.4631
2026,3122454,60.3593
2027,3122454,65.9691
2028,3122454,71.1643
2029,3122454,75.8566
2030,3122454,80.0
2024,3122470,59.6153
2025,3122470,63.5434
2026,3122470,67.299
2027,3122470,70.8452
2028,3122470,74.1546
2029,3122470,77.2091
2030,3122470,80.0
2024,3122504,75.5445
2025,3122504,76.3314
2026,3122504,77.1007
2027,3122504,77.8523
2028,3122504,78.586
2029,3122504,79.3019
2030,3122504,80.0
2024,3122702,68.9648
2025,3122702,71.0219
2026,3122702,72.9959
2027,3122702,74.8831
2028,3122702,76.6805
2029,3122702,78.3863
2030,3122702,80.0
2024,3122801,80.0
2025,3122801,80.0
2026,3122801,80.0
2027,3122801,80.0
2028,3122801,80.0
2029,3122801,80.0
2030,3122801,80.0
2024,3122900,52.4691
2025,3122900,57.772
2026,3122900,62.9015
2027,3122900,67.7558
2028,3122900,72.255
2029,3122900,76.3456
2030,3122900,80.0
2024,3123007,58.8707
2025,3123007,62.946
2026,3123007,66.845
2027,3123007,70.5257
2028,3123007,73.9571
2029,3123007,77.1185
2030,3123007,80.0
2024,3123106,48.5179
2025,3123106,54.5283
2026,3123106,60.4096
2027,3123106,66.0045
2028,3123106,71.1859
2029,3123106,75.8663
2030,3123106,80.0
2024,3123205,68.0961
2025,3123205,70.3261
2026,3123205,72.4632
2027,3123205,74.5023
2028,3123205,76.4395
2029,3123205,78.2724
2030,3123205,80.0
2024,3123304,77.1937
2025,3123304,77.6801
2026,3123304,78.159
2027,3123304,78.6304
2028,3123304,79.0944
2029,3123304,79.5509
2030,3123304,80.0
2024,3123403,44.896
2025,3123403,51.5076
2026,3123403,58.0668
2027,3123403,64.3528
2028,3123403,70.1804
2029,3123403,75.4193
2030,3123403,80.0
2024,3123528,78.46
2025,3123528,78.73
2026,3123528,78.99
2027,3123528,79.24
2028,3123528,79.5
2029,3123528,79.75
2030,3123528,80.0
2024,3123601,61.5748
2025,3123601,65.1127
2026,3123601,68.4916
2027,3123601,71.6855
2028,3123601,74.6754
2029,3123601,77.4489
2030,3123601,80.0
2024,3123700,61.8327
2025,3123700,65.319
2026,3123700,68.6484
2027,3123700,71.7962
2028,3123700,74.7442
2029,3123700,77.4807
2030,3123700,80.0
2024,3123809,50.3564
2025,3123809,56.0435
2026,3123809,61.5763
2027,3123809,66.8249
2028,3123809,71.6862
2029,3123809,76.09
2030,3123809,80.0
2024,3123858,78.8383
2025,3123858,79.0353
2026,3123858,79.231
2027,3123858,79.4252
2028,3123858,79.6182
2029,3123858,79.8098
2030,3123858,80.0
2024,3123908,80.0
2025,3123908,80.0
2026,3123908,80.0
2027,3123908,80.0
2028,3123908,80.0
2029,3123908,80.0
2030,3123908,80.0
2024,3124005,58.7116
2025,3124005,62.8183
2026,3124005,66.7478
2027,3124005,70.4574
2028,3124005,73.9149
2029,3124005,77.0992
2030,3124005,80.0
2024,3124104,55.5538
2025,3124104,60.2751
2026,3124104,64.8126
2027,3124104,69.0975
2028,3124104,73.0774
2029,3124104,76.7174
2030,3124104,80.0
2024,3124203,72.9465
2025,3124203,74.224
2026,3124203,75.4614
2027,3124203,76.6581
2028,3124203,77.8135
2029,3124203,78.9276
2030,3124203,80.0
2024,3124302,66.8304
2025,3124302,69.3136
2026,3124302,71.6896
2027,3124302,73.9507
2028,3124302,76.0915
2029,3124302,78.1085
2030,3124302,80.0
2024,3124401,68.6835
2025,3124401,70.7964
2026,3124401,72.8232
2027,3124401,74.7595
2028,3124401,76.6022
2029,3124401,78.3493
2030,3124401,80.0
2024,3124500,73.6297
2025,3124500,74.7764
2026,3124500,75.8896
2027,3124500,76.9688
2028,3124500,78.0137
2029,3124500,79.0241
2030,3124500,80.0
2024,3124609,80.0
2025,3124609,80.0
2026,3124609,80.0
2027,3124609,80.0
2028,3124609,80.0
2029,3124609,80.0
2030,3124609,80.0
2024,3124708,80.0
2025,3124708,80.0
2026,3124708,80.0
2027,3124708,80.0
2028,3124708,80.0
2029,3124708,80.0
2030,3124708,80.0
2024,3124807,52.2374
2025,3124807,57.583
2026,3124807,62.7569
2027,3124807,67.6542
2028,3124807,72.1928
2029,3124807,76.3176
2030,3124807,80.0
2024,3124906,60.4002
2025,3124906,64.1724
2026,3124906,67.777
2027,3124906,71.1818
2028,3124906,74.3629
2029,3124906,77.3049
2030,3124906,80.0
2024,3125002,42.356
2025,3125002,49.3559
2026,3125002,56.3812
2027,3125002,63.1594
2028,3125002,69.4548
2029,3125002,75.0987
2030,3125002,80.0
2024,3125101,61.3834
2025,3125101,64.9596
2026,3125101,68.3752
2027,3125101,71.6035
2028,3125101,74.6244
2029,3125101,77.4254
2030,3125101,80.0
2024,3125200,73.238
2025,3125200,74.4595
2026,3125200,75.6438
2027,3125200,76.7904
2028,3125200,77.8987
2029,3125200,78.9686
2030,3125200,80.0
2024,3125309,21.3096
2025,3125309,29.7844
2026,3125309,39.9197
2027,3125309,50.999
2028,3125309,61.981
2029,3125309,71.8598
2030,3125309,80.0
2024,3125408,80.0
2025,3125408,80.0
2026,3125408,80.0
2027,3125408,80.0
2028,3125408,80.0
2029,3125408,80.0
2030,3125408,80.0
2024,3125507,80.0
2025,3125507,80.0
2026,3125507,80.0
2027,3125507,80.0
2028,3125507,80.0
2029,3125507,80.0
2030,3125507,80.0
2024,3125606,56.8041
2025,3125606,61.2841
2026,3125606,65.5809
2027,3125606,69.6372
2028,3125606,73.4092
2029,3125606,76.8683
2030,3125606,80.0
2024,3125705,56.6523
2025,3125705,61.1617
2026,3125705,65.4878
2027,3125705,69.5718
2028,3125705,73.369
2029,3125705,76.85
2030,3125705,80.0
2024,3125804,66.1686
2025,3125804,68.7845
2026,3125804,71.2859
2027,3125804,73.6636
2028,3125804,75.9109
2029,3125804,78.0237
2030,3125804,80.0
2024,3125903,44.5731
2025,3125903,51.2357
2026,3125903,57.8546
2027,3125903,64.2029
2028,3125903,70.0892
2029,3125903,75.3789
2030,3125903,80.0
2024,3125952,68.3773
2025,3125952,70.5513
2026,3125952,72.6356
2027,3125952,74.6254
2028,3125952,76.5173
2029,3125952,78.3091
2030,3125952,80.0
2024,3126000,60.942
2025,3126000,64.6063
2026,3126000,68.1068
2027,3126000,71.4142
2028,3126000,74.507
2029,3126000,77.3712
2030,3126000,80.0
2024,3126109,69.0476
2025,3126109,71.0882
2026,3126109,73.0467
2027,3126109,74.9194
2028,3126109,76.7035
2029,3126109,78.3973
2030,3126109,80.0
2024,3126208,64.2064
2025,3126208,67.2166
2026,3126208,70.0914
2027,3126208,72.8162
2028,3126208,75.3799
2029,3126208,77.7756
2030,3126208,80.0
2024,3126307,63.0
2025,3126307,66.0
2026,3126307,69.0
2027,3126307,72.0
2028,3126307,75.0
2029,3126307,78.0
2030,3126307,80.0
2024,3126406,62.6886
2025,3126406,66.0035
2026,3126406,69.1687
2027,3126406,72.1635
2028,3126406,74.9727
2029,3126406,77.5864
2030,3126406,80.0
2024,3126604,38.4943
2025,3126604,46.0217
2026,3126604,53.7351
2027,3126604,61.2738
2028,3126604,68.3086
2029,3126604,74.5953
2030,3126604,80.0
2024,3126703,47.7102
2025,3126703,53.859
2026,3126703,59.8926
2027,3126703,65.6406
2028,3126703,70.9642
2029,3126703,75.7674
2030,3126703,80.0
2024,3126752,80.0
2025,3126752,80.0
2026,3126752,80.0
2027,3126752,80.0
2028,3126752,80.0
2029,3126752,80.0
2030,3126752,80.0
2024,3126802,56.48
2025,3126802,61.02
2026,3126802,65.38
2027,3126802,69.5
2028,3126802,73.32
2029,3126802,76.83
2030,3126802,80.0
2024,3126901,57.5618
2025,3126901,61.8941
2026,3126901,66.0451
2027,3126901,69.9633
2028,3126901,73.6101
2029,3126901,76.9599
2030,3126901,80.0
2024,3127008,57.3599
2025,3127008,61.7317
2026,3127008,65.9215
2027,3127008,69.8765
2028,3127008,73.5566
2029,3127008,76.9355
2030,3127008,80.0
2024,3127057,43.8169
2025,3127057,50.5971
2026,3127057,57.3554
2027,3127057,63.8497
2028,3127057,69.8745
2029,3127057,75.2839
2030,3127057,80.0
2024,3127073,49.705
2025,3127073,55.508
2026,3127073,61.1645
2027,3127073,66.5354
2028,3127073,71.5096
2029,3127073,76.0109
2030,3127073,80.0
2024,3127107,58.2421
2025,3127107,62.4411
2026,3127107,66.4611
2027,3127107,70.2558
2028,3127107,73.7904
2029,3127107,77.0422
2030,3127107,80.0
2024,3127206,56.1205
2025,3127206,60.7328
2026,3127206,65.1612
2027,3127206,69.3424
2028,3127206,73.2279
2029,3127206,76.7858
2030,3127206,80.0
2024,3127305,52.5978
2025,3127305,57.8768
2026,3127305,62.9818
2027,3127305,67.8121
2028,3127305,72.2894
2029,3127305,76.3611
2030,3127305,80.0
2024,3127339,47.7454
2025,3127339,53.8883
2026,3127339,59.9152
2027,3127339,65.6565
2028,3127339,70.9739
2029,3127339,75.7717
2030,3127339,80.0
2024,3127354,60.9337
2025,3127354,64.5997
2026,3127354,68.1017
2027,3127354,71.4106
2028,3127354,74.5048
2029,3127354,77.3702
2030,3127354,80.0
2024,3127370,69.7347
2025,3127370,71.6391
2026,3127370,73.4693
2027,3127370,75.2222
2028,3127370,76.8957
2029,3127370,78.4884
2030,3127370,80.0
2024,3127388,75.7626
2025,3127388,76.5093
2026,3127388,77.2399
2027,3127388,77.9542
2028,3127388,78.6524
2029,3127388,79.3343
2030,3127388,80.0
2024,3127404,65.0927
2025,3127404,67.9247
2026,3127404,70.6306
2027,3127404,73.1983
2028,3127404,75.619
2029,3127404,77.8871
2030,3127404,80.0
2024,3127503,68.6256
2025,3127503,70.75
2026,3127503,72.7877
2027,3127503,74.7341
2028,3127503,76.5861
2029,3127503,78.3417
2030,3127503,80.0
2024,3127602,75.1254
2025,3127602,75.9902
2026,3127602,76.8342
2027,3127602,77.6572
2028,3127602,78.4593
2029,3127602,79.2402
2030,3127602,80.0
2024,3127701,56.6776
2025,3127701,61.1821
2026,3127701,65.5033
2027,3127701,69.5827
2028,3127701,73.3757
2029,3127701,76.853
2030,3127701,80.0
2024,3127800,72.8966
2025,3127800,74.1836
2026,3127800,75.4301
2027,3127800,76.6354
2028,3127800,77.799
2029,3127800,78.9205
2030,3127800,80.0
2024,3128006,61.3418
2025,3128006,64.9263
2026,3128006,68.3499
2027,3128006,71.5856
2028,3128006,74.6134
2029,3128006,77.4203
2030,3128006,80.0
2024,3128105,62.107
2025,3128105,65.5385
2026,3128105,68.8152
2027,3128105,71.9139
2028,3128105,74.8173
2029,3128105,77.5145
2030,3128105,80.0
2024,3128204,75.0
2025,3128204,76.0
2026,3128204,77.0
2027,3128204,78.0
2028,3128204,78.0
2029,3128204,79.0
2030,3128204,80.0
2024,3128253,48.0355
2025,3128253,54.1289
2026,3128253,60.1012
2027,3128253,65.7875
2028,3128253,71.0536
2029,3128253,75.8073
2030,3128253,80.0
2024,3128303,74.6149
2025,3128303,75.5752
2026,3128303,76.5107
2027,3128303,77.421
2028,3128303,78.306
2029,3128303,79.1657
2030,3128303,80.0
2024,3128402,80.0
2025,3128402,80.0
2026,3128402,80.0
2027,3128402,80.0
2028,3128402,80.0
2029,3128402,80.0
2030,3128402,80.0
2024,3128501,80.0
2025,3128501,80.0
2026,3128501,80.0
2027,3128501,80.0
2028,3128501,80.0
2029,3128501,80.0
2030,3128501,80.0
2024,3128600,79.1877
2025,3128600,79.3248
2026,3128600,79.4612
2027,3128600,79.5969
2028,3128600,79.7319
2029,3128600,79.8663
2030,3128600,80.0
2024,3128709,57.8475
2025,3128709,62.1239
2026,3128709,66.2199
2027,3128709,70.0862
2028,3128709,73.6858
2029,3128709,76.9945
2030,3128709,80.0
2024,3128808,64.8277
2025,3128808,67.713
2026,3128808,70.4693
2027,3128808,73.0839
2028,3128808,75.5474
2029,3128808,77.8536
2030,3128808,80.0
2024,3128907,63.8003
2025,3128907,66.892
2026,3128907,69.8445
2027,3128907,72.6413
2028,3128907,75.2706
2029,3128907,77.7247
2030,3128907,80.0
2024,3129004,50.4084
2025,3129004,56.0862
2026,3129004,61.6091
2027,3129004,66.8479
2028,3129004,71.7003
2029,3129004,76.0963
2030,3129004,80.0
2024,3129103,77.388
2025,3129103,77.8396
2026,3129103,78.2847
2027,3129103,78.7233
2028,3129103,79.1553
2029,3129103,79.5809
2030,3129103,80.0
2024,3129202,53.5304
2025,3129202,58.6357
2026,3129202,63.5619
2027,3129202,68.2194
2028,3129202,72.5388
2029,3129202,76.4736
2030,3129202,80.0
2024,3129301,43.6634
2025,3129301,50.4671
2026,3129301,57.2536
2027,3129301,63.7777
2028,3129301,69.8307
2029,3129301,75.2646
2030,3129301,80.0
2024,3129400,80.0
2025,3129400,80.0
2026,3129400,80.0
2027,3129400,80.0
2028,3129400,80.0
2029,3129400,80.0
2030,3129400,80.0
2024,3129509,57.0653
2025,3129509,61.4945
2026,3129509,65.741
2027,3129509,69.7497
2028,3129509,73.4785
2029,3129509,76.8998
2030,3129509,80.0
2024,3129608,60.7754
2025,3129608,64.4729
2026,3129608,68.0054
2027,3129608,71.3427
2028,3129608,74.4627
2029,3129608,77.3508
2030,3129608,80.0
2024,3129657,66.8718
2025,3129657,69.3467
2026,3129657,71.7148
2027,3129657,73.9687
2028,3129657,76.1029
2029,3129657,78.1138
2030,3129657,80.0
2024,3129707,39.7297
2025,3129707,47.0974
2026,3129707,54.5938
2027,3129707,61.8875
2028,3129707,68.6818
2029,3129707,74.7588
2030,3129707,80.0
2024,3129806,56.2895
2025,3129806,60.8691
2026,3129806,65.265
2027,3129806,69.4153
2028,3129806,73.2727
2029,3129806,76.8062
2030,3129806,80.0
2024,3129905,44.5731
2025,3129905,51.2357
2026,3129905,57.8546
2027,3129905,64.2029
2028,3129905,70.0892
2029,3129905,75.3789
2030,3129905,80.0
2024,3130002,63.8003
2025,3130002,66.892
2026,3130002,69.8445
2027,3130002,72.6413
2028,3130002,75.2706
2029,3130002,77.7247
2030,3130002,80.0
2024,3130051,58.0
2025,3130051,62.0
2026,3130051,67.0
2027,3130051,70.0
2028,3130051,74.0
2029,3130051,77.0
2030,3130051,80.0
2024,3130101,56.5174
2025,3130101,61.0529
2026,3130101,65.405
2027,3130101,69.5136
2028,3130101,73.3332
2029,3130101,76.8337
2030,3130101,80.0
2024,3130200,70.6709
2025,3130200,72.3908
2026,3130200,74.0468
2027,3130200,75.6369
2028,3130200,77.1596
2029,3130200,78.6141
2030,3130200,80.0
2024,3130309,80.0
2025,3130309,80.0
2026,3130309,80.0
2027,3130309,80.0
2028,3130309,80.0
2029,3130309,80.0
2030,3130309,80.0
2024,3130408,73.9216
2025,3130408,75.0128
2026,3130408,76.0732
2027,3130408,77.1023
2028,3130408,78.0999
2029,3130408,79.0658
2030,3130408,80.0
2024,3130507,51.4888
2025,3130507,56.9716
2026,3130507,62.2885
2027,3130507,67.3252
2028,3130507,71.9918
2029,3130507,76.2272
2030,3130507,80.0
2024,3130556,67.9389
2025,3130556,70.2003
2026,3130556,72.367
2027,3130556,74.4336
2028,3130556,76.3961
2029,3130556,78.2519
2030,3130556,80.0
2024,3130606,80.0
2025,3130606,80.0
2026,3130606,80.0
2027,3130606,80.0
2028,3130606,80.0
2029,3130606,80.0
2030,3130606,80.0
2024,3130655,60.0914
2025,3130655,63.925
2026,3130655,67.589
2027,3130655,71.0494
2028,3130655,74.2809
2029,3130655,77.2672
2030,3130655,80.0
2024,3130705,49.0164
2025,3130705,54.9403
2026,3130705,60.7273
2027,3130705,66.228
2028,3130705,71.3221
2029,3130705,75.9271
2030,3130705,80.0
2024,3130804,56.8462
2025,3130804,61.318
2026,3130804,65.6068
2027,3130804,69.6553
2028,3130804,73.4204
2029,3130804,76.8734
2030,3130804,80.0
2024,3130903,70.3974
2025,3130903,72.171
2026,3130903,73.8778
2027,3130903,75.5154
2028,3130903,77.0822
2029,3130903,78.5772
2030,3130903,80.0
2024,3131000,52.3576
2025,3131000,57.681
2026,3131000,62.8319
2027,3131000,67.7069
2028,3131000,72.2251
2029,3131000,76.3321
2030,3131000,80.0
2024,3131109,46.8455
2025,3131109,53.1399
2026,3131109,59.3359
2027,3131109,65.2484
2028,3131109,70.7253
2029,3131109,75.6611
2030,3131109,80.0
2024,3131158,65.7632
2025,3131158,68.4604
2026,3131158,71.0388
2027,3131158,73.488
2028,3131158,75.8007
2029,3131158,77.972
2030,3131158,80.0
2024,3131208,79.0172
2025,3131208,79.1834
2026,3131208,79.3487
2027,3131208,79.513
2028,3131208,79.6763
2029,3131208,79.8386
2030,3131208,80.0
2024,3131307,67.1696
2025,3131307,69.5848
2026,3131307,71.8967
2027,3131307,74.0982
2028,3131307,76.1844
2029,3131307,78.1522
2030,3131307,80.0
2024,3131406,75.897
2025,3131406,76.6189
2026,3131406,77.3256
2027,3131406,78.0172
2028,3131406,78.6934
2029,3131406,79.3543
2030,3131406,80.0
2024,3131505,57.3515
2025,3131505,61.7249
2026,3131505,65.9164
2027,3131505,69.8728
2028,3131505,73.5543
2029,3131505,76.9344
2030,3131505,80.0
2024,3131604,44.8512
2025,3131604,51.4699
2026,3131604,58.0374
2027,3131604,64.332
2028,3131604,70.1678
2029,3131604,75.4137
2030,3131604,80.0
2024,3131703,60.9587
2025,3131703,64.6197
2026,3131703,68.1169
2027,3131703,71.4213
2028,3131703,74.5114
2029,3131703,77.3732
2030,3131703,80.0
2024,3131802,67.2689
2025,3131802,69.6642
2026,3131802,71.9573
2027,3131802,74.1414
2028,3131802,76.2117
2029,3131802,78.165
2030,3131802,80.0
2024,3131901,63.2944
2025,3131901,66.4878
2026,3131901,69.537
2027,3131901,72.4238
2028,3131901,75.1349
2029,3131901,77.6617
2030,3131901,80.0
2024,3132008,78.7788
2025,3132008,78.986
2026,3132008,79.1918
2027,3132008,79.3961
2028,3132008,79.5989
2029,3132008,79.8002
2030,3132008,80.0
2024,3132107,54.5017
2025,3132107,59.4238
2026,3132107,64.1635
2027,3132107,68.6418
2028,3132107,72.7977
2029,3132107,76.5906
2030,3132107,80.0
2024,3132206,61.0
2025,3132206,65.0
2026,3132206,68.0
2027,3132206,71.0
2028,3132206,74.0
2029,3132206,77.0
2030,3132206,80.0
2024,3132305,61.2169
2025,3132305,64.8263
2026,3132305,68.274
2027,3132305,71.532
2028,3132305,74.5801
2029,3132305,77.4049
2030,3132305,80.0
2024,3132404,63.1119
2025,3132404,66.3419
2026,3132404,69.426
2027,3132404,72.3454
2028,3132404,75.086
2029,3132404,77.639
2030,3132404,80.0
2024,3132503,62.5723
2025,3132503,65.9105
2026,3132503,69.098
2027,3132503,72.1136
2028,3132503,74.9416
2029,3132503,77.572
2030,3132503,80.0
2024,3132602,53.257
2025,3132602,58.4134
2026,3132602,63.3921
2027,3132602,68.1002
2028,3132602,72.4658
2029,3132602,76.4406
2030,3132602,80.0
2024,3132701,56.2895
2025,3132701,60.8691
2026,3132701,65.265
2027,3132701,69.4153
2028,3132701,73.2727
2029,3132701,76.8062
2030,3132701,80.0
2024,3132800,78.1076
2025,3132800,78.4318
2026,3132800,78.7524
2027,3132800,79.0695
2028,3132800,79.3832
2029,3132800,79.6933
2030,3132800,80.0
2024,3132909,64.2479
2025,3132909,67.2497
2026,3132909,70.1166
2027,3132909,72.834
2028,3132909,75.391
2029,3132909,77.7808
2030,3132909,80.0
2024,3133006,61.3085
2025,3133006,64.8996
2026,3133006,68.3297
2027,3133006,71.5713
2028,3133006,74.6045
2029,3133006,77.4162
2030,3133006,80.0
2024,3133105,80.0
2025,3133105,80.0
2026,3133105,80.0
2027,3133105,80.0
2028,3133105,80.0
2029,3133105,80.0
2030,3133105,80.0
2024,3133204,47.2167
2025,3133204,53.4489
2026,3133204,59.5753
2027,3133204,65.4171
2028,3133204,70.828
2029,3133204,75.7068
2030,3133204,80.0
2024,3133303,54.6717
2025,3133303,59.5615
2026,3133303,64.2686
2027,3133303,68.7155
2028,3133303,72.8429
2029,3133303,76.6111
2030,3133303,80.0
2024,3133402,66.5078
2025,3133402,69.0556
2026,3133402,71.4927
2027,3133402,73.8107
2028,3133402,76.0034
2029,3133402,78.0671
2030,3133402,80.0
2024,3133501,73.563
2025,3133501,74.7224
2026,3133501,75.8477
2027,3133501,76.9384
2028,3133501,77.9941
2029,3133501,79.0146
2030,3133501,80.0
2024,3133600,56.627
2025,3133600,61.1413
2026,3133600,65.4723
2027,3133600,69.5608
2028,3133600,73.3622
2029,3133600,76.8469
2030,3133600,80.0
2024,3133709,73.5713
2025,3133709,74.7292
2026,3133709,75.853
2027,3133709,76.9422
2028,3133709,77.9965
2029,3133709,79.0158
2030,3133709,80.0
2024,3133758,75.2008
2025,3133758,76.0515
2026,3133758,76.8821
2027,3133758,77.6923
2028,3133758,78.482
2029,3133758,79.2512
2030,3133758,80.0
2024,3133808,71.4257
2025,3133808,72.9977
2026,3133808,74.5141
2027,3133808,75.9734
2028,3133808,77.3745
2029,3133808,78.7168
2030,3133808,80.0
2024,3133907,77.0
2025,3133907,77.0
2026,3133907,78.0
2027,3133907,79.0
2028,3133907,79.0
2029,3133907,80.0
2030,3133907,80.0
2024,3134004,56.8462
2025,3134004,61.318
2026,3134004,65.6068
2027,3134004,69.6553
2028,3134004,73.4204
2029,3134004,76.8734
2030,3134004,80.0
2024,3134103,59.5986
2025,3134103,63.53
2026,3134103,67.2888
2027,3134103,70.838
2028,3134103,74.1501
2029,3134103,77.2071
2030,3134103,80.0
2024,3134202,65.79
2025,3134202,68.48
2026,3134202,71.05
2027,3134202,73.5
2028,3134202,75.81
2029,3134202,77.98
2030,3134202,80.0
2024,3134301,62.6553
2025,3134301,65.9769
2026,3134301,69.1485
2027,3134301,72.1492
2028,3134301,74.9638
2029,3134301,77.5823
2030,3134301,80.0
2024,3134400,59.8493
2025,3134400,63.731
2026,3134400,67.4415
2027,3134400,70.9456
2028,3134400,74.2166
2029,3134400,77.2376
2030,3134400,80.0
2024,3134509,56.0867
2025,3134509,60.7055
2026,3134509,65.1405
2027,3134509,69.3278
2028,3134509,73.2189
2029,3134509,76.7817
2030,3134509,80.0
2024,3134608,71.0606
2025,3134608,72.704
2026,3134608,74.2879
2027,3134608,75.8104
2028,3134608,77.2703
2029,3134608,78.667
2030,3134608,80.0
2024,3134707,50.971
2025,3134707,56.5476
2026,3134707,61.9634
2027,3134707,67.0969
2028,3134707,71.8522
2029,3134707,76.1645
2030,3134707,80.0
2024,3134806,72.2977
2025,3134806,73.7003
2026,3134806,75.0563
2027,3134806,76.3648
2028,3134806,77.6252
2029,3134806,78.837
2030,3134806,80.0
2024,3134905,63.1783
2025,3134905,66.3949
2026,3134905,69.4664
2027,3134905,72.3739
2028,3134905,75.1038
2029,3134905,77.6472
2030,3134905,80.0
2024,3135001,65.2583
2025,3135001,68.057
2026,3135001,70.7314
2027,3135001,73.2698
2028,3135001,75.6638
2029,3135001,77.908
2030,3135001,80.0
2024,3135050,48.7454
2025,3135050,54.7165
2026,3135050,60.5548
2027,3135050,66.1067
2028,3135050,71.2481
2029,3135050,75.8941
2030,3135050,80.0
2024,3135076,56.5005
2025,3135076,61.0393
2026,3135076,65.3946
2027,3135076,69.5063
2028,3135076,73.3287
2029,3135076,76.8316
2030,3135076,80.0
2024,3135100,54.6292
2025,3135100,59.5271
2026,3135100,64.2423
2027,3135100,68.6971
2028,3135100,72.8316
2029,3135100,76.606
2030,3135100,80.0
2024,3135209,27.235
2025,3135209,35.7119
2026,3135209,45.1886
2027,3135209,55.0275
2028,3135209,64.4883
2029,3135209,72.9376
2030,3135209,80.0
2024,3135308,72.4474
2025,3135308,73.821
2026,3135308,75.1496
2027,3135308,76.4323
2028,3135308,77.6685
2029,3135308,78.8578
2030,3135308,80.0
2024,3135357,75.7207
2025,3135357,76.4751
2026,3135357,77.2131
2027,3135357,77.9346
2028,3135357,78.6396
2029,3135357,79.3281
2030,3135357,80.0
2024,3135407,69.5774
2025,3135407,71.5129
2026,3135407,73.3724
2027,3135407,75.1527
2028,3135407,76.8515
2029,3135407,78.4675
2030,3135407,80.0
2024,3135506,61.2002
2025,3135506,64.813
2026,3135506,68.2638
2027,3135506,71.5249
2028,3135506,74.5757
2029,3135506,77.4029
2030,3135506,80.0
2024,3135605,46.2073
2025,3135605,52.6072
2026,3135605,58.9226
2027,3135605,64.9569
2028,3135605,70.548
2029,3135605,75.5823
2030,3135605,80.0
2024,3135704,56.9979
2025,3135704,61.4402
2026,3135704,65.6997
2027,3135704,69.7206
2028,3135704,73.4606
2029,3135704,76.8917
2030,3135704,80.0
2024,3135803,49.7572
2025,3135803,55.5509
2026,3135803,61.1975
2027,3135803,66.5587
2028,3135803,71.5237
2029,3135803,76.0173
2030,3135803,80.0
2024,3135902,65.0099
2025,3135902,67.8585
2026,3135902,70.5802
2027,3135902,73.1625
2028,3135902,75.5966
2029,3135902,77.8766
2030,3135902,80.0
2024,3136009,48.9203
2025,3136009,54.8609
2026,3136009,60.6662
2027,3136009,66.185
2028,3136009,71.2959
2029,3136009,75.9154
2030,3136009,80.0
2024,3136108,80.0
2025,3136108,80.0
2026,3136108,80.0
2027,3136108,80.0
2028,3136108,80.0
2029,3136108,80.0
2030,3136108,80.0
2024,3136207,64.0656
2025,3136207,67.104
2026,3136207,70.0058
2027,3136207,72.7555
2028,3136207,75.3419
2029,3136207,77.7579
2030,3136207,80.0
2024,3136306,63.3857
2025,3136306,66.5607
2026,3136306,69.5924
2027,3136306,72.463
2028,3136306,75.1594
2029,3136306,77.673
2030,3136306,80.0
2024,3136405,56.9474
2025,3136405,61.3995
2026,3136405,65.6688
2027,3136405,69.6989
2028,3136405,73.4472
2029,3136405,76.8856
2030,3136405,80.0
2024,3136504,80.0
2025,3136504,80.0
2026,3136504,80.0
2027,3136504,80.0
2028,3136504,80.0
2029,3136504,80.0
2030,3136504,80.0
2024,3136520,40.9252
2025,3136520,48.13
2026,3136520,55.4135
2027,3136520,62.4717
2028,3136520,69.0369
2029,3136520,74.9147
2030,3136520,80.0
2024,3136553,79.2218
2025,3136553,79.3531
2026,3136553,79.4837
2027,3136553,79.6137
2028,3136553,79.7431
2029,3136553,79.8718
2030,3136553,80.0
2024,3136579,80.0
2025,3136579,80.0
2026,3136579,80.0
2027,3136579,80.0
2028,3136579,80.0
2029,3136579,80.0
2030,3136579,80.0
2024,3136603,53.2228
2025,3136603,58.3856
2026,3136603,63.3708
2027,3136603,68.0853
2028,3136603,72.4566
2029,3136603,76.4365
2030,3136603,80.0
2024,3136652,52.872
2025,3136652,58.1002
2026,3136652,63.1526
2027,3136652,67.932
2028,3136652,72.3628
2029,3136652,76.3942
2030,3136652,80.0
2024,3136702,49.4612
2025,3136702,55.3072
2026,3136702,61.01
2027,3136702,66.4268
2028,3136702,71.4433
2029,3136702,75.9813
2030,3136702,80.0
2024,3136801,65.9866
2025,3136801,68.639
2026,3136801,71.1749
2027,3136801,73.5847
2028,3136801,75.8614
2029,3136801,78.0005
2030,3136801,80.0
2024,3136900,78.7192
2025,3136900,78.9367
2026,3136900,79.1527
2027,3136900,79.3669
2028,3136900,79.5796
2029,3136900,79.7906
2030,3136900,80.0
2024,3136959,43.4101
2025,3136959,50.2525
2026,3136959,57.0855
2027,3136959,63.6586
2028,3136959,69.7583
2029,3136959,75.2326
2030,3136959,80.0
2024,3137007,31.0155
2025,3137007,39.2906
2026,3137007,48.23
2027,3137007,57.2841
2028,3137007,65.8751
2029,3137007,73.5365
2030,3137007,80.0
2024,3137106,80.0
2025,3137106,80.0
2026,3137106,80.0
2027,3137106,80.0
2028,3137106,80.0
2029,3137106,80.0
2030,3137106,80.0
2024,3137205,73.7297
2025,3137205,74.8574
2026,3137205,75.9525
2027,3137205,77.0145
2028,3137205,78.0432
2029,3137205,79.0384
2030,3137205,80.0
2024,3137304,47.1902
2025,3137304,53.4269
2026,3137304,59.5582
2027,3137304,65.405
2028,3137304,70.8207
2029,3137304,75.7035
2030,3137304,80.0
2024,3137403,66.5492
2025,3137403,69.0887
2026,3137403,71.518
2027,3137403,73.8286
2028,3137403,76.0147
2029,3137403,78.0724
2030,3137403,80.0
2024,3137502,63.7506
2025,3137502,66.8523
2026,3137502,69.8142
2027,3137502,72.6199
2028,3137502,75.2573
2029,3137502,77.7185
2030,3137502,80.0
2024,3137536,80.0
2025,3137536,80.0
2026,3137536,80.0
2027,3137536,80.0
2028,3137536,80.0
2029,3137536,80.0
2030,3137536,80.0
2024,3137601,64.7201
2025,3137601,67.6269
2026,3137601,70.4038
2027,3137601,73.0375
2028,3137601,75.5183
2029,3137601,77.8401
2030,3137601,80.0
2024,3137700,73.2796
2025,3137700,74.4932
2026,3137700,75.67
2027,3137700,76.8093
2028,3137700,77.9109
2029,3137700,78.9745
2030,3137700,80.0
2024,3137809,68.0547
2025,3137809,70.293
2026,3137809,72.4379
2027,3137809,74.4842
2028,3137809,76.428
2029,3137809,78.267
2030,3137809,80.0
2024,3137908,80.0
2025,3137908,80.0
2026,3137908,80.0
2027,3137908,80.0
2028,3137908,80.0
2029,3137908,80.0
2030,3137908,80.0
2024,3138005,46.4913
2025,3138005,52.8444
2026,3138005,59.1067
2027,3138005,65.0868
2028,3138005,70.627
2029,3138005,75.6174
2030,3138005,80.0
2024,3138104,80.0
2025,3138104,80.0
2026,3138104,80.0
2027,3138104,80.0
2028,3138104,80.0
2029,3138104,80.0
2030,3138104,80.0
2024,3138203,60.1832
2025,3138203,63.9986
2026,3138203,67.6449
2027,3138203,71.0888
2028,3138203,74.3053
2029,3138203,77.2784
2030,3138203,80.0
2024,3138351,57.4188
2025,3138351,61.7791
2026,3138351,65.9576
2027,3138351,69.9018
2028,3138351,73.5722
2029,3138351,76.9426
2030,3138351,80.0
2024,3138401,62.2068
2025,3138401,65.6182
2026,3138401,68.8758
2027,3138401,71.9567
2028,3138401,74.844
2029,3138401,77.5268
2030,3138401,80.0
2024,3138500,60.1248
2025,3138500,63.9518
2026,3138500,67.6094
2027,3138500,71.0637
2028,3138500,74.2898
2029,3138500,77.2712
2030,3138500,80.0
2024,3138609,51.9366
2025,3138609,57.3375
2026,3138609,62.5689
2027,3138609,67.5222
2028,3138609,72.1121
2029,3138609,76.2813
2030,3138609,80.0
2024,3138625,67.608
2025,3138625,69.9355
2026,3138625,72.1646
2027,3138625,74.2892
2028,3138625,76.3049
2029,3138625,78.2089
2030,3138625,80.0
2024,3138658,66.6402
2025,3138658,69.1615
2026,3138658,71.5735
2027,3138658,73.8681
2028,3138658,76.0395
2029,3138658,78.0841
2030,3138658,80.0
2024,3138674,80.0
2025,3138674,80.0
2026,3138674,80.0
2027,3138674,80.0
2028,3138674,80.0
2029,3138674,80.0
2030,3138674,80.0
2024,3138682,54.9349
2025,3138682,59.7746
2026,3138682,64.4311
2027,3138682,68.8297
2028,3138682,72.9129
2029,3138682,76.6428
2030,3138682,80.0
2024,3138708,69.3207
2025,3138708,71.3071
2026,3138708,73.2146
2027,3138708,75.0396
2028,3138708,76.7797
2029,3138708,78.4334
2030,3138708,80.0
2024,3138807,58.6781
2025,3138807,62.7914
2026,3138807,66.7274
2027,3138807,70.443
2028,3138807,73.906
2029,3138807,77.0951
2030,3138807,80.0
2024,3138906,64.9768
2025,3138906,67.8321
2026,3138906,70.56
2027,3138906,73.1482
2028,3138906,75.5876
2029,3138906,77.8724
2030,3138906,80.0
2024,3139003,63.2613
2025,3139003,66.4612
2026,3139003,69.5168
2027,3139003,72.4095
2028,3139003,75.126
2029,3139003,77.6575
2030,3139003,80.0
2024,3139102,71.1353
2025,3139102,72.7641
2026,3139102,74.3341
2027,3139102,75.8437
2028,3139102,77.2916
2029,3139102,78.6771
2030,3139102,80.0
2024,3139201,77.6248
2025,3139201,78.0342
2026,3139201,78.4382
2027,3139201,78.8368
2028,3139201,79.2299
2029,3139201,79.6177
2030,3139201,80.0
2024,3139250,46.376
2025,3139250,52.7481
2026,3139250,59.032
2027,3139250,65.0341
2028,3139250,70.5949
2029,3139250,75.6031
2030,3139250,80.0
2024,3139300,31.24
2025,3139300,39.5
2026,3139300,48.4
2027,3139300,57.41
2028,3139300,65.95
2029,3139300,73.57
2030,3139300,80.0
2024,3139409,53.5816
2025,3139409,58.6773
2026,3139409,63.5937
2027,3139409,68.2417
2028,3139409,72.5524
2029,3139409,76.4797
2030,3139409,80.0
2024,3139508,70.4306
2025,3139508,72.1977
2026,3139508,73.8983
2027,3139508,75.5302
2028,3139508,77.0916
2029,3139508,78.5817
2030,3139508,80.0
2024,3139607,54.884
2025,3139607,59.7334
2026,3139607,64.3997
2027,3139607,68.8076
2028,3139607,72.8994
2029,3139607,76.6367
2030,3139607,80.0
2024,3139706,71.6415
2025,3139706,73.1715
2026,3139706,74.6481
2027,3139706,76.07
2028,3139706,77.4363
2029,3139706,78.7463
2030,3139706,80.0
2024,3139805,58.9963
2025,3139805,63.0469
2026,3139805,66.9216
2027,3139805,70.5796
2028,3139805,73.9904
2029,3139805,77.1338
2030,3139805,80.0
2024,3139904,64.1319
2025,3139904,67.157
2026,3139904,70.0461
2027,3139904,72.784
2028,3139904,75.3598
2029,3139904,77.7662
2030,3139904,80.0
2024,3140001,58.1162
2025,3140001,62.34
2026,3140001,66.3842
2027,3140001,70.2017
2028,3140001,73.757
2029,3140001,77.027
2030,3140001,80.0
2024,3140100,65.8707
2025,3140100,68.5464
2026,3140100,71.1043
2027,3140100,73.5346
2028,3140100,75.8299
2029,3140100,77.9857
2030,3140100,80.0
2024,3140159,71.8823
2025,3140159,73.3654
2026,3140159,74.7977
2027,3140159,76.178
2028,3140159,77.5054
2029,3140159,78.7795
2030,3140159,80.0
2024,3140209,67.8396
2025,3140209,70.1208
2026,3140209,72.3063
2027,3140209,74.3903
2028,3140209,76.3687
2029,3140209,78.239
2030,3140209,80.0
2024,3140308,64.7698
2025,3140308,67.6666
2026,3140308,70.4341
2027,3140308,73.0589
2028,3140308,75.5317
2029,3140308,77.8463
2030,3140308,80.0
2024,3140407,77.2951
2025,3140407,77.7633
2026,3140407,78.2245
2027,3140407,78.6788
2028,3140407,79.1261
2029,3140407,79.5665
2030,3140407,80.0
2024,3140506,59.9996
2025,3140506,63.8515
2026,3140506,67.5331
2027,3140506,71.01
2028,3140506,74.2565
2029,3140506,77.2559
2030,3140506,80.0
2024,3140530,77.0671
2025,3140530,77.5762
2026,3140530,78.0772
2027,3140530,78.57
2028,3140530,79.0548
2029,3140530,79.5314
2030,3140530,80.0
2024,3140555,59.0382
2025,3140555,63.0804
2026,3140555,66.9471
2027,3140555,70.5976
2028,3140555,74.0015
2029,3140555,77.1389
2030,3140555,80.0
2024,3140605,43.6814
2025,3140605,50.4824
2026,3140605,57.2656
2027,3140605,63.7862
2028,3140605,69.8359
2029,3140605,75.2668
2030,3140605,80.0
2024,3140704,60.6253
2025,3140704,64.3528
2026,3140704,67.9141
2027,3140704,71.2784
2028,3140704,74.4228
2029,3140704,77.3324
2030,3140704,80.0
2024,3140803,62.348
2025,3140803,65.7312
2026,3140803,68.9617
2027,3140803,72.0173
2028,3140803,74.8817
2029,3140803,77.5443
2030,3140803,80.0
2024,3140852,44.1955
2025,3140852,50.9171
2026,3140852,57.6058
2027,3140852,64.0269
2028,3140852,69.9822
2029,3140852,75.3315
2030,3140852,80.0
2024,3140902,80.0
2025,3140902,80.0
2026,3140902,80.0
2027,3140902,80.0
2028,3140902,80.0
2029,3140902,80.0
2030,3140902,80.0
2024,3141009,70.7787
2025,3141009,72.4774
2026,3141009,74.1134
2027,3141009,75.6848
2028,3141009,77.1902
2029,3141009,78.6287
2030,3141009,80.0
2024,3141108,52.7863
2025,3141108,58.0304
2026,3141108,63.0993
2027,3141108,67.8946
2028,3141108,72.3399
2029,3141108,76.3838
2030,3141108,80.0
2024,3141207,80.0
2025,3141207,80.0
2026,3141207,80.0
2027,3141207,80.0
2028,3141207,80.0
2029,3141207,80.0
2030,3141207,80.0
2024,3141306,80.0
2025,3141306,80.0
2026,3141306,80.0
2027,3141306,80.0
2028,3141306,80.0
2029,3141306,80.0
2030,3141306,80.0
2024,3141405,71.8159
2025,3141405,73.3119
2026,3141405,74.7564
2027,3141405,76.1482
2028,3141405,77.4863
2029,3141405,78.7703
2030,3141405,80.0
2024,3141504,79.7003
2025,3141504,79.7505
2026,3141504,79.8006
2027,3141504,79.8506
2028,3141504,79.9005
2029,3141504,79.9503
2030,3141504,80.0
2024,3141603,80.0
2025,3141603,80.0
2026,3141603,80.0
2027,3141603,80.0
2028,3141603,80.0
2029,3141603,80.0
2030,3141603,80.0
2024,3141702,57.6122
2025,3141702,61.9347
2026,3141702,66.0759
2027,3141702,69.985
2028,3141702,73.6234
2029,3141702,76.966
2030,3141702,80.0
2024,3141801,71.7162
2025,3141801,73.2316
2026,3141801,74.6945
2027,3141801,76.1035
2028,3141801,77.4577
2029,3141801,78.7566
2030,3141801,80.0
2024,3141900,56.5342
2025,3141900,61.0665
2026,3141900,65.4153
2027,3141900,69.5208
2028,3141900,73.3376
2029,3141900,76.8357
2030,3141900,80.0
2024,3142007,62.4643
2025,3142007,65.8242
2026,3142007,69.0324
2027,3142007,72.0672
2028,3142007,74.9127
2029,3142007,77.5587
2030,3142007,80.0
2024,3142106,52.5978
2025,3142106,57.8768
2026,3142106,62.9818
2027,3142106,67.8121
2028,3142106,72.2894
2029,3142106,76.3611
2030,3142106,80.0
2024,3142205,80.0
2025,3142205,80.0
2026,3142205,80.0
2027,3142205,80.0
2028,3142205,80.0
2029,3142205,80.0
2030,3142205,80.0
2024,3142254,46.8986
2025,3142254,53.1841
2026,3142254,59.3701
2027,3142254,65.2725
2028,3142254,70.74
2029,3142254,75.6676
2030,3142254,80.0
2024,3142304,78.2009
2025,3142304,78.5087
2026,3142304,78.8133
2027,3142304,79.1147
2028,3142304,79.413
2029,3142304,79.7081
2030,3142304,80.0
2024,3142403,80.0
2025,3142403,80.0
2026,3142403,80.0
2027,3142403,80.0
2028,3142403,80.0
2029,3142403,80.0
2030,3142403,80.0
2024,3142601,65.5397
2025,3142601,68.2819
2026,3142601,70.9027
2027,3142601,73.3914
2028,3142601,75.74
2029,3142601,77.9437
2030,3142601,80.0
2024,3142700,53.6499
2025,3142700,58.7327
2026,3142700,63.636
2027,3142700,68.2714
2028,3142700,72.5707
2029,3142700,76.488
2030,3142700,80.0
2024,3142809,75.578
2025,3142809,76.3588
2026,3142809,77.1221
2027,3142809,77.868
2028,3142809,78.5962
2029,3142809,79.3069
2030,3142809,80.0
2024,3142908,80.0
2025,3142908,80.0
2026,3142908,80.0
2027,3142908,80.0
2028,3142908,80.0
2029,3142908,80.0
2030,3142908,80.0
2024,3143005,55.1131
2025,3143005,59.9188
2026,3143005,64.5411
2027,3143005,68.9069
2028,3143005,72.9603
2029,3143005,76.6643
2030,3143005,80.0
2024,3143104,66.3258
2025,3143104,68.9101
2026,3143104,71.3817
2027,3143104,73.7317
2028,3143104,75.9537
2029,3143104,78.0438
2030,3143104,80.0
2024,3143153,54.8161
2025,3143153,59.6784
2026,3143153,64.3578
2027,3143153,68.7782
2028,3143153,72.8813
2029,3143153,76.6285
2030,3143153,80.0
2024,3143203,48.1672
2025,3143203,54.238
2026,3143203,60.1855
2027,3143203,65.8468
2028,3143203,71.0898
2029,3143203,75.8234
2030,3143203,80.0
2024,3143302,64.6207
2025,3143302,67.5475
2026,3143302,70.3434
2027,3143302,72.9946
2028,3143302,75.4915
2029,3143302,77.8276
2030,3143302,80.0
2024,3143401,58.2505
2025,3143401,62.4479
2026,3143401,66.4662
2027,3143401,70.2594
2028,3143401,73.7926
2029,3143401,77.0433
2030,3143401,80.0
2024,3143450,58.4853
2025,3143450,62.6365
2026,3143450,66.6097
2027,3143450,70.3602
2028,3143450,73.8549
2029,3143450,77.0717
2030,3143450,80.0
2024,3143500,80.0
2025,3143500,80.0
2026,3143500,80.0
2027,3143500,80.0
2028,3143500,80.0
2029,3143500,80.0
2030,3143500,80.0
2024,3143609,80.0
2025,3143609,80.0
2026,3143609,80.0
2027,3143609,80.0
2028,3143609,80.0
2029,3143609,80.0
2030,3143609,80.0
2024,3143807,78.2349
2025,3143807,78.5367
2026,3143807,78.8355
2027,3143807,79.1312
2028,3143807,79.4238
2029,3143807,79.7134
2030,3143807,80.0
2024,3143906,62.06
2025,3143906,65.5
2026,3143906,68.78
2027,3143906,71.89
2028,3143906,74.8
2029,3143906,77.51
2030,3143906,80.0
2024,3144003,64.5296
2025,3144003,67.4747
2026,3144003,70.2879
2027,3144003,72.9554
2028,3144003,75.4669
2029,3144003,77.8161
2030,3144003,80.0
2024,3144102,49.2259
2025,3144102,55.1131
2026,3144102,60.8605
2027,3144102,66.3217
2028,3144102,71.3792
2029,3144102,75.9526
2030,3144102,80.0
2024,3144201,62.2068
2025,3144201,65.6182
2026,3144201,68.8758
2027,3144201,71.9567
2028,3144201,74.844
2029,3144201,77.5268
2030,3144201,80.0
2024,3144300,56.6017
2025,3144300,61.1209
2026,3144300,65.4568
2027,3144300,69.5499
2028,3144300,73.3555
2029,3144300,76.8439
2030,3144300,80.0
2024,3144359,79.6062
2025,3144359,79.6722
2026,3144359,79.7381
2027,3144359,79.8038
2028,3144359,79.8694
2029,3144359,79.9348
2030,3144359,80.0
2024,3144375,54.2805
2025,3144375,59.2445
2026,3144375,64.0267
2027,3144375,68.5457
2028,3144375,72.7388
2029,3144375,76.564
2030,3144375,80.0
2024,3144409,71.7411
2025,3144409,73.2517
2026,3144409,74.71
2027,3144409,76.1147
2028,3144409,77.4649
2029,3144409,78.76
2030,3144409,80.0
2024,3144508,80.0
2025,3144508,80.0
2026,3144508,80.0
2027,3144508,80.0
2028,3144508,80.0
2029,3144508,80.0
2030,3144508,80.0
2024,3144607,58.0322
2025,3144607,62.2725
2026,3144607,66.3329
2027,3144607,70.1656
2028,3144607,73.7348
2029,3144607,77.0168
2030,3144607,80.0
2024,3144656,54.306
2025,3144656,59.2652
2026,3144656,64.0425
2027,3144656,68.5568
2028,3144656,72.7456
2029,3144656,76.567
2030,3144656,80.0
2024,3144672,54.9349
2025,3144672,59.7746
2026,3144672,64.4311
2027,3144672,68.8297
2028,3144672,72.9129
2029,3144672,76.6428
2030,3144672,80.0
2024,3144706,63.5764
2025,3144706,66.7131
2026,3144706,69.7084
2027,3144706,72.545
2028,3144706,75.2105
2029,3144706,77.6968
2030,3144706,80.0
2024,3144805,60.617
2025,3144805,64.3461
2026,3144805,67.909
2027,3144805,71.2748
2028,3144805,74.4206
2029,3144805,77.3314
2030,3144805,80.0
2024,3144904,80.0
2025,3144904,80.0
2026,3144904,80.0
2027,3144904,80.0
2028,3144904,80.0
2029,3144904,80.0
2030,3144904,80.0
2024,3145000,73.538
2025,3145000,74.7022
2026,3145000,75.832
2027,3145000,76.927
2028,3145000,77.9867
2029,3145000,79.0111
2030,3145000,80.0
2024,3145059,47.6486
2025,3145059,53.8079
2026,3145059,59.8531
2027,3145059,65.6128
2028,3145059,70.9472
2029,3145059,75.7598
2030,3145059,80.0
2024,3145109,71.0109
2025,3145109,72.664
2026,3145109,74.2571
2027,3145109,75.7882
2028,3145109,77.2562
2029,3145109,78.6602
2030,3145109,80.0
2024,3145208,59.1052
2025,3145208,63.1342
2026,3145208,66.988
2027,3145208,70.6263
2028,3145208,74.0192
2029,3145208,77.147
2030,3145208,80.0
2024,3145307,76.2668
2025,3145307,76.9209
2026,3145307,77.5623
2027,3145307,78.1909
2028,3145307,78.8068
2029,3145307,79.4098
2030,3145307,80.0
2024,3145356,50.6163
2025,3145356,56.2569
2026,3145356,61.7402
2027,3145356,66.94
2028,3145356,71.7565
2029,3145356,76.1215
2030,3145356,80.0
2024,3145372,69.9749
2025,3145372,71.8318
2026,3145372,73.6172
2027,3145372,75.3283
2028,3145372,76.9631
2029,3145372,78.5205
2030,3145372,80.0
2024,3145406,80.0
2025,3145406,80.0
2026,3145406,80.0
2027,3145406,80.0
2028,3145406,80.0
2029,3145406,80.0
2030,3145406,80.0
2024,3145455,70.124
2025,3145455,71.9515
2026,3145455,73.7091
2027,3145455,75.3943
2028,3145455,77.0051
2029,3145455,78.5405
2030,3145455,80.0
2024,3145505,65.192
2025,3145505,68.0041
2026,3145505,70.691
2027,3145505,73.2412
2028,3145505,75.6458
2029,3145505,77.8996
2030,3145505,80.0
2024,3145604,54.7141
2025,3145604,59.5959
2026,3145604,64.2948
2027,3145604,68.734
2028,3145604,72.8542
2029,3145604,76.6162
2030,3145604,80.0
2024,3145703,72.7801
2025,3145703,74.0895
2026,3145703,75.3573
2027,3145703,76.5827
2028,3145703,77.7651
2029,3145703,78.9042
2030,3145703,80.0
2024,3145802,46.2695
2025,3145802,52.6591
2026,3145802,58.9629
2027,3145802,64.9854
2028,3145802,70.5653
2029,3145802,75.59
2030,3145802,80.0
2024,3145851,74.8073
2025,3145851,75.7315
2026,3145851,76.6324
2027,3145851,77.5098
2028,3145851,78.3636
2029,3145851,79.1937
2030,3145851,80.0
2024,3145877,65.5894
2025,3145877,68.3216
2026,3145877,70.933
2027,3145877,73.4129
2028,3145877,75.7535
2029,3145877,77.95
2030,3145877,80.0
2024,3145901,67.7569
2025,3145901,70.0546
2026,3145901,72.2557
2027,3145901,74.3542
2028,3145901,76.3459
2029,3145901,78.2282
2030,3145901,80.0
2024,3146008,66.4913
2025,3146008,69.0424
2026,3146008,71.4826
2027,3146008,73.8035
2028,3146008,75.9989
2029,3146008,78.065
2030,3146008,80.0
2024,3146107,59.5485
2025,3146107,63.4898
2026,3146107,67.2582
2027,3146107,70.8165
2028,3146107,74.1368
2029,3146107,77.2009
2030,3146107,80.0
2024,3146206,55.9937
2025,3146206,60.6305
2026,3146206,65.0833
2027,3146206,69.2876
2028,3146206,73.1942
2029,3146206,76.7705
2030,3146206,80.0
2024,3146255,52.452
2025,3146255,57.758
2026,3146255,62.8908
2027,3146255,67.7482
2028,3146255,72.2504
2029,3146255,76.3435
2030,3146255,80.0
2024,3146305,54.0421
2025,3146305,59.0511
2026,3146305,63.8791
2027,3146305,68.4421
2028,3146305,72.6753
2029,3146305,76.5352
2030,3146305,80.0
2024,3146404,79.1024
2025,3146404,79.2541
2026,3146404,79.4049
2027,3146404,79.5549
2028,3146404,79.7041
2029,3146404,79.8524
2030,3146404,80.0
2024,3146503,69.5443
2025,3146503,71.4864
2026,3146503,73.352
2027,3146503,75.1381
2028,3146503,76.8423
2029,3146503,78.4631
2030,3146503,80.0
2024,3146552,65.399
2025,3146552,68.1694
2026,3146552,70.817
2027,3146552,73.3306
2028,3146552,75.7019
2029,3146552,77.9258
2030,3146552,80.0
2024,3146602,80.0
2025,3146602,80.0
2026,3146602,80.0
2027,3146602,80.0
2028,3146602,80.0
2029,3146602,80.0
2030,3146602,80.0
2024,3146701,34.188
2025,3146701,42.1962
2026,3146701,50.637
2027,3146701,59.0416
2028,3146701,66.9492
2029,3146701,74.0024
2030,3146701,80.0
2024,3146750,45.1198
2025,3146750,51.6958
2026,3146750,58.2135
2027,3146750,64.4565
2028,3146750,70.2435
2029,3146750,75.4472
2030,3146750,80.0
2024,3146909,52.4606
2025,3146909,57.765
2026,3146909,62.8962
2027,3146909,67.752
2028,3146909,72.2527
2029,3146909,76.3445
2030,3146909,80.0
2024,3147006,68.0216
2025,3147006,70.2665
2026,3147006,72.4177
2027,3147006,74.4698
2028,3147006,76.4189
2029,3147006,78.2627
2030,3147006,80.0
2024,3147105,57.8979
2025,3147105,62.1645
2026,3147105,66.2507
2027,3147105,70.1078
2028,3147105,73.6992
2029,3147105,77.0006
2030,3147105,80.0
2024,3147204,65.3411
2025,3147204,68.1231
2026,3147204,70.7818
2027,3147204,73.3055
2028,3147204,75.6862
2029,3147204,77.9185
2030,3147204,80.0
2024,3147303,63.9495
2025,3147303,67.0113
2026,3147303,69.9352
2027,3147303,72.7056
2028,3147303,75.3107
2029,3147303,77.7434
2030,3147303,80.0
2024,3147402,53.9483
2025,3147402,58.9751
2026,3147402,63.8211
2027,3147402,68.4014
2028,3147402,72.6503
2029,3147402,76.5239
2030,3147402,80.0
2024,3147501,80.0
2025,3147501,80.0
2026,3147501,80.0
2027,3147501,80.0
2028,3147501,80.0
2029,3147501,80.0
2030,3147501,80.0
2024,3147600,80.0
2025,3147600,80.0
2026,3147600,80.0
2027,3147600,80.0
2028,3147600,80.0
2029,3147600,80.0
2030,3147600,80.0
2024,3147709,80.0
2025,3147709,80.0
2026,3147709,80.0
2027,3147709,80.0
2028,3147709,80.0
2029,3147709,80.0
2030,3147709,80.0
2024,3147808,64.2313
2025,3147808,67.2364
2026,3147808,70.1065
2027,3147808,72.8269
2028,3147808,75.3865
2029,3147808,77.7787
2030,3147808,80.0
2024,3147907,67.8231
2025,3147907,70.1076
2026,3147907,72.2962
2027,3147907,74.383
2028,3147907,76.3641
2029,3147907,78.2368
2030,3147907,80.0
2024,3147956,77.3796
2025,3147956,77.8327
2026,3147956,78.2792
2027,3147956,78.7192
2028,3147956,79.1527
2029,3147956,79.5796
2030,3147956,80.0
2024,3148004,70.8782
2025,3148004,72.5573
2026,3148004,74.175
2027,3148004,75.7291
2028,3148004,77.2185
2029,3148004,78.6422
2030,3148004,80.0
2024,3148103,64.8277
2025,3148103,67.713
2026,3148103,70.4693
2027,3148103,73.0839
2028,3148103,75.5474
2029,3148103,77.8536
2030,3148103,80.0
2024,3148202,73.7881
2025,3148202,74.9047
2026,3148202,75.9892
2027,3148202,77.0412
2028,3148202,78.0604
2029,3148202,79.0467
2030,3148202,80.0
2024,3148301,58.133
2025,3148301,62.3535
2026,3148301,66.3944
2027,3148301,70.2089
2028,3148301,73.7615
2029,3148301,77.029
2030,3148301,80.0
2024,3148400,71.8989
2025,3148400,73.3788
2026,3148400,74.808
2027,3148400,76.1855
2028,3148400,77.5102
2029,3148400,78.7818
2030,3148400,80.0
2024,3148509,80.0
2025,3148509,80.0
2026,3148509,80.0
2027,3148509,80.0
2028,3148509,80.0
2029,3148509,80.0
2030,3148509,80.0
2024,3148608,67.1613
2025,3148608,69.5782
2026,3148608,71.8916
2027,3148608,74.0946
2028,3148608,76.1822
2029,3148608,78.1511
2030,3148608,80.0
2024,3148707,60.8254
2025,3148707,64.5129
2026,3148707,68.0358
2027,3148707,71.3642
2028,3148707,74.476
2029,3148707,77.3569
2030,3148707,80.0
2024,3148756,64.4467
2025,3148756,67.4085
2026,3148756,70.2376
2027,3148756,72.9197
2028,3148756,75.4446
2029,3148756,77.8057
2030,3148756,80.0
2024,3148806,80.0
2025,3148806,80.0
2026,3148806,80.0
2027,3148806,80.0
2028,3148806,80.0
2029,3148806,80.0
2030,3148806,80.0
2024,3148905,80.0
2025,3148905,80.0
2026,3148905,80.0
2027,3148905,80.0
2028,3148905,80.0
2029,3148905,80.0
2030,3148905,80.0
2024,3149002,58.091
2025,3149002,62.3197
2026,3149002,66.3688
2027,3149002,70.1908
2028,3149002,73.7504
2029,3149002,77.0239
2030,3149002,80.0
2024,3149101,55.0113
2025,3149101,59.8365
2026,3149101,64.4783
2027,3149101,68.8628
2028,3149101,72.9333
2029,3149101,76.652
2030,3149101,80.0
2024,3149150,35.8097
2025,3149150,43.6516
2026,3149150,51.8244
2027,3149150,59.9007
2028,3149150,67.4729
2029,3149150,74.2303
2030,3149150,80.0
2024,3149200,63.0621
2025,3149200,66.3021
2026,3149200,69.3957
2027,3149200,72.324
2028,3149200,75.0726
2029,3149200,77.6328
2030,3149200,80.0
2024,3149309,63.0
2025,3149309,66.0
2026,3149309,69.0
2027,3149309,72.0
2028,3149309,75.0
2029,3149309,78.0
2030,3149309,80.0
2024,3149408,80.0
2025,3149408,80.0
2026,3149408,80.0
2027,3149408,80.0
2028,3149408,80.0
2029,3149408,80.0
2030,3149408,80.0
2024,3149507,39.0012
2025,3149507,46.4642
2026,3149507,54.089
2027,3149507,61.5269
2028,3149507,68.4625
2029,3149507,74.6627
2030,3149507,80.0
2024,3149606,66.7725
2025,3149606,69.2673
2026,3149606,71.6542
2027,3149606,73.9256
2028,3149606,76.0757
2029,3149606,78.101
2030,3149606,80.0
2024,3149705,80.0
2025,3149705,80.0
2026,3149705,80.0
2027,3149705,80.0
2028,3149705,80.0
2029,3149705,80.0
2030,3149705,80.0
2024,3149804,69.8507
2025,3149804,71.7321
2026,3149804,73.5407
2027,3149804,75.2734
2028,3149804,76.9282
2029,3149804,78.5039
2030,3149804,80.0
2024,3149903,72.622
2025,3149903,73.9619
2026,3149903,75.2586
2027,3149903,76.5112
2028,3149903,77.7191
2029,3149903,78.8821
2030,3149903,80.0
2024,3149952,50.9191
2025,3149952,56.5051
2026,3149952,61.9308
2027,3149952,67.0739
2028,3149952,71.8382
2029,3149952,76.1582
2030,3149952,80.0
2024,3150000,80.0
2025,3150000,80.0
2026,3150000,80.0
2027,3150000,80.0
2028,3150000,80.0
2029,3150000,80.0
2030,3150000,80.0
2024,3150109,36.7404
2025,3150109,44.4786
2026,3150109,52.4942
2027,3150109,60.3833
2028,3150109,67.7668
2029,3150109,74.3585
2030,3150109,80.0
2024,3150158,57.3347
2025,3150158,61.7114
2026,3150158,65.9061
2027,3150158,69.8656
2028,3150158,73.5499
2029,3150158,76.9324
2030,3150158,80.0
2024,3150208,41.954
2025,3150208,49.0126
2026,3150208,56.1107
2027,3150208,62.9673
2028,3150208,69.3381
2029,3150208,75.0473
2030,3150208,80.0
2024,3150307,36.5013
2025,3150307,44.2667
2026,3150307,52.3229
2027,3150307,60.26
2028,3150307,67.6917
2029,3150307,74.3257
2030,3150307,80.0
2024,3150406,73.213
2025,3150406,74.4393
2026,3150406,75.6282
2027,3150406,76.779
2028,3150406,77.8914
2029,3150406,78.9651
2030,3150406,80.0
2024,3150505,73.93
2025,3150505,75.0196
2026,3150505,76.0785
2027,3150505,77.1061
2028,3150505,78.1023
2029,3150505,79.067
2030,3150505,80.0
2024,3150539,41.4865
2025,3150539,48.6122
2026,3150539,55.7948
2027,3150539,62.7429
2028,3150539,69.2017
2029,3150539,74.9872
2030,3150539,80.0
2024,3150570,53.2057
2025,3150570,58.3717
2026,3150570,63.3602
2027,3150570,68.0778
2028,3150570,72.4521
2029,3150570,76.4344
2030,3150570,80.0
2024,3150604,69.0807
2025,3150604,71.1147
2026,3150604,73.0671
2027,3150604,74.934
2028,3150604,76.7127
2029,3150604,78.4016
2030,3150604,80.0
2024,3150703,66.1272
2025,3150703,68.7514
2026,3150703,71.2607
2027,3150703,73.6457
2028,3150703,75.8997
2029,3150703,78.0184
2030,3150703,80.0
2024,3150802,63.4272
2025,3150802,66.5938
2026,3150802,69.6176
2027,3150802,72.4809
2028,3150802,75.1705
2029,3150802,77.6782
2030,3150802,80.0
2024,3150901,68.5014
2025,3150901,70.6506
2026,3150901,72.7116
2027,3150901,74.6797
2028,3150901,76.5517
2029,3150901,78.3254
2030,3150901,80.0
2024,3151008,71.0523
2025,3151008,72.6974
2026,3151008,74.2827
2027,3151008,75.8067
2028,3151008,77.268
2029,3151008,78.6658
2030,3151008,80.0
2024,3151107,65.5231
2025,3151107,68.2686
2026,3151107,70.8926
2027,3151107,73.3842
2028,3151107,75.7355
2029,3151107,77.9416
2030,3151107,80.0
2024,3151206,54.5187
2025,3151206,59.4376
2026,3151206,64.174
2027,3151206,68.6492
2028,3151206,72.8022
2029,3151206,76.5927
2030,3151206,80.0
2024,3151305,75.5445
2025,3151305,76.3314
2026,3151305,77.1007
2027,3151305,77.8523
2028,3151305,78.586
2029,3151305,79.3019
2030,3151305,80.0
2024,3151404,80.0
2025,3151404,80.0
2026,3151404,80.0
2027,3151404,80.0
2028,3151404,80.0
2029,3151404,80.0
2030,3151404,80.0
2024,3151503,61.042
2025,3151503,64.6864
2026,3151503,68.1676
2027,3151503,71.457
2028,3151503,74.5336
2029,3151503,77.3835
2030,3151503,80.0
2024,3151602,51.4371
2025,3151602,56.9293
2026,3151602,62.2561
2027,3151602,67.3025
2028,3151602,71.9778
2029,3151602,76.2209
2030,3151602,80.0
2024,3151701,80.0
2025,3151701,80.0
2026,3151701,80.0
2027,3151701,80.0
2028,3151701,80.0
2029,3151701,80.0
2030,3151701,80.0
2024,3151800,61.7329
2025,3151800,65.2392
2026,3151800,68.5877
2027,3151800,71.7533
2028,3151800,74.7175
2029,3151800,77.4684
2030,3151800,80.0
2024,3152006,67.6163
2025,3152006,69.9421
2026,3152006,72.1697
2027,3152006,74.2928
2028,3152006,76.3072
2029,3152006,78.21
2030,3152006,80.0
2024,3152105,57.1747
2025,3152105,61.5826
2026,3152105,65.8081
2027,3152105,69.7968
2028,3152105,73.5075
2029,3152105,76.9131
2030,3152105,80.0
2024,3152131,64.4053
2025,3152131,67.3754
2026,3152131,70.2124
2027,3152131,72.9018
2028,3152131,75.4334
2029,3152131,77.8005
2030,3152131,80.0
2024,3152170,73.7798
2025,3152170,74.898
2026,3152170,75.984
2027,3152170,77.0374
2028,3152170,78.058
2029,3152170,79.0455
2030,3152170,80.0
2024,3152204,66.2431
2025,3152204,68.844
2026,3152204,71.3313
2027,3152204,73.6959
2028,3152204,75.9312
2029,3152204,78.0332
2030,3152204,80.0
2024,3152402,47.807
2025,3152402,53.9394
2026,3152402,59.9547
2027,3152402,65.6843
2028,3152402,70.9908
2029,3152402,75.7793
2030,3152402,80.0
2024,3152501,62.4062
2025,3152501,65.7777
2026,3152501,68.997
2027,3152501,72.0423
2028,3152501,74.8972
2029,3152501,77.5515
2030,3152501,80.0
2024,3152600,78.6682
2025,3152600,78.8945
2026,3152600,79.1192
2027,3152600,79.342
2028,3152600,79.5631
2029,3152600,79.7824
2030,3152600,80.0
2024,3152709,74.2639
2025,3152709,75.2903
2026,3152709,76.2889
2027,3152709,77.2593
2028,3152709,78.2014
2029,3152709,79.1149
2030,3152709,80.0
2024,3152808,59.4649
2025,3152808,63.4227
2026,3152808,67.2073
2027,3152808,70.7807
2028,3152808,74.1146
2029,3152808,77.1908
2030,3152808,80.0
2024,3152907,65.4569
2025,3152907,68.2157
2026,3152907,70.8523
2027,3152907,73.3556
2028,3152907,75.7176
2029,3152907,77.9332
2030,3152907,80.0
2024,3153004,80.0
2025,3153004,80.0
2026,3153004,80.0
2027,3153004,80.0
2028,3153004,80.0
2029,3153004,80.0
2030,3153004,80.0
2024,3153103,60.9337
2025,3153103,64.5997
2026,3153103,68.1017
2027,3153103,71.4106
2028,3153103,74.5048
2029,3153103,77.3702
2030,3153103,80.0
2024,3153202,80.0
2025,3153202,80.0
2026,3153202,80.0
2027,3153202,80.0
2028,3153202,80.0
2029,3153202,80.0
2030,3153202,80.0
2024,3153301,76.393
2025,3153301,77.0241
2026,3153301,77.6432
2027,3153301,78.2504
2028,3153301,78.8456
2029,3153301,79.4288
2030,3153301,80.0
2024,3153400,77.7602
2025,3153400,78.1456
2026,3153400,78.5262
2027,3153400,78.9019
2028,3153400,79.2728
2029,3153400,79.6388
2030,3153400,80.0
2024,3153509,55.63
2025,3153509,60.3367
2026,3153509,64.8595
2027,3153509,69.1305
2028,3153509,73.0976
2029,3153509,76.7266
2030,3153509,80.0
2024,3153608,57.4104
2025,3153608,61.7723
2026,3153608,65.9524
2027,3153608,69.8982
2028,3153608,73.5699
2029,3153608,76.9416
2030,3153608,80.0
2024,3153707,48.4741
2025,3153707,54.4921
2026,3153707,60.3817
2027,3153707,65.9849
2028,3153707,71.1739
2029,3153707,75.8609
2030,3153707,80.0
2024,3153806,64.5875
2025,3153806,67.5211
2026,3153806,70.3232
2027,3153806,72.9804
2028,3153806,75.4825
2029,3153806,77.8234
2030,3153806,80.0
2024,3153905,53.5731
2025,3153905,58.6703
2026,3153905,63.5884
2027,3153905,68.238
2028,3153905,72.5502
2029,3153905,76.4787
2030,3153905,80.0
2024,3154002,69.1552
2025,3154002,71.1744
2026,3154002,73.1128
2027,3154002,74.9667
2028,3154002,76.7335
2029,3154002,78.4115
2030,3154002,80.0
2024,3154101,73.4046
2025,3154101,74.5943
2026,3154101,75.7483
2027,3154101,76.8662
2028,3154101,77.9476
2029,3154101,78.9922
2030,3154101,80.0
2024,3154150,45.7714
2025,3154150,52.2425
2026,3154150,58.6391
2027,3154150,64.757
2028,3154150,70.4263
2029,3154150,75.5283
2030,3154150,80.0
2024,3154200,61.5249
2025,3154200,65.0728
2026,3154200,68.4613
2027,3154200,71.6641
2028,3154200,74.6621
2029,3154200,77.4428
2030,3154200,80.0
2024,3154309,72.8716
2025,3154309,74.1635
2026,3154309,75.4145
2027,3154309,76.6241
2028,3154309,77.7917
2029,3154309,78.917
2030,3154309,80.0
2024,3154408,59.6404
2025,3154408,63.5635
2026,3154408,67.3143
2027,3154408,70.856
2028,3154408,74.1612
2029,3154408,77.2121
2030,3154408,80.0
2024,3154457,71.2431
2025,3154457,72.8508
2026,3154457,74.4009
2027,3154457,75.8918
2028,3154457,77.3224
2029,3154457,78.6918
2030,3154457,80.0
2024,3154507,69.5526
2025,3154507,71.493
2026,3154507,73.3571
2027,3154507,75.1418
2028,3154507,76.8446
2029,3154507,78.4642
2030,3154507,80.0
2024,3154606,59.1386
2025,3154606,63.161
2026,3154606,67.0084
2027,3154606,70.6407
2028,3154606,74.0281
2029,3154606,77.1511
2030,3154606,80.0
2024,3154705,48.7542
2025,3154705,54.7237
2026,3154705,60.5604
2027,3154705,66.1106
2028,3154705,71.2505
2029,3154705,75.8951
2030,3154705,80.0
2024,3154804,46.9251
2025,3154804,53.2062
2026,3154804,59.3873
2027,3154804,65.2846
2028,3154804,70.7474
2029,3154804,75.6709
2030,3154804,80.0
2024,3154903,63.004
2025,3154903,66.2556
2026,3154903,69.3604
2027,3154903,72.299
2028,3154903,75.0571
2029,3154903,77.6255
2030,3154903,80.0
2024,3155009,80.0
2025,3155009,80.0
2026,3155009,80.0
2027,3155009,80.0
2028,3155009,80.0
2029,3155009,80.0
2030,3155009,80.0
2024,3155108,57.4188
2025,3155108,61.7791
2026,3155108,65.9576
2027,3155108,69.9018
2028,3155108,73.5722
2029,3155108,76.9426
2030,3155108,80.0
2024,3155306,72.622
2025,3155306,73.9619
2026,3155306,75.2586
2027,3155306,76.5112
2028,3155306,77.7191
2029,3155306,78.8821
2030,3155306,80.0
2024,3155405,45.4058
2025,3155405,51.9359
2026,3155405,58.4006
2027,3155405,64.5886
2028,3155405,70.3238
2029,3155405,75.4828
2030,3155405,80.0
2024,3155504,78.8894
2025,3155504,79.0776
2026,3155504,79.2646
2027,3155504,79.4503
2028,3155504,79.6348
2029,3155504,79.818
2030,3155504,80.0
2024,3155603,74.3892
2025,3155603,75.392
2026,3155603,76.368
2027,3155603,77.317
2028,3155603,78.2387
2029,3155603,79.133
2030,3155603,80.0
2024,3155702,77.4557
2025,3155702,77.8952
2026,3155702,78.3285
2027,3155702,78.7556
2028,3155702,79.1766
2029,3155702,79.5914
2030,3155702,80.0
2024,3155801,67.7073
2025,3155801,70.0149
2026,3155801,72.2253
2027,3155801,74.3325
2028,3155801,76.3322
2029,3155801,78.2218
2030,3155801,80.0
2024,3155900,72.5555
2025,3155900,73.9082
2026,3155900,75.217
2027,3155900,76.4811
2028,3155900,77.6998
2029,3155900,78.8728
2030,3155900,80.0
2024,3156007,49.66
2025,3156007,55.47
2026,3156007,61.14
2027,3156007,66.52
2028,3156007,71.5
2029,3156007,76.01
2030,3156007,80.0
2024,3156106,66.8718
2025,3156106,69.3467
2026,3156106,71.7148
2027,3156106,73.9687
2028,3156106,76.1029
2029,3156106,78.1138
2030,3156106,80.0
2024,3156205,60.4419
2025,3156205,64.2058
2026,3156205,67.8024
2027,3156205,71.1997
2028,3156205,74.374
2029,3156205,77.31
2030,3156205,80.0
2024,3156304,50.4171
2025,3156304,56.0933
2026,3156304,61.6146
2027,3156304,66.8518
2028,3156304,71.7026
2029,3156304,76.0974
2030,3156304,80.0
2024,3156403,61.425
2025,3156403,64.9929
2026,3156403,68.4005
2027,3156403,71.6213
2028,3156403,74.6355
2029,3156403,77.4305
2030,3156403,80.0
2024,3156452,59.9244
2025,3156452,63.7912
2026,3156452,67.4873
2027,3156452,70.9778
2028,3156452,74.2366
2029,3156452,77.2468
2030,3156452,80.0
2024,3156502,80.0
2025,3156502,80.0
2026,3156502,80.0
2027,3156502,80.0
2028,3156502,80.0
2029,3156502,80.0
2030,3156502,80.0
2024,3156601,80.0
2025,3156601,80.0
2026,3156601,80.0
2027,3156601,80.0
2028,3156601,80.0
2029,3156601,80.0
2030,3156601,80.0
2024,3156700,60.942
2025,3156700,64.6063
2026,3156700,68.1068
2027,3156700,71.4142
2028,3156700,74.507
2029,3156700,77.3712
2030,3156700,80.0
2024,3156809,46.7836
2025,3156809,53.0882
2026,3156809,59.2958
2027,3156809,65.2201
2028,3156809,70.7082
2029,3156809,75.6535
2030,3156809,80.0
2024,3156908,66.6319
2025,3156908,69.1548
2026,3156908,71.5684
2027,3156908,73.8645
2028,3156908,76.0373
2029,3156908,78.083
2030,3156908,80.0
2024,3157005,74.0969
2025,3157005,75.1549
2026,3157005,76.1836
2027,3157005,77.1826
2028,3157005,78.1518
2029,3157005,79.0909
2030,3157005,80.0
2024,3157104,49.5658
2025,3157104,55.3933
2026,3157104,61.0762
2027,3157104,66.4734
2028,3157104,71.4717
2029,3157104,75.994
2030,3157104,80.0
2024,3157203,71.517
2025,3157203,73.0712
2026,3157203,74.5708
2027,3157203,76.0142
2028,3157203,77.4006
2029,3157203,78.7293
2030,3157203,80.0
2024,3157252,70.0
2025,3157252,72.0
2026,3157252,74.0
2027,3157252,76.0
2028,3157252,77.0
2029,3157252,79.0
2030,3157252,80.0
2024,3157278,56.6186
2025,3157278,61.1345
2026,3157278,65.4671
2027,3157278,69.5572
2028,3157278,73.36
2029,3157278,76.8459
2030,3157278,80.0
2024,3157302,55.4437
2025,3157302,60.1862
2026,3157302,64.7448
2027,3157302,69.0499
2028,3157302,73.0482
2029,3157302,76.7042
2030,3157302,80.0
2024,3157336,66.5078
2025,3157336,69.0556
2026,3157336,71.4927
2027,3157336,73.8107
2028,3157336,76.0034
2029,3157336,78.0671
2030,3157336,80.0
2024,3157377,80.0
2025,3157377,80.0
2026,3157377,80.0
2027,3157377,80.0
2028,3157377,80.0
2029,3157377,80.0
2030,3157377,80.0
2024,3157401,58.7702
2025,3157401,62.8654
2026,3157401,66.7836
2027,3157401,70.4826
2028,3157401,73.9304
2029,3157401,77.1063
2030,3157401,80.0
2024,3157500,49.2084
2025,3157500,55.0987
2026,3157500,60.8494
2027,3157500,66.3139
2028,3157500,71.3745
2029,3157500,75.9505
2030,3157500,80.0
2024,3157609,40.2594
2025,3157609,47.5559
2026,3157609,54.9583
2027,3157609,62.1475
2028,3157609,68.8398
2029,3157609,74.8281
2030,3157609,80.0
2024,3157658,62.7467
2025,3157658,66.0499
2026,3157658,69.204
2027,3157658,72.1885
2028,3157658,74.9882
2029,3157658,77.5936
2030,3157658,80.0
2024,3157708,65.7135
2025,3157708,68.4208
2026,3157708,71.0086
2027,3157708,73.4665
2028,3157708,75.7872
2029,3157708,77.9657
2030,3157708,80.0
2024,3157807,56.205
2025,3157807,60.801
2026,3157807,65.2132
2027,3157807,69.3788
2028,3157807,73.2503
2029,3157807,76.796
2030,3157807,80.0
2024,3157906,73.238
2025,3157906,74.4595
2026,3157906,75.6438
2027,3157906,76.7904
2028,3157906,77.8987
2029,3157906,78.9686
2030,3157906,80.0
2024,3158003,58.8456
2025,3158003,62.9259
2026,3158003,66.8296
2027,3158003,70.5149
2028,3158003,73.9504
2029,3158003,77.1155
2030,3158003,80.0
2024,3158102,52.6406
2025,3158102,57.9118
2026,3158102,63.0085
2027,3158102,67.8309
2028,3158102,72.3009
2029,3158102,76.3663
2030,3158102,80.0
2024,3158201,64.6207
2025,3158201,67.5475
2026,3158201,70.3434
2027,3158201,72.9946
2028,3158201,75.4915
2029,3158201,77.8276
2030,3158201,80.0
2024,3158300,67.3433
2025,3158300,69.7237
2026,3158300,72.0028
2027,3158300,74.1738
2028,3158300,76.2321
2029,3158300,78.1746
2030,3158300,80.0
2024,3158409,80.0
2025,3158409,80.0
2026,3158409,80.0
2027,3158409,80.0
2028,3158409,80.0
2029,3158409,80.0
2030,3158409,80.0
2024,3158508,50.287
2025,3158508,55.9865
2026,3158508,61.5325
2027,3158508,66.7941
2028,3158508,71.6674
2029,3158508,76.0816
2030,3158508,80.0
2024,3158607,61.9158
2025,3158607,65.3855
2026,3158607,68.699
2027,3158607,71.8318
2028,3158607,74.7663
2029,3158607,77.4909
2030,3158607,80.0
2024,3158706,52.6492
2025,3158706,57.9188
2026,3158706,63.0138
2027,3158706,67.8346
2028,3158706,72.3032
2029,3158706,76.3673
2030,3158706,80.0
2024,3158805,76.8225
2025,3158805,77.3757
2026,3158805,77.9194
2027,3158805,78.4537
2028,3158805,78.9786
2029,3158805,79.494
2030,3158805,80.0
2024,3158904,80.0
2025,3158904,80.0
2026,3158904,80.0
2027,3158904,80.0
2028,3158904,80.0
2029,3158904,80.0
2030,3158904,80.0
2024,3158953,71.4091
2025,3158953,72.9844
2026,3158953,74.5038
2027,3158953,75.966
2028,3158953,77.3698
2029,3158953,78.7145
2030,3158953,80.0
2024,3159001,64.049
2025,3159001,67.0907
2026,3159001,69.9957
2027,3159001,72.7484
2028,3159001,75.3375
2029,3159001,77.7558
2030,3159001,80.0
2024,3159100,64.4384
2025,3159100,67.4019
2026,3159100,70.2325
2027,3159100,72.9161
2028,3159100,75.4423
2029,3159100,77.8047
2030,3159100,80.0
2024,3159209,80.0
2025,3159209,80.0
2026,3159209,80.0
2027,3159209,80.0
2028,3159209,80.0
2029,3159209,80.0
2030,3159209,80.0
2024,3159308,47.7014
2025,3159308,53.8517
2026,3159308,59.887
2027,3159308,65.6366
2028,3159308,70.9617
2029,3159308,75.7663
2030,3159308,80.0
2024,3159357,64.397
2025,3159357,67.3688
2026,3159357,70.2073
2027,3159357,72.8982
2028,3159357,75.4312
2029,3159357,77.7995
2030,3159357,80.0
2024,3159407,67.7652
2025,3159407,70.0612
2026,3159407,72.2607
2027,3159407,74.3578
2028,3159407,76.3482
2029,3159407,78.2293
2030,3159407,80.0
2024,3159506,80.0
2025,3159506,80.0
2026,3159506,80.0
2027,3159506,80.0
2028,3159506,80.0
2029,3159506,80.0
2030,3159506,80.0
2024,3159605,54.6717
2025,3159605,59.5615
2026,3159605,64.2686
2027,3159605,68.7155
2028,3159605,72.8429
2029,3159605,76.6111
2030,3159605,80.0
2024,3159704,74.0635
2025,3159704,75.1278
2026,3159704,76.1626
2027,3159704,77.1673
2028,3159704,78.1419
2029,3159704,79.0861
2030,3159704,80.0
2024,3159803,72.2396
2025,3159803,73.6534
2026,3159803,75.0201
2027,3159803,76.3386
2028,3159803,77.6084
2029,3159803,78.8289
2030,3159803,80.0
2024,3159902,80.0
2025,3159902,80.0
2026,3159902,80.0
2027,3159902,80.0
2028,3159902,80.0
2029,3159902,80.0
2030,3159902,80.0
2024,3160009,80.0
2025,3160009,80.0
2026,3160009,80.0
2027,3160009,80.0
2028,3160009,80.0
2029,3160009,80.0
2030,3160009,80.0
2024,3160108,80.0
2025,3160108,80.0
2026,3160108,80.0
2027,3160108,80.0
2028,3160108,80.0
2029,3160108,80.0
2030,3160108,80.0
2024,3160207,52.3404
2025,3160207,57.667
2026,3160207,62.8212
2027,3160207,67.6994
2028,3160207,72.2205
2029,3160207,76.33
2030,3160207,80.0
2024,3160306,65.7549
2025,3160306,68.4538
2026,3160306,71.0338
2027,3160306,73.4844
2028,3160306,75.7984
2029,3160306,77.971
2030,3160306,80.0
2024,3160405,80.0
2025,3160405,80.0
2026,3160405,80.0
2027,3160405,80.0
2028,3160405,80.0
2029,3160405,80.0
2030,3160405,80.0
2024,3160454,78.3877
2025,3160454,78.6628
2026,3160454,78.9354
2027,3160454,79.2054
2028,3160454,79.4728
2029,3160454,79.7377
2030,3160454,80.0
2024,3160504,63.311
2025,3160504,66.501
2026,3160504,69.547
2027,3160504,72.4309
2028,3160504,75.1393
2029,3160504,77.6637
2030,3160504,80.0
2024,3160603,62.3314
2025,3160603,65.7179
2026,3160603,68.9516
2027,3160603,72.0102
2028,3160603,74.8772
2029,3160603,77.5422
2030,3160603,80.0
2024,3160702,59.9495
2025,3160702,63.8113
2026,3160702,67.5026
2027,3160702,70.9885
2028,3160702,74.2432
2029,3160702,77.2498
2030,3160702,80.0
2024,3160801,61.841
2025,3160801,65.3257
2026,3160801,68.6535
2027,3160801,71.7997
2028,3160801,74.7464
2029,3160801,77.4817
2030,3160801,80.0
2024,3160900,70.24
2025,3160900,72.0446
2026,3160900,73.7807
2027,3160900,75.4456
2028,3160900,77.0378
2029,3160900,78.5561
2030,3160900,80.0
2024,3160959,80.0
2025,3160959,80.0
2026,3160959,80.0
2027,3160959,80.0
2028,3160959,80.0
2029,3160959,80.0
2030,3160959,80.0
2024,3161007,71.0
2025,3161007,73.0
2026,3161007,74.0
2027,3161007,76.0
2028,3161007,77.0
2029,3161007,79.0
2030,3161007,80.0
2024,3161056,70.008
2025,3161056,71.8584
2026,3161056,73.6376
2027,3161056,75.3429
2028,3161056,76.9724
2029,3161056,78.525
2030,3161056,80.0
2024,3161106,51.7128
2025,3161106,57.1547
2026,3161106,62.4288
2027,3161106,67.4238
2028,3161106,72.052
2029,3161106,76.2542
2030,3161106,80.0
2024,3161205,78.8639
2025,3161205,79.0565
2026,3161205,79.2478
2027,3161205,79.4378
2028,3161205,79.6265
2029,3161205,79.8139
2030,3161205,80.0
2024,3161304,77.0671
2025,3161304,77.5762
2026,3161304,78.0772
2027,3161304,78.57
2028,3161304,79.0548
2029,3161304,79.5314
2030,3161304,80.0
2024,3161403,62.8214
2025,3161403,66.1097
2026,3161403,69.2494
2027,3161403,72.2206
2028,3161403,75.0082
2029,3161403,77.6029
2030,3161403,80.0
2024,3161502,80.0
2025,3161502,80.0
2026,3161502,80.0
2027,3161502,80.0
2028,3161502,80.0
2029,3161502,80.0
2030,3161502,80.0
2024,3161601,70.9528
2025,3161601,72.6173
2026,3161601,74.2211
2027,3161601,75.7623
2028,3161601,77.2397
2029,3161601,78.6523
2030,3161601,80.0
2024,3161650,72.5555
2025,3161650,73.9082
2026,3161650,75.217
2027,3161650,76.4811
2028,3161650,77.6998
2029,3161650,78.8728
2030,3161650,80.0
2024,3161700,80.0
2025,3161700,80.0
2026,3161700,80.0
2027,3161700,80.0
2028,3161700,80.0
2029,3161700,80.0
2030,3161700,80.0
2024,3161809,64.2396
2025,3161809,67.243
2026,3161809,70.1116
2027,3161809,72.8304
2028,3161809,75.3888
2029,3161809,77.7797
2030,3161809,80.0
2024,3161908,80.0
2025,3161908,80.0
2026,3161908,80.0
2027,3161908,80.0
2028,3161908,80.0
2029,3161908,80.0
2030,3161908,80.0
2024,3162005,76.83
2025,3162005,77.38
2026,3162005,77.92
2027,3162005,78.46
2028,3162005,78.98
2029,3162005,79.5
2030,3162005,80.0
2024,3162104,57.5029
2025,3162104,61.8467
2026,3162104,66.0091
2027,3162104,69.938
2028,3162104,73.5945
2029,3162104,76.9528
2030,3162104,80.0
2024,3162203,80.0
2025,3162203,80.0
2026,3162203,80.0
2027,3162203,80.0
2028,3162203,80.0
2029,3162203,80.0
2030,3162203,80.0
2024,3162252,54.9095
2025,3162252,59.754
2026,3162252,64.4154
2027,3162252,68.8186
2028,3162252,72.9062
2029,3162252,76.6398
2030,3162252,80.0
2024,3162302,78.4047
2025,3162302,78.6768
2026,3162302,78.9465
2027,3162302,79.2136
2028,3162302,79.4783
2029,3162302,79.7404
2030,3162302,80.0
2024,3162401,67.9637
2025,3162401,70.2201
2026,3162401,72.3822
2027,3162401,74.4445
2028,3162401,76.4029
2029,3162401,78.2551
2030,3162401,80.0
2024,3162450,47.0754
2025,3162450,53.3313
2026,3162450,59.4842
2027,3162450,65.3529
2028,3162450,70.789
2029,3162450,75.6894
2030,3162450,80.0
2024,3162500,59.6738
2025,3162500,63.5903
2026,3162500,67.3346
2027,3162500,70.8703
2028,3162500,74.1701
2029,3162500,77.2162
2030,3162500,80.0
2024,3162559,77.2191
2025,3162559,77.7009
2026,3162559,78.1753
2027,3162559,78.6425
2028,3162559,79.1023
2029,3162559,79.5548
2030,3162559,80.0
2024,3162575,79.9057
2025,3162575,79.9215
2026,3162575,79.9372
2027,3162575,79.9529
2028,3162575,79.9686
2029,3162575,79.9843
2030,3162575,80.0
2024,3162609,80.0
2025,3162609,80.0
2026,3162609,80.0
2027,3162609,80.0
2028,3162609,80.0
2029,3162609,80.0
2030,3162609,80.0
2024,3162658,75.0751
2025,3162658,75.9493
2026,3162658,76.8023
2027,3162658,77.6339
2028,3162658,78.4441
2029,3162658,79.2328
2030,3162658,80.0
2024,3162708,71.982
2025,3162708,73.4457
2026,3162708,74.8597
2027,3162708,76.2228
2028,3162708,77.5341
2029,3162708,78.7932
2030,3162708,80.0
2024,3162807,80.0
2025,3162807,80.0
2026,3162807,80.0
2027,3162807,80.0
2028,3162807,80.0
2029,3162807,80.0
2030,3162807,80.0
2024,3162906,70.3891
2025,3162906,72.1644
2026,3162906,73.8727
2027,3162906,75.5118
2028,3162906,77.0799
2029,3162906,78.5761
2030,3162906,80.0
2024,3162922,53.3937
2025,3162922,58.5246
2026,3162922,63.477
2027,3162922,68.1598
2028,3162922,72.5023
2029,3162922,76.4571
2030,3162922,80.0
2024,3162948,80.0
2025,3162948,80.0
2026,3162948,80.0
2027,3162948,80.0
2028,3162948,80.0
2029,3162948,80.0
2030,3162948,80.0
2024,3162955,65.3079
2025,3162955,68.0967
2026,3162955,70.7616
2027,3162955,73.2912
2028,3162955,75.6772
2029,3162955,77.9143
2030,3162955,80.0
2024,3163003,73.688
2025,3163003,74.8237
2026,3163003,75.9263
2027,3163003,76.9955
2028,3163003,78.0309
2029,3163003,79.0324
2030,3163003,80.0
2024,3163102,59.2641
2025,3163102,63.2617
2026,3163102,67.0849
2027,3163102,70.6945
2028,3163102,74.0614
2029,3163102,77.1663
2030,3163102,80.0
2024,3163201,77.7518
2025,3163201,78.1386
2026,3163201,78.5207
2027,3163201,78.8978
2028,3163201,79.2701
2029,3163201,79.6375
2030,3163201,80.0
2024,3163300,50.9623
2025,3163300,56.5406
2026,3163300,61.9579
2027,3163300,67.093
2028,3163300,71.8499
2029,3163300,76.1634
2030,3163300,80.0
2024,3163409,80.0
2025,3163409,80.0
2026,3163409,80.0
2027,3163409,80.0
2028,3163409,80.0
2029,3163409,80.0
2030,3163409,80.0
2024,3163508,59.3729
2025,3163508,63.349
2026,3163508,67.1512
2027,3163508,70.7412
2028,3163508,74.0902
2029,3163508,77.1796
2030,3163508,80.0
2024,3163607,53.0089
2025,3163607,58.2117
2026,3163607,63.2378
2027,3163607,67.9919
2028,3163607,72.3995
2029,3163607,76.4107
2030,3163607,80.0
2024,3163706,66.7312
2025,3163706,69.2342
2026,3163706,71.629
2027,3163706,73.9076
2028,3163706,76.0644
2029,3163706,78.0957
2030,3163706,80.0
2024,3163805,75.6535
2025,3163805,76.4203
2026,3163805,77.1703
2027,3163805,77.9032
2028,3163805,78.6192
2029,3163805,79.3181
2030,3163805,80.0
2024,3163904,77.4218
2025,3163904,77.8674
2026,3163904,78.3066
2027,3163904,78.7394
2028,3163904,79.166
2029,3163904,79.5861
2030,3163904,80.0
2024,3164001,80.0
2025,3164001,80.0
2026,3164001,80.0
2027,3164001,80.0
2028,3164001,80.0
2029,3164001,80.0
2030,3164001,80.0
2024,3164100,69.1304
2025,3164100,71.1545
2026,3164100,73.0976
2027,3164100,74.9558
2028,3164100,76.7266
2029,3164100,78.4082
2030,3164100,80.0
2024,3164209,55.7316
2025,3164209,60.4188
2026,3164209,64.922
2027,3164209,69.1744
2028,3164209,73.1246
2029,3164209,76.7389
2030,3164209,80.0
2024,3164308,72.5555
2025,3164308,73.9082
2026,3164308,75.217
2027,3164308,76.4811
2028,3164308,77.6998
2029,3164308,78.8728
2030,3164308,80.0
2024,3164407,69.0807
2025,3164407,71.1147
2026,3164407,73.0671
2027,3164407,74.934
2028,3164407,76.7127
2029,3164407,78.4016
2030,3164407,80.0
2024,3164431,57.7887
2025,3164431,62.0767
2026,3164431,66.1839
2027,3164431,70.0609
2028,3164431,73.6702
2029,3164431,76.9873
2030,3164431,80.0
2024,3164472,61.8077
2025,3164472,65.2991
2026,3164472,68.6332
2027,3164472,71.7855
2028,3164472,74.7375
2029,3164472,77.4776
2030,3164472,80.0
2024,3164605,72.8383
2025,3164605,74.1366
2026,3164605,75.3937
2027,3164605,76.609
2028,3164605,77.782
2029,3164605,78.9124
2030,3164605,80.0
2024,3164704,67.8479
2025,3164704,70.1274
2026,3164704,72.3113
2027,3164704,74.3939
2028,3164704,76.371
2029,3164704,78.24
2030,3164704,80.0
2024,3164803,68.8324
2025,3164803,70.9158
2026,3164803,72.9146
2027,3164803,74.8249
2028,3164803,76.6436
2029,3164803,78.3689
2030,3164803,80.0
2024,3164902,70.2814
2025,3164902,72.0779
2026,3164902,73.8062
2027,3164902,75.464
2028,3164902,77.0495
2029,3164902,78.5616
2030,3164902,80.0
2024,3165008,80.0
2025,3165008,80.0
2026,3165008,80.0
2027,3165008,80.0
2028,3165008,80.0
2029,3165008,80.0
2030,3165008,80.0
2024,3165107,70.0412
2025,3165107,71.885
2026,3165107,73.658
2027,3165107,75.3576
2028,3165107,76.9818
2029,3165107,78.5294
2030,3165107,80.0
2024,3165206,80.0
2025,3165206,80.0
2026,3165206,80.0
2027,3165206,80.0
2028,3165206,80.0
2029,3165206,80.0
2030,3165206,80.0
2024,3165305,63.394
2025,3165305,66.5673
2026,3165305,69.5975
2027,3165305,72.4666
2028,3165305,75.1616
2029,3165305,77.674
2030,3165305,80.0
2024,3165404,57.4104
2025,3165404,61.7723
2026,3165404,65.9524
2027,3165404,69.8982
2028,3165404,73.5699
2029,3165404,76.9416
2030,3165404,80.0
2024,3165503,51.3422
2025,3165503,56.8516
2026,3165503,62.1966
2027,3165503,67.2607
2028,3165503,71.9523
2029,3165503,76.2094
2030,3165503,80.0
2024,3165537,80.0
2025,3165537,80.0
2026,3165537,80.0
2027,3165537,80.0
2028,3165537,80.0
2029,3165537,80.0
2030,3165537,80.0
2024,3165552,53.8461
2025,3165552,58.8921
2026,3165552,63.7577
2027,3165552,68.3569
2028,3165552,72.623
2029,3165552,76.5116
2030,3165552,80.0
2024,3165560,76.9996
2025,3165560,77.5208
2026,3165560,78.0336
2027,3165560,78.5379
2028,3165560,79.0337
2029,3165560,79.5211
2030,3165560,80.0
2024,3165578,71.7494
2025,3165578,73.2584
2026,3165578,74.7151
2027,3165578,76.1184
2028,3165578,77.4672
2029,3165578,78.7612
2030,3165578,80.0
2024,3165602,48.1321
2025,3165602,54.2089
2026,3165602,60.1631
2027,3165602,65.831
2028,3165602,71.0801
2029,3165602,75.8191
2030,3165602,80.0
2024,3165701,68.5594
2025,3165701,70.697
2026,3165701,72.7471
2027,3165701,74.7051
2028,3165701,76.5677
2029,3165701,78.333
2030,3165701,80.0
2024,3165800,42.4107
2025,3165800,49.4026
2026,3165800,56.4179
2027,3165800,63.1854
2028,3165800,69.4707
2029,3165800,75.1057
2030,3165800,80.0
2024,3165909,76.107
2025,3165909,76.7904
2026,3165909,77.46
2027,3165909,78.1158
2028,3165909,78.7577
2029,3165909,79.3858
2030,3165909,80.0
2024,3166006,79.3926
2025,3166006,79.4947
2026,3166006,79.5965
2027,3166006,79.698
2028,3166006,79.799
2029,3166006,79.8997
2030,3166006,80.0
2024,3166105,51.9968
2025,3166105,57.3866
2026,3166105,62.6065
2027,3166105,67.5486
2028,3166105,72.1283
2029,3166105,76.2885
2030,3166105,80.0
2024,3166204,80.0
2025,3166204,80.0
2026,3166204,80.0
2027,3166204,80.0
2028,3166204,80.0
2029,3166204,80.0
2030,3166204,80.0
2024,3166303,70.3891
2025,3166303,72.1644
2026,3166303,73.8727
2027,3166303,75.5118
2028,3166303,77.0799
2029,3166303,78.5761
2030,3166303,80.0
2024,3166402,66.6236
2025,3166402,69.1482
2026,3166402,71.5634
2027,3166402,73.8609
2028,3166402,76.035
2029,3166402,78.0819
2030,3166402,80.0
2024,3166709,56.4583
2025,3166709,61.0053
2026,3166709,65.3687
2027,3166709,69.4881
2028,3166709,73.3175
2029,3166709,76.8265
2030,3166709,80.0
2024,3166808,63.2115
2025,3166808,66.4214
2026,3166808,69.4865
2027,3166808,72.3881
2028,3166808,75.1127
2029,3166808,77.6513
2030,3166808,80.0
2024,3166907,66.4665
2025,3166907,69.0226
2026,3166907,71.4675
2027,3166907,73.7927
2028,3166907,75.9921
2029,3166907,78.0618
2030,3166907,80.0
2024,3166956,80.0
2025,3166956,80.0
2026,3166956,80.0
2027,3166956,80.0
2028,3166956,80.0
2029,3166956,80.0
2030,3166956,80.0
2024,3167004,44.896
2025,3167004,51.5076
2026,3167004,58.0668
2027,3167004,64.3528
2028,3167004,70.1804
2029,3167004,75.4193
2030,3167004,80.0
2024,3167103,80.0
2025,3167103,80.0
2026,3167103,80.0
2027,3167103,80.0
2028,3167103,80.0
2029,3167103,80.0
2030,3167103,80.0
2024,3167202,57.9651
2025,3167202,62.2185
2026,3167202,66.2918
2027,3167202,70.1367
2028,3167202,73.717
2029,3167202,77.0087
2030,3167202,80.0
2024,3167301,80.0
2025,3167301,80.0
2026,3167301,80.0
2027,3167301,80.0
2028,3167301,80.0
2029,3167301,80.0
2030,3167301,80.0
2024,3167400,58.3511
2025,3167400,62.5287
2026,3167400,66.5277
2027,3167400,70.3026
2028,3167400,73.8193
2029,3167400,77.0555
2030,3167400,80.0
2024,3167509,14.1355
2025,3167509,21.8855
2026,3167509,32.2868
2027,3167509,44.7965
2028,3167509,58.0015
2029,3167509,70.1524
2030,3167509,80.0
2024,3167608,67.9802
2025,3167608,70.2334
2026,3167608,72.3923
2027,3167608,74.4517
2028,3167608,76.4075
2029,3167608,78.2573
2030,3167608,80.0
2024,3167707,68.7249
2025,3167707,70.8296
2026,3167707,72.8486
2027,3167707,74.7777
2028,3167707,76.6137
2029,3167707,78.3547
2030,3167707,80.0
2024,3167806,74.1887
2025,3167806,75.2294
2026,3167806,76.2415
2027,3167806,77.2248
2028,3167806,78.179
2029,3167806,79.1041
2030,3167806,80.0
2024,3167905,80.0
2025,3167905,80.0
2026,3167905,80.0
2027,3167905,80.0
2028,3167905,80.0
2029,3167905,80.0
2030,3167905,80.0
2024,3168002,70.9943
2025,3168002,72.6507
2026,3168002,74.2468
2027,3168002,75.7808
2028,3168002,77.2515
2029,3168002,78.658
2030,3168002,80.0
2024,3168051,49.8876
2025,3168051,55.6582
2026,3168051,61.2801
2027,3168051,66.6167
2028,3168051,71.5591
2029,3168051,76.0331
2030,3168051,80.0
2024,3168101,60.0664
2025,3168101,63.905
2026,3168101,67.5738
2027,3168101,71.0387
2028,3168101,74.2743
2029,3168101,77.2641
2030,3168101,80.0
2024,3168200,76.9996
2025,3168200,77.5208
2026,3168200,78.0336
2027,3168200,78.5379
2028,3168200,79.0337
2029,3168200,79.5211
2030,3168200,80.0
2024,3168309,68.336
2025,3168309,70.5181
2026,3168309,72.6102
2027,3168309,74.6073
2028,3168309,76.5058
2029,3168309,78.3037
2030,3168309,80.0
2024,3168408,71.5917
2025,3168408,73.1313
2026,3168408,74.6171
2027,3168408,76.0477
2028,3168408,77.422
2029,3168408,78.7395
2030,3168408,80.0
2024,3168507,76.1827
2025,3168507,76.8522
2026,3168507,77.5084
2027,3168507,78.1513
2028,3168507,78.7809
2029,3168507,79.3971
2030,3168507,80.0
2024,3168606,55.5707
2025,3168606,60.2888
2026,3168606,64.8231
2027,3168606,69.1049
2028,3168606,73.0819
2029,3168606,76.7195
2030,3168606,80.0
2024,3168705,59.9077
2025,3168705,63.7778
2026,3168705,67.4772
2027,3168705,70.9706
2028,3168705,74.2322
2029,3168705,77.2447
2030,3168705,80.0
2024,3168804,65.1838
2025,3168804,67.9974
2026,3168804,70.686
2027,3168804,73.2376
2028,3168804,75.6436
2029,3168804,77.8986
2030,3168804,80.0
2024,3168903,62.6969
2025,3168903,66.0101
2026,3168903,69.1737
2027,3168903,72.1671
2028,3168903,74.9749
2029,3168903,77.5874
2030,3168903,80.0
2024,3169000,61.96
2025,3169000,65.42
2026,3169000,68.72
2027,3169000,71.85
2028,3169000,74.78
2029,3169000,77.5
2030,3169000,80.0
2024,3169059,78.6341
2025,3169059,78.8664
2026,3169059,79.0968
2027,3169059,79.3254
2028,3169059,79.5521
2029,3169059,79.777
2030,3169059,80.0
2024,3169109,65.8873
2025,3169109,68.5596
2026,3169109,71.1144
2027,3169109,73.5417
2028,3169109,75.8344
2029,3169109,77.9878
2030,3169109,80.0
2024,3169208,60.667
2025,3169208,64.3861
2026,3169208,67.9394
2027,3169208,71.2962
2028,3169208,74.4339
2029,3169208,77.3375
2030,3169208,80.0
2024,3169307,55.5199
2025,3169307,60.2478
2026,3169307,64.7918
2027,3169307,69.0829
2028,3169307,73.0684
2029,3169307,76.7133
2030,3169307,80.0
2024,3169356,70.2151
2025,3169356,72.0247
2026,3169356,73.7653
2027,3169356,75.4346
2028,3169356,77.0308
2029,3169356,78.5527
2030,3169356,80.0
2024,3169406,64.2727
2025,3169406,67.2695
2026,3169406,70.1317
2027,3169406,72.8447
2028,3169406,75.3977
2029,3169406,77.7839
2030,3169406,80.0
2024,3169505,50.9623
2025,3169505,56.5406
2026,3169505,61.9579
2027,3169505,67.093
2028,3169505,71.8499
2029,3169505,76.1634
2030,3169505,80.0
2024,3169604,45.4058
2025,3169604,51.9359
2026,3169604,58.4006
2027,3169604,64.5886
2028,3169604,70.3238
2029,3169604,75.4828
2030,3169604,80.0
2024,3169703,58.2588
2025,3169703,62.4546
2026,3169703,66.4713
2027,3169703,70.263
2028,3169703,73.7948
2029,3169703,77.0443
2030,3169703,80.0
2024,3169802,64.6952
2025,3169802,67.6071
2026,3169802,70.3887
2027,3169802,73.0268
2028,3169802,75.5116
2029,3169802,77.837
2030,3169802,80.0
2024,3169901,67.0455
2025,3169901,69.4856
2026,3169901,71.8209
2027,3169901,74.0442
2028,3169901,76.1504
2029,3169901,78.1362
2030,3169901,80.0
2024,3170008,71.7993
2025,3170008,73.2985
2026,3170008,74.7461
2027,3170008,76.1407
2028,3170008,77.4816
2029,3170008,78.768
2030,3170008,80.0
2024,3170057,70.3228
2025,3170057,72.1111
2026,3170057,73.8318
2027,3170057,75.4824
2028,3170057,77.0612
2029,3170057,78.5672
2030,3170057,80.0
2024,3170107,51.3163
2025,3170107,56.8305
2026,3170107,62.1803
2027,3170107,67.2493
2028,3170107,71.9453
2029,3170107,76.2063
2030,3170107,80.0
2024,3170206,55.7146
2025,3170206,60.4051
2026,3170206,64.9116
2027,3170206,69.1671
2028,3170206,73.1201
2029,3170206,76.7368
2030,3170206,80.0
2024,3170305,66.3754
2025,3170305,68.9498
2026,3170305,71.412
2027,3170305,73.7532
2028,3170305,75.9673
2029,3170305,78.0501
2030,3170305,80.0
2024,3170404,60.3334
2025,3170404,64.119
2026,3170404,67.7364
2027,3170404,71.1532
2028,3170404,74.3452
2029,3170404,77.2967
2030,3170404,80.0
2024,3170438,73.4629
2025,3170438,74.6415
2026,3170438,75.7849
2027,3170438,76.8928
2028,3170438,77.9647
2029,3170438,79.0004
2030,3170438,80.0
2024,3170479,58.5188
2025,3170479,62.6635
2026,3170479,66.6301
2027,3170479,70.3746
2028,3170479,73.8638
2029,3170479,77.0758
2030,3170479,80.0
2024,3170503,59.6153
2025,3170503,63.5434
2026,3170503,67.299
2027,3170503,70.8452
2028,3170503,74.1546
2029,3170503,77.2091
2030,3170503,80.0
2024,3170529,60.7587
2025,3170529,64.4596
2026,3170529,67.9952
2027,3170529,71.3356
2028,3170529,74.4582
2029,3170529,77.3487
2030,3170529,80.0
2024,3170578,80.0
2025,3170578,80.0
2026,3170578,80.0
2027,3170578,80.0
2028,3170578,80.0
2029,3170578,80.0
2030,3170578,80.0
2024,3170602,62.3314
2025,3170602,65.7179
2026,3170602,68.9516
2027,3170602,72.0102
2028,3170602,74.8772
2029,3170602,77.5422
2030,3170602,80.0
2024,3170651,64.6704
2025,3170651,67.5872
2026,3170651,70.3736
2027,3170651,73.0161
2028,3170651,75.5049
2029,3170651,77.8338
2030,3170651,80.0
2024,3170701,55.5115
2025,3170701,60.2409
2026,3170701,64.7866
2027,3170701,69.0792
2028,3170701,73.0662
2029,3170701,76.7123
2030,3170701,80.0
2024,3170750,61.0004
2025,3170750,64.653
2026,3170750,68.1422
2027,3170750,71.4392
2028,3170750,74.5225
2029,3170750,77.3784
2030,3170750,80.0
2024,3170800,64.7283
2025,3170800,67.6336
2026,3170800,70.4089
2027,3170800,73.0411
2028,3170800,75.5205
2029,3170800,77.8411
2030,3170800,80.0
2024,3170909,52.1772
2025,3170909,57.5339
2026,3170909,62.7193
2027,3170909,67.6278
2028,3170909,72.1767
2029,3170909,76.3103
2030,3170909,80.0
2024,3171006,49.6441
2025,3171006,55.4578
2026,3171006,61.1259
2027,3171006,66.5083
2028,3171006,71.493
2029,3171006,76.0035
2030,3171006,80.0
2024,3171071,65.0761
2025,3171071,67.9114
2026,3171071,70.6205
2027,3171071,73.1911
2028,3171071,75.6145
2029,3171071,77.885
2030,3171071,80.0
2024,3171105,77.0
2025,3171105,78.0
2026,3171105,78.0
2027,3171105,79.0
2028,3171105,79.0
2029,3171105,80.0
2030,3171105,80.0
2024,3171154,74.548
2025,3171154,75.5209
2026,3171154,76.4684
2027,3171154,77.3901
2028,3171154,78.286
2029,3171154,79.156
2030,3171154,80.0
2024,3171204,58.3679
2025,3171204,62.5422
2026,3171204,66.538
2027,3171204,70.3098
2028,3171204,73.8237
2029,3171204,77.0575
2030,3171204,80.0
2024,3171303,65.5231
2025,3171303,68.2686
2026,3171303,70.8926
2027,3171303,73.3842
2028,3171303,75.7355
2029,3171303,77.9416
2030,3171303,80.0
2024,3171402,55.3081
2025,3171402,60.0766
2026,3171402,64.6613
2027,3171402,68.9913
2028,3171402,73.0121
2029,3171402,76.6878
2030,3171402,80.0
2024,3171501,56.2557
2025,3171501,60.8419
2026,3171501,65.2443
2027,3171501,69.4007
2028,3171501,73.2637
2029,3171501,76.8021
2030,3171501,80.0
2024,3171600,55.0368
2025,3171600,59.8571
2026,3171600,64.494
2027,3171600,68.8738
2028,3171600,72.94
2029,3171600,76.6551
2030,3171600,80.0
2024,3171709,61.5998
2025,3171709,65.1327
2026,3171709,68.5068
2027,3171709,71.6963
2028,3171709,74.6821
2029,3171709,77.452
2030,3171709,80.0
2024,3171808,49.8963
2025,3171808,55.6654
2026,3171808,61.2856
2027,3171808,66.6206
2028,3171808,71.5615
2029,3171808,76.0342
2030,3171808,80.0
2024,3171907,80.0
2025,3171907,80.0
2026,3171907,80.0
2027,3171907,80.0
2028,3171907,80.0
2029,3171907,80.0
2030,3171907,80.0
2024,3172004,60.2583
2025,3172004,64.0588
2026,3172004,67.6907
2027,3172004,71.121
2028,3172004,74.3253
2029,3172004,77.2875
2030,3172004,80.0
2024,3172103,55.5877
2025,3172103,60.3025
2026,3172103,64.8335
2027,3172103,69.1122
2028,3172103,73.0864
2029,3172103,76.7215
2030,3172103,80.0
2024,3172202,53.7949
2025,3172202,58.8505
2026,3172202,63.726
2027,3172202,68.3346
2028,3172202,72.6094
2029,3172202,76.5054
2030,3172202,80.0
2024,3200102,80.0
2025,3200102,80.0
2026,3200102,80.0
2027,3200102,80.0
2028,3200102,80.0
2029,3200102,80.0
2030,3200102,80.0
2024,3200136,80.0
2025,3200136,80.0
2026,3200136,80.0
2027,3200136,80.0
2028,3200136,80.0
2029,3200136,80.0
2030,3200136,80.0
2024,3200169,77.7433
2025,3200169,78.1317
2026,3200169,78.5152
2027,3200169,78.8937
2028,3200169,79.2674
2029,3200169,79.6361
2030,3200169,80.0
2024,3200201,68.9979
2025,3200201,71.0484
2026,3200201,73.0162
2027,3200201,74.8976
2028,3200201,76.6897
2029,3200201,78.3907
2030,3200201,80.0
2024,3200300,75.3516
2025,3200300,76.1743
2026,3200300,76.978
2027,3200300,77.7624
2028,3200300,78.5276
2029,3200300,79.2734
2030,3200300,80.0
2024,3200359,67.1613
2025,3200359,69.5782
2026,3200359,71.8916
2027,3200359,74.0946
2028,3200359,76.1822
2029,3200359,78.1511
2030,3200359,80.0
2024,3200409,80.0
2025,3200409,80.0
2026,3200409,80.0
2027,3200409,80.0
2028,3200409,80.0
2029,3200409,80.0
2030,3200409,80.0
2024,3200508,61.98
2025,3200508,65.44
2026,3200508,68.74
2027,3200508,71.86
2028,3200508,74.78
2029,3200508,77.5
2030,3200508,80.0
2024,3200607,72.3559
2025,3200607,73.7472
2026,3200607,75.0926
2027,3200607,76.3911
2028,3200607,77.642
2029,3200607,78.845
2030,3200607,80.0
2024,3200706,75.4019
2025,3200706,76.2153
2026,3200706,77.01
2027,3200706,77.7858
2028,3200706,78.5428
2029,3200706,79.2809
2030,3200706,80.0
2024,3200805,70.6212
2025,3200805,72.3508
2026,3200805,74.016
2027,3200805,75.6148
2028,3200805,77.1456
2029,3200805,78.6074
2030,3200805,80.0
2024,3200904,78.6596
2025,3200904,78.8875
2026,3200904,79.1136
2027,3200904,79.3379
2028,3200904,79.5604
2029,3200904,79.7811
2030,3200904,80.0
2024,3201001,77.1853
2025,3201001,77.6731
2026,3201001,78.1535
2027,3201001,78.6264
2028,3201001,79.0917
2029,3201001,79.5496
2030,3201001,80.0
2024,3201100,69.2214
2025,3201100,71.2275
2026,3201100,73.1535
2027,3201100,74.9959
2028,3201100,76.752
2029,3201100,78.4203
2030,3201100,80.0
2024,3201159,69.3953
2025,3201159,71.3669
2026,3201159,73.2604
2027,3201159,75.0724
2028,3201159,76.8006
2029,3201159,78.4433
2030,3201159,80.0
2024,3201209,67.699
2025,3201209,70.0083
2026,3201209,72.2203
2027,3201209,74.3289
2028,3201209,76.3299
2029,3201209,78.2207
2030,3201209,80.0
2024,3201308,60.942
2025,3201308,64.6063
2026,3201308,68.1068
2027,3201308,71.4142
2028,3201308,74.507
2029,3201308,77.3712
2030,3201308,80.0
2024,3201407,73.4296
2025,3201407,74.6145
2026,3201407,75.764
2027,3201407,76.8776
2028,3201407,77.9549
2029,3201407,78.9957
2030,3201407,80.0
2024,3201506,74.7236
2025,3201506,75.6635
2026,3201506,76.5795
2027,3201506,77.4712
2028,3201506,78.3385
2029,3201506,79.1815
2030,3201506,80.0
2024,3201605,74.6734
2025,3201605,75.6228
2026,3201605,76.5477
2027,3201605,77.448
2028,3201605,78.3235
2029,3201605,79.1742
2030,3201605,80.0
2024,3201704,77.8364
2025,3201704,78.2083
2026,3201704,78.5757
2027,3201704,78.9386
2028,3201704,79.2969
2029,3201704,79.6507
2030,3201704,80.0
2024,3201803,51.5922
2025,3201803,57.0561
2026,3201803,62.3533
2027,3201803,67.3708
2028,3201803,72.0196
2029,3201803,76.2397
2030,3201803,80.0
2024,3201902,80.0
2025,3201902,80.0
2026,3201902,80.0
2027,3201902,80.0
2028,3201902,80.0
2029,3201902,80.0
2030,3201902,80.0
2024,3202009,80.0
2025,3202009,80.0
2026,3202009,80.0
2027,3202009,80.0
2028,3202009,80.0
2029,3202009,80.0
2030,3202009,80.0
2024,3202108,70.9362
2025,3202108,72.604
2026,3202108,74.2109
2027,3202108,75.755
2028,3202108,77.235
2029,3202108,78.6501
2030,3202108,80.0
2024,3202207,64.4136
2025,3202207,67.3821
2026,3202207,70.2174
2027,3202207,72.9054
2028,3202207,75.4356
2029,3202207,77.8015
2030,3202207,80.0
2024,3202256,66.7229
2025,3202256,69.2276
2026,3202256,71.6239
2027,3202256,73.904
2028,3202256,76.0621
2029,3202256,78.0947
2030,3202256,80.0
2024,3202306,74.9579
2025,3202306,75.854
2026,3202306,76.7279
2027,3202306,77.5796
2028,3202306,78.4088
2029,3202306,79.2156
2030,3202306,80.0
2024,3202405,73.0964
2025,3202405,74.3451
2026,3202405,75.5552
2027,3202405,76.7261
2028,3202405,77.8573
2029,3202405,78.9486
2030,3202405,80.0
2024,3202454,80.0
2025,3202454,80.0
2026,3202454,80.0
2027,3202454,80.0
2028,3202454,80.0
2029,3202454,80.0
2030,3202454,80.0
2024,3202504,69.6933
2025,3202504,71.6059
2026,3202504,73.4438
2027,3202504,75.2039
2028,3202504,76.884
2029,3202504,78.4829
2030,3202504,80.0
2024,3202553,74.8491
2025,3202553,75.7655
2026,3202553,76.6589
2027,3202553,77.5292
2028,3202553,78.3762
2029,3202553,79.1998
2030,3202553,80.0
2024,3202603,76.89
2025,3202603,77.4309
2026,3202603,77.9629
2027,3202603,78.4857
2028,3202603,78.9996
2029,3202603,79.5043
2030,3202603,80.0
2024,3202652,69.4449
2025,3202652,71.4067
2026,3202652,73.2909
2027,3202652,75.0943
2028,3202652,76.8145
2029,3202652,78.4499
2030,3202652,80.0
2024,3202702,74.8826
2025,3202702,75.7927
2026,3202702,76.6802
2027,3202702,77.5447
2028,3202702,78.3862
2029,3202702,79.2046
2030,3202702,80.0
2024,3202801,64.0739
2025,3202801,67.1106
2026,3202801,70.0108
2027,3202801,72.7591
2028,3202801,75.3442
2029,3202801,77.7589
2030,3202801,80.0
2024,3202900,78.3282
2025,3202900,78.6137
2026,3202900,78.8965
2027,3202900,79.1765
2028,3202900,79.4537
2029,3202900,79.7282
2030,3202900,80.0
2024,3203007,73.1963
2025,3203007,74.4259
2026,3203007,75.6178
2027,3203007,76.7714
2028,3203007,77.8865
2029,3203007,78.9627
2030,3203007,80.0
2024,3203056,73.4129
2025,3203056,74.601
2026,3203056,75.7536
2027,3203056,76.87
2028,3203056,77.95
2029,3203056,78.9933
2030,3203056,80.0
2024,3203106,71.7079
2025,3203106,73.2249
2026,3203106,74.6893
2027,3203106,76.0998
2028,3203106,77.4553
2029,3203106,78.7555
2030,3203106,80.0
2024,3203130,73.1214
2025,3203130,74.3653
2026,3203130,75.5708
2027,3203130,76.7374
2028,3203130,77.8646
2029,3203130,78.9522
2030,3203130,80.0
2024,3203163,80.0
2025,3203163,80.0
2026,3203163,80.0
2027,3203163,80.0
2028,3203163,80.0
2029,3203163,80.0
2030,3203163,80.0
2024,3203205,66.756
2025,3203205,69.2541
2026,3203205,71.6441
2027,3203205,73.9184
2028,3203205,76.0712
2029,3203205,78.0989
2030,3203205,80.0
2024,3203304,80.0
2025,3203304,80.0
2026,3203304,80.0
2027,3203304,80.0
2028,3203304,80.0
2029,3203304,80.0
2030,3203304,80.0
2024,3203320,74.3224
2025,3203320,75.3378
2026,3203320,76.3258
2027,3203320,77.2862
2028,3203320,78.2188
2029,3203320,79.1234
2030,3203320,80.0
2024,3203346,78.4726
2025,3203346,78.733
2026,3203346,78.991
2027,3203346,79.2467
2028,3203346,79.5001
2029,3203346,79.7512
2030,3203346,80.0
2024,3203353,78.7277
2025,3203353,78.9438
2026,3203353,79.1583
2027,3203353,79.3711
2028,3203353,79.5824
2029,3203353,79.792
2030,3203353,80.0
2024,3203403,69.9666
2025,3203403,71.8252
2026,3203403,73.6121
2027,3203403,75.3246
2028,3203403,76.9608
2029,3203403,78.5194
2030,3203403,80.0
2024,3203502,65.8376
2025,3203502,68.52
2026,3203502,71.0842
2027,3203502,73.5203
2028,3203502,75.8209
2029,3203502,77.9815
2030,3203502,80.0
2024,3203601,80.0
2025,3203601,80.0
2026,3203601,80.0
2027,3203601,80.0
2028,3203601,80.0
2029,3203601,80.0
2030,3203601,80.0
2024,3203700,80.0
2025,3203700,80.0
2026,3203700,80.0
2027,3203700,80.0
2028,3203700,80.0
2029,3203700,80.0
2030,3203700,80.0
2024,3203809,66.1852
2025,3203809,68.7977
2026,3203809,71.296
2027,3203809,73.6708
2028,3203809,75.9154
2029,3203809,78.0258
2030,3203809,80.0
2024,3203908,80.0
2025,3203908,80.0
2026,3203908,80.0
2027,3203908,80.0
2028,3203908,80.0
2029,3203908,80.0
2030,3203908,80.0
2024,3204005,80.0
2025,3204005,80.0
2026,3204005,80.0
2027,3204005,80.0
2028,3204005,80.0
2029,3204005,80.0
2030,3204005,80.0
2024,3204054,70.9943
2025,3204054,72.6507
2026,3204054,74.2468
2027,3204054,75.7808
2028,3204054,77.2515
2029,3204054,78.658
2030,3204054,80.0
2024,3204104,77.6925
2025,3204104,78.0899
2026,3204104,78.4822
2027,3204104,78.8693
2028,3204104,79.2513
2029,3204104,79.6282
2030,3204104,80.0
2024,3204203,65.3576
2025,3204203,68.1364
2026,3204203,70.7918
2027,3204203,73.3127
2028,3204203,75.6907
2029,3204203,77.9206
2030,3204203,80.0
2024,3204252,80.0
2025,3204252,80.0
2026,3204252,80.0
2027,3204252,80.0
2028,3204252,80.0
2029,3204252,80.0
2030,3204252,80.0
2024,3204302,70.2234
2025,3204302,72.0313
2026,3204302,73.7704
2027,3204302,75.4383
2028,3204302,77.0331
2029,3204302,78.5538
2030,3204302,80.0
2024,3204351,75.4438
2025,3204351,76.2494
2026,3204351,77.0366
2027,3204351,77.8054
2028,3204351,78.5555
2029,3204351,79.2871
2030,3204351,80.0
2024,3204401,78.3282
2025,3204401,78.6137
2026,3204401,78.8965
2027,3204401,79.1765
2028,3204401,79.4537
2029,3204401,79.7282
2030,3204401,80.0
2024,3204500,80.0
2025,3204500,80.0
2026,3204500,80.0
2027,3204500,80.0
2028,3204500,80.0
2029,3204500,80.0
2030,3204500,80.0
2024,3204559,80.0
2025,3204559,80.0
2026,3204559,80.0
2027,3204559,80.0
2028,3204559,80.0
2029,3204559,80.0
2030,3204559,80.0
2024,3204609,80.0
2025,3204609,80.0
2026,3204609,80.0
2027,3204609,80.0
2028,3204609,80.0
2029,3204609,80.0
2030,3204609,80.0
2024,3204658,80.0
2025,3204658,80.0
2026,3204658,80.0
2027,3204658,80.0
2028,3204658,80.0
2029,3204658,80.0
2030,3204658,80.0
2024,3204708,73.638
2025,3204708,74.7832
2026,3204708,75.8949
2027,3204708,76.9726
2028,3204708,78.0162
2029,3204708,79.0253
2030,3204708,80.0
2024,3204807,75.36
2025,3204807,76.1811
2026,3204807,76.9833
2027,3204807,77.7663
2028,3204807,78.5301
2029,3204807,79.2747
2030,3204807,80.0
2024,3204906,69.2628
2025,3204906,71.2607
2026,3204906,73.179
2027,3204906,75.0141
2028,3204906,76.7635
2029,3204906,78.4257
2030,3204906,80.0
2024,3204955,75.3935
2025,3204955,76.2085
2026,3204955,77.0046
2027,3204955,77.7819
2028,3204955,78.5403
2029,3204955,79.2796
2030,3204955,80.0
2024,3205002,62.5391
2025,3205002,65.8839
2026,3205002,69.0778
2027,3205002,72.0993
2028,3205002,74.9327
2029,3205002,77.5679
2030,3205002,80.0
2024,3205010,69.2794
2025,3205010,71.2739
2026,3205010,73.1891
2027,3205010,75.0214
2028,3205010,76.7682
2029,3205010,78.4279
2030,3205010,80.0
2024,3205036,72.3642
2025,3205036,73.7539
2026,3205036,75.0978
2027,3205036,76.3948
2028,3205036,77.6444
2029,3205036,78.8462
2030,3205036,80.0
2024,3205069,80.0
2025,3205069,80.0
2026,3205069,80.0
2027,3205069,80.0
2028,3205069,80.0
2029,3205069,80.0
2030,3205069,80.0
2024,3205101,71.7079
2025,3205101,73.2249
2026,3205101,74.6893
2027,3205101,76.0998
2028,3205101,77.4553
2029,3205101,78.7555
2030,3205101,80.0
2024,3205150,75.4103
2025,3205150,76.2221
2026,3205150,77.0153
2027,3205150,77.7897
2028,3205150,78.5454
2029,3205150,79.2821
2030,3205150,80.0
2024,3205176,80.0
2025,3205176,80.0
2026,3205176,80.0
2027,3205176,80.0
2028,3205176,80.0
2029,3205176,80.0
2030,3205176,80.0
2024,3205200,69.9997
2025,3205200,71.8518
2026,3205200,73.6325
2027,3205200,75.3393
2028,3205200,76.9701
2029,3205200,78.5239
2030,3205200,80.0
2024,3205309,68.1788
2025,3205309,70.3923
2026,3205309,72.5139
2027,3205309,74.5385
2028,3205309,76.4623
2029,3205309,78.2832
2030,3205309,80.0
2024,3300100,60.8171
2025,3300100,64.5063
2026,3300100,68.0307
2027,3300100,71.3606
2028,3300100,74.4737
2029,3300100,77.3559
2030,3300100,80.0
2024,3300159,62.7633
2025,3300159,66.0632
2026,3300159,69.2141
2027,3300159,72.1956
2028,3300159,74.9927
2029,3300159,77.5957
2030,3300159,80.0
2024,3300209,55.6639
2025,3300209,60.3641
2026,3300209,64.8804
2027,3300209,69.1451
2028,3300209,73.1066
2029,3300209,76.7307
2030,3300209,80.0
2024,3300225,65.3411
2025,3300225,68.1231
2026,3300225,70.7818
2027,3300225,73.3055
2028,3300225,75.6862
2029,3300225,77.9185
2030,3300225,80.0
2024,3300233,69.2711
2025,3300233,71.2673
2026,3300233,73.184
2027,3300233,75.0177
2028,3300233,76.7659
2029,3300233,78.4268
2030,3300233,80.0
2024,3300258,55.3505
2025,3300258,60.1108
2026,3300258,64.6874
2027,3300258,69.0096
2028,3300258,73.0234
2029,3300258,76.6929
2030,3300258,80.0
2024,3300308,50.8932
2025,3300308,56.4839
2026,3300308,61.9144
2027,3300308,67.0625
2028,3300308,71.8312
2029,3300308,76.1551
2030,3300308,80.0
2024,3300407,62.6387
2025,3300407,65.9636
2026,3300407,69.1384
2027,3300407,72.1421
2028,3300407,74.9594
2029,3300407,77.5802
2030,3300407,80.0
2024,3300456,41.5141
2025,3300456,48.6359
2026,3300456,55.8135
2027,3300456,62.7562
2028,3300456,69.2098
2029,3300456,74.9908
2030,3300456,80.0
2024,3300506,55.2997
2025,3300506,60.0697
2026,3300506,64.6561
2027,3300506,68.9876
2028,3300506,73.0099
2029,3300506,76.6868
2030,3300506,80.0
2024,3300605,61.5748
2025,3300605,65.1127
2026,3300605,68.4916
2027,3300605,71.6855
2028,3300605,74.6754
2029,3300605,77.4489
2030,3300605,80.0
2024,3300704,58.7954
2025,3300704,62.8855
2026,3300704,66.799
2027,3300704,70.4934
2028,3300704,73.9371
2029,3300704,77.1094
2030,3300704,80.0
2024,3300803,55.4268
2025,3300803,60.1725
2026,3300803,64.7344
2027,3300803,69.0426
2028,3300803,73.0437
2029,3300803,76.7021
2030,3300803,80.0
2024,3300902,70.7621
2025,3300902,72.464
2026,3300902,74.1032
2027,3300902,75.6775
2028,3300902,77.1855
2029,3300902,78.6265
2030,3300902,80.0
2024,3300936,55.7908
2025,3300936,60.4666
2026,3300936,64.9585
2027,3300936,69.2
2028,3300936,73.1403
2029,3300936,76.746
2030,3300936,80.0
2024,3300951,56.3232
2025,3300951,60.8964
2026,3300951,65.2858
2027,3300951,69.4298
2028,3300951,73.2817
2029,3300951,76.8102
2030,3300951,80.0
2024,3301009,45.1019
2025,3301009,51.6807
2026,3301009,58.2018
2027,3301009,64.4482
2028,3301009,70.2384
2029,3301009,75.445
2030,3301009,80.0
2024,3301108,59.7741
2025,3301108,63.6707
2026,3301108,67.3957
2027,3301108,70.9133
2028,3301108,74.1967
2029,3301108,77.2284
2030,3301108,80.0
2024,3301157,38.9263
2025,3301157,46.3989
2026,3301157,54.0368
2027,3301157,61.4896
2028,3301157,68.4398
2029,3301157,74.6527
2030,3301157,80.0
2024,3301207,49.4351
2025,3301207,55.2856
2026,3301207,60.9934
2027,3301207,66.4151
2028,3301207,71.4362
2029,3301207,75.9781
2030,3301207,80.0
2024,3301306,59.0884
2025,3301306,63.1207
2026,3301306,66.9778
2027,3301306,70.6191
2028,3301306,74.0148
2029,3301306,77.145
2030,3301306,80.0
2024,3301405,54.7057
2025,3301405,59.589
2026,3301405,64.2896
2027,3301405,68.7303
2028,3301405,72.852
2029,3301405,76.6152
2030,3301405,80.0
2024,3301504,62.6553
2025,3301504,65.9769
2026,3301504,69.1485
2027,3301504,72.1492
2028,3301504,74.9638
2029,3301504,77.5823
2030,3301504,80.0
2024,3301603,61.5249
2025,3301603,65.0728
2026,3301603,68.4613
2027,3301603,71.6641
2028,3301603,74.6621
2029,3301603,77.4428
2030,3301603,80.0
2024,3301702,52.5034
2025,3301702,57.8
2026,3301702,62.9229
2027,3301702,67.7708
2028,3301702,72.2642
2029,3301702,76.3497
2030,3301702,80.0
2024,3301801,65.7963
2025,3301801,68.4869
2026,3301801,71.059
2027,3301801,73.5023
2028,3301801,75.8097
2029,3301801,77.9763
2030,3301801,80.0
2024,3301850,55.0962
2025,3301850,59.9051
2026,3301850,64.5306
2027,3301850,68.8995
2028,3301850,72.9558
2029,3301850,76.6623
2030,3301850,80.0
2024,3301876,65.3411
2025,3301876,68.1231
2026,3301876,70.7818
2027,3301876,73.3055
2028,3301876,75.6862
2029,3301876,77.9185
2030,3301876,80.0
2024,3301900,56.036
2025,3301900,60.6646
2026,3301900,65.1093
2027,3301900,69.3059
2028,3301900,73.2054
2029,3301900,76.7756
2030,3301900,80.0
2024,3302007,48.0794
2025,3302007,54.1653
2026,3302007,60.1293
2027,3302007,65.8072
2028,3302007,71.0657
2029,3302007,75.8126
2030,3302007,80.0
2024,3302056,58.72
2025,3302056,62.825
2026,3302056,66.7529
2027,3302056,70.461
2028,3302056,73.9171
2029,3302056,77.1002
2030,3302056,80.0
2024,3302106,67.7073
2025,3302106,70.0149
2026,3302106,72.2253
2027,3302106,74.3325
2028,3302106,76.3322
2029,3302106,78.2218
2030,3302106,80.0
2024,3302205,70.4554
2025,3302205,72.2176
2026,3302205,73.9136
2027,3302205,75.5412
2028,3302205,77.0986
2029,3302205,78.585
2030,3302205,80.0
2024,3302254,67.4508
2025,3302254,69.8098
2026,3302254,72.0685
2027,3302254,74.2207
2028,3302254,76.2617
2029,3302254,78.1885
2030,3302254,80.0
2024,3302270,45.4594
2025,3302270,51.9809
2026,3302270,58.4356
2027,3302270,64.6133
2028,3302270,70.3389
2029,3302270,75.4895
2030,3302270,80.0
2024,3302304,50.8153
2025,3302304,56.4201
2026,3302304,61.8655
2027,3302304,67.0281
2028,3302304,71.8102
2029,3302304,76.1456
2030,3302304,80.0
2024,3302403,63.1949
2025,3302403,66.4082
2026,3302403,69.4764
2027,3302403,72.381
2028,3302403,75.1082
2029,3302403,77.6493
2030,3302403,80.0
2024,3302452,66.3093
2025,3302452,68.8969
2026,3302452,71.3716
2027,3302452,73.7245
2028,3302452,75.9492
2029,3302452,78.0417
2030,3302452,80.0
2024,3302502,51.7386
2025,3302502,57.1758
2026,3302502,62.445
2027,3302502,67.4352
2028,3302502,72.0589
2029,3302502,76.2574
2030,3302502,80.0
2024,3302601,52.8377
2025,3302601,58.0723
2026,3302601,63.1313
2027,3302601,67.9171
2028,3302601,72.3537
2029,3302601,76.39
2030,3302601,80.0
2024,3302700,60.5169
2025,3302700,64.2659
2026,3302700,67.8481
2027,3302700,71.2319
2028,3302700,74.394
2029,3302700,77.3191
2030,3302700,80.0
2024,3302809,61.95
2025,3302809,65.41
2026,3302809,68.72
2027,3302809,71.85
2028,3302809,74.78
2029,3302809,77.5
2030,3302809,80.0
2024,3302858,44.3215
2025,3302858,51.0235
2026,3302858,57.6889
2027,3302858,64.0857
2028,3302858,70.018
2029,3302858,75.3474
2030,3302858,80.0
2024,3302908,61.1503
2025,3302908,64.773
2026,3302908,68.2334
2027,3302908,71.5035
2028,3302908,74.5624
2029,3302908,77.3967
2030,3302908,80.0
2024,3303005,69.5691
2025,3303005,71.5063
2026,3303005,73.3673
2027,3303005,75.1491
2028,3303005,76.8492
2029,3303005,78.4664
2030,3303005,80.0
2024,3303104,63.5599
2025,3303104,66.6999
2026,3303104,69.6983
2027,3303104,72.5379
2028,3303104,75.2061
2029,3303104,77.6947
2030,3303104,80.0
2024,3303203,50.0961
2025,3303203,55.8297
2026,3303203,61.4119
2027,3303203,66.7094
2028,3303203,71.6157
2029,3303203,76.0584
2030,3303203,80.0
2024,3303302,56.5595
2025,3303302,61.0869
2026,3303302,65.4309
2027,3303302,69.5318
2028,3303302,73.3443
2029,3303302,76.8388
2030,3303302,80.0
2024,3303401,67.6907
2025,3303401,70.0017
2026,3303401,72.2152
2027,3303401,74.3253
2028,3303401,76.3277
2029,3303401,78.2196
2030,3303401,80.0
2024,3303500,40.1295
2025,3303500,47.4436
2026,3303500,54.8691
2027,3303500,62.0839
2028,3303500,68.8011
2029,3303500,74.8112
2030,3303500,80.0
2024,3303609,66.8801
2025,3303609,69.3533
2026,3303609,71.7199
2027,3303609,73.9723
2028,3303609,76.1051
2029,3303609,78.1149
2030,3303609,80.0
2024,3303708,54.8925
2025,3303708,59.7403
2026,3303708,64.4049
2027,3303708,68.8113
2028,3303708,72.9017
2029,3303708,76.6377
2030,3303708,80.0
2024,3303807,55.5453
2025,3303807,60.2683
2026,3303807,64.8074
2027,3303807,69.0939
2028,3303807,73.0752
2029,3303807,76.7164
2030,3303807,80.0
2024,3303856,68.6752
2025,3303856,70.7898
2026,3303856,72.8182
2027,3303856,74.7559
2028,3303856,76.5999
2029,3303856,78.3482
2030,3303856,80.0
2024,3303906,65.399
2025,3303906,68.1694
2026,3303906,70.817
2027,3303906,73.3306
2028,3303906,75.7019
2029,3303906,77.9258
2030,3303906,80.0
2024,3303955,56.0783
2025,3303955,60.6987
2026,3303955,65.1353
2027,3303955,69.3241
2028,3303955,73.2167
2029,3303955,76.7807
2030,3303955,80.0
2024,3304003,62.3148
2025,3304003,65.7046
2026,3304003,68.9415
2027,3304003,72.003
2028,3304003,74.8728
2029,3304003,77.5402
2030,3304003,80.0
2024,3304102,42.1095
2025,3304102,49.1454
2026,3304102,56.2154
2027,3304102,63.0417
2028,3304102,69.3833
2029,3304102,75.0672
2030,3304102,80.0
2024,3304110,63.9744
2025,3304110,67.0311
2026,3304110,69.9503
2027,3304110,72.7163
2028,3304110,75.3174
2029,3304110,77.7465
2030,3304110,80.0
2024,3304128,54.025
2025,3304128,59.0373
2026,3304128,63.8686
2027,3304128,68.4347
2028,3304128,72.6707
2029,3304128,76.5332
2030,3304128,80.0
2024,3304144,44.5551
2025,3304144,51.2205
2026,3304144,57.8428
2027,3304144,64.1945
2028,3304144,70.0842
2029,3304144,75.3766
2030,3304144,80.0
2024,3304151,68.4601
2025,3304151,70.6175
2026,3304151,72.6863
2027,3304151,74.6616
2028,3304151,76.5402
2029,3304151,78.32
2030,3304151,80.0
2024,3304201,70.4471
2025,3304201,72.211
2026,3304201,73.9085
2027,3304201,75.5375
2028,3304201,77.0963
2029,3304201,78.5839
2030,3304201,80.0
2024,3304300,59.866
2025,3304300,63.7444
2026,3304300,67.4517
2027,3304300,70.9527
2028,3304300,74.2211
2029,3304300,77.2396
2030,3304300,80.0
2024,3304409,67.9306
2025,3304409,70.1936
2026,3304409,72.362
2027,3304409,74.43
2028,3304409,76.3938
2029,3304409,78.2508
2030,3304409,80.0
2024,3304508,63.0538
2025,3304508,66.2954
2026,3304508,69.3907
2027,3304508,72.3204
2028,3304508,75.0704
2029,3304508,77.6317
2030,3304508,80.0
2024,3304524,68.1291
2025,3304524,70.3526
2026,3304524,72.4835
2027,3304524,74.5168
2028,3304524,76.4486
2029,3304524,78.2767
2030,3304524,80.0
2024,3304557,60.1415
2025,3304557,63.9652
2026,3304557,67.6195
2027,3304557,71.0709
2028,3304557,74.2942
2029,3304557,77.2733
2030,3304557,80.0
2024,3304607,67.06
2025,3304607,69.5
2026,3304607,71.83
2027,3304607,74.05
2028,3304607,76.15
2029,3304607,78.14
2030,3304607,80.0
2024,3304706,68.5842
2025,3304706,70.7169
2026,3304706,72.7624
2027,3304706,74.716
2028,3304706,76.5746
2029,3304706,78.3363
2030,3304706,80.0
2024,3304755,49.3567
2025,3304755,55.221
2026,3304755,60.9436
2027,3304755,66.3801
2028,3304755,71.4148
2029,3304755,75.9686
2030,3304755,80.0
2024,3304805,46.0829
2025,3304805,52.5032
2026,3304805,58.8418
2027,3304805,64.8999
2028,3304805,70.5133
2029,3304805,75.5669
2030,3304805,80.0
2024,3304904,51.2301
2025,3304904,56.7598
2026,3304904,62.1262
2027,3304904,67.2112
2028,3304904,71.9221
2029,3304904,76.1959
2030,3304904,80.0
2024,3305000,56.7282
2025,3305000,61.2229
2026,3305000,65.5344
2027,3305000,69.6045
2028,3305000,73.3891
2029,3305000,76.8591
2030,3305000,80.0
2024,3305109,44.1235
2025,3305109,50.8563
2026,3305109,57.5582
2027,3305109,63.9932
2028,3305109,69.9618
2029,3305109,75.3225
2030,3305109,80.0
2024,3305133,75.8634
2025,3305133,76.5915
2026,3305133,77.3042
2027,3305133,78.0014
2028,3305133,78.6831
2029,3305133,79.3493
2030,3305133,80.0
2024,3305158,72.7635
2025,3305158,74.0761
2026,3305158,75.3469
2027,3305158,76.5751
2028,3305158,77.7602
2029,3305158,78.9019
2030,3305158,80.0
2024,3305208,60.1666
2025,3305208,63.9852
2026,3305208,67.6348
2027,3305208,71.0816
2028,3305208,74.3009
2029,3305208,77.2763
2030,3305208,80.0
2024,3305307,66.3754
2025,3305307,68.9498
2026,3305307,71.412
2027,3305307,73.7532
2028,3305307,75.9673
2029,3305307,78.0501
2030,3305307,80.0
2024,3305406,67.9389
2025,3305406,70.2003
2026,3305406,72.367
2027,3305406,74.4336
2028,3305406,76.3961
2029,3305406,78.2519
2030,3305406,80.0
2024,3305505,66.2431
2025,3305505,68.844
2026,3305505,71.3313
2027,3305505,73.6959
2028,3305505,75.9312
2029,3305505,78.0332
2030,3305505,80.0
2024,3305554,51.9452
2025,3305554,57.3445
2026,3305554,62.5743
2027,3305554,67.5259
2028,3305554,72.1144
2029,3305554,76.2823
2030,3305554,80.0
2024,3305604,59.4732
2025,3305604,63.4294
2026,3305604,67.2124
2027,3305604,70.7843
2028,3305604,74.1168
2029,3305604,77.1918
2030,3305604,80.0
2024,3305703,75.0
2025,3305703,76.0
2026,3305703,77.0
2027,3305703,78.0
2028,3305703,79.0
2029,3305703,79.0
2030,3305703,80.0
2024,3305752,59.4899
2025,3305752,63.4429
2026,3305752,67.2226
2027,3305752,70.7914
2028,3305752,74.1213
2029,3305752,77.1938
2030,3305752,80.0
2024,3305802,63.087
2025,3305802,66.322
2026,3305802,69.4109
2027,3305802,72.3347
2028,3305802,75.0793
2029,3305802,77.6359
2030,3305802,80.0
2024,3305901,77.6502
2025,3305901,78.0551
2026,3305901,78.4547
2027,3305901,78.849
2028,3305901,79.2379
2029,3305901,79.6216
2030,3305901,80.0
2024,3306008,57.8811
2025,3306008,62.151
2026,3306008,66.2404
2027,3306008,70.1006
2028,3306008,73.6947
2029,3306008,76.9985
2030,3306008,80.0
2024,3306107,61.95
2025,3306107,65.41
2026,3306107,68.72
2027,3306107,71.85
2028,3306107,74.78
2029,3306107,77.5
2030,3306107,80.0
2024,3306156,80.0
2025,3306156,80.0
2026,3306156,80.0
2027,3306156,80.0
2028,3306156,80.0
2029,3306156,80.0
2030,3306156,80.0
2024,3306206,67.7983
2025,3306206,70.0877
2026,3306206,72.281
2027,3306206,74.3722
2028,3306206,76.3573
2029,3306206,78.2336
2030,3306206,80.0
2024,3306305,63.4106
2025,3306305,66.5806
2026,3306305,69.6076
2027,3306305,72.4737
2028,3306305,75.166
2029,3306305,77.6761
2030,3306305,80.0
2024,3500105,69.4449
2025,3500105,71.4067
2026,3500105,73.2909
2027,3500105,75.0943
2028,3500105,76.8145
2029,3500105,78.4499
2030,3500105,80.0
2024,3500204,66.2513
2025,3500204,68.8506
2026,3500204,71.3363
2027,3500204,73.6994
2028,3500204,75.9335
2029,3500204,78.0343
2030,3500204,80.0
2024,3500303,52.3833
2025,3500303,57.702
2026,3500303,62.848
2027,3500303,67.7182
2028,3500303,72.232
2029,3500303,76.3352
2030,3500303,80.0
2024,3500402,67.2606
2025,3500402,69.6576
2026,3500402,71.9523
2027,3500402,74.1378
2028,3500402,76.2094
2029,3500402,78.1639
2030,3500402,80.0
2024,3500501,64.455
2025,3500501,67.4152
2026,3500501,70.2426
2027,3500501,72.9232
2028,3500501,75.4468
2029,3500501,77.8067
2030,3500501,80.0
2024,3500550,54.9689
2025,3500550,59.8021
2026,3500550,64.4521
2027,3500550,68.8444
2028,3500550,72.922
2029,3500550,76.6469
2030,3500550,80.0
2024,3500600,80.0
2025,3500600,80.0
2026,3500600,80.0
2027,3500600,80.0
2028,3500600,80.0
2029,3500600,80.0
2030,3500600,80.0
2024,3500709,61.0087
2025,3500709,64.6597
2026,3500709,68.1473
2027,3500709,71.4428
2028,3500709,74.5247
2029,3500709,77.3794
2030,3500709,80.0
2024,3500758,72.9132
2025,3500758,74.1971
2026,3500758,75.4406
2027,3500758,76.643
2028,3500758,77.8038
2029,3500758,78.9229
2030,3500758,80.0
2024,3500907,59.8493
2025,3500907,63.731
2026,3500907,67.4415
2027,3500907,70.9456
2028,3500907,74.2166
2029,3500907,77.2376
2030,3500907,80.0
2024,3501004,70.36
2025,3501004,72.14
2026,3501004,73.85
2027,3501004,75.5
2028,3501004,77.07
2029,3501004,78.57
2030,3501004,80.0
2024,3501103,63.0123
2025,3501103,66.2623
2026,3501103,69.3655
2027,3501103,72.3026
2028,3501103,75.0593
2029,3501103,77.6266
2030,3501103,80.0
2024,3501152,54.0
2025,3501152,59.0
2026,3501152,64.0
2027,3501152,68.0
2028,3501152,73.0
2029,3501152,77.0
2030,3501152,80.0
2024,3501202,78.8213
2025,3501202,79.0212
2026,3501202,79.2198
2027,3501202,79.4169
2028,3501202,79.6127
2029,3501202,79.807
2030,3501202,80.0
2024,3501301,58.2337
2025,3501301,62.4344
2026,3501301,66.456
2027,3501301,70.2521
2028,3501301,73.7882
2029,3501301,77.0412
2030,3501301,80.0
2024,3501400,58.9461
2025,3501400,63.0065
2026,3501400,66.8909
2027,3501400,70.5581
2028,3501400,73.977
2029,3501400,77.1277
2030,3501400,80.0
2024,3501509,75.1756
2025,3501509,76.0311
2026,3501509,76.8661
2027,3501509,77.6806
2028,3501509,78.4744
2029,3501509,79.2476
2030,3501509,80.0
2024,3501608,62.107
2025,3501608,65.5385
2026,3501608,68.8152
2027,3501608,71.9139
2028,3501608,74.8173
2029,3501608,77.5145
2030,3501608,80.0
2024,3501707,68.6338
2025,3501707,70.7567
2026,3501707,72.7928
2027,3501707,74.7378
2028,3501707,76.5884
2029,3501707,78.3428
2030,3501707,80.0
2024,3501806,63.2861
2025,3501806,66.4811
2026,3501806,69.5319
2027,3501806,72.4202
2028,3501806,75.1327
2029,3501806,77.6606
2030,3501806,80.0
2024,3501905,56.9726
2025,3501905,61.4198
2026,3501905,65.6842
2027,3501905,69.7098
2028,3501905,73.4539
2029,3501905,76.8886
2030,3501905,80.0
2024,3502002,50.3217
2025,3502002,56.015
2026,3502002,61.5544
2027,3502002,66.8095
2028,3502002,71.6768
2029,3502002,76.0858
2030,3502002,80.0
2024,3502101,60.7921
2025,3502101,64.4863
2026,3502101,68.0155
2027,3502101,71.3499
2028,3502101,74.4671
2029,3502101,77.3528
2030,3502101,80.0
2024,3502200,53.445
2025,3502200,58.5663
2026,3502200,63.5089
2027,3502200,68.1822
2028,3502200,72.516
2029,3502200,76.4633
2030,3502200,80.0
2024,3502309,44.9945
2025,3502309,51.5904
2026,3502309,58.1314
2027,3502309,64.3985
2028,3502309,70.2082
2029,3502309,75.4316
2030,3502309,80.0
2024,3502408,69.089
2025,3502408,71.1213
2026,3502408,73.0722
2027,3502408,74.9376
2028,3502408,76.715
2029,3502408,78.4027
2030,3502408,80.0
2024,3502507,49.3305
2025,3502507,55.1994
2026,3502507,60.927
2027,3502507,66.3684
2028,3502507,71.4077
2029,3502507,75.9654
2030,3502507,80.0
2024,3502606,69.1883
2025,3502606,71.2009
2026,3502606,73.1332
2027,3502606,74.9813
2028,3502606,76.7428
2029,3502606,78.4159
2030,3502606,80.0
2024,3502705,70.2897
2025,3502705,72.0845
2026,3502705,73.8113
2027,3502705,75.4677
2028,3502705,77.0518
2029,3502705,78.5627
2030,3502705,80.0
2024,3502754,55.0
2025,3502754,60.0
2026,3502754,65.0
2027,3502754,69.0
2028,3502754,73.0
2029,3502754,77.0
2030,3502754,80.0
2024,3502804,68.0961
2025,3502804,70.3261
2026,3502804,72.4632
2027,3502804,74.5023
2028,3502804,76.4395
2029,3502804,78.2724
2030,3502804,80.0
2024,3502903,54.4166
2025,3502903,59.3549
2026,3502903,64.1109
2027,3502903,68.6049
2028,3502903,72.775
2029,3502903,76.5804
2030,3502903,80.0
2024,3503000,49.1561
2025,3503000,55.0555
2026,3503000,60.8162
2027,3503000,66.2905
2028,3503000,71.3602
2029,3503000,75.9441
2030,3503000,80.0
2024,3503109,58.4853
2025,3503109,62.6365
2026,3503109,66.6097
2027,3503109,70.3602
2028,3503109,73.8549
2029,3503109,77.0717
2030,3503109,80.0
2024,3503158,53.2655
2025,3503158,58.4204
2026,3503158,63.3974
2027,3503158,68.1039
2028,3503158,72.4681
2029,3503158,76.4416
2030,3503158,80.0
2024,3503208,59.8994
2025,3503208,63.7711
2026,3503208,67.4721
2027,3503208,70.9671
2028,3503208,74.2299
2029,3503208,77.2437
2030,3503208,80.0
2024,3503307,61.7329
2025,3503307,65.2392
2026,3503307,68.5877
2027,3503307,71.7533
2028,3503307,74.7175
2029,3503307,77.4684
2030,3503307,80.0
2024,3503356,35.7229
2025,3503356,43.5742
2026,3503356,51.7616
2027,3503356,59.8554
2028,3503356,67.4453
2029,3503356,74.2183
2030,3503356,80.0
2024,3503406,73.7714
2025,3503406,74.8912
2026,3503406,75.9787
2027,3503406,77.0336
2028,3503406,78.0555
2029,3503406,79.0443
2030,3503406,80.0
2024,3503505,62.8961
2025,3503505,66.1694
2026,3503505,69.2948
2027,3503505,72.2526
2028,3503505,75.0282
2029,3503505,77.6122
2030,3503505,80.0
2024,3503604,73.5213
2025,3503604,74.6887
2026,3503604,75.8215
2027,3503604,76.9194
2028,3503604,77.9818
2029,3503604,79.0087
2030,3503604,80.0
2024,3503703,66.4334
2025,3503703,68.9961
2026,3503703,71.4473
2027,3503703,73.7784
2028,3503703,75.9831
2029,3503703,78.0575
2030,3503703,80.0
2024,3503802,55.0283
2025,3503802,59.8502
2026,3503802,64.4887
2027,3503802,68.8701
2028,3503802,72.9378
2029,3503802,76.6541
2030,3503802,80.0
2024,3503901,55.6554
2025,3503901,60.3572
2026,3503901,64.8752
2027,3503901,69.1415
2028,3503901,73.1044
2029,3503901,76.7297
2030,3503901,80.0
2024,3504008,49.2346
2025,3504008,55.1203
2026,3504008,60.8661
2027,3504008,66.3256
2028,3504008,71.3816
2029,3504008,75.9537
2030,3504008,80.0
2024,3504107,72.05
2025,3504107,73.5
2026,3504107,74.9
2027,3504107,76.25
2028,3504107,77.55
2029,3504107,78.8
2030,3504107,80.0
2024,3504206,70.4306
2025,3504206,72.1977
2026,3504206,73.8983
2027,3504206,75.5302
2028,3504206,77.0916
2029,3504206,78.5817
2030,3504206,80.0
2024,3504305,59.4147
2025,3504305,63.3825
2026,3504305,67.1767
2027,3504305,70.7591
2028,3504305,74.1013
2029,3504305,77.1847
2030,3504305,80.0
2024,3504404,72.3642
2025,3504404,73.7539
2026,3504404,75.0978
2027,3504404,76.3948
2028,3504404,77.6444
2029,3504404,78.8462
2030,3504404,80.0
2024,3504503,61.2252
2025,3504503,64.833
2026,3504503,68.279
2027,3504503,71.5356
2028,3504503,74.5823
2029,3504503,77.4059
2030,3504503,80.0
2024,3504602,59.6822
2025,3504602,63.597
2026,3504602,67.3397
2027,3504602,70.8739
2028,3504602,74.1723
2029,3504602,77.2172
2030,3504602,80.0
2024,3504701,80.0
2025,3504701,80.0
2026,3504701,80.0
2027,3504701,80.0
2028,3504701,80.0
2029,3504701,80.0
2030,3504701,80.0
2024,3504800,80.0
2025,3504800,80.0
2026,3504800,80.0
2027,3504800,80.0
2028,3504800,80.0
2029,3504800,80.0
2030,3504800,80.0
2024,3504909,53.0432
2025,3504909,58.2395
2026,3504909,63.2591
2027,3504909,68.0068
2028,3504909,72.4086
2029,3504909,76.4148
2030,3504909,80.0
2024,3505005,67.9141
2025,3505005,70.1804
2026,3505005,72.3518
2027,3505005,74.4228
2028,3505005,76.3892
2029,3505005,78.2487
2030,3505005,80.0
2024,3505104,67.3019
2025,3505104,69.6907
2026,3505104,71.9775
2027,3505104,74.1558
2028,3505104,76.2208
2029,3505104,78.1693
2030,3505104,80.0
2024,3505203,67.3019
2025,3505203,69.6907
2026,3505203,71.9775
2027,3505203,74.1558
2028,3505203,76.2208
2029,3505203,78.1693
2030,3505203,80.0
2024,3505302,61.3251
2025,3505302,64.913
2026,3505302,68.3398
2027,3505302,71.5785
2028,3505302,74.6089
2029,3505302,77.4182
2030,3505302,80.0
2024,3505351,67.5005
2025,3505351,69.8495
2026,3505351,72.0989
2027,3505351,74.2423
2028,3505351,76.2753
2029,3505351,78.1949
2030,3505351,80.0
2024,3505401,80.0
2025,3505401,80.0
2026,3505401,80.0
2027,3505401,80.0
2028,3505401,80.0
2029,3505401,80.0
2030,3505401,80.0
2024,3505500,63.0372
2025,3505500,66.2822
2026,3505500,69.3806
2027,3505500,72.3133
2028,3505500,75.066
2029,3505500,77.6297
2030,3505500,80.0
2024,3505609,59.5234
2025,3505609,63.4697
2026,3505609,67.243
2027,3505609,70.8058
2028,3505609,74.1302
2029,3505609,77.1979
2030,3505609,80.0
2024,3505708,65.6307
2025,3505708,68.3546
2026,3505708,70.9582
2027,3505708,73.4307
2028,3505708,75.7647
2029,3505708,77.9552
2030,3505708,80.0
2024,3505807,56.5258
2025,3505807,61.0597
2026,3505807,65.4102
2027,3505807,69.5172
2028,3505807,73.3354
2029,3505807,76.8347
2030,3505807,80.0
2024,3505906,64.0739
2025,3505906,67.1106
2026,3505906,70.0108
2027,3505906,72.7591
2028,3505906,75.3442
2029,3505906,77.7589
2030,3505906,80.0
2024,3506003,49.5658
2025,3506003,55.3933
2026,3506003,61.0762
2027,3506003,66.4734
2028,3506003,71.4717
2029,3506003,75.994
2030,3506003,80.0
2024,3506102,53.8205
2025,3506102,58.8713
2026,3506102,63.7418
2027,3506102,68.3457
2028,3506102,72.6162
2029,3506102,76.5085
2030,3506102,80.0
2024,3506201,80.0
2025,3506201,80.0
2026,3506201,80.0
2027,3506201,80.0
2028,3506201,80.0
2029,3506201,80.0
2030,3506201,80.0
2024,3506300,70.2068
2025,3506300,72.018
2026,3506300,73.7602
2027,3506300,75.431
2028,3506300,77.0285
2029,3506300,78.5516
2030,3506300,80.0
2024,3506359,58.8707
2025,3506359,62.946
2026,3506359,66.845
2027,3506359,70.5257
2028,3506359,73.9571
2029,3506359,77.1185
2030,3506359,80.0
2024,3506409,63.3027
2025,3506409,66.4944
2026,3506409,69.542
2027,3506409,72.4274
2028,3506409,75.1371
2029,3506409,77.6627
2030,3506409,80.0
2024,3506508,73.0
2025,3506508,74.0
2026,3506508,75.0
2027,3506508,76.0
2028,3506508,78.0
2029,3506508,79.0
2030,3506508,80.0
2024,3506607,48.5354
2025,3506607,54.5428
2026,3506607,60.4208
2027,3506607,66.0124
2028,3506607,71.1907
2029,3506607,75.8684
2030,3506607,80.0
2024,3506706,48.1233
2025,3506706,54.2016
2026,3506706,60.1574
2027,3506706,65.827
2028,3506706,71.0777
2029,3506706,75.818
2030,3506706,80.0
2024,3506805,39.6832
2025,3506805,47.057
2026,3506805,54.5617
2027,3506805,61.8646
2028,3506805,68.6678
2029,3506805,74.7527
2030,3506805,80.0
2024,3506904,51.325
2025,3506904,56.8375
2026,3506904,62.1857
2027,3506904,67.2531
2028,3506904,71.9477
2029,3506904,76.2073
2030,3506904,80.0
2024,3507001,64.6538
2025,3507001,67.574
2026,3507001,70.3635
2027,3507001,73.0089
2028,3507001,75.5004
2029,3507001,77.8317
2030,3507001,80.0
2024,3507100,71.4838
2025,3507100,73.0445
2026,3507100,74.5502
2027,3507100,75.9994
2028,3507100,77.3911
2029,3507100,78.7247
2030,3507100,80.0
2024,3507159,60.25
2025,3507159,64.0521
2026,3507159,67.6856
2027,3507159,71.1174
2028,3507159,74.323
2029,3507159,77.2865
2030,3507159,80.0
2024,3507209,58.0
2025,3507209,63.0
2026,3507209,67.0
2027,3507209,70.0
2028,3507209,74.0
2029,3507209,77.0
2030,3507209,80.0
2024,3507308,72.5472
2025,3507308,73.9015
2026,3507308,75.2119
2027,3507308,76.4774
2028,3507308,77.6974
2029,3507308,78.8717
2030,3507308,80.0
2024,3507407,80.0
2025,3507407,80.0
2026,3507407,80.0
2027,3507407,80.0
2028,3507407,80.0
2029,3507407,80.0
2030,3507407,80.0
2024,3507456,64.2313
2025,3507456,67.2364
2026,3507456,70.1065
2027,3507456,72.8269
2028,3507456,75.3865
2029,3507456,77.7787
2030,3507456,80.0
2024,3507506,62.564
2025,3507506,65.9039
2026,3507506,69.093
2027,3507506,72.11
2028,3507506,74.9394
2029,3507506,77.571
2030,3507506,80.0
2024,3507605,56.6355
2025,3507605,61.1481
2026,3507605,65.4775
2027,3507605,69.5645
2028,3507605,73.3645
2029,3507605,76.8479
2030,3507605,80.0
2024,3507704,80.0
2025,3507704,80.0
2026,3507704,80.0
2027,3507704,80.0
2028,3507704,80.0
2029,3507704,80.0
2030,3507704,80.0
2024,3507753,80.0
2025,3507753,80.0
2026,3507753,80.0
2027,3507753,80.0
2028,3507753,80.0
2029,3507753,80.0
2030,3507753,80.0
2024,3507803,58.0322
2025,3507803,62.2725
2026,3507803,66.3329
2027,3507803,70.1656
2028,3507803,73.7348
2029,3507803,77.0168
2030,3507803,80.0
2024,3507902,64.894
2025,3507902,67.7659
2026,3507902,70.5096
2027,3507902,73.1125
2028,3507902,75.5653
2029,3507902,77.862
2030,3507902,80.0
2024,3508009,53.991
2025,3508009,59.0097
2026,3508009,63.8475
2027,3508009,68.4199
2028,3508009,72.6616
2029,3508009,76.5291
2030,3508009,80.0
2024,3508108,66.6402
2025,3508108,69.1615
2026,3508108,71.5735
2027,3508108,73.8681
2028,3508108,76.0395
2029,3508108,78.0841
2030,3508108,80.0
2024,3508207,80.0
2025,3508207,80.0
2026,3508207,80.0
2027,3508207,80.0
2028,3508207,80.0
2029,3508207,80.0
2030,3508207,80.0
2024,3508306,79.5
2025,3508306,79.58
2026,3508306,79.66
2027,3508306,79.75
2028,3508306,79.83
2029,3508306,79.92
2030,3508306,80.0
2024,3508405,54.1783
2025,3508405,59.1617
2026,3508405,63.9635
2027,3508405,68.5014
2028,3508405,72.7116
2029,3508405,76.5517
2030,3508405,80.0
2024,3508504,57.5113
2025,3508504,61.8535
2026,3508504,66.0142
2027,3508504,69.9416
2028,3508504,73.5967
2029,3508504,76.9538
2030,3508504,80.0
2024,3508603,55.0113
2025,3508603,59.8365
2026,3508603,64.4783
2027,3508603,68.8628
2028,3508603,72.9333
2029,3508603,76.652
2030,3508603,80.0
2024,3508702,71.7827
2025,3508702,73.2851
2026,3508702,74.7358
2027,3508702,76.1333
2028,3508702,77.4768
2029,3508702,78.7658
2030,3508702,80.0
2024,3508801,64.2976
2025,3508801,67.2894
2026,3508801,70.1469
2027,3508801,72.8554
2028,3508801,75.4044
2029,3508801,77.787
2030,3508801,80.0
2024,3508900,50.1655
2025,3508900,55.8868
2026,3508900,61.4558
2027,3508900,66.7402
2028,3508900,71.6345
2029,3508900,76.0669
2030,3508900,80.0
2024,3509007,49.6876
2025,3509007,55.4936
2026,3509007,61.1535
2027,3509007,66.5277
2028,3509007,71.5048
2029,3509007,76.0088
2030,3509007,80.0
2024,3509106,58.9042
2025,3509106,62.9729
2026,3509106,66.8654
2027,3509106,70.5401
2028,3509106,73.9659
2029,3509106,77.1226
2030,3509106,80.0
2024,3509205,55.7062
2025,3509205,60.3983
2026,3509205,64.9064
2027,3509205,69.1634
2028,3509205,73.1179
2029,3509205,76.7358
2030,3509205,80.0
2024,3509254,62.4311
2025,3509254,65.7976
2026,3509254,69.0122
2027,3509254,72.053
2028,3509254,74.9039
2029,3509254,77.5545
2030,3509254,80.0
2024,3509304,64.3225
2025,3509304,67.3092
2026,3509304,70.162
2027,3509304,72.8661
2028,3509304,75.4111
2029,3509304,77.7901
2030,3509304,80.0
2024,3509403,73.0714
2025,3509403,74.3249
2026,3509403,75.5395
2027,3509403,76.7147
2028,3509403,77.85
2029,3509403,78.9451
2030,3509403,80.0
2024,3509452,51.3163
2025,3509452,56.8305
2026,3509452,62.1803
2027,3509452,67.2493
2028,3509452,71.9453
2029,3509452,76.2063
2030,3509452,80.0
2024,3509502,47.763
2025,3509502,53.9029
2026,3509502,59.9265
2027,3509502,65.6645
2028,3509502,70.9787
2029,3509502,75.7739
2030,3509502,80.0
2024,3509601,54.8076
2025,3509601,59.6716
2026,3509601,64.3525
2027,3509601,68.7745
2028,3509601,72.8791
2029,3509601,76.6275
2030,3509601,80.0
2024,3509700,55.9768
2025,3509700,60.6168
2026,3509700,65.0729
2027,3509700,69.2803
2028,3509700,73.1897
2029,3509700,76.7684
2030,3509700,80.0
2024,3509809,39.0574
2025,3509809,46.5132
2026,3509809,54.1281
2027,3509809,61.5549
2028,3509809,68.4795
2029,3509809,74.6701
2030,3509809,80.0
2024,3509908,67.3268
2025,3509908,69.7105
2026,3509908,71.9927
2027,3509908,74.1666
2028,3509908,76.2276
2029,3509908,78.1725
2030,3509908,80.0
2024,3509957,57.9483
2025,3509957,62.205
2026,3509957,66.2815
2027,3509957,70.1295
2028,3509957,73.7125
2029,3509957,77.0067
2030,3509957,80.0
2024,3510005,73.8715
2025,3510005,74.9723
2026,3510005,76.0417
2027,3510005,77.0794
2028,3510005,78.0851
2029,3510005,79.0586
2030,3510005,80.0
2024,3510104,71.2348
2025,3510104,72.8442
2026,3510104,74.3958
2027,3510104,75.8881
2028,3510104,77.32
2029,3510104,78.6907
2030,3510104,80.0
2024,3510153,80.0
2025,3510153,80.0
2026,3510153,80.0
2027,3510153,80.0
2028,3510153,80.0
2029,3510153,80.0
2030,3510153,80.0
2024,3510203,65.2997
2025,3510203,68.0901
2026,3510203,70.7566
2027,3510203,73.2876
2028,3510203,75.675
2029,3510203,77.9133
2030,3510203,80.0
2024,3510302,52.8206
2025,3510302,58.0583
2026,3510302,63.1206
2027,3510302,67.9096
2028,3510302,72.3491
2029,3510302,76.388
2030,3510302,80.0
2024,3510401,67.0124
2025,3510401,69.4591
2026,3510401,71.8007
2027,3510401,74.0299
2028,3510401,76.1414
2029,3510401,78.1319
2030,3510401,80.0
2024,3510500,58.5943
2025,3510500,62.7241
2026,3510500,66.6762
2027,3510500,70.407
2028,3510500,73.8838
2029,3510500,77.085
2030,3510500,80.0
2024,3510609,50.8326
2025,3510609,56.4343
2026,3510609,61.8764
2027,3510609,67.0357
2028,3510609,71.8149
2029,3510609,76.1477
2030,3510609,80.0
2024,3510708,70.7124
2025,3510708,72.4241
2026,3510708,74.0724
2027,3510708,75.6553
2028,3510708,77.1714
2029,3510708,78.6197
2030,3510708,80.0
2024,3510807,50.6336
2025,3510807,56.2711
2026,3510807,61.7511
2027,3510807,66.9477
2028,3510807,71.7612
2029,3510807,76.1236
2030,3510807,80.0
2024,3510906,69.2876
2025,3510906,71.2806
2026,3510906,73.1942
2027,3510906,75.025
2028,3510906,76.7705
2029,3510906,78.429
2030,3510906,80.0
2024,3511003,53.1031
2025,3511003,58.2882
2026,3511003,63.2964
2027,3511003,68.033
2028,3511003,72.4246
2029,3511003,76.422
2030,3511003,80.0
2024,3511102,58.6194
2025,3511102,62.7442
2026,3511102,66.6916
2027,3511102,70.4178
2028,3511102,73.8904
2029,3511102,77.088
2030,3511102,80.0
2024,3511201,58.544
2025,3511201,62.6837
2026,3511201,66.6455
2027,3511201,70.3854
2028,3511201,73.8704
2029,3511201,77.0789
2030,3511201,80.0
2024,3511300,74.0218
2025,3511300,75.094
2026,3511300,76.1363
2027,3511300,77.1482
2028,3511300,78.1295
2029,3511300,79.0801
2030,3511300,80.0
2024,3511409,49.792
2025,3511409,55.5795
2026,3511409,61.2196
2027,3511409,66.5742
2028,3511409,71.5332
2029,3511409,76.0215
2030,3511409,80.0
2024,3511508,64.0821
2025,3511508,67.1172
2026,3511508,70.0158
2027,3511508,72.7626
2028,3511508,75.3464
2029,3511508,77.76
2030,3511508,80.0
2024,3511607,59.7323
2025,3511607,63.6372
2026,3511607,67.3703
2027,3511607,70.8954
2028,3511607,74.1856
2029,3511607,77.2233
2030,3511607,80.0
2024,3511706,50.3044
2025,3511706,56.0008
2026,3511706,61.5434
2027,3511706,66.8018
2028,3511706,71.6721
2029,3511706,76.0837
2030,3511706,80.0
2024,3511904,55.8331
2025,3511904,60.5008
2026,3511904,64.9845
2027,3511904,69.2182
2028,3511904,73.1516
2029,3511904,76.7511
2030,3511904,80.0
2024,3512001,49.6093
2025,3512001,55.4291
2026,3512001,61.1038
2027,3512001,66.4928
2028,3512001,71.4836
2029,3512001,75.9993
2030,3512001,80.0
2024,3512100,80.0
2025,3512100,80.0
2026,3512100,80.0
2027,3512100,80.0
2028,3512100,80.0
2029,3512100,80.0
2030,3512100,80.0
2024,3512209,58.2924
2025,3512209,62.4816
2026,3512209,66.4918
2027,3512209,70.2774
2028,3512209,73.8037
2029,3512209,77.0484
2030,3512209,80.0
2024,3512308,52.6664
2025,3512308,57.9327
2026,3512308,63.0245
2027,3512308,67.8421
2028,3512308,72.3078
2029,3512308,76.3694
2030,3512308,80.0
2024,3512407,75.2846
2025,3512407,76.1197
2026,3512407,76.9353
2027,3512407,77.7312
2028,3512407,78.5073
2029,3512407,79.2636
2030,3512407,80.0
2024,3512506,71.1187
2025,3512506,72.7507
2026,3512506,74.3238
2027,3512506,75.8363
2028,3512506,77.2869
2029,3512506,78.6749
2030,3512506,80.0
2024,3512605,51.7559
2025,3512605,57.1899
2026,3512605,62.4558
2027,3512605,67.4427
2028,3512605,72.0636
2029,3512605,76.2594
2030,3512605,80.0
2024,3512704,49.4612
2025,3512704,55.3072
2026,3512704,61.01
2027,3512704,66.4268
2028,3512704,71.4433
2029,3512704,75.9813
2030,3512704,80.0
2024,3512803,57.4272
2025,3512803,61.7858
2026,3512803,65.9627
2027,3512803,69.9054
2028,3512803,73.5744
2029,3512803,76.9436
2030,3512803,80.0
2024,3512902,80.0
2025,3512902,80.0
2026,3512902,80.0
2027,3512902,80.0
2028,3512902,80.0
2029,3512902,80.0
2030,3512902,80.0
2024,3513009,55.503
2025,3513009,60.2341
2026,3513009,64.7813
2027,3513009,69.0756
2028,3513009,73.0639
2029,3513009,76.7113
2030,3513009,80.0
2024,3513108,47.9476
2025,3513108,54.056
2026,3513108,60.0449
2027,3513108,65.7478
2028,3513108,71.0295
2029,3513108,75.7965
2030,3513108,80.0
2024,3513207,54.9095
2025,3513207,59.754
2026,3513207,64.4154
2027,3513207,68.8186
2028,3513207,72.9062
2029,3513207,76.6398
2030,3513207,80.0
2024,3513306,80.0
2025,3513306,80.0
2026,3513306,80.0
2027,3513306,80.0
2028,3513306,80.0
2029,3513306,80.0
2030,3513306,80.0
2024,3513405,45.6823
2025,3513405,52.1678
2026,3513405,58.5811
2027,3513405,64.716
2028,3513405,70.4014
2029,3513405,75.5172
2030,3513405,80.0
2024,3513504,53.6499
2025,3513504,58.7327
2026,3513504,63.636
2027,3513504,68.2714
2028,3513504,72.5707
2029,3513504,76.488
2030,3513504,80.0
2024,3513603,54.884
2025,3513603,59.7334
2026,3513603,64.3997
2027,3513603,68.8076
2028,3513603,72.8994
2029,3513603,76.6367
2030,3513603,80.0
2024,3513702,62.7799
2025,3513702,66.0765
2026,3513702,69.2242
2027,3513702,72.2027
2028,3513702,74.9971
2029,3513702,77.5977
2030,3513702,80.0
2024,3513801,47.0489
2025,3513801,53.3093
2026,3513801,59.4671
2027,3513801,65.3409
2028,3513801,70.7816
2029,3513801,75.6861
2030,3513801,80.0
2024,3513850,52.0913
2025,3513850,57.4638
2026,3513850,62.6656
2027,3513850,67.5901
2028,3513850,72.1537
2029,3513850,76.3
2030,3513850,80.0
2024,3513900,56.8968
2025,3513900,61.3588
2026,3513900,65.6378
2027,3513900,69.6771
2028,3513900,73.4338
2029,3513900,76.8795
2030,3513900,80.0
2024,3514106,64.5047
2025,3514106,67.4549
2026,3514106,70.2728
2027,3514106,72.9447
2028,3514106,75.4602
2029,3514106,77.813
2030,3514106,80.0
2024,3514205,77.1262
2025,3514205,77.6246
2026,3514205,78.1153
2027,3514205,78.5982
2028,3514205,79.0733
2029,3514205,79.5405
2030,3514205,80.0
2024,3514304,72.8383
2025,3514304,74.1366
2026,3514304,75.3937
2027,3514304,76.609
2028,3514304,77.782
2029,3514304,78.9124
2030,3514304,80.0
2024,3514403,65.9038
2025,3514403,68.5729
2026,3514403,71.1245
2027,3514403,73.5489
2028,3514403,75.8389
2029,3514403,77.9899
2030,3514403,80.0
2024,3514502,80.0
2025,3514502,80.0
2026,3514502,80.0
2027,3514502,80.0
2028,3514502,80.0
2029,3514502,80.0
2030,3514502,80.0
2024,3514601,77.2529
2025,3514601,77.7286
2026,3514601,78.1972
2027,3514601,78.6586
2028,3514601,79.1129
2029,3514601,79.56
2030,3514601,80.0
2024,3514700,78.1755
2025,3514700,78.4877
2026,3514700,78.7967
2027,3514700,79.1024
2028,3514700,79.4048
2029,3514700,79.704
2030,3514700,80.0
2024,3514809,65.2417
2025,3514809,68.0438
2026,3514809,70.7213
2027,3514809,73.2626
2028,3514809,75.6593
2029,3514809,77.9059
2030,3514809,80.0
2024,3514908,59.2558
2025,3514908,63.255
2026,3514908,67.0798
2027,3514908,70.691
2028,3514908,74.0592
2029,3514908,77.1653
2030,3514908,80.0
2024,3514924,73.563
2025,3514924,74.7224
2026,3514924,75.8477
2027,3514924,76.9384
2028,3514924,77.9941
2029,3514924,79.0146
2030,3514924,80.0
2024,3514957,80.0
2025,3514957,80.0
2026,3514957,80.0
2027,3514957,80.0
2028,3514957,80.0
2029,3514957,80.0
2030,3514957,80.0
2024,3515004,39.5434
2025,3515004,46.9357
2026,3515004,54.465
2027,3515004,61.7956
2028,3515004,68.6259
2029,3515004,74.7343
2030,3515004,80.0
2024,3515103,51.9366
2025,3515103,57.3375
2026,3515103,62.5689
2027,3515103,67.5222
2028,3515103,72.1121
2029,3515103,76.2813
2030,3515103,80.0
2024,3515129,53.1629
2025,3515129,58.337
2026,3515129,63.3336
2027,3515129,68.0591
2028,3515129,72.4406
2029,3515129,76.4293
2030,3515129,80.0
2024,3515152,57.7467
2025,3515152,62.0429
2026,3515152,66.1582
2027,3515152,70.0428
2028,3515152,73.6591
2029,3515152,76.9822
2030,3515152,80.0
2024,3515186,67.7983
2025,3515186,70.0877
2026,3515186,72.281
2027,3515186,74.3722
2028,3515186,76.3573
2029,3515186,78.2336
2030,3515186,80.0
2024,3515194,62.1153
2025,3515194,65.5451
2026,3515194,68.8202
2027,3515194,71.9174
2028,3515194,74.8196
2029,3515194,77.5155
2030,3515194,80.0
2024,3515202,58.2756
2025,3515202,62.4681
2026,3515202,66.4816
2027,3515202,70.2702
2028,3515202,73.7993
2029,3515202,77.0463
2030,3515202,80.0
2024,3515301,74.0802
2025,3515301,75.1414
2026,3515301,76.1731
2027,3515301,77.175
2028,3515301,78.1468
2029,3515301,79.0885
2030,3515301,80.0
2024,3515350,76.5782
2025,3515350,77.1756
2026,3515350,77.7622
2027,3515350,78.3379
2028,3515350,78.9028
2029,3515350,79.4568
2030,3515350,80.0
2024,3515400,65.5563
2025,3515400,68.2951
2026,3515400,70.9128
2027,3515400,73.3985
2028,3515400,75.7445
2029,3515400,77.9458
2030,3515400,80.0
2024,3515509,61.3251
2025,3515509,64.913
2026,3515509,68.3398
2027,3515509,71.5785
2028,3515509,74.6089
2029,3515509,77.4182
2030,3515509,80.0
2024,3515608,80.0
2025,3515608,80.0
2026,3515608,80.0
2027,3515608,80.0
2028,3515608,80.0
2029,3515608,80.0
2030,3515608,80.0
2024,3515657,80.0
2025,3515657,80.0
2026,3515657,80.0
2027,3515657,80.0
2028,3515657,80.0
2029,3515657,80.0
2030,3515657,80.0
2024,3515707,57.2337
2025,3515707,61.6301
2026,3515707,65.8442
2027,3515707,69.8221
2028,3515707,73.5231
2029,3515707,76.9202
2030,3515707,80.0
2024,3515806,37.0934
2025,3515806,44.7908
2026,3515806,52.7461
2027,3515806,60.5645
2028,3515806,67.877
2029,3515806,74.4066
2030,3515806,80.0
2024,3515905,80.0
2025,3515905,80.0
2026,3515905,80.0
2027,3515905,80.0
2028,3515905,80.0
2029,3515905,80.0
2030,3515905,80.0
2024,3516002,80.0
2025,3516002,80.0
2026,3516002,80.0
2027,3516002,80.0
2028,3516002,80.0
2029,3516002,80.0
2030,3516002,80.0
2024,3516200,61.4167
2025,3516200,64.9862
2026,3516200,68.3955
2027,3516200,71.6177
2028,3516200,74.6333
2029,3516200,77.4295
2030,3516200,80.0
2024,3516309,55.4776
2025,3516309,60.2135
2026,3516309,64.7657
2027,3516309,69.0646
2028,3516309,73.0572
2029,3516309,76.7082
2030,3516309,80.0
2024,3516408,55.6892
2025,3516408,60.3846
2026,3516408,64.896
2027,3516408,69.1561
2028,3516408,73.1134
2029,3516408,76.7338
2030,3516408,80.0
2024,3516507,80.0
2025,3516507,80.0
2026,3516507,80.0
2027,3516507,80.0
2028,3516507,80.0
2029,3516507,80.0
2030,3516507,80.0
2024,3516606,79.0683
2025,3516606,79.2258
2026,3516606,79.3824
2027,3516606,79.5381
2028,3516606,79.6929
2029,3516606,79.8469
2030,3516606,80.0
2024,3516705,56.5511
2025,3516705,61.0801
2026,3516705,65.4257
2027,3516705,69.5281
2028,3516705,73.3421
2029,3516705,76.8377
2030,3516705,80.0
2024,3516804,57.5786
2025,3516804,61.9076
2026,3516804,66.0554
2027,3516804,69.9705
2028,3516804,73.6145
2029,3516804,76.9619
2030,3516804,80.0
2024,3516853,68.9897
2025,3516853,71.0417
2026,3516853,73.0112
2027,3516853,74.894
2028,3516853,76.6874
2029,3516853,78.3896
2030,3516853,80.0
2024,3516903,63.9744
2025,3516903,67.0311
2026,3516903,69.9503
2027,3516903,72.7163
2028,3516903,75.3174
2029,3516903,77.7465
2030,3516903,80.0
2024,3517000,54.5442
2025,3517000,59.4582
2026,3517000,64.1898
2027,3517000,68.6602
2028,3517000,72.809
2029,3517000,76.5957
2030,3517000,80.0
2024,3517109,72.1232
2025,3517109,73.5596
2026,3517109,74.9476
2027,3517109,76.2863
2028,3517109,77.5748
2029,3517109,78.8128
2030,3517109,80.0
2024,3517208,55.4776
2025,3517208,60.2135
2026,3517208,64.7657
2027,3517208,69.0646
2028,3517208,73.0572
2029,3517208,76.7082
2030,3517208,80.0
2024,3517307,80.0
2025,3517307,80.0
2026,3517307,80.0
2027,3517307,80.0
2028,3517307,80.0
2029,3517307,80.0
2030,3517307,80.0
2024,3517406,59.0298
2025,3517406,63.0737
2026,3517406,66.942
2027,3517406,70.594
2028,3517406,73.9992
2029,3517406,77.1379
2030,3517406,80.0
2024,3517505,60.2417
2025,3517505,64.0454
2026,3517505,67.6805
2027,3517505,71.1138
2028,3517505,74.3208
2029,3517505,77.2855
2030,3517505,80.0
2024,3517604,69.0559
2025,3517604,71.0948
2026,3517604,73.0518
2027,3517604,74.9231
2028,3517604,76.7058
2029,3517604,78.3984
2030,3517604,80.0
2024,3517703,69.4284
2025,3517703,71.3934
2026,3517703,73.2807
2027,3517703,75.087
2028,3517703,76.8098
2029,3517703,78.4477
2030,3517703,80.0
2024,3517802,58.6026
2025,3517802,62.7308
2026,3517802,66.6813
2027,3517802,70.4106
2028,3517802,73.886
2029,3517802,77.086
2030,3517802,80.0
2024,3517901,74.7738
2025,3517901,75.7043
2026,3517901,76.6112
2027,3517901,77.4944
2028,3517901,78.3536
2029,3517901,79.1888
2030,3517901,80.0
2024,3518008,80.0
2025,3518008,80.0
2026,3518008,80.0
2027,3518008,80.0
2028,3518008,80.0
2029,3518008,80.0
2030,3518008,80.0
2024,3518107,69.0393
2025,3518107,71.0815
2026,3518107,73.0417
2027,3518107,74.9158
2028,3518107,76.7012
2029,3518107,78.3962
2030,3518107,80.0
2024,3518206,61.8077
2025,3518206,65.2991
2026,3518206,68.6332
2027,3518206,71.7855
2028,3518206,74.7375
2029,3518206,77.4776
2030,3518206,80.0
2024,3518305,67.244
2025,3518305,69.6443
2026,3518305,71.9421
2027,3518305,74.1306
2028,3518305,76.2049
2029,3518305,78.1618
2030,3518305,80.0
2024,3518404,60.667
2025,3518404,64.3861
2026,3518404,67.9394
2027,3518404,71.2962
2028,3518404,74.4339
2029,3518404,77.3375
2030,3518404,80.0
2024,3518503,65.192
2025,3518503,68.0041
2026,3518503,70.691
2027,3518503,73.2412
2028,3518503,75.6458
2029,3518503,77.8996
2030,3518503,80.0
2024,3518602,71.351
2025,3518602,72.9376
2026,3518602,74.4678
2027,3518602,75.94
2028,3518602,77.3532
2029,3518602,78.7066
2030,3518602,80.0
2024,3518701,53.43
2025,3518701,58.55
2026,3518701,63.5
2027,3518701,68.17
2028,3518701,72.51
2029,3518701,76.46
2030,3518701,80.0
2024,3518800,45.7536
2025,3518800,52.2276
2026,3518800,58.6275
2027,3518800,64.7488
2028,3518800,70.4213
2029,3518800,75.526
2030,3518800,80.0
2024,3518859,67.0786
2025,3518859,69.512
2026,3518859,71.8411
2027,3518859,74.0586
2028,3518859,76.1595
2029,3518859,78.1404
2030,3518859,80.0
2024,3518909,80.0
2025,3518909,80.0
2026,3518909,80.0
2027,3518909,80.0
2028,3518909,80.0
2029,3518909,80.0
2030,3518909,80.0
2024,3519006,80.0
2025,3519006,80.0
2026,3519006,80.0
2027,3519006,80.0
2028,3519006,80.0
2029,3519006,80.0
2030,3519006,80.0
2024,3519055,61.9324
2025,3519055,65.3988
2026,3519055,68.7091
2027,3519055,71.839
2028,3519055,74.7708
2029,3519055,77.493
2030,3519055,80.0
2024,3519071,61.6497
2025,3519071,65.1726
2026,3519071,68.5371
2027,3519071,71.7177
2028,3519071,74.6954
2029,3519071,77.4581
2030,3519071,80.0
2024,3519105,80.0
2025,3519105,80.0
2026,3519105,80.0
2027,3519105,80.0
2028,3519105,80.0
2029,3519105,80.0
2030,3519105,80.0
2024,3519253,48.5179
2025,3519253,54.5283
2026,3519253,60.4096
2027,3519253,66.0045
2028,3519253,71.1859
2029,3519253,75.8663
2030,3519253,80.0
2024,3519303,57.3094
2025,3519303,61.691
2026,3519303,65.8906
2027,3519303,69.8547
2028,3519303,73.5432
2029,3519303,76.9294
2030,3519303,80.0
2024,3519402,72.5555
2025,3519402,73.9082
2026,3519402,75.217
2027,3519402,76.4811
2028,3519402,77.6998
2029,3519402,78.8728
2030,3519402,80.0
2024,3519501,80.0
2025,3519501,80.0
2026,3519501,80.0
2027,3519501,80.0
2028,3519501,80.0
2029,3519501,80.0
2030,3519501,80.0
2024,3519600,54.6972
2025,3519600,59.5821
2026,3519600,64.2843
2027,3519600,68.7266
2028,3519600,72.8497
2029,3519600,76.6142
2030,3519600,80.0
2024,3519709,50.4171
2025,3519709,56.0933
2026,3519709,61.6146
2027,3519709,66.8518
2028,3519709,71.7026
2029,3519709,76.0974
2030,3519709,80.0
2024,3519808,74.3809
2025,3519808,75.3852
2026,3519808,76.3627
2027,3519808,77.3131
2028,3519808,78.2362
2029,3519808,79.1318
2030,3519808,80.0
2024,3519907,56.433
2025,3519907,60.9849
2026,3519907,65.3532
2027,3519907,69.4772
2028,3519907,73.3108
2029,3519907,76.8235
2030,3519907,80.0
2024,3520004,70.3974
2025,3520004,72.171
2026,3520004,73.8778
2027,3520004,75.5154
2028,3520004,77.0822
2029,3520004,78.5772
2030,3520004,80.0
2024,3520103,52.4691
2025,3520103,57.772
2026,3520103,62.9015
2027,3520103,67.7558
2028,3520103,72.255
2029,3520103,76.3456
2030,3520103,80.0
2024,3520202,64.513
2025,3520202,67.4615
2026,3520202,70.2779
2027,3520202,72.9482
2028,3520202,75.4624
2029,3520202,77.814
2030,3520202,80.0
2024,3520301,60.967
2025,3520301,64.6263
2026,3520301,68.122
2027,3520301,71.4249
2028,3520301,74.5136
2029,3520301,77.3743
2030,3520301,80.0
2024,3520400,49.9224
2025,3520400,55.6868
2026,3520400,61.3021
2027,3520400,66.6322
2028,3520400,71.5686
2029,3520400,76.0373
2030,3520400,80.0
2024,3520426,56.6439
2025,3520426,61.1549
2026,3520426,65.4826
2027,3520426,69.5681
2028,3520426,73.3667
2029,3520426,76.8489
2030,3520426,80.0
2024,3520442,68.7166
2025,3520442,70.823
2026,3520442,72.8436
2027,3520442,74.7741
2028,3520442,76.6114
2029,3520442,78.3536
2030,3520442,80.0
2024,3520509,62.0655
2025,3520509,65.5052
2026,3520509,68.7899
2027,3520509,71.896
2028,3520509,74.8063
2029,3520509,77.5094
2030,3520509,80.0
2024,3520608,80.0
2025,3520608,80.0
2026,3520608,80.0
2027,3520608,80.0
2028,3520608,80.0
2029,3520608,80.0
2030,3520608,80.0
2024,3520707,69.5774
2025,3520707,71.5129
2026,3520707,73.3724
2027,3520707,75.1527
2028,3520707,76.8515
2029,3520707,78.4675
2030,3520707,80.0
2024,3520806,80.0
2025,3520806,80.0
2026,3520806,80.0
2027,3520806,80.0
2028,3520806,80.0
2029,3520806,80.0
2030,3520806,80.0
2024,3520905,59.7908
2025,3520905,63.6841
2026,3520905,67.4059
2027,3520905,70.9205
2028,3520905,74.2011
2029,3520905,77.2305
2030,3520905,80.0
2024,3521002,47.0665
2025,3521002,53.324
2026,3521002,59.4785
2027,3521002,65.3489
2028,3521002,70.7865
2029,3521002,75.6883
2030,3521002,80.0
2024,3521101,49.8094
2025,3521101,55.5939
2026,3521101,61.2306
2027,3521101,66.5819
2028,3521101,71.5379
2029,3521101,76.0236
2030,3521101,80.0
2024,3521150,53.2313
2025,3521150,58.3926
2026,3521150,63.3761
2027,3521150,68.089
2028,3521150,72.4589
2029,3521150,76.4375
2030,3521150,80.0
2024,3521200,56.8884
2025,3521200,61.352
2026,3521200,65.6326
2027,3521200,69.6735
2028,3521200,73.4315
2029,3521200,76.8785
2030,3521200,80.0
2024,3521309,77.5233
2025,3521309,77.9507
2026,3521309,78.3723
2027,3521309,78.7881
2028,3521309,79.1979
2029,3521309,79.6019
2030,3521309,80.0
2024,3521408,62.9625
2025,3521408,66.2225
2026,3521408,69.3352
2027,3521408,72.2812
2028,3521408,75.046
2029,3521408,77.6204
2030,3521408,80.0
2024,3521507,71.2431
2025,3521507,72.8508
2026,3521507,74.4009
2027,3521507,75.8918
2028,3521507,77.3224
2029,3521507,78.6918
2030,3521507,80.0
2024,3521606,80.0
2025,3521606,80.0
2026,3521606,80.0
2027,3521606,80.0
2028,3521606,80.0
2029,3521606,80.0
2030,3521606,80.0
2024,3521804,52.7264
2025,3521804,57.9816
2026,3521804,63.0619
2027,3521804,67.8684
2028,3521804,72.3239
2029,3521804,76.3766
2030,3521804,80.0
2024,3521903,80.0
2025,3521903,80.0
2026,3521903,80.0
2027,3521903,80.0
2028,3521903,80.0
2029,3521903,80.0
2030,3521903,80.0
2024,3522000,58.1749
2025,3522000,62.3872
2026,3522000,66.4201
2027,3522000,70.2269
2028,3522000,73.7726
2029,3522000,77.0341
2030,3522000,80.0
2024,3522109,58.5859
2025,3522109,62.7173
2026,3522109,66.6711
2027,3522109,70.4034
2028,3522109,73.8815
2029,3522109,77.0839
2030,3522109,80.0
2024,3522158,64.0324
2025,3522158,67.0775
2026,3522158,69.9856
2027,3522158,72.7412
2028,3522158,75.333
2029,3522158,77.7538
2030,3522158,80.0
2024,3522208,57.7635
2025,3522208,62.0564
2026,3522208,66.1685
2027,3522208,70.0501
2028,3522208,73.6635
2029,3522208,76.9843
2030,3522208,80.0
2024,3522307,48.1672
2025,3522307,54.238
2026,3522307,60.1855
2027,3522307,65.8468
2028,3522307,71.0898
2029,3522307,75.8234
2030,3522307,80.0
2024,3522406,57.7635
2025,3522406,62.0564
2026,3522406,66.1685
2027,3522406,70.0501
2028,3522406,73.6635
2029,3522406,76.9843
2030,3522406,80.0
2024,3522505,55.1555
2025,3522505,59.9531
2026,3522505,64.5672
2027,3522505,68.9252
2028,3522505,72.9716
2029,3522505,76.6694
2030,3522505,80.0
2024,3522604,63.7091
2025,3522604,66.8192
2026,3522604,69.789
2027,3522604,72.6021
2028,3522604,75.2461
2029,3522604,77.7133
2030,3522604,80.0
2024,3522653,51.2818
2025,3522653,56.8022
2026,3522653,62.1587
2027,3522653,67.234
2028,3522653,71.936
2029,3522653,76.2021
2030,3522653,80.0
2024,3522703,68.8324
2025,3522703,70.9158
2026,3522703,72.9146
2027,3522703,74.8249
2028,3522703,76.6436
2029,3522703,78.3689
2030,3522703,80.0
2024,3522802,43.0022
2025,3522802,49.9062
2026,3522802,56.8137
2027,3522802,63.4661
2028,3522802,69.6413
2029,3522802,75.1809
2030,3522802,80.0
2024,3522901,41.78
2025,3522901,48.8637
2026,3522901,55.9933
2027,3522901,62.884
2028,3522901,69.2875
2029,3522901,75.025
2030,3522901,80.0
2024,3523008,54.6
2025,3523008,59.5
2026,3523008,64.22
2027,3523008,68.68
2028,3523008,72.82
2029,3523008,76.6
2030,3523008,80.0
2024,3523107,48.8941
2025,3523107,54.8393
2026,3523107,60.6495
2027,3523107,66.1733
2028,3523107,71.2887
2029,3523107,75.9122
2030,3523107,80.0
2024,3523206,59.8994
2025,3523206,63.7711
2026,3523206,67.4721
2027,3523206,70.9671
2028,3523206,74.2299
2029,3523206,77.2437
2030,3523206,80.0
2024,3523305,64.65
2025,3523305,67.57
2026,3523305,70.36
2027,3523305,73.01
2028,3523305,75.5
2029,3523305,77.83
2030,3523305,80.0
2024,3523404,67.5335
2025,3523404,69.8759
2026,3523404,72.1191
2027,3523404,74.2567
2028,3523404,76.2844
2029,3523404,78.1992
2030,3523404,80.0
2024,3523503,64.7201
2025,3523503,67.6269
2026,3523503,70.4038
2027,3523503,73.0375
2028,3523503,75.5183
2029,3523503,77.8401
2030,3523503,80.0
2024,3523602,62.5723
2025,3523602,65.9105
2026,3523602,69.098
2027,3523602,72.1136
2028,3523602,74.9416
2029,3523602,77.572
2030,3523602,80.0
2024,3523701,74.8575
2025,3523701,75.7723
2026,3523701,76.6642
2027,3523701,77.5331
2028,3523701,78.3787
2029,3523701,79.201
2030,3523701,80.0
2024,3523909,67.6576
2025,3523909,69.9752
2026,3523909,72.195
2027,3523909,74.3108
2028,3523909,76.3185
2029,3523909,78.2153
2030,3523909,80.0
2024,3524006,50.547
2025,3524006,56.2
2026,3524006,61.6965
2027,3524006,66.9094
2028,3524006,71.7378
2029,3524006,76.1131
2030,3524006,80.0
2024,3524105,53.556
2025,3524105,58.6565
2026,3524105,63.5778
2027,3524105,68.2305
2028,3524105,72.5456
2029,3524105,76.4767
2030,3524105,80.0
2024,3524204,80.0
2025,3524204,80.0
2026,3524204,80.0
2027,3524204,80.0
2028,3524204,80.0
2029,3524204,80.0
2030,3524204,80.0
2024,3524303,57.4777
2025,3524303,61.8264
2026,3524303,65.9936
2027,3524303,69.9271
2028,3524303,73.5878
2029,3524303,76.9497
2030,3524303,80.0
2024,3524402,51.1351
2025,3524402,56.6821
2026,3524402,62.0665
2027,3524402,67.1693
2028,3524402,71.8965
2029,3524402,76.1844
2030,3524402,80.0
2024,3524501,59.8493
2025,3524501,63.731
2026,3524501,67.4415
2027,3524501,70.9456
2028,3524501,74.2166
2029,3524501,77.2376
2030,3524501,80.0
2024,3524600,67.0
2025,3524600,69.0
2026,3524600,71.0
2027,3524600,74.0
2028,3524600,76.0
2029,3524600,78.0
2030,3524600,80.0
2024,3524709,65.6473
2025,3524709,68.3679
2026,3524709,70.9682
2027,3524709,73.4379
2028,3524709,75.7692
2029,3524709,77.9573
2030,3524709,80.0
2024,3524808,59.423
2025,3524808,63.3892
2026,3524808,67.1818
2027,3524808,70.7627
2028,3524808,74.1035
2029,3524808,77.1857
2030,3524808,80.0
2024,3524907,62.3563
2025,3524907,65.7378
2026,3524907,68.9667
2027,3524907,72.0209
2028,3524907,74.8839
2029,3524907,77.5453
2030,3524907,80.0
2024,3525003,50.5384
2025,3525003,56.1929
2026,3525003,61.691
2027,3525003,66.9055
2028,3525003,71.7354
2029,3525003,76.1121
2030,3525003,80.0
2024,3525102,61.8992
2025,3525102,65.3722
2026,3525102,68.6888
2027,3525102,71.8247
2028,3525102,74.7619
2029,3525102,77.4889
2030,3525102,80.0
2024,3525201,53.8972
2025,3525201,58.9336
2026,3525201,63.7894
2027,3525201,68.3791
2028,3525201,72.6366
2029,3525201,76.5178
2030,3525201,80.0
2024,3525300,63.1202
2025,3525300,66.3485
2026,3525300,69.4311
2027,3525300,72.3489
2028,3525300,75.0882
2029,3525300,77.64
2030,3525300,80.0
2024,3525409,50.824
2025,3525409,56.4272
2026,3525409,61.8709
2027,3525409,67.0319
2028,3525409,71.8126
2029,3525409,76.1467
2030,3525409,80.0
2024,3525508,73.1464
2025,3525508,74.3855
2026,3525508,75.5865
2027,3525508,76.7487
2028,3525508,77.8719
2029,3525508,78.9557
2030,3525508,80.0
2024,3525607,80.0
2025,3525607,80.0
2026,3525607,80.0
2027,3525607,80.0
2028,3525607,80.0
2029,3525607,80.0
2030,3525607,80.0
2024,3525706,59.7992
2025,3525706,63.6908
2026,3525706,67.411
2027,3525706,70.9241
2028,3525706,74.2033
2029,3525706,77.2315
2030,3525706,80.0
2024,3525805,68.9069
2025,3525805,70.9754
2026,3525805,72.9604
2027,3525805,74.8576
2028,3525805,76.6643
2029,3525805,78.3787
2030,3525805,80.0
2024,3525854,76.9321
2025,3525854,77.4655
2026,3525854,77.9901
2027,3525854,78.5058
2028,3525854,79.0127
2029,3525854,79.5108
2030,3525854,80.0
2024,3525904,70.9445
2025,3525904,72.6107
2026,3525904,74.216
2027,3525904,75.7587
2028,3525904,77.2373
2029,3525904,78.6512
2030,3525904,80.0
2024,3526001,77.3965
2025,3526001,77.8465
2026,3526001,78.2901
2027,3526001,78.7273
2028,3526001,79.158
2029,3526001,79.5822
2030,3526001,80.0
2024,3526100,59.0382
2025,3526100,63.0804
2026,3526100,66.9471
2027,3526100,70.5976
2028,3526100,74.0015
2029,3526100,77.1389
2030,3526100,80.0
2024,3526209,63.4272
2025,3526209,66.5938
2026,3526209,69.6176
2027,3526209,72.4809
2028,3526209,75.1705
2029,3526209,77.6782
2030,3526209,80.0
2024,3526308,53.8546
2025,3526308,58.899
2026,3526308,63.763
2027,3526308,68.3606
2028,3526308,72.6253
2029,3526308,76.5126
2030,3526308,80.0
2024,3526407,58.4937
2025,3526407,62.6433
2026,3526407,66.6148
2027,3526407,70.3638
2028,3526407,73.8571
2029,3526407,77.0728
2030,3526407,80.0
2024,3526506,64.9851
2025,3526506,67.8387
2026,3526506,70.5651
2027,3526506,73.1518
2028,3526506,75.5899
2029,3526506,77.8735
2030,3526506,80.0
2024,3526605,57.1832
2025,3526605,61.5894
2026,3526605,65.8133
2027,3526605,69.8004
2028,3526605,73.5097
2029,3526605,76.9141
2030,3526605,80.0
2024,3526704,57.3347
2025,3526704,61.7114
2026,3526704,65.9061
2027,3526704,69.8656
2028,3526704,73.5499
2029,3526704,76.9324
2030,3526704,80.0
2024,3526803,64.397
2025,3526803,67.3688
2026,3526803,70.2073
2027,3526803,72.8982
2028,3526803,75.4312
2029,3526803,77.7995
2030,3526803,80.0
2024,3526902,65.2831
2025,3526902,68.0768
2026,3526902,70.7465
2027,3526902,73.2805
2028,3526902,75.6705
2029,3526902,77.9112
2030,3526902,80.0
2024,3527009,77.5402
2025,3527009,77.9647
2026,3527009,78.3833
2027,3527009,78.7962
2028,3527009,79.2032
2029,3527009,79.6045
2030,3527009,80.0
2024,3527108,75.1338
2025,3527108,75.997
2026,3527108,76.8395
2027,3527108,77.6611
2028,3527108,78.4618
2029,3527108,79.2414
2030,3527108,80.0
2024,3527207,48.4566
2025,3527207,54.4776
2026,3527207,60.3705
2027,3527207,65.977
2028,3527207,71.1691
2029,3527207,75.8588
2030,3527207,80.0
2024,3527256,74.9412
2025,3527256,75.8404
2026,3527256,76.7173
2027,3527256,77.5718
2028,3527256,78.4038
2029,3527256,79.2132
2030,3527256,80.0
2024,3527306,58.8372
2025,3527306,62.9191
2026,3527306,66.8245
2027,3527306,70.5113
2028,3527306,73.9482
2029,3527306,77.1145
2030,3527306,80.0
2024,3527405,67.06
2025,3527405,69.5
2026,3527405,71.83
2027,3527405,74.05
2028,3527405,76.15
2029,3527405,78.14
2030,3527405,80.0
2024,3527504,75.6451
2025,3527504,76.4135
2026,3527504,77.1649
2027,3527504,77.8993
2028,3527504,78.6166
2029,3527504,79.3169
2030,3527504,80.0
2024,3527603,47.6222
2025,3527603,53.786
2026,3527603,59.8361
2027,3527603,65.6008
2028,3527603,70.9399
2029,3527603,75.7566
2030,3527603,80.0
2024,3527702,58.8456
2025,3527702,62.9259
2026,3527702,66.8296
2027,3527702,70.5149
2028,3527702,73.9504
2029,3527702,77.1155
2030,3527702,80.0
2024,3527801,59.6822
2025,3527801,63.597
2026,3527801,67.3397
2027,3527801,70.8739
2028,3527801,74.1723
2029,3527801,77.2172
2030,3527801,80.0
2024,3527900,72.9216
2025,3527900,74.2038
2026,3527900,75.4458
2027,3527900,76.6467
2028,3527900,77.8063
2029,3527900,78.924
2030,3527900,80.0
2024,3528007,67.4756
2025,3528007,69.8296
2026,3528007,72.0837
2027,3528007,74.2315
2028,3528007,76.2685
2029,3528007,78.1917
2030,3528007,80.0
2024,3528106,80.0
2025,3528106,80.0
2026,3528106,80.0
2027,3528106,80.0
2028,3528106,80.0
2029,3528106,80.0
2030,3528106,80.0
2024,3528205,80.0
2025,3528205,80.0
2026,3528205,80.0
2027,3528205,80.0
2028,3528205,80.0
2029,3528205,80.0
2030,3528205,80.0
2024,3528304,80.0
2025,3528304,80.0
2026,3528304,80.0
2027,3528304,80.0
2028,3528304,80.0
2029,3528304,80.0
2030,3528304,80.0
2024,3528403,49.0
2025,3528403,55.0
2026,3528403,61.0
2027,3528403,66.0
2028,3528403,71.0
2029,3528403,76.0
2030,3528403,80.0
2024,3528502,59.147
2025,3528502,63.1678
2026,3528502,67.0135
2027,3528502,70.6443
2028,3528502,74.0303
2029,3528502,77.1521
2030,3528502,80.0
2024,3528601,65.1341
2025,3528601,67.9578
2026,3528601,70.6558
2027,3528601,73.2161
2028,3528601,75.6302
2029,3528601,77.8923
2030,3528601,80.0
2024,3528700,72.7801
2025,3528700,74.0895
2026,3528700,75.3573
2027,3528700,76.5827
2028,3528700,77.7651
2029,3528700,78.9042
2030,3528700,80.0
2024,3528809,80.0
2025,3528809,80.0
2026,3528809,80.0
2027,3528809,80.0
2028,3528809,80.0
2029,3528809,80.0
2030,3528809,80.0
2024,3528858,80.0
2025,3528858,80.0
2026,3528858,80.0
2027,3528858,80.0
2028,3528858,80.0
2029,3528858,80.0
2030,3528858,80.0
2024,3528908,57.4861
2025,3528908,61.8332
2026,3528908,65.9988
2027,3528908,69.9308
2028,3528908,73.59
2029,3528908,76.9507
2030,3528908,80.0
2024,3529005,62.6138
2025,3529005,65.9437
2026,3529005,69.1233
2027,3529005,72.1314
2028,3529005,74.9527
2029,3529005,77.5772
2030,3529005,80.0
2024,3529104,80.0
2025,3529104,80.0
2026,3529104,80.0
2027,3529104,80.0
2028,3529104,80.0
2029,3529104,80.0
2030,3529104,80.0
2024,3529203,57.4945
2025,3529203,61.84
2026,3529203,66.0039
2027,3529203,69.9344
2028,3529203,73.5922
2029,3529203,76.9517
2030,3529203,80.0
2024,3529302,66.9463
2025,3529302,69.4062
2026,3529302,71.7603
2027,3529302,74.0011
2028,3529302,76.1232
2029,3529302,78.1234
2030,3529302,80.0
2024,3529401,51.2905
2025,3529401,56.8093
2026,3529401,62.1641
2027,3529401,67.2378
2028,3529401,71.9384
2029,3529401,76.2032
2030,3529401,80.0
2024,3529500,71.5502
2025,3529500,73.0979
2026,3529500,74.5914
2027,3529500,76.0291
2028,3529500,77.4101
2029,3529500,78.7338
2030,3529500,80.0
2024,3529609,69.329
2025,3529609,71.3138
2026,3529609,73.2197
2027,3529609,75.0433
2028,3529609,76.782
2029,3529609,78.4345
2030,3529609,80.0
2024,3529658,41.56
2025,3529658,48.6752
2026,3529658,55.8445
2027,3529658,62.7782
2028,3529658,69.2232
2029,3529658,74.9967
2030,3529658,80.0
2024,3529708,66.8801
2025,3529708,69.3533
2026,3529708,71.7199
2027,3529708,73.9723
2028,3529708,76.1051
2029,3529708,78.1149
2030,3529708,80.0
2024,3529807,51.3077
2025,3529807,56.8234
2026,3529807,62.1749
2027,3529807,67.2455
2028,3529807,71.943
2029,3529807,76.2053
2030,3529807,80.0
2024,3529906,49.3915
2025,3529906,55.2497
2026,3529906,60.9657
2027,3529906,66.3957
2028,3529906,71.4243
2029,3529906,75.9728
2030,3529906,80.0
2024,3530003,64.0324
2025,3530003,67.0775
2026,3530003,69.9856
2027,3530003,72.7412
2028,3530003,75.333
2029,3530003,77.7538
2030,3530003,80.0
2024,3530102,57.8223
2025,3530102,62.1037
2026,3530102,66.2045
2027,3530102,70.0753
2028,3530102,73.6791
2029,3530102,76.9914
2030,3530102,80.0
2024,3530201,80.0
2025,3530201,80.0
2026,3530201,80.0
2027,3530201,80.0
2028,3530201,80.0
2029,3530201,80.0
2030,3530201,80.0
2024,3530300,69.6022
2025,3530300,71.5328
2026,3530300,73.3877
2027,3530300,75.1637
2028,3530300,76.8585
2029,3530300,78.4708
2030,3530300,80.0
2024,3530409,62.6553
2025,3530409,65.9769
2026,3530409,69.1485
2027,3530409,72.1492
2028,3530409,74.9638
2029,3530409,77.5823
2030,3530409,80.0
2024,3530508,51.8677
2025,3530508,57.2813
2026,3530508,62.5258
2027,3530508,67.4919
2028,3530508,72.0936
2029,3530508,76.273
2030,3530508,80.0
2024,3530607,52.0054
2025,3530607,57.3936
2026,3530607,62.6119
2027,3530607,67.5524
2028,3530607,72.1306
2029,3530607,76.2896
2030,3530607,80.0
2024,3530706,56.1205
2025,3530706,60.7328
2026,3530706,65.1612
2027,3530706,69.3424
2028,3530706,73.2279
2029,3530706,76.7858
2030,3530706,80.0
2024,3530805,58.133
2025,3530805,62.3535
2026,3530805,66.3944
2027,3530805,70.2089
2028,3530805,73.7615
2029,3530805,77.029
2030,3530805,80.0
2024,3530904,59.8409
2025,3530904,63.7243
2026,3530904,67.4365
2027,3530904,70.942
2028,3530904,74.2144
2029,3530904,77.2366
2030,3530904,80.0
2024,3531001,80.0
2025,3531001,80.0
2026,3531001,80.0
2027,3531001,80.0
2028,3531001,80.0
2029,3531001,80.0
2030,3531001,80.0
2024,3531100,54.0
2025,3531100,59.0
2026,3531100,64.0
2027,3531100,68.0
2028,3531100,73.0
2029,3531100,77.0
2030,3531100,80.0
2024,3531209,59.2474
2025,3531209,63.2483
2026,3531209,67.0747
2027,3531209,70.6874
2028,3531209,74.0569
2029,3531209,77.1643
2030,3531209,80.0
2024,3531308,69.1635
2025,3531308,71.181
2026,3531308,73.1179
2027,3531308,74.9704
2028,3531308,76.7358
2029,3531308,78.4126
2030,3531308,80.0
2024,3531407,74.5397
2025,3531407,75.5141
2026,3531407,76.4631
2027,3531407,77.3863
2028,3531407,78.2835
2029,3531407,79.1548
2030,3531407,80.0
2024,3531506,74.0134
2025,3531506,75.0872
2026,3531506,76.131
2027,3531506,77.1444
2028,3531506,78.127
2029,3531506,79.0789
2030,3531506,80.0
2024,3531605,68.6587
2025,3531605,70.7766
2026,3531605,72.808
2027,3531605,74.7487
2028,3531605,76.5953
2029,3531605,78.346
2030,3531605,80.0
2024,3531704,68.7745
2025,3531704,70.8694
2026,3531704,72.8791
2027,3531704,74.7995
2028,3531704,76.6275
2029,3531704,78.3613
2030,3531704,80.0
2024,3531803,54.5782
2025,3531803,59.4858
2026,3531803,64.2108
2027,3531803,68.675
2028,3531803,72.818
2029,3531803,76.5998
2030,3531803,80.0
2024,3531902,59.306
2025,3531902,63.2953
2026,3531902,67.1104
2027,3531902,70.7125
2028,3531902,74.0725
2029,3531902,77.1714
2030,3531902,80.0
2024,3532009,52.3318
2025,3532009,57.66
2026,3532009,62.8159
2027,3532009,67.6956
2028,3532009,72.2182
2029,3532009,76.329
2030,3532009,80.0
2024,3532058,79.94
2025,3532058,79.95
2026,3532058,79.96
2027,3532058,79.97
2028,3532058,79.98
2029,3532058,79.99
2030,3532058,80.0
2024,3532108,61.3251
2025,3532108,64.913
2026,3532108,68.3398
2027,3532108,71.5785
2028,3532108,74.6089
2029,3532108,77.4182
2030,3532108,80.0
2024,3532157,62.6969
2025,3532157,66.0101
2026,3532157,69.1737
2027,3532157,72.1671
2028,3532157,74.9749
2029,3532157,77.5874
2030,3532157,80.0
2024,3532207,57.6122
2025,3532207,61.9347
2026,3532207,66.0759
2027,3532207,69.985
2028,3532207,73.6234
2029,3532207,76.966
2030,3532207,80.0
2024,3532306,46.5533
2025,3532306,52.8962
2026,3532306,59.1469
2027,3532306,65.1151
2028,3532306,70.6442
2029,3532306,75.625
2030,3532306,80.0
2024,3532405,52.2288
2025,3532405,57.576
2026,3532405,62.7515
2027,3532405,67.6504
2028,3532405,72.1905
2029,3532405,76.3166
2030,3532405,80.0
2024,3532504,80.0
2025,3532504,80.0
2026,3532504,80.0
2027,3532504,80.0
2028,3532504,80.0
2029,3532504,80.0
2030,3532504,80.0
2024,3532603,68.6918
2025,3532603,70.8031
2026,3532603,72.8283
2027,3532603,74.7632
2028,3532603,76.6045
2029,3532603,78.3504
2030,3532603,80.0
2024,3532702,80.0
2025,3532702,80.0
2026,3532702,80.0
2027,3532702,80.0
2028,3532702,80.0
2029,3532702,80.0
2030,3532702,80.0
2024,3532801,61.3584
2025,3532801,64.9396
2026,3532801,68.36
2027,3532801,71.5927
2028,3532801,74.6178
2029,3532801,77.4223
2030,3532801,80.0
2024,3532827,50.7375
2025,3532827,56.3563
2026,3532827,61.8165
2027,3532827,66.9936
2028,3532827,71.7892
2029,3532827,76.1362
2030,3532827,80.0
2024,3532843,79.1024
2025,3532843,79.2541
2026,3532843,79.4049
2027,3532843,79.5549
2028,3532843,79.7041
2029,3532843,79.8524
2030,3532843,80.0
2024,3532868,46.2695
2025,3532868,52.6591
2026,3532868,58.9629
2027,3532868,64.9854
2028,3532868,70.5653
2029,3532868,75.59
2030,3532868,80.0
2024,3532900,55.4522
2025,3532900,60.193
2026,3532900,64.75
2027,3532900,69.0536
2028,3532900,73.0504
2029,3532900,76.7052
2030,3532900,80.0
2024,3533007,64.3142
2025,3533007,67.3026
2026,3533007,70.1569
2027,3533007,72.8626
2028,3533007,75.4089
2029,3533007,77.7891
2030,3533007,80.0
2024,3533106,68.8324
2025,3533106,70.9158
2026,3533106,72.9146
2027,3533106,74.8249
2028,3533106,76.6436
2029,3533106,78.3689
2030,3533106,80.0
2024,3533205,54.7566
2025,3533205,59.6303
2026,3533205,64.3211
2027,3533205,68.7524
2028,3533205,72.8655
2029,3533205,76.6213
2030,3533205,80.0
2024,3533254,70.414
2025,3533254,72.1843
2026,3533254,73.8881
2027,3533254,75.5228
2028,3533254,77.0869
2029,3533254,78.5795
2030,3533254,80.0
2024,3533304,78.2264
2025,3533304,78.5297
2026,3533304,78.8299
2027,3533304,79.1271
2028,3533304,79.4211
2029,3533304,79.7121
2030,3533304,80.0
2024,3533403,59.0884
2025,3533403,63.1207
2026,3533403,66.9778
2027,3533403,70.6191
2028,3533403,74.0148
2029,3533403,77.145
2030,3533403,80.0
2024,3533502,64.6041
2025,3533502,67.5343
2026,3533502,70.3333
2027,3533502,72.9875
2028,3533502,75.487
2029,3533502,77.8255
2030,3533502,80.0
2024,3533601,71.1353
2025,3533601,72.7641
2026,3533601,74.3341
2027,3533601,75.8437
2028,3533601,77.2916
2029,3533601,78.6771
2030,3533601,80.0
2024,3533700,80.0
2025,3533700,80.0
2026,3533700,80.0
2027,3533700,80.0
2028,3533700,80.0
2029,3533700,80.0
2030,3533700,80.0
2024,3533809,60.9337
2025,3533809,64.5997
2026,3533809,68.1017
2027,3533809,71.4106
2028,3533809,74.5048
2029,3533809,77.3702
2030,3533809,80.0
2024,3533908,64.2645
2025,3533908,67.2629
2026,3533908,70.1267
2027,3533908,72.8411
2028,3533908,75.3955
2029,3533908,77.7828
2030,3533908,80.0
2024,3534005,52.452
2025,3534005,57.758
2026,3534005,62.8908
2027,3534005,67.7482
2028,3534005,72.2504
2029,3534005,76.3435
2030,3534005,80.0
2024,3534104,62.9127
2025,3534104,66.1827
2026,3534104,69.3049
2027,3534104,72.2598
2028,3534104,75.0326
2029,3534104,77.6142
2030,3534104,80.0
2024,3534203,49.3915
2025,3534203,55.2497
2026,3534203,60.9657
2027,3534203,66.3957
2028,3534203,71.4243
2029,3534203,75.9728
2030,3534203,80.0
2024,3534302,50.599
2025,3534302,56.2427
2026,3534302,61.7292
2027,3534302,66.9324
2028,3534302,71.7518
2029,3534302,76.1194
2030,3534302,80.0
2024,3534401,51.4716
2025,3534401,56.9575
2026,3534401,62.2777
2027,3534401,67.3176
2028,3534401,71.9871
2029,3534401,76.2251
2030,3534401,80.0
2024,3534500,70.124
2025,3534500,71.9515
2026,3534500,73.7091
2027,3534500,75.3943
2028,3534500,77.0051
2029,3534500,78.5405
2030,3534500,80.0
2024,3534609,61.9158
2025,3534609,65.3855
2026,3534609,68.699
2027,3534609,71.8318
2028,3534609,74.7663
2029,3534609,77.4909
2030,3534609,80.0
2024,3534708,55.2488
2025,3534708,60.0286
2026,3534708,64.6247
2027,3534708,68.9656
2028,3534708,72.9964
2029,3534708,76.6807
2030,3534708,80.0
2024,3534757,80.0
2025,3534757,80.0
2026,3534757,80.0
2027,3534757,80.0
2028,3534757,80.0
2029,3534757,80.0
2030,3534757,80.0
2024,3534807,80.0
2025,3534807,80.0
2026,3534807,80.0
2027,3534807,80.0
2028,3534807,80.0
2029,3534807,80.0
2030,3534807,80.0
2024,3534906,67.1282
2025,3534906,69.5517
2026,3534906,71.8714
2027,3534906,74.0802
2028,3534906,76.1731
2029,3534906,78.1468
2030,3534906,80.0
2024,3535002,61.633
2025,3535002,65.1593
2026,3535002,68.527
2027,3535002,71.7105
2028,3535002,74.6909
2029,3535002,77.4561
2030,3535002,80.0
2024,3535101,80.0
2025,3535101,80.0
2026,3535101,80.0
2027,3535101,80.0
2028,3535101,80.0
2029,3535101,80.0
2030,3535101,80.0
2024,3535200,69.6022
2025,3535200,71.5328
2026,3535200,73.3877
2027,3535200,75.1637
2028,3535200,76.8585
2029,3535200,78.4708
2030,3535200,80.0
2024,3535309,51.9021
2025,3535309,57.3094
2026,3535309,62.5474
2027,3535309,67.507
2028,3535309,72.1029
2029,3535309,76.2771
2030,3535309,80.0
2024,3535408,80.0
2025,3535408,80.0
2026,3535408,80.0
2027,3535408,80.0
2028,3535408,80.0
2029,3535408,80.0
2030,3535408,80.0
2024,3535507,53.3852
2025,3535507,58.5177
2026,3535507,63.4717
2027,3535507,68.1561
2028,3535507,72.5
2029,3535507,76.4561
2030,3535507,80.0
2024,3535606,66.21
2025,3535606,68.8176
2026,3535606,71.3111
2027,3535606,73.6815
2028,3535606,75.9222
2029,3535606,78.029
2030,3535606,80.0
2024,3535705,77.312
2025,3535705,77.7771
2026,3535705,78.2354
2027,3535705,78.6869
2028,3535705,79.1314
2029,3535705,79.5692
2030,3535705,80.0
2024,3535804,54.3656
2025,3535804,59.3135
2026,3535804,64.0794
2027,3535804,68.5827
2028,3535804,72.7614
2029,3535804,76.5742
2030,3535804,80.0
2024,3535903,39.3754
2025,3535903,46.7898
2026,3535903,54.3488
2027,3535903,61.7126
2028,3535903,68.5754
2029,3535903,74.7121
2030,3535903,80.0
2024,3536000,76.25
2025,3536000,76.9072
2026,3536000,77.5515
2027,3536000,78.183
2028,3536000,78.8016
2029,3536000,79.4073
2030,3536000,80.0
2024,3536109,61.4333
2025,3536109,64.9995
2026,3536109,68.4056
2027,3536109,71.6249
2028,3536109,74.6377
2029,3536109,77.4315
2030,3536109,80.0
2024,3536208,66.9959
2025,3536208,69.4459
2026,3536208,71.7906
2027,3536208,74.0227
2028,3536208,76.1368
2029,3536208,78.1298
2030,3536208,80.0
2024,3536257,77.2275
2025,3536257,77.7078
2026,3536257,78.1808
2027,3536257,78.6465
2028,3536257,79.105
2029,3536257,79.5561
2030,3536257,80.0
2024,3536307,50.3564
2025,3536307,56.0435
2026,3536307,61.5763
2027,3536307,66.8249
2028,3536307,71.6862
2029,3536307,76.09
2030,3536307,80.0
2024,3536406,69.3042
2025,3536406,71.2938
2026,3536406,73.2044
2027,3536406,75.0323
2028,3536406,76.7751
2029,3536406,78.4312
2030,3536406,80.0
2024,3536505,53.6499
2025,3536505,58.7327
2026,3536505,63.636
2027,3536505,68.2714
2028,3536505,72.5707
2029,3536505,76.488
2030,3536505,80.0
2024,3536570,44.7077
2025,3536570,51.3491
2026,3536570,57.9432
2027,3536570,64.2654
2028,3536570,70.1273
2029,3536570,75.3957
2030,3536570,80.0
2024,3536604,55.2403
2025,3536604,60.0217
2026,3536604,64.6195
2027,3536604,68.9619
2028,3536604,72.9941
2029,3536604,76.6796
2030,3536604,80.0
2024,3536703,43.0566
2025,3536703,49.9524
2026,3536703,56.8501
2027,3536703,63.4919
2028,3536703,69.657
2029,3536703,75.1878
2030,3536703,80.0
2024,3536802,47.0
2025,3536802,53.0
2026,3536802,60.0
2027,3536802,65.0
2028,3536802,71.0
2029,3536802,76.0
2030,3536802,80.0
2024,3536901,45.5
2025,3536901,52.01
2026,3536901,58.46
2027,3536901,64.63
2028,3536901,70.35
2029,3536901,75.49
2030,3536901,80.0
2024,3537008,64.0158
2025,3537008,67.0642
2026,3537008,69.9755
2027,3537008,72.7341
2028,3537008,75.3286
2029,3537008,77.7517
2030,3537008,80.0
2024,3537107,80.0
2025,3537107,80.0
2026,3537107,80.0
2027,3537107,80.0
2028,3537107,80.0
2029,3537107,80.0
2030,3537107,80.0
2024,3537156,71.3427
2025,3537156,72.9309
2026,3537156,74.4627
2027,3537156,75.9363
2028,3537156,77.3508
2029,3537156,78.7054
2030,3537156,80.0
2024,3537206,41.8716
2025,3537206,48.9421
2026,3537206,56.0552
2027,3537206,62.9279
2028,3537206,69.3142
2029,3537206,75.0367
2030,3537206,80.0
2024,3537305,63.792
2025,3537305,66.8854
2026,3537305,69.8394
2027,3537305,72.6378
2028,3537305,75.2684
2029,3537305,77.7237
2030,3537305,80.0
2024,3537404,68.3856
2025,3537404,70.5579
2026,3537404,72.6406
2027,3537404,74.629
2028,3537404,76.5196
2029,3537404,78.3102
2030,3537404,80.0
2024,3537503,56.1121
2025,3537503,60.726
2026,3537503,65.1561
2027,3537503,69.3387
2028,3537503,73.2256
2029,3537503,76.7848
2030,3537503,80.0
2024,3537602,45.9406
2025,3537602,52.3841
2026,3537602,58.7492
2027,3537602,64.8347
2028,3537602,70.4736
2029,3537602,75.5492
2030,3537602,80.0
2024,3537701,80.0
2025,3537701,80.0
2026,3537701,80.0
2027,3537701,80.0
2028,3537701,80.0
2029,3537701,80.0
2030,3537701,80.0
2024,3537800,62.1236
2025,3537800,65.5518
2026,3537800,68.8253
2027,3537800,71.921
2028,3537800,74.8218
2029,3537800,77.5165
2030,3537800,80.0
2024,3537909,60.5503
2025,3537909,64.2927
2026,3537909,67.8684
2027,3537909,71.2462
2028,3537909,74.4028
2029,3537909,77.3232
2030,3537909,80.0
2024,3538006,58.7367
2025,3538006,62.8384
2026,3538006,66.7632
2027,3538006,70.4682
2028,3538006,73.9215
2029,3538006,77.1023
2030,3538006,80.0
2024,3538105,51.971
2025,3538105,57.3656
2026,3538105,62.5904
2027,3538105,67.5373
2028,3538105,72.1214
2029,3538105,76.2854
2030,3538105,80.0
2024,3538204,78.3877
2025,3538204,78.6628
2026,3538204,78.9354
2027,3538204,79.2054
2028,3538204,79.4728
2029,3538204,79.7377
2030,3538204,80.0
2024,3538303,60.1916
2025,3538303,64.0053
2026,3538303,67.65
2027,3538303,71.0924
2028,3538303,74.3075
2029,3538303,77.2794
2030,3538303,80.0
2024,3538501,67.8562
2025,3538501,70.1341
2026,3538501,72.3164
2027,3538501,74.3975
2028,3538501,76.3732
2029,3538501,78.2411
2030,3538501,80.0
2024,3538600,62.06
2025,3538600,65.5
2026,3538600,68.78
2027,3538600,71.89
2028,3538600,74.8
2029,3538600,77.51
2030,3538600,80.0
2024,3538709,58.9294
2025,3538709,62.9931
2026,3538709,66.8807
2027,3538709,70.5509
2028,3538709,73.9726
2029,3538709,77.1256
2030,3538709,80.0
2024,3538808,67.2192
2025,3538808,69.6245
2026,3538808,71.927
2027,3538808,74.1198
2028,3538808,76.1981
2029,3538808,78.1586
2030,3538808,80.0
2024,3538907,57.8811
2025,3538907,62.151
2026,3538907,66.2404
2027,3538907,70.1006
2028,3538907,73.6947
2029,3538907,76.9985
2030,3538907,80.0
2024,3539004,80.0
2025,3539004,80.0
2026,3539004,80.0
2027,3539004,80.0
2028,3539004,80.0
2029,3539004,80.0
2030,3539004,80.0
2024,3539103,49.3305
2025,3539103,55.1994
2026,3539103,60.927
2027,3539103,66.3684
2028,3539103,71.4077
2029,3539103,75.9654
2030,3539103,80.0
2024,3539202,75.8298
2025,3539202,76.5641
2026,3539202,77.2827
2027,3539202,77.9857
2028,3539202,78.6729
2029,3539202,79.3443
2030,3539202,80.0
2024,3539301,51.4285
2025,3539301,56.9222
2026,3539301,62.2507
2027,3539301,67.2987
2028,3539301,71.9755
2029,3539301,76.2199
2030,3539301,80.0
2024,3539400,54.008
2025,3539400,59.0235
2026,3539400,63.858
2027,3539400,68.4273
2028,3539400,72.6662
2029,3539400,76.5311
2030,3539400,80.0
2024,3539509,65.7135
2025,3539509,68.4208
2026,3539509,71.0086
2027,3539509,73.4665
2028,3539509,75.7872
2029,3539509,77.9657
2030,3539509,80.0
2024,3539608,75.3516
2025,3539608,76.1743
2026,3539608,76.978
2027,3539608,77.7624
2028,3539608,78.5276
2029,3539608,79.2734
2030,3539608,80.0
2024,3539707,72.7801
2025,3539707,74.0895
2026,3539707,75.3573
2027,3539707,76.5827
2028,3539707,77.7651
2029,3539707,78.9042
2030,3539707,80.0
2024,3539806,58.6948
2025,3539806,62.8048
2026,3539806,66.7376
2027,3539806,70.4502
2028,3539806,73.9104
2029,3539806,77.0972
2030,3539806,80.0
2024,3540002,65.043
2025,3540002,67.885
2026,3540002,70.6003
2027,3540002,73.1768
2028,3540002,75.6055
2029,3540002,77.8808
2030,3540002,80.0
2024,3540101,80.0
2025,3540101,80.0
2026,3540101,80.0
2027,3540101,80.0
2028,3540101,80.0
2029,3540101,80.0
2030,3540101,80.0
2024,3540200,63.3442
2025,3540200,66.5275
2026,3540200,69.5672
2027,3540200,72.4452
2028,3540200,75.1482
2029,3540200,77.6678
2030,3540200,80.0
2024,3540259,50.3304
2025,3540259,56.0222
2026,3540259,61.5599
2027,3540259,66.8133
2028,3540259,71.6791
2029,3540259,76.0869
2030,3540259,80.0
2024,3540309,72.7801
2025,3540309,74.0895
2026,3540309,75.3573
2027,3540309,76.5827
2028,3540309,77.7651
2029,3540309,78.9042
2030,3540309,80.0
2024,3540408,78.2179
2025,3540408,78.5227
2026,3540408,78.8244
2027,3540408,79.1229
2028,3540408,79.4184
2029,3540408,79.7108
2030,3540408,80.0
2024,3540507,71.5087
2025,3540507,73.0645
2026,3540507,74.5656
2027,3540507,76.0105
2028,3540507,77.3982
2029,3540507,78.7281
2030,3540507,80.0
2024,3540606,74.6149
2025,3540606,75.5752
2026,3540606,76.5107
2027,3540606,77.421
2028,3540606,78.306
2029,3540606,79.1657
2030,3540606,80.0
2024,3540705,53.9995
2025,3540705,59.0166
2026,3540705,63.8528
2027,3540705,68.4236
2028,3540705,72.6639
2029,3540705,76.5301
2030,3540705,80.0
2024,3540754,47.0224
2025,3540754,53.2872
2026,3540754,59.45
2027,3540754,65.3288
2028,3540754,70.7743
2029,3540754,75.6829
2030,3540754,80.0
2024,3540804,63.9081
2025,3540804,66.9781
2026,3540804,69.91
2027,3540804,72.6877
2028,3540804,75.2996
2029,3540804,77.7382
2030,3540804,80.0
2024,3540853,80.0
2025,3540853,80.0
2026,3540853,80.0
2027,3540853,80.0
2028,3540853,80.0
2029,3540853,80.0
2030,3540853,80.0
2024,3540903,75.1254
2025,3540903,75.9902
2026,3540903,76.8342
2027,3540903,77.6572
2028,3540903,78.4593
2029,3540903,79.2402
2030,3540903,80.0
2024,3541000,55.5538
2025,3541000,60.2751
2026,3541000,64.8126
2027,3541000,69.0975
2028,3541000,73.0774
2029,3541000,76.7174
2030,3541000,80.0
2024,3541059,60.033
2025,3541059,63.8782
2026,3541059,67.5534
2027,3541059,71.0244
2028,3541059,74.2654
2029,3541059,77.26
2030,3541059,80.0
2024,3541208,66.8139
2025,3541208,69.3004
2026,3541208,71.6795
2027,3541208,73.9436
2028,3541208,76.087
2029,3541208,78.1064
2030,3541208,80.0
2024,3541307,53.5645
2025,3541307,58.6634
2026,3541307,63.5831
2027,3541307,68.2343
2028,3541307,72.5479
2029,3541307,76.4777
2030,3541307,80.0
2024,3541406,58.3679
2025,3541406,62.5422
2026,3541406,66.538
2027,3541406,70.3098
2028,3541406,73.8237
2029,3541406,77.0575
2030,3541406,80.0
2024,3541505,63.3608
2025,3541505,66.5408
2026,3541505,69.5773
2027,3541505,72.4523
2028,3541505,75.1527
2029,3541505,77.6699
2030,3541505,80.0
2024,3541604,69.4118
2025,3541604,71.3801
2026,3541604,73.2706
2027,3541604,75.0797
2028,3541604,76.8052
2029,3541604,78.4455
2030,3541604,80.0
2024,3541653,55.4861
2025,3541653,60.2204
2026,3541653,64.7709
2027,3541653,69.0682
2028,3541653,73.0594
2029,3541653,76.7093
2030,3541653,80.0
2024,3541703,68.4849
2025,3541703,70.6374
2026,3541703,72.7015
2027,3541703,74.6725
2028,3541703,76.5471
2029,3541703,78.3232
2030,3541703,80.0
2024,3541802,80.0
2025,3541802,80.0
2026,3541802,80.0
2027,3541802,80.0
2028,3541802,80.0
2029,3541802,80.0
2030,3541802,80.0
2024,3541901,64.9188
2025,3541901,67.7857
2026,3541901,70.5248
2027,3541901,73.1232
2028,3541901,75.572
2029,3541901,77.8651
2030,3541901,80.0
2024,3542008,56.3823
2025,3542008,60.944
2026,3542008,65.3221
2027,3542008,69.4553
2028,3542008,73.2973
2029,3542008,76.8174
2030,3542008,80.0
2024,3542107,80.0
2025,3542107,80.0
2026,3542107,80.0
2027,3542107,80.0
2028,3542107,80.0
2029,3542107,80.0
2030,3542107,80.0
2024,3542206,63.3442
2025,3542206,66.5275
2026,3542206,69.5672
2027,3542206,72.4452
2028,3542206,75.1482
2029,3542206,77.6678
2030,3542206,80.0
2024,3542305,80.0
2025,3542305,80.0
2026,3542305,80.0
2027,3542305,80.0
2028,3542305,80.0
2029,3542305,80.0
2030,3542305,80.0
2024,3542404,78.0652
2025,3542404,78.3968
2026,3542404,78.7247
2027,3542404,79.049
2028,3542404,79.3697
2029,3542404,79.6867
2030,3542404,80.0
2024,3542503,80.0
2025,3542503,80.0
2026,3542503,80.0
2027,3542503,80.0
2028,3542503,80.0
2029,3542503,80.0
2030,3542503,80.0
2024,3542602,56.8884
2025,3542602,61.352
2026,3542602,65.6326
2027,3542602,69.6735
2028,3542602,73.4315
2029,3542602,76.8785
2030,3542602,80.0
2024,3542701,71.8242
2025,3542701,73.3186
2026,3542701,74.7616
2027,3542701,76.1519
2028,3542701,77.4887
2029,3542701,78.7715
2030,3542701,80.0
2024,3542800,65.7135
2025,3542800,68.4208
2026,3542800,71.0086
2027,3542800,73.4665
2028,3542800,75.7872
2029,3542800,77.9657
2030,3542800,80.0
2024,3542909,79.3499
2025,3542909,79.4593
2026,3542909,79.5683
2027,3542909,79.6769
2028,3542909,79.785
2029,3542909,79.8927
2030,3542909,80.0
2024,3543006,57.5618
2025,3543006,61.8941
2026,3543006,66.0451
2027,3543006,69.9633
2028,3543006,73.6101
2029,3543006,76.9599
2030,3543006,80.0
2024,3543105,73.163
2025,3543105,74.3989
2026,3543105,75.5969
2027,3543105,76.7563
2028,3543105,77.8768
2029,3543105,78.958
2030,3543105,80.0
2024,3543204,75.0416
2025,3543204,75.9221
2026,3543204,76.781
2027,3543204,77.6184
2028,3543204,78.434
2029,3543204,79.2279
2030,3543204,80.0
2024,3543238,72.0817
2025,3543238,73.5261
2026,3543238,74.9217
2027,3543238,76.2676
2028,3543238,77.5628
2029,3543238,78.807
2030,3543238,80.0
2024,3543253,66.3672
2025,3543253,68.9432
2026,3543253,71.4069
2027,3543253,73.7497
2028,3543253,75.965
2029,3543253,78.0491
2030,3543253,80.0
2024,3543303,66.9132
2025,3543303,69.3797
2026,3543303,71.7401
2027,3543303,73.9867
2028,3543303,76.1142
2029,3543303,78.1191
2030,3543303,80.0
2024,3543402,45.4772
2025,3543402,51.9958
2026,3543402,58.4472
2027,3543402,64.6215
2028,3543402,70.3439
2029,3543402,75.4917
2030,3543402,80.0
2024,3543501,80.0
2025,3543501,80.0
2026,3543501,80.0
2027,3543501,80.0
2028,3543501,80.0
2029,3543501,80.0
2030,3543501,80.0
2024,3543600,59.6488
2025,3543600,63.5702
2026,3543600,67.3194
2027,3543600,70.8596
2028,3543600,74.1634
2029,3543600,77.2132
2030,3543600,80.0
2024,3543709,62.4228
2025,3543709,65.791
2026,3543709,69.0071
2027,3543709,72.0494
2028,3543709,74.9016
2029,3543709,77.5535
2030,3543709,80.0
2024,3543907,55.164
2025,3543907,59.96
2026,3543907,64.5724
2027,3543907,68.9289
2028,3543907,72.9738
2029,3543907,76.6704
2030,3543907,80.0
2024,3544004,67.4839
2025,3544004,69.8362
2026,3544004,72.0887
2027,3544004,74.2351
2028,3544004,76.2708
2029,3544004,78.1928
2030,3544004,80.0
2024,3544103,38.6729
2025,3544103,46.1778
2026,3544103,53.86
2027,3544103,61.3632
2028,3544103,68.3629
2029,3544103,74.6191
2030,3544103,80.0
2024,3544202,80.0
2025,3544202,80.0
2026,3544202,80.0
2027,3544202,80.0
2028,3544202,80.0
2029,3544202,80.0
2030,3544202,80.0
2024,3544251,62.921
2025,3544251,66.1893
2026,3544251,69.31
2027,3544251,72.2633
2028,3544251,75.0349
2029,3544251,77.6152
2030,3544251,80.0
2024,3544301,66.2596
2025,3544301,68.8572
2026,3544301,71.3414
2027,3544301,73.703
2028,3544301,75.9357
2029,3544301,78.0353
2030,3544301,80.0
2024,3544400,57.8139
2025,3544400,62.0969
2026,3544400,66.1993
2027,3544400,70.0717
2028,3544400,73.6769
2029,3544400,76.9904
2030,3544400,80.0
2024,3544509,63.7506
2025,3544509,66.8523
2026,3544509,69.8142
2027,3544509,72.6199
2028,3544509,75.2573
2029,3544509,77.7185
2030,3544509,80.0
2024,3544608,58.6445
2025,3544608,62.7644
2026,3544608,66.7069
2027,3544608,70.4286
2028,3544608,73.8971
2029,3544608,77.0911
2030,3544608,80.0
2024,3544707,71.8242
2025,3544707,73.3186
2026,3544707,74.7616
2027,3544707,76.1519
2028,3544707,77.4887
2029,3544707,78.7715
2030,3544707,80.0
2024,3544806,69.9086
2025,3544806,71.7786
2026,3544806,73.5764
2027,3544806,75.299
2028,3544806,76.9445
2029,3544806,78.5117
2030,3544806,80.0
2024,3544905,62.0322
2025,3544905,65.4786
2026,3544905,68.7697
2027,3544905,71.8818
2028,3544905,74.7974
2029,3544905,77.5053
2030,3544905,80.0
2024,3545001,67.153
2025,3545001,69.5716
2026,3545001,71.8866
2027,3545001,74.091
2028,3545001,76.1799
2029,3545001,78.15
2030,3545001,80.0
2024,3545100,61.0
2025,3545100,65.0
2026,3545100,68.0
2027,3545100,71.0
2028,3545100,75.0
2029,3545100,77.0
2030,3545100,80.0
2024,3545159,67.9472
2025,3545159,70.2069
2026,3545159,72.3721
2027,3545159,74.4372
2028,3545159,76.3983
2029,3545159,78.253
2030,3545159,80.0
2024,3545209,60.1666
2025,3545209,63.9852
2026,3545209,67.6348
2027,3545209,71.0816
2028,3545209,74.3009
2029,3545209,77.2763
2030,3545209,80.0
2024,3545308,49.8963
2025,3545308,55.6654
2026,3545308,61.2856
2027,3545308,66.6206
2028,3545308,71.5615
2029,3545308,76.0342
2030,3545308,80.0
2024,3545407,63.4935
2025,3545407,66.6469
2026,3545407,69.658
2027,3545407,72.5094
2028,3545407,75.1883
2029,3545407,77.6864
2030,3545407,80.0
2024,3545506,79.2304
2025,3545506,79.3601
2026,3545506,79.4893
2027,3545506,79.6179
2028,3545506,79.7459
2029,3545506,79.8732
2030,3545506,80.0
2024,3545605,63.8915
2025,3545605,66.9649
2026,3545605,69.8999
2027,3545605,72.6806
2028,3545605,75.2951
2029,3545605,77.7361
2030,3545605,80.0
2024,3545704,67.9472
2025,3545704,70.2069
2026,3545704,72.3721
2027,3545704,74.4372
2028,3545704,76.3983
2029,3545704,78.253
2030,3545704,80.0
2024,3545803,58.8372
2025,3545803,62.9191
2026,3545803,66.8245
2027,3545803,70.5113
2028,3545803,73.9482
2029,3545803,77.1145
2030,3545803,80.0
2024,3546009,46.9605
2025,3546009,53.2357
2026,3546009,59.4101
2027,3546009,65.3007
2028,3546009,70.7572
2029,3546009,75.6753
2030,3546009,80.0
2024,3546108,80.0
2025,3546108,80.0
2026,3546108,80.0
2027,3546108,80.0
2028,3546108,80.0
2029,3546108,80.0
2030,3546108,80.0
2024,3546207,68.758
2025,3546207,70.8561
2026,3546207,72.8689
2027,3546207,74.7922
2028,3546207,76.6229
2029,3546207,78.3591
2030,3546207,80.0
2024,3546256,51.4543
2025,3546256,56.9434
2026,3546256,62.2669
2027,3546256,67.3101
2028,3546256,71.9825
2029,3546256,76.223
2030,3546256,80.0
2024,3546306,54.4677
2025,3546306,59.3962
2026,3546306,64.1425
2027,3546306,68.627
2028,3546306,72.7886
2029,3546306,76.5865
2030,3546306,80.0
2024,3546405,57.2505
2025,3546405,61.6436
2026,3546405,65.8545
2027,3546405,69.8294
2028,3546405,73.5276
2029,3546405,76.9222
2030,3546405,80.0
2024,3546504,80.0
2025,3546504,80.0
2026,3546504,80.0
2027,3546504,80.0
2028,3546504,80.0
2029,3546504,80.0
2030,3546504,80.0
2024,3546603,62.6553
2025,3546603,65.9769
2026,3546603,69.1485
2027,3546603,72.1492
2028,3546603,74.9638
2029,3546603,77.5823
2030,3546603,80.0
2024,3546702,63.0289
2025,3546702,66.2755
2026,3546702,69.3756
2027,3546702,72.3097
2028,3546702,75.0638
2029,3546702,77.6286
2030,3546702,80.0
2024,3546801,73.4546
2025,3546801,74.6347
2026,3546801,75.7797
2027,3546801,76.889
2028,3546801,77.9622
2029,3546801,78.9993
2030,3546801,80.0
2024,3546900,68.9648
2025,3546900,71.0219
2026,3546900,72.9959
2027,3546900,74.8831
2028,3546900,76.6805
2029,3546900,78.3863
2030,3546900,80.0
2024,3547007,55.2318
2025,3547007,60.0149
2026,3547007,64.6143
2027,3547007,68.9583
2028,3547007,72.9919
2029,3547007,76.6786
2030,3547007,80.0
2024,3547106,80.0
2025,3547106,80.0
2026,3547106,80.0
2027,3547106,80.0
2028,3547106,80.0
2029,3547106,80.0
2030,3547106,80.0
2024,3547304,61.0
2025,3547304,64.0
2026,3547304,68.0
2027,3547304,71.0
2028,3547304,74.0
2029,3547304,77.0
2030,3547304,80.0
2024,3547403,63.6179
2025,3547403,66.7463
2026,3547403,69.7336
2027,3547403,72.5629
2028,3547403,75.2217
2029,3547403,77.702
2030,3547403,80.0
2024,3547502,65.2583
2025,3547502,68.057
2026,3547502,70.7314
2027,3547502,73.2698
2028,3547502,75.6638
2029,3547502,77.908
2030,3547502,80.0
2024,3547601,75.2259
2025,3547601,76.072
2026,3547601,76.898
2027,3547601,77.7039
2028,3547601,78.4896
2029,3547601,79.2549
2030,3547601,80.0
2024,3547650,80.0
2025,3547650,80.0
2026,3547650,80.0
2027,3547650,80.0
2028,3547650,80.0
2029,3547650,80.0
2030,3547650,80.0
2024,3547700,79.9914
2025,3547700,79.9929
2026,3547700,79.9943
2027,3547700,79.9957
2028,3547700,79.9971
2029,3547700,79.9986
2030,3547700,80.0
2024,3547809,57.3347
2025,3547809,61.7114
2026,3547809,65.9061
2027,3547809,69.8656
2028,3547809,73.5499
2029,3547809,76.9324
2030,3547809,80.0
2024,3547908,54.6462
2025,3547908,59.5408
2026,3547908,64.2528
2027,3547908,68.7045
2028,3547908,72.8361
2029,3547908,76.608
2030,3547908,80.0
2024,3548005,58.5524
2025,3548005,62.6904
2026,3548005,66.6506
2027,3548005,70.389
2028,3548005,73.8726
2029,3548005,77.0799
2030,3548005,80.0
2024,3548054,55.0622
2025,3548054,59.8777
2026,3548054,64.5097
2027,3548054,68.8848
2028,3548054,72.9468
2029,3548054,76.6582
2030,3548054,80.0
2024,3548104,72.8051
2025,3548104,74.1097
2026,3548104,75.3729
2027,3548104,76.594
2028,3548104,77.7723
2029,3548104,78.9077
2030,3548104,80.0
2024,3548203,48.7979
2025,3548203,54.7598
2026,3548203,60.5882
2027,3548203,66.1302
2028,3548203,71.2625
2029,3548203,75.9005
2030,3548203,80.0
2024,3548302,80.0
2025,3548302,80.0
2026,3548302,80.0
2027,3548302,80.0
2028,3548302,80.0
2029,3548302,80.0
2030,3548302,80.0
2024,3548401,74.8157
2025,3548401,75.7383
2026,3548401,76.6377
2027,3548401,77.5137
2028,3548401,78.3661
2029,3548401,79.1949
2030,3548401,80.0
2024,3548500,59.9244
2025,3548500,63.7912
2026,3548500,67.4873
2027,3548500,70.9778
2028,3548500,74.2366
2029,3548500,77.2468
2030,3548500,80.0
2024,3548609,64.9188
2025,3548609,67.7857
2026,3548609,70.5248
2027,3548609,73.1232
2028,3548609,75.572
2029,3548609,77.8651
2030,3548609,80.0
2024,3548708,59.6237
2025,3548708,63.5501
2026,3548708,67.3041
2027,3548708,70.8488
2028,3548708,74.1568
2029,3548708,77.2101
2030,3548708,80.0
2024,3548807,64.0987
2025,3548807,67.1305
2026,3548807,70.0259
2027,3548807,72.7698
2028,3548807,75.3509
2029,3548807,77.7621
2030,3548807,80.0
2024,3548906,56.2557
2025,3548906,60.8419
2026,3548906,65.2443
2027,3548906,69.4007
2028,3548906,73.2637
2029,3548906,76.8021
2030,3548906,80.0
2024,3549102,58.787
2025,3549102,62.8788
2026,3549102,66.7938
2027,3549102,70.4898
2028,3549102,73.9348
2029,3549102,77.1084
2030,3549102,80.0
2024,3549201,80.0
2025,3549201,80.0
2026,3549201,80.0
2027,3549201,80.0
2028,3549201,80.0
2029,3549201,80.0
2030,3549201,80.0
2024,3549250,49.7833
2025,3549250,55.5724
2026,3549250,61.2141
2027,3549250,66.5703
2028,3549250,71.5308
2029,3549250,76.0204
2030,3549250,80.0
2024,3549300,80.0
2025,3549300,80.0
2026,3549300,80.0
2027,3549300,80.0
2028,3549300,80.0
2029,3549300,80.0
2030,3549300,80.0
2024,3549409,51.1178
2025,3549409,56.6679
2026,3549409,62.0557
2027,3549409,67.1617
2028,3549409,71.8918
2029,3549409,76.1823
2030,3549409,80.0
2024,3549508,52.9148
2025,3549508,58.135
2026,3549508,63.1792
2027,3549508,67.9507
2028,3549508,72.3743
2029,3549508,76.3993
2030,3549508,80.0
2024,3549607,44.3844
2025,3549607,51.0766
2026,3549607,57.7304
2027,3549607,64.115
2028,3549607,70.0358
2029,3549607,75.3552
2030,3549607,80.0
2024,3549706,52.9833
2025,3549706,58.1908
2026,3549706,63.2219
2027,3549706,67.9807
2028,3549706,72.3926
2029,3549706,76.4076
2030,3549706,80.0
2024,3549805,56.6776
2025,3549805,61.1821
2026,3549805,65.5033
2027,3549805,69.5827
2028,3549805,73.3757
2029,3549805,76.853
2030,3549805,80.0
2024,3549904,61.1836
2025,3549904,64.7997
2026,3549904,68.2537
2027,3549904,71.5178
2028,3549904,74.5713
2029,3549904,77.4008
2030,3549904,80.0
2024,3549953,64.4633
2025,3549953,67.4218
2026,3549953,70.2476
2027,3549953,72.9268
2028,3549953,75.449
2029,3549953,77.8078
2030,3549953,80.0
2024,3550001,74.4394
2025,3550001,75.4327
2026,3550001,76.3997
2027,3550001,77.34
2028,3550001,78.2536
2029,3550001,79.1403
2030,3550001,80.0
2024,3550100,63.0621
2025,3550100,66.3021
2026,3550100,69.3957
2027,3550100,72.324
2028,3550100,75.0726
2029,3550100,77.6328
2030,3550100,80.0
2024,3550209,61.0
2025,3550209,65.0
2026,3550209,68.0
2027,3550209,71.0
2028,3550209,74.0
2029,3550209,77.0
2030,3550209,80.0
2024,3550308,44.3664
2025,3550308,51.0614
2026,3550308,57.7185
2027,3550308,64.1066
2028,3550308,70.0307
2029,3550308,75.353
2030,3550308,80.0
2024,3550407,56.568
2025,3550407,61.0937
2026,3550407,65.4361
2027,3550407,69.5354
2028,3550407,73.3466
2029,3550407,76.8398
2030,3550407,80.0
2024,3550506,70.9362
2025,3550506,72.604
2026,3550506,74.2109
2027,3550506,75.755
2028,3550506,77.235
2029,3550506,78.6501
2030,3550506,80.0
2024,3550605,56.8968
2025,3550605,61.3588
2026,3550605,65.6378
2027,3550605,69.6771
2028,3550605,73.4338
2029,3550605,76.8795
2030,3550605,80.0
2024,3550704,45.5664
2025,3550704,52.0707
2026,3550704,58.5055
2027,3550704,64.6626
2028,3550704,70.3689
2029,3550704,75.5028
2030,3550704,80.0
2024,3550803,67.2606
2025,3550803,69.6576
2026,3550803,71.9523
2027,3550803,74.1378
2028,3550803,76.2094
2029,3550803,78.1639
2030,3550803,80.0
2024,3550902,65.6638
2025,3550902,68.3811
2026,3550902,70.9783
2027,3550902,73.4451
2028,3550902,75.7737
2029,3550902,77.9594
2030,3550902,80.0
2024,3551009,49.0077
2025,3551009,54.9331
2026,3551009,60.7218
2027,3551009,66.2241
2028,3551009,71.3197
2029,3551009,75.926
2030,3551009,80.0
2024,3551108,47.5341
2025,3551108,53.7128
2026,3551108,59.7795
2027,3551108,65.561
2028,3551108,70.9157
2029,3551108,75.7458
2030,3551108,80.0
2024,3551207,79.111
2025,3551207,79.2611
2026,3551207,79.4105
2027,3551207,79.5591
2028,3551207,79.7068
2029,3551207,79.8538
2030,3551207,80.0
2024,3551306,80.0
2025,3551306,80.0
2026,3551306,80.0
2027,3551306,80.0
2028,3551306,80.0
2029,3551306,80.0
2030,3551306,80.0
2024,3551405,31.157
2025,3551405,39.4219
2026,3551405,48.3399
2027,3551405,57.3648
2028,3551405,65.9245
2029,3551405,73.5579
2030,3551405,80.0
2024,3551504,51.4716
2025,3551504,56.9575
2026,3551504,62.2777
2027,3551504,67.3176
2028,3551504,71.9871
2029,3551504,76.2251
2030,3551504,80.0
2024,3551702,58.0658
2025,3551702,62.2995
2026,3551702,66.3534
2027,3551702,70.18
2028,3551702,73.7437
2029,3551702,77.0209
2030,3551702,80.0
2024,3551801,68.9317
2025,3551801,70.9953
2026,3551801,72.9756
2027,3551801,74.8685
2028,3551801,76.6712
2029,3551801,78.382
2030,3551801,80.0
2024,3551900,48.1584
2025,3551900,54.2307
2026,3551900,60.1799
2027,3551900,65.8428
2028,3551900,71.0874
2029,3551900,75.8223
2030,3551900,80.0
2024,3552007,51.4026
2025,3552007,56.901
2026,3552007,62.2344
2027,3552007,67.2873
2028,3552007,71.9686
2029,3552007,76.2167
2030,3552007,80.0
2024,3552106,55.63
2025,3552106,60.3367
2026,3552106,64.8595
2027,3552106,69.1305
2028,3552106,73.0976
2029,3552106,76.7266
2030,3552106,80.0
2024,3552205,53.1458
2025,3552205,58.323
2026,3552205,63.323
2027,3552205,68.0517
2028,3552205,72.4361
2029,3552205,76.4272
2030,3552205,80.0
2024,3552304,56.4414
2025,3552304,60.9917
2026,3552304,65.3584
2027,3552304,69.4808
2028,3552304,73.313
2029,3552304,76.8245
2030,3552304,80.0
2024,3552403,57.3936
2025,3552403,61.7588
2026,3552403,65.9421
2027,3552403,69.8909
2028,3552403,73.5655
2029,3552403,76.9395
2030,3552403,80.0
2024,3552502,48.097
2025,3552502,54.1798
2026,3552502,60.1406
2027,3552502,65.8152
2028,3552502,71.0705
2029,3552502,75.8148
2030,3552502,80.0
2024,3552551,80.0
2025,3552551,80.0
2026,3552551,80.0
2027,3552551,80.0
2028,3552551,80.0
2029,3552551,80.0
2030,3552551,80.0
2024,3552601,80.0
2025,3552601,80.0
2026,3552601,80.0
2027,3552601,80.0
2028,3552601,80.0
2029,3552601,80.0
2030,3552601,80.0
2024,3552700,65.3245
2025,3552700,68.1099
2026,3552700,70.7717
2027,3552700,73.2984
2028,3552700,75.6817
2029,3552700,77.9164
2030,3552700,80.0
2024,3552809,51.161
2025,3552809,56.7033
2026,3552809,62.0828
2027,3552809,67.1807
2028,3552809,71.9035
2029,3552809,76.1875
2030,3552809,80.0
2024,3552908,79.94
2025,3552908,79.95
2026,3552908,79.96
2027,3552908,79.97
2028,3552908,79.98
2029,3552908,79.99
2030,3552908,80.0
2024,3553005,62.1403
2025,3553005,65.5651
2026,3553005,68.8354
2027,3553005,71.9281
2028,3553005,74.8262
2029,3553005,77.5186
2030,3553005,80.0
2024,3553104,69.2628
2025,3553104,71.2607
2026,3553104,73.179
2027,3553104,75.0141
2028,3553104,76.7635
2029,3553104,78.4257
2030,3553104,80.0
2024,3553203,70.0329
2025,3553203,71.8784
2026,3553203,73.6529
2027,3553203,75.3539
2028,3553203,76.9794
2029,3553203,78.5283
2030,3553203,80.0
2024,3553302,53.0089
2025,3553302,58.2117
2026,3553302,63.2378
2027,3553302,67.9919
2028,3553302,72.3995
2029,3553302,76.4107
2030,3553302,80.0
2024,3553401,67.5915
2025,3553401,69.9223
2026,3553401,72.1545
2027,3553401,74.282
2028,3553401,76.3003
2029,3553401,78.2067
2030,3553401,80.0
2024,3553500,58.049
2025,3553500,62.286
2026,3553500,66.3431
2027,3553500,70.1728
2028,3553500,73.7392
2029,3553500,77.0189
2030,3553500,80.0
2024,3553609,57.8979
2025,3553609,62.1645
2026,3553609,66.2507
2027,3553609,70.1078
2028,3553609,73.6992
2029,3553609,77.0006
2030,3553609,80.0
2024,3553658,75.7626
2025,3553658,76.5093
2026,3553658,77.2399
2027,3553658,77.9542
2028,3553658,78.6524
2029,3553658,79.3343
2030,3553658,80.0
2024,3553708,65.0679
2025,3553708,67.9048
2026,3553708,70.6155
2027,3553708,73.1875
2028,3553708,75.6122
2029,3553708,77.8839
2030,3553708,80.0
2024,3553807,57.0737
2025,3553807,61.5012
2026,3553807,65.7462
2027,3553807,69.7533
2028,3553807,73.4807
2029,3553807,76.9009
2030,3553807,80.0
2024,3553856,65.0182
2025,3553856,67.8651
2026,3553856,70.5852
2027,3553856,73.1661
2028,3553856,75.5988
2029,3553856,77.8777
2030,3553856,80.0
2024,3553906,78.6852
2025,3553906,78.9086
2026,3553906,79.1303
2027,3553906,79.3503
2028,3553906,79.5686
2029,3553906,79.7852
2030,3553906,80.0
2024,3553955,80.0
2025,3553955,80.0
2026,3553955,80.0
2027,3553955,80.0
2028,3553955,80.0
2029,3553955,80.0
2030,3553955,80.0
2024,3554003,55.8669
2025,3554003,60.5281
2026,3554003,65.0053
2027,3554003,69.2329
2028,3554003,73.1606
2029,3554003,76.7552
2030,3554003,80.0
2024,3554102,50.1048
2025,3554102,55.8368
2026,3554102,61.4174
2027,3554102,66.7132
2028,3554102,71.618
2029,3554102,76.0595
2030,3554102,80.0
2024,3554201,74.4059
2025,3554201,75.4056
2026,3554201,76.3786
2027,3554201,77.3247
2028,3554201,78.2436
2029,3554201,79.1354
2030,3554201,80.0
2024,3554300,68.9483
2025,3554300,71.0086
2026,3554300,72.9858
2027,3554300,74.8758
2028,3554300,76.6758
2029,3554300,78.3842
2030,3554300,80.0
2024,3554409,69.2794
2025,3554409,71.2739
2026,3554409,73.1891
2027,3554409,75.0214
2028,3554409,76.7682
2029,3554409,78.4279
2030,3554409,80.0
2024,3554508,53.5304
2025,3554508,58.6357
2026,3554508,63.5619
2027,3554508,68.2194
2028,3554508,72.5388
2029,3554508,76.4736
2030,3554508,80.0
2024,3554607,45.52
2025,3554607,52.03
2026,3554607,58.48
2027,3554607,64.64
2028,3554607,70.36
2029,3554607,75.5
2030,3554607,80.0
2024,3554656,40.2223
2025,3554656,47.5238
2026,3554656,54.9328
2027,3554656,62.1293
2028,3554656,68.8288
2029,3554656,74.8233
2030,3554656,80.0
2024,3554755,80.0
2025,3554755,80.0
2026,3554755,80.0
2027,3554755,80.0
2028,3554755,80.0
2029,3554755,80.0
2030,3554755,80.0
2024,3554805,48.7717
2025,3554805,54.7382
2026,3554805,60.5715
2027,3554805,66.1184
2028,3554805,71.2553
2029,3554805,75.8973
2030,3554805,80.0
2024,3554904,80.0
2025,3554904,80.0
2026,3554904,80.0
2027,3554904,80.0
2028,3554904,80.0
2029,3554904,80.0
2030,3554904,80.0
2024,3554953,68.0381
2025,3554953,70.2797
2026,3554953,72.4278
2027,3554953,74.477
2028,3554953,76.4235
2029,3554953,78.2648
2030,3554953,80.0
2024,3555000,55.0792
2025,3555000,59.8914
2026,3555000,64.5201
2027,3555000,68.8922
2028,3555000,72.9513
2029,3555000,76.6602
2030,3555000,80.0
2024,3555109,80.0
2025,3555109,80.0
2026,3555109,80.0
2027,3555109,80.0
2028,3555109,80.0
2029,3555109,80.0
2030,3555109,80.0
2024,3555208,80.0
2025,3555208,80.0
2026,3555208,80.0
2027,3555208,80.0
2028,3555208,80.0
2029,3555208,80.0
2030,3555208,80.0
2024,3555307,51.0401
2025,3555307,56.6043
2026,3555307,62.0068
2027,3555307,67.1274
2028,3555307,71.8709
2029,3555307,76.1729
2030,3555307,80.0
2024,3555356,63.8418
2025,3555356,66.9252
2026,3555356,69.8697
2027,3555356,72.6592
2028,3555356,75.2818
2029,3555356,77.7299
2030,3555356,80.0
2024,3555406,47.4284
2025,3555406,53.6249
2026,3555406,59.7115
2027,3555406,65.5131
2028,3555406,70.8865
2029,3555406,75.7328
2030,3555406,80.0
2024,3555505,53.9057
2025,3555505,58.9405
2026,3555505,63.7947
2027,3555505,68.3828
2028,3555505,72.6389
2029,3555505,76.5188
2030,3555505,80.0
2024,3555604,50.4691
2025,3555604,56.136
2026,3555604,61.6473
2027,3555604,66.8748
2028,3555604,71.7167
2029,3555604,76.1037
2030,3555604,80.0
2024,3555901,80.0
2025,3555901,80.0
2026,3555901,80.0
2027,3555901,80.0
2028,3555901,80.0
2029,3555901,80.0
2030,3555901,80.0
2024,3556008,80.0
2025,3556008,80.0
2026,3556008,80.0
2027,3556008,80.0
2028,3556008,80.0
2029,3556008,80.0
2030,3556008,80.0
2024,3556107,69.1883
2025,3556107,71.2009
2026,3556107,73.1332
2027,3556107,74.9813
2028,3556107,76.7428
2029,3556107,78.4159
2030,3556107,80.0
2024,3556206,55.5538
2025,3556206,60.2751
2026,3556206,64.8126
2027,3556206,69.0975
2028,3556206,73.0774
2029,3556206,76.7174
2030,3556206,80.0
2024,3556305,66.9711
2025,3556305,69.426
2026,3556305,71.7754
2027,3556305,74.0119
2028,3556305,76.13
2029,3556305,78.1266
2030,3556305,80.0
2024,3556354,75.3013
2025,3556354,76.1334
2026,3556354,76.946
2027,3556354,77.739
2028,3556354,78.5124
2029,3556354,79.266
2030,3556354,80.0
2024,3556404,71.1602
2025,3556404,72.7841
2026,3556404,74.3495
2027,3556404,75.8548
2028,3556404,77.2987
2029,3556404,78.6805
2030,3556404,80.0
2024,3556453,60.0246
2025,3556453,63.8715
2026,3556453,67.5484
2027,3556453,71.0208
2028,3556453,74.2632
2029,3556453,77.259
2030,3556453,80.0
2024,3556503,53.8546
2025,3556503,58.899
2026,3556503,63.763
2027,3556503,68.3606
2028,3556503,72.6253
2029,3556503,76.5126
2030,3556503,80.0
2024,3556602,65.5645
2025,3556602,68.3017
2026,3556602,70.9178
2027,3556602,73.4021
2028,3556602,75.7468
2029,3556602,77.9468
2030,3556602,80.0
2024,3556701,56.1205
2025,3556701,60.7328
2026,3556701,65.1612
2027,3556701,69.3424
2028,3556701,73.2279
2029,3556701,76.7858
2030,3556701,80.0
2024,3556800,66.2513
2025,3556800,68.8506
2026,3556800,71.3363
2027,3556800,73.6994
2028,3556800,75.9335
2029,3556800,78.0343
2030,3556800,80.0
2024,3556909,80.0
2025,3556909,80.0
2026,3556909,80.0
2027,3556909,80.0
2028,3556909,80.0
2029,3556909,80.0
2030,3556909,80.0
2024,3556958,68.8324
2025,3556958,70.9158
2026,3556958,72.9146
2027,3556958,74.8249
2028,3556958,76.6436
2029,3556958,78.3689
2030,3556958,80.0
2024,3557006,53.9739
2025,3557006,58.9958
2026,3557006,63.8369
2027,3557006,68.4125
2028,3557006,72.6571
2029,3557006,76.527
2030,3557006,80.0
2024,3557105,54.6802
2025,3557105,59.5684
2026,3557105,64.2738
2027,3557105,68.7192
2028,3557105,72.8452
2029,3557105,76.6121
2030,3557105,80.0
2024,3557154,44.7795
2025,3557154,51.4095
2026,3557154,57.9903
2027,3557154,64.2988
2028,3557154,70.1476
2029,3557154,75.4047
2030,3557154,80.0
2024,3557204,44.5192
2025,3557204,51.1903
2026,3557204,57.8192
2027,3557204,64.1778
2028,3557204,70.074
2029,3557204,75.3721
2030,3557204,80.0
2024,3557303,50.7721
2025,3557303,56.3846
2026,3557303,61.8383
2027,3557303,67.009
2028,3557303,71.7986
2029,3557303,76.1404
2030,3557303,80.0
2024,4100103,60.0497
2025,4100103,63.8916
2026,4100103,67.5636
2027,4100103,71.0315
2028,4100103,74.2698
2029,4100103,77.2621
2030,4100103,80.0
2024,4100202,63.3774
2025,4100202,66.5541
2026,4100202,69.5874
2027,4100202,72.4595
2028,4100202,75.1571
2029,4100202,77.672
2030,4100202,80.0
2024,4100301,76.4687
2025,4100301,77.086
2026,4100301,77.6919
2027,4100301,78.2862
2028,4100301,78.869
2029,4100301,79.4403
2030,4100301,80.0
2024,4100400,56.9979
2025,4100400,61.4402
2026,4100400,65.6997
2027,4100400,69.7206
2028,4100400,73.4606
2029,4100400,76.8917
2030,4100400,80.0
2024,4100459,79.2133
2025,4100459,79.346
2026,4100459,79.478
2027,4100459,79.6095
2028,4100459,79.7403
2029,4100459,79.8705
2030,4100459,80.0
2024,4100509,71.9238
2025,4100509,73.3989
2026,4100509,74.8235
2027,4100509,76.1966
2028,4100509,77.5174
2029,4100509,78.7852
2030,4100509,80.0
2024,4100608,67.4508
2025,4100608,69.8098
2026,4100608,72.0685
2027,4100608,74.2207
2028,4100608,76.2617
2029,4100608,78.1885
2030,4100608,80.0
2024,4100707,75.5361
2025,4100707,76.3246
2026,4100707,77.0954
2027,4100707,77.8484
2028,4100707,78.5835
2029,4100707,79.3007
2030,4100707,80.0
2024,4100806,71.0855
2025,4100806,72.7241
2026,4100806,74.3033
2027,4100806,75.8215
2028,4100806,77.2774
2029,4100806,78.6704
2030,4100806,80.0
2024,4100905,73.163
2025,4100905,74.3989
2026,4100905,75.5969
2027,4100905,76.7563
2028,4100905,77.8768
2029,4100905,78.958
2030,4100905,80.0
2024,4101002,67.8727
2025,4101002,70.1473
2026,4101002,72.3265
2027,4101002,74.4047
2028,4101002,76.3778
2029,4101002,78.2433
2030,4101002,80.0
2024,4101051,65.2997
2025,4101051,68.0901
2026,4101051,70.7566
2027,4101051,73.2876
2028,4101051,75.675
2029,4101051,77.9133
2030,4101051,80.0
2024,4101101,67.4674
2025,4101101,69.823
2026,4101101,72.0786
2027,4101101,74.2279
2028,4101101,76.2662
2029,4101101,78.1907
2030,4101101,80.0
2024,4101150,80.0
2025,4101150,80.0
2026,4101150,80.0
2027,4101150,80.0
2028,4101150,80.0
2029,4101150,80.0
2030,4101150,80.0
2024,4101200,68.5345
2025,4101200,70.6772
2026,4101200,72.7319
2027,4101200,74.6942
2028,4101200,76.5609
2029,4101200,78.3297
2030,4101200,80.0
2024,4101309,80.0
2025,4101309,80.0
2026,4101309,80.0
2027,4101309,80.0
2028,4101309,80.0
2029,4101309,80.0
2030,4101309,80.0
2024,4101408,80.0
2025,4101408,80.0
2026,4101408,80.0
2027,4101408,80.0
2028,4101408,80.0
2029,4101408,80.0
2030,4101408,80.0
2024,4101507,76.5866
2025,4101507,77.1825
2026,4101507,77.7676
2027,4101507,78.3419
2028,4101507,78.9054
2029,4101507,79.4581
2030,4101507,80.0
2024,4101606,76.1154
2025,4101606,76.7972
2026,4101606,77.4654
2027,4101606,78.1197
2028,4101606,78.7603
2029,4101606,79.387
2030,4101606,80.0
2024,4101655,58.6362
2025,4101655,62.7577
2026,4101655,66.7018
2027,4101655,70.425
2028,4101655,73.8949
2029,4101655,77.09
2030,4101655,80.0
2024,4101705,76.6456
2025,4101705,77.2307
2026,4101705,77.8055
2027,4101705,78.3698
2028,4101705,78.9237
2029,4101705,79.4671
2030,4101705,80.0
2024,4101804,71.1934
2025,4101804,72.8108
2026,4101804,74.3701
2027,4101804,75.8696
2028,4101804,77.3082
2029,4101804,78.685
2030,4101804,80.0
2024,4101853,76.2668
2025,4101853,76.9209
2026,4101853,77.5623
2027,4101853,78.1909
2028,4101853,78.8068
2029,4101853,79.4098
2030,4101853,80.0
2024,4101903,80.0
2025,4101903,80.0
2026,4101903,80.0
2027,4101903,80.0
2028,4101903,80.0
2029,4101903,80.0
2030,4101903,80.0
2024,4102000,80.0
2025,4102000,80.0
2026,4102000,80.0
2027,4102000,80.0
2028,4102000,80.0
2029,4102000,80.0
2030,4102000,80.0
2024,4102109,79.6318
2025,4102109,79.6936
2026,4102109,79.7551
2027,4102109,79.8166
2028,4102109,79.8778
2029,4102109,79.939
2030,4102109,80.0
2024,4102208,80.0
2025,4102208,80.0
2026,4102208,80.0
2027,4102208,80.0
2028,4102208,80.0
2029,4102208,80.0
2030,4102208,80.0
2024,4102307,76.4603
2025,4102307,77.0791
2026,4102307,77.6865
2027,4102307,78.2822
2028,4102307,78.8664
2029,4102307,79.439
2030,4102307,80.0
2024,4102406,76.107
2025,4102406,76.7904
2026,4102406,77.46
2027,4102406,78.1158
2028,4102406,78.7577
2029,4102406,79.3858
2030,4102406,80.0
2024,4102505,80.0
2025,4102505,80.0
2026,4102505,80.0
2027,4102505,80.0
2028,4102505,80.0
2029,4102505,80.0
2030,4102505,80.0
2024,4102604,73.7297
2025,4102604,74.8574
2026,4102604,75.9525
2027,4102604,77.0145
2028,4102604,78.0432
2029,4102604,79.0384
2030,4102604,80.0
2024,4102703,65.7632
2025,4102703,68.4604
2026,4102703,71.0388
2027,4102703,73.488
2028,4102703,75.8007
2029,4102703,77.972
2030,4102703,80.0
2024,4102752,77.312
2025,4102752,77.7771
2026,4102752,78.2354
2027,4102752,78.6869
2028,4102752,79.1314
2029,4102752,79.5692
2030,4102752,80.0
2024,4102802,64.1816
2025,4102802,67.1967
2026,4102802,70.0763
2027,4102802,72.8055
2028,4102802,75.3732
2029,4102802,77.7724
2030,4102802,80.0
2024,4102901,80.0
2025,4102901,80.0
2026,4102901,80.0
2027,4102901,80.0
2028,4102901,80.0
2029,4102901,80.0
2030,4102901,80.0
2024,4103008,80.0
2025,4103008,80.0
2026,4103008,80.0
2027,4103008,80.0
2028,4103008,80.0
2029,4103008,80.0
2030,4103008,80.0
2024,4103024,75.7626
2025,4103024,76.5093
2026,4103024,77.2399
2027,4103024,77.9542
2028,4103024,78.6524
2029,4103024,79.3343
2030,4103024,80.0
2024,4103040,75.578
2025,4103040,76.3588
2026,4103040,77.1221
2027,4103040,77.868
2028,4103040,78.5962
2029,4103040,79.3069
2030,4103040,80.0
2024,4103057,73.5796
2025,4103057,74.7359
2026,4103057,75.8582
2027,4103057,76.946
2028,4103057,77.999
2029,4103057,79.017
2030,4103057,80.0
2024,4103107,54.1954
2025,4103107,59.1755
2026,4103107,63.9741
2027,4103107,68.5088
2028,4103107,72.7161
2029,4103107,76.5537
2030,4103107,80.0
2024,4103156,80.0
2025,4103156,80.0
2026,4103156,80.0
2027,4103156,80.0
2028,4103156,80.0
2029,4103156,80.0
2030,4103156,80.0
2024,4103206,57.9147
2025,4103206,62.178
2026,4103206,66.261
2027,4103206,70.1151
2028,4103206,73.7036
2029,4103206,77.0026
2030,4103206,80.0
2024,4103222,80.0
2025,4103222,80.0
2026,4103222,80.0
2027,4103222,80.0
2028,4103222,80.0
2029,4103222,80.0
2030,4103222,80.0
2024,4103305,80.0
2025,4103305,80.0
2026,4103305,80.0
2027,4103305,80.0
2028,4103305,80.0
2029,4103305,80.0
2030,4103305,80.0
2024,4103354,80.0
2025,4103354,80.0
2026,4103354,80.0
2027,4103354,80.0
2028,4103354,80.0
2029,4103354,80.0
2030,4103354,80.0
2024,4103370,75.1924
2025,4103370,76.0447
2026,4103370,76.8767
2027,4103370,77.6884
2028,4103370,78.4795
2029,4103370,79.25
2030,4103370,80.0
2024,4103404,80.0
2025,4103404,80.0
2026,4103404,80.0
2027,4103404,80.0
2028,4103404,80.0
2029,4103404,80.0
2030,4103404,80.0
2024,4103453,80.0
2025,4103453,80.0
2026,4103453,80.0
2027,4103453,80.0
2028,4103453,80.0
2029,4103453,80.0
2030,4103453,80.0
2024,4103479,59.7323
2025,4103479,63.6372
2026,4103479,67.3703
2027,4103479,70.8954
2028,4103479,74.1856
2029,4103479,77.2233
2030,4103479,80.0
2024,4103503,80.0
2025,4103503,80.0
2026,4103503,80.0
2027,4103503,80.0
2028,4103503,80.0
2029,4103503,80.0
2030,4103503,80.0
2024,4103602,65.4073
2025,4103602,68.176
2026,4103602,70.8221
2027,4103602,73.3341
2028,4103602,75.7041
2029,4103602,77.9269
2030,4103602,80.0
2024,4103701,79.2389
2025,4103701,79.3672
2026,4103701,79.495
2027,4103701,79.6221
2028,4103701,79.7487
2029,4103701,79.8746
2030,4103701,80.0
2024,4103800,80.0
2025,4103800,80.0
2026,4103800,80.0
2027,4103800,80.0
2028,4103800,80.0
2029,4103800,80.0
2030,4103800,80.0
2024,4103909,80.0
2025,4103909,80.0
2026,4103909,80.0
2027,4103909,80.0
2028,4103909,80.0
2029,4103909,80.0
2030,4103909,80.0
2024,4103958,80.0
2025,4103958,80.0
2026,4103958,80.0
2027,4103958,80.0
2028,4103958,80.0
2029,4103958,80.0
2030,4103958,80.0
2024,4104006,71.9404
2025,4104006,73.4123
2026,4104006,74.8339
2027,4104006,76.2041
2028,4104006,77.5221
2029,4104006,78.7875
2030,4104006,80.0
2024,4104055,73.98
2025,4104055,75.0602
2026,4104055,76.11
2027,4104055,77.1291
2028,4104055,78.1172
2029,4104055,79.0741
2030,4104055,80.0
2024,4104105,80.0
2025,4104105,80.0
2026,4104105,80.0
2027,4104105,80.0
2028,4104105,80.0
2029,4104105,80.0
2030,4104105,80.0
2024,4104204,74.3725
2025,4104204,75.3785
2026,4104204,76.3575
2027,4104204,77.3093
2028,4104204,78.2337
2029,4104204,79.1306
2030,4104204,80.0
2024,4104253,63.1783
2025,4104253,66.3949
2026,4104253,69.4664
2027,4104253,72.3739
2028,4104253,75.1038
2029,4104253,77.6472
2030,4104253,80.0
2024,4104303,77.9466
2025,4104303,78.299
2026,4104303,78.6474
2027,4104303,78.9917
2028,4104303,79.3319
2029,4104303,79.668
2030,4104303,80.0
2024,4104402,80.0
2025,4104402,80.0
2026,4104402,80.0
2027,4104402,80.0
2028,4104402,80.0
2029,4104402,80.0
2030,4104402,80.0
2024,4104428,74.3976
2025,4104428,75.3988
2026,4104428,76.3733
2027,4104428,77.3208
2028,4104428,78.2411
2029,4104428,79.1342
2030,4104428,80.0
2024,4104451,68.0133
2025,4104451,70.2599
2026,4104451,72.4126
2027,4104451,74.4661
2028,4104451,76.4166
2029,4104451,78.2616
2030,4104451,80.0
2024,4104501,78.6852
2025,4104501,78.9086
2026,4104501,79.1303
2027,4104501,79.3503
2028,4104501,79.5686
2029,4104501,79.7852
2030,4104501,80.0
2024,4104600,74.0635
2025,4104600,75.1278
2026,4104600,76.1626
2027,4104600,77.1673
2028,4104600,78.1419
2029,4104600,79.0861
2030,4104600,80.0
2024,4104659,75.8382
2025,4104659,76.5709
2026,4104659,77.2881
2027,4104659,77.9896
2028,4104659,78.6755
2029,4104659,79.3456
2030,4104659,80.0
2024,4104709,74.6734
2025,4104709,75.6228
2026,4104709,76.5477
2027,4104709,77.448
2028,4104709,78.3235
2029,4104709,79.1742
2030,4104709,80.0
2024,4104808,80.0
2025,4104808,80.0
2026,4104808,80.0
2027,4104808,80.0
2028,4104808,80.0
2029,4104808,80.0
2030,4104808,80.0
2024,4104907,75.1421
2025,4104907,76.0038
2026,4104907,76.8448
2027,4104907,77.665
2028,4104907,78.4643
2029,4104907,79.2426
2030,4104907,80.0
2024,4105003,68.3194
2025,4105003,70.5049
2026,4105003,72.6001
2027,4105003,74.6
2028,4105003,76.5012
2029,4105003,78.3016
2030,4105003,80.0
2024,4105102,58.5272
2025,4105102,62.6702
2026,4105102,66.6353
2027,4105102,70.3782
2028,4105102,73.866
2029,4105102,77.0768
2030,4105102,80.0
2024,4105201,58.9545
2025,4105201,63.0133
2026,4105201,66.896
2027,4105201,70.5617
2028,4105201,73.9793
2029,4105201,77.1287
2030,4105201,80.0
2024,4105300,80.0
2025,4105300,80.0
2026,4105300,80.0
2027,4105300,80.0
2028,4105300,80.0
2029,4105300,80.0
2030,4105300,80.0
2024,4105409,80.0
2025,4105409,80.0
2026,4105409,80.0
2027,4105409,80.0
2028,4105409,80.0
2029,4105409,80.0
2030,4105409,80.0
2024,4105508,79.6233
2025,4105508,79.6864
2026,4105508,79.7494
2027,4105508,79.8123
2028,4105508,79.875
2029,4105508,79.9376
2030,4105508,80.0
2024,4105607,67.2192
2025,4105607,69.6245
2026,4105607,71.927
2027,4105607,74.1198
2028,4105607,76.1981
2029,4105607,78.1586
2030,4105607,80.0
2024,4105706,74.1804
2025,4105706,75.2226
2026,4105706,76.2362
2027,4105706,77.221
2028,4105706,78.1766
2029,4105706,79.1029
2030,4105706,80.0
2024,4105805,67.3847
2025,4105805,69.7568
2026,4105805,72.0281
2027,4105805,74.1919
2028,4105805,76.2435
2029,4105805,78.18
2030,4105805,80.0
2024,4105904,80.0
2025,4105904,80.0
2026,4105904,80.0
2027,4105904,80.0
2028,4105904,80.0
2029,4105904,80.0
2030,4105904,80.0
2024,4106001,70.5963
2025,4106001,72.3308
2026,4106001,74.0007
2027,4106001,75.6037
2028,4106001,77.1385
2029,4106001,78.6041
2030,4106001,80.0
2024,4106100,56.2219
2025,4106100,60.8146
2026,4106100,65.2235
2027,4106100,69.3861
2028,4106100,73.2548
2029,4106100,76.798
2030,4106100,80.0
2024,4106209,78.6171
2025,4106209,78.8524
2026,4106209,79.0857
2027,4106209,79.3171
2028,4106209,79.5466
2029,4106209,79.7743
2030,4106209,80.0
2024,4106308,75.4438
2025,4106308,76.2494
2026,4106308,77.0366
2027,4106308,77.8054
2028,4106308,78.5555
2029,4106308,79.2871
2030,4106308,80.0
2024,4106407,77.2613
2025,4106407,77.7355
2026,4106407,78.2026
2027,4106407,78.6627
2028,4106407,79.1156
2029,4106407,79.5613
2030,4106407,80.0
2024,4106456,78.5321
2025,4106456,78.7821
2026,4106456,79.0299
2027,4106456,79.2757
2028,4106456,79.5192
2029,4106456,79.7607
2030,4106456,80.0
2024,4106506,80.0
2025,4106506,80.0
2026,4106506,80.0
2027,4106506,80.0
2028,4106506,80.0
2029,4106506,80.0
2030,4106506,80.0
2024,4106555,80.0
2025,4106555,80.0
2026,4106555,80.0
2027,4106555,80.0
2028,4106555,80.0
2029,4106555,80.0
2030,4106555,80.0
2024,4106571,80.0
2025,4106571,80.0
2026,4106571,80.0
2027,4106571,80.0
2028,4106571,80.0
2029,4106571,80.0
2030,4106571,80.0
2024,4106605,74.9747
2025,4106605,75.8676
2026,4106605,76.7385
2027,4106605,77.5873
2028,4106605,78.4139
2029,4106605,79.2181
2030,4106605,80.0
2024,4106704,72.7801
2025,4106704,74.0895
2026,4106704,75.3573
2027,4106704,76.5827
2028,4106704,77.7651
2029,4106704,78.9042
2030,4106704,80.0
2024,4106803,80.0
2025,4106803,80.0
2026,4106803,80.0
2027,4106803,80.0
2028,4106803,80.0
2029,4106803,80.0
2030,4106803,80.0
2024,4106852,80.0
2025,4106852,80.0
2026,4106852,80.0
2027,4106852,80.0
2028,4106852,80.0
2029,4106852,80.0
2030,4106852,80.0
2024,4106902,71.9321
2025,4106902,73.4056
2026,4106902,74.8287
2027,4106902,76.2004
2028,4106902,77.5198
2029,4106902,78.7864
2030,4106902,80.0
2024,4107009,80.0
2025,4107009,80.0
2026,4107009,80.0
2027,4107009,80.0
2028,4107009,80.0
2029,4107009,80.0
2030,4107009,80.0
2024,4107108,74.0802
2025,4107108,75.1414
2026,4107108,76.1731
2027,4107108,77.175
2028,4107108,78.1468
2029,4107108,79.0885
2030,4107108,80.0
2024,4107124,71.0938
2025,4107124,72.7307
2026,4107124,74.3084
2027,4107124,75.8252
2028,4107124,77.2798
2029,4107124,78.6715
2030,4107124,80.0
2024,4107157,69.2794
2025,4107157,71.2739
2026,4107157,73.1891
2027,4107157,75.0214
2028,4107157,76.7682
2029,4107157,78.4279
2030,4107157,80.0
2024,4107207,80.0
2025,4107207,80.0
2026,4107207,80.0
2027,4107207,80.0
2028,4107207,80.0
2029,4107207,80.0
2030,4107207,80.0
2024,4107256,55.1894
2025,4107256,59.9806
2026,4107256,64.5881
2027,4107256,68.9399
2028,4107256,72.9806
2029,4107256,76.6735
2030,4107256,80.0
2024,4107306,79.2474
2025,4107306,79.3743
2026,4107306,79.5006
2027,4107306,79.6263
2028,4107306,79.7514
2029,4107306,79.876
2030,4107306,80.0
2024,4107405,80.0
2025,4107405,80.0
2026,4107405,80.0
2027,4107405,80.0
2028,4107405,80.0
2029,4107405,80.0
2030,4107405,80.0
2024,4107504,80.0
2025,4107504,80.0
2026,4107504,80.0
2027,4107504,80.0
2028,4107504,80.0
2029,4107504,80.0
2030,4107504,80.0
2024,4107520,48.1321
2025,4107520,54.2089
2026,4107520,60.1631
2027,4107520,65.831
2028,4107520,71.0801
2029,4107520,75.8191
2030,4107520,80.0
2024,4107538,80.0
2025,4107538,80.0
2026,4107538,80.0
2027,4107538,80.0
2028,4107538,80.0
2029,4107538,80.0
2030,4107538,80.0
2024,4107546,73.213
2025,4107546,74.4393
2026,4107546,75.6282
2027,4107546,76.779
2028,4107546,77.8914
2029,4107546,78.9651
2030,4107546,80.0
2024,4107553,76.5698
2025,4107553,77.1687
2026,4107553,77.7568
2027,4107553,78.3339
2028,4107553,78.9002
2029,4107553,79.4556
2030,4107553,80.0
2024,4107603,80.0
2025,4107603,80.0
2026,4107603,80.0
2027,4107603,80.0
2028,4107603,80.0
2029,4107603,80.0
2030,4107603,80.0
2024,4107652,70.6461
2025,4107652,72.3708
2026,4107652,74.0314
2027,4107652,75.6258
2028,4107652,77.1526
2029,4107652,78.6108
2030,4107652,80.0
2024,4107702,67.5832
2025,4107702,69.9156
2026,4107702,72.1494
2027,4107702,74.2784
2028,4107702,76.2981
2029,4107702,78.2057
2030,4107702,80.0
2024,4107736,80.0
2025,4107736,80.0
2026,4107736,80.0
2027,4107736,80.0
2028,4107736,80.0
2029,4107736,80.0
2030,4107736,80.0
2024,4107751,80.0
2025,4107751,80.0
2026,4107751,80.0
2027,4107751,80.0
2028,4107751,80.0
2029,4107751,80.0
2030,4107751,80.0
2024,4107801,77.7348
2025,4107801,78.1247
2026,4107801,78.5097
2027,4107801,78.8897
2028,4107801,79.2647
2029,4107801,79.6348
2030,4107801,80.0
2024,4107850,80.0
2025,4107850,80.0
2026,4107850,80.0
2027,4107850,80.0
2028,4107850,80.0
2029,4107850,80.0
2030,4107850,80.0
2024,4107900,76.9321
2025,4107900,77.4655
2026,4107900,77.9901
2027,4107900,78.5058
2028,4107900,79.0127
2029,4107900,79.5108
2030,4107900,80.0
2024,4108007,66.938
2025,4108007,69.3996
2026,4108007,71.7552
2027,4108007,73.9975
2028,4108007,76.121
2029,4108007,78.1223
2030,4108007,80.0
2024,4108106,65.639
2025,4108106,68.3612
2026,4108106,70.9632
2027,4108106,73.4343
2028,4108106,75.767
2029,4108106,77.9563
2030,4108106,80.0
2024,4108205,80.0
2025,4108205,80.0
2026,4108205,80.0
2027,4108205,80.0
2028,4108205,80.0
2029,4108205,80.0
2030,4108205,80.0
2024,4108304,74.0969
2025,4108304,75.1549
2026,4108304,76.1836
2027,4108304,77.1826
2028,4108304,78.1518
2029,4108304,79.0909
2030,4108304,80.0
2024,4108320,70.5217
2025,4108320,72.2709
2026,4108320,73.9546
2027,4108320,75.5706
2028,4108320,77.1174
2029,4108320,78.594
2030,4108320,80.0
2024,4108403,79.7174
2025,4108403,79.7647
2026,4108403,79.8119
2027,4108403,79.8591
2028,4108403,79.9061
2029,4108403,79.9531
2030,4108403,80.0
2024,4108452,80.0
2025,4108452,80.0
2026,4108452,80.0
2027,4108452,80.0
2028,4108452,80.0
2029,4108452,80.0
2030,4108452,80.0
2024,4108502,79.1877
2025,4108502,79.3248
2026,4108502,79.4612
2027,4108502,79.5969
2028,4108502,79.7319
2029,4108502,79.8663
2030,4108502,80.0
2024,4108551,80.0
2025,4108551,80.0
2026,4108551,80.0
2027,4108551,80.0
2028,4108551,80.0
2029,4108551,80.0
2030,4108551,80.0
2024,4108601,71.9986
2025,4108601,73.4591
2026,4108601,74.87
2027,4108601,76.2302
2028,4108601,77.5389
2029,4108601,78.7955
2030,4108601,80.0
2024,4108650,80.0
2025,4108650,80.0
2026,4108650,80.0
2027,4108650,80.0
2028,4108650,80.0
2029,4108650,80.0
2030,4108650,80.0
2024,4108700,67.4591
2025,4108700,69.8164
2026,4108700,72.0736
2027,4108700,74.2243
2028,4108700,76.2639
2029,4108700,78.1896
2030,4108700,80.0
2024,4108809,65.9866
2025,4108809,68.639
2026,4108809,71.1749
2027,4108809,73.5847
2028,4108809,75.8614
2029,4108809,78.0005
2030,4108809,80.0
2024,4108908,73.7214
2025,4108908,74.8507
2026,4108908,75.9473
2027,4108908,77.0107
2028,4108908,78.0407
2029,4108908,79.0372
2030,4108908,80.0
2024,4108957,79.5976
2025,4108957,79.6651
2026,4108957,79.7324
2027,4108957,79.7996
2028,4108957,79.8665
2029,4108957,79.9334
2030,4108957,80.0
2024,4109005,80.0
2025,4109005,80.0
2026,4109005,80.0
2027,4109005,80.0
2028,4109005,80.0
2029,4109005,80.0
2030,4109005,80.0
2024,4109104,80.0
2025,4109104,80.0
2026,4109104,80.0
2027,4109104,80.0
2028,4109104,80.0
2029,4109104,80.0
2030,4109104,80.0
2024,4109203,73.8799
2025,4109203,74.979
2026,4109203,76.0469
2027,4109203,77.0832
2028,4109203,78.0875
2029,4109203,79.0598
2030,4109203,80.0
2024,4109302,80.0
2025,4109302,80.0
2026,4109302,80.0
2027,4109302,80.0
2028,4109302,80.0
2029,4109302,80.0
2030,4109302,80.0
2024,4109401,75.2678
2025,4109401,76.1061
2026,4109401,76.9247
2027,4109401,77.7234
2028,4109401,78.5022
2029,4109401,79.2611
2030,4109401,80.0
2024,4109500,71.6996
2025,4109500,73.2183
2026,4109500,74.6842
2027,4109500,76.096
2028,4109500,77.4529
2029,4109500,78.7543
2030,4109500,80.0
2024,4109609,69.3953
2025,4109609,71.3669
2026,4109609,73.2604
2027,4109609,75.0724
2028,4109609,76.8006
2029,4109609,78.4433
2030,4109609,80.0
2024,4109658,59.9662
2025,4109658,63.8247
2026,4109658,67.5128
2027,4109658,70.9957
2028,4109658,74.2477
2029,4109658,77.2519
2030,4109658,80.0
2024,4109708,73.9884
2025,4109708,75.0669
2026,4109708,76.1152
2027,4109708,77.1329
2028,4109708,78.1196
2029,4109708,79.0753
2030,4109708,80.0
2024,4109757,73.955
2025,4109757,75.0399
2026,4109757,76.0942
2027,4109757,77.1176
2028,4109757,78.1097
2029,4109757,79.0706
2030,4109757,80.0
2024,4109807,74.3892
2025,4109807,75.392
2026,4109807,76.368
2027,4109807,77.317
2028,4109807,78.2387
2029,4109807,79.133
2030,4109807,80.0
2024,4109906,74.3057
2025,4109906,75.3242
2026,4109906,76.3153
2027,4109906,77.2785
2028,4109906,78.2138
2029,4109906,79.121
2030,4109906,80.0
2024,4110003,55.7062
2025,4110003,60.3983
2026,4110003,64.9064
2027,4110003,69.1634
2028,4110003,73.1179
2029,4110003,76.7358
2030,4110003,80.0
2024,4110052,43.0
2025,4110052,50.0
2026,4110052,57.0
2027,4110052,64.0
2028,4110052,70.0
2029,4110052,75.0
2030,4110052,80.0
2024,4110078,73.188
2025,4110078,74.4191
2026,4110078,75.6125
2027,4110078,76.7677
2028,4110078,77.8841
2029,4110078,78.9615
2030,4110078,80.0
2024,4110102,80.0
2025,4110102,80.0
2026,4110102,80.0
2027,4110102,80.0
2028,4110102,80.0
2029,4110102,80.0
2030,4110102,80.0
2024,4110201,74.4477
2025,4110201,75.4395
2026,4110201,76.405
2027,4110201,77.3439
2028,4110201,78.2561
2029,4110201,79.1415
2030,4110201,80.0
2024,4110300,74.6985
2025,4110300,75.6432
2026,4110300,76.5636
2027,4110300,77.4596
2028,4110300,78.331
2029,4110300,79.1778
2030,4110300,80.0
2024,4110409,80.0
2025,4110409,80.0
2026,4110409,80.0
2027,4110409,80.0
2028,4110409,80.0
2029,4110409,80.0
2030,4110409,80.0
2024,4110508,80.0
2025,4110508,80.0
2026,4110508,80.0
2027,4110508,80.0
2028,4110508,80.0
2029,4110508,80.0
2030,4110508,80.0
2024,4110607,66.7477
2025,4110607,69.2474
2026,4110607,71.6391
2027,4110607,73.9148
2028,4110607,76.0689
2029,4110607,78.0979
2030,4110607,80.0
2024,4110656,80.0
2025,4110656,80.0
2026,4110656,80.0
2027,4110656,80.0
2028,4110656,80.0
2029,4110656,80.0
2030,4110656,80.0
2024,4110706,80.0
2025,4110706,80.0
2026,4110706,80.0
2027,4110706,80.0
2028,4110706,80.0
2029,4110706,80.0
2030,4110706,80.0
2024,4110805,80.0
2025,4110805,80.0
2026,4110805,80.0
2027,4110805,80.0
2028,4110805,80.0
2029,4110805,80.0
2030,4110805,80.0
2024,4110904,62.7633
2025,4110904,66.0632
2026,4110904,69.2141
2027,4110904,72.1956
2028,4110904,74.9927
2029,4110904,77.5957
2030,4110904,80.0
2024,4110953,80.0
2025,4110953,80.0
2026,4110953,80.0
2027,4110953,80.0
2028,4110953,80.0
2029,4110953,80.0
2030,4110953,80.0
2024,4111001,79.2474
2025,4111001,79.3743
2026,4111001,79.5006
2027,4111001,79.6263
2028,4111001,79.7514
2029,4111001,79.876
2030,4111001,80.0
2024,4111100,80.0
2025,4111100,80.0
2026,4111100,80.0
2027,4111100,80.0
2028,4111100,80.0
2029,4111100,80.0
2030,4111100,80.0
2024,4111209,76.17
2025,4111209,76.84
2026,4111209,77.5
2027,4111209,78.14
2028,4111209,78.78
2029,4111209,79.39
2030,4111209,80.0
2024,4111258,60.3501
2025,4111258,64.1323
2026,4111258,67.7465
2027,4111258,71.1604
2028,4111258,74.3496
2029,4111258,77.2988
2030,4111258,80.0
2024,4111308,77.7687
2025,4111308,78.1526
2026,4111308,78.5317
2027,4111308,78.9059
2028,4111308,79.2754
2029,4111308,79.6401
2030,4111308,80.0
2024,4111407,80.0
2025,4111407,80.0
2026,4111407,80.0
2027,4111407,80.0
2028,4111407,80.0
2029,4111407,80.0
2030,4111407,80.0
2024,4111506,68.758
2025,4111506,70.8561
2026,4111506,72.8689
2027,4111506,74.7922
2028,4111506,76.6229
2029,4111506,78.3591
2030,4111506,80.0
2024,4111555,80.0
2025,4111555,80.0
2026,4111555,80.0
2027,4111555,80.0
2028,4111555,80.0
2029,4111555,80.0
2030,4111555,80.0
2024,4111605,78.9916
2025,4111605,79.1623
2026,4111605,79.3319
2027,4111605,79.5004
2028,4111605,79.668
2029,4111605,79.8345
2030,4111605,80.0
2024,4111704,80.0
2025,4111704,80.0
2026,4111704,80.0
2027,4111704,80.0
2028,4111704,80.0
2029,4111704,80.0
2030,4111704,80.0
2024,4111803,59.2474
2025,4111803,63.2483
2026,4111803,67.0747
2027,4111803,70.6874
2028,4111803,74.0569
2029,4111803,77.1643
2030,4111803,80.0
2024,4111902,76.8141
2025,4111902,77.3688
2026,4111902,77.914
2027,4111902,78.4497
2028,4111902,78.976
2029,4111902,79.4927
2030,4111902,80.0
2024,4112009,80.0
2025,4112009,80.0
2026,4112009,80.0
2027,4112009,80.0
2028,4112009,80.0
2029,4112009,80.0
2030,4112009,80.0
2024,4112108,77.4387
2025,4112108,77.8813
2026,4112108,78.3175
2027,4112108,78.7475
2028,4112108,79.1713
2029,4112108,79.5888
2030,4112108,80.0
2024,4112207,80.0
2025,4112207,80.0
2026,4112207,80.0
2027,4112207,80.0
2028,4112207,80.0
2029,4112207,80.0
2030,4112207,80.0
2024,4112306,76.3425
2025,4112306,76.9828
2026,4112306,77.6109
2027,4112306,78.2266
2028,4112306,78.8301
2029,4112306,79.4212
2030,4112306,80.0
2024,4112405,74.4394
2025,4112405,75.4327
2026,4112405,76.3997
2027,4112405,77.34
2028,4112405,78.2536
2029,4112405,79.1403
2030,4112405,80.0
2024,4112504,64.3059
2025,4112504,67.296
2026,4112504,70.1519
2027,4112504,72.859
2028,4112504,75.4066
2029,4112504,77.788
2030,4112504,80.0
2024,4112603,54.9349
2025,4112603,59.7746
2026,4112603,64.4311
2027,4112603,68.8297
2028,4112603,72.9129
2029,4112603,76.6428
2030,4112603,80.0
2024,4112702,65.2997
2025,4112702,68.0901
2026,4112702,70.7566
2027,4112702,73.2876
2028,4112702,75.675
2029,4112702,77.9133
2030,4112702,80.0
2024,4112751,80.0
2025,4112751,80.0
2026,4112751,80.0
2027,4112751,80.0
2028,4112751,80.0
2029,4112751,80.0
2030,4112751,80.0
2024,4112801,80.0
2025,4112801,80.0
2026,4112801,80.0
2027,4112801,80.0
2028,4112801,80.0
2029,4112801,80.0
2030,4112801,80.0
2024,4112900,60.6837
2025,4112900,64.3995
2026,4112900,67.9496
2027,4112900,71.3034
2028,4112900,74.4383
2029,4112900,77.3396
2030,4112900,80.0
2024,4112959,63.1202
2025,4112959,66.3485
2026,4112959,69.4311
2027,4112959,72.3489
2028,4112959,75.0882
2029,4112959,77.64
2030,4112959,80.0
2024,4113007,73.4796
2025,4113007,74.655
2026,4113007,75.7954
2027,4113007,76.9004
2028,4113007,77.9696
2029,4113007,79.0028
2030,4113007,80.0
2024,4113106,80.0
2025,4113106,80.0
2026,4113106,80.0
2027,4113106,80.0
2028,4113106,80.0
2029,4113106,80.0
2030,4113106,80.0
2024,4113205,80.0
2025,4113205,80.0
2026,4113205,80.0
2027,4113205,80.0
2028,4113205,80.0
2029,4113205,80.0
2030,4113205,80.0
2024,4113254,47.0
2025,4113254,53.0
2026,4113254,59.0
2027,4113254,65.0
2028,4113254,71.0
2029,4113254,76.0
2030,4113254,80.0
2024,4113304,73.3713
2025,4113304,74.5673
2026,4113304,75.7274
2027,4113304,76.851
2028,4113304,77.9378
2029,4113304,78.9874
2030,4113304,80.0
2024,4113403,80.0
2025,4113403,80.0
2026,4113403,80.0
2027,4113403,80.0
2028,4113403,80.0
2029,4113403,80.0
2030,4113403,80.0
2024,4113429,80.0
2025,4113429,80.0
2026,4113429,80.0
2027,4113429,80.0
2028,4113429,80.0
2029,4113429,80.0
2030,4113429,80.0
2024,4113452,80.0
2025,4113452,80.0
2026,4113452,80.0
2027,4113452,80.0
2028,4113452,80.0
2029,4113452,80.0
2030,4113452,80.0
2024,4113502,73.6047
2025,4113502,74.7562
2026,4113502,75.8739
2027,4113502,76.9574
2028,4113502,78.0063
2029,4113502,79.0206
2030,4113502,80.0
2024,4113601,64.8609
2025,4113601,67.7394
2026,4113601,70.4895
2027,4113601,73.0982
2028,4113601,75.5563
2029,4113601,77.8578
2030,4113601,80.0
2024,4113700,74.8157
2025,4113700,75.7383
2026,4113700,76.6377
2027,4113700,77.5137
2028,4113700,78.3661
2029,4113700,79.1949
2030,4113700,80.0
2024,4113734,80.0
2025,4113734,80.0
2026,4113734,80.0
2027,4113734,80.0
2028,4113734,80.0
2029,4113734,80.0
2030,4113734,80.0
2024,4113759,61.2002
2025,4113759,64.813
2026,4113759,68.2638
2027,4113759,71.5249
2028,4113759,74.5757
2029,4113759,77.4029
2030,4113759,80.0
2024,4113809,80.0
2025,4113809,80.0
2026,4113809,80.0
2027,4113809,80.0
2028,4113809,80.0
2029,4113809,80.0
2030,4113809,80.0
2024,4113908,80.0
2025,4113908,80.0
2026,4113908,80.0
2027,4113908,80.0
2028,4113908,80.0
2029,4113908,80.0
2030,4113908,80.0
2024,4114005,80.0
2025,4114005,80.0
2026,4114005,80.0
2027,4114005,80.0
2028,4114005,80.0
2029,4114005,80.0
2030,4114005,80.0
2024,4114104,63.4355
2025,4114104,66.6005
2026,4114104,69.6227
2027,4114104,72.4844
2028,4114104,75.1727
2029,4114104,77.6792
2030,4114104,80.0
2024,4114203,80.0
2025,4114203,80.0
2026,4114203,80.0
2027,4114203,80.0
2028,4114203,80.0
2029,4114203,80.0
2030,4114203,80.0
2024,4114302,79.4694
2025,4114302,79.5586
2026,4114302,79.6474
2027,4114302,79.736
2028,4114302,79.8243
2029,4114302,79.9123
2030,4114302,80.0
2024,4114351,80.0
2025,4114351,80.0
2026,4114351,80.0
2027,4114351,80.0
2028,4114351,80.0
2029,4114351,80.0
2030,4114351,80.0
2024,4114401,73.4379
2025,4114401,74.6213
2026,4114401,75.7692
2027,4114401,76.8814
2028,4114401,77.9573
2029,4114401,78.9969
2030,4114401,80.0
2024,4114500,69.685
2025,4114500,71.5993
2026,4114500,73.4387
2027,4114500,75.2002
2028,4114500,76.8817
2029,4114500,78.4818
2030,4114500,80.0
2024,4114609,76.0146
2025,4114609,76.7149
2026,4114609,77.4008
2027,4114609,78.0723
2028,4114609,78.7294
2029,4114609,79.3719
2030,4114609,80.0
2024,4114708,67.2027
2025,4114708,69.6113
2026,4114708,71.9169
2027,4114708,74.1126
2028,4114708,76.1935
2029,4114708,78.1564
2030,4114708,80.0
2024,4114807,74.289
2025,4114807,75.3107
2026,4114807,76.3047
2027,4114807,77.2708
2028,4114807,78.2088
2029,4114807,79.1185
2030,4114807,80.0
2024,4114906,73.3379
2025,4114906,74.5404
2026,4114906,75.7065
2027,4114906,76.8359
2028,4114906,77.928
2029,4114906,78.9827
2030,4114906,80.0
2024,4115002,80.0
2025,4115002,80.0
2026,4115002,80.0
2027,4115002,80.0
2028,4115002,80.0
2029,4115002,80.0
2030,4115002,80.0
2024,4115101,65.3328
2025,4115101,68.1165
2026,4115101,70.7767
2027,4115101,73.3019
2028,4115101,75.6839
2029,4115101,77.9174
2030,4115101,80.0
2024,4115200,80.0
2025,4115200,80.0
2026,4115200,80.0
2027,4115200,80.0
2028,4115200,80.0
2029,4115200,80.0
2030,4115200,80.0
2024,4115309,76.9406
2025,4115309,77.4724
2026,4115309,77.9955
2027,4115309,78.5098
2028,4115309,79.0153
2029,4115309,79.5121
2030,4115309,80.0
2024,4115358,80.0
2025,4115358,80.0
2026,4115358,80.0
2027,4115358,80.0
2028,4115358,80.0
2029,4115358,80.0
2030,4115358,80.0
2024,4115408,78.5661
2025,4115408,78.8102
2026,4115408,79.0522
2027,4115408,79.2922
2028,4115408,79.5302
2029,4115408,79.7661
2030,4115408,80.0
2024,4115457,74.9161
2025,4115457,75.8199
2026,4115457,76.7014
2027,4115457,77.5602
2028,4115457,78.3963
2029,4115457,79.2095
2030,4115457,80.0
2024,4115507,61.3667
2025,4115507,64.9463
2026,4115507,68.3651
2027,4115507,71.5963
2028,4115507,74.62
2029,4115507,77.4233
2030,4115507,80.0
2024,4115606,74.5229
2025,4115606,75.5006
2026,4115606,76.4525
2027,4115606,77.3786
2028,4115606,78.2785
2029,4115606,79.1524
2030,4115606,80.0
2024,4115705,71.9072
2025,4115705,73.3855
2026,4115705,74.8132
2027,4115705,76.1892
2028,4115705,77.5126
2029,4115705,78.7829
2030,4115705,80.0
2024,4115739,71.6
2025,4115739,73.138
2026,4115739,74.6223
2027,4115739,76.0514
2028,4115739,77.4244
2029,4115739,78.7407
2030,4115739,80.0
2024,4115754,80.0
2025,4115754,80.0
2026,4115754,80.0
2027,4115754,80.0
2028,4115754,80.0
2029,4115754,80.0
2030,4115754,80.0
2024,4115804,79.3328
2025,4115804,79.4451
2026,4115804,79.557
2027,4115804,79.6684
2028,4115804,79.7794
2029,4115804,79.8899
2030,4115804,80.0
2024,4115853,80.0
2025,4115853,80.0
2026,4115853,80.0
2027,4115853,80.0
2028,4115853,80.0
2029,4115853,80.0
2030,4115853,80.0
2024,4115903,71.8906
2025,4115903,73.3721
2026,4115903,74.8029
2027,4115903,76.1817
2028,4115903,77.5078
2029,4115903,78.7806
2030,4115903,80.0
2024,4116000,77.4895
2025,4116000,77.9229
2026,4116000,78.3504
2027,4116000,78.7718
2028,4116000,79.1872
2029,4116000,79.5966
2030,4116000,80.0
2024,4116059,80.0
2025,4116059,80.0
2026,4116059,80.0
2027,4116059,80.0
2028,4116059,80.0
2029,4116059,80.0
2030,4116059,80.0
2024,4116109,79.4267
2025,4116109,79.5231
2026,4116109,79.6192
2027,4116109,79.7149
2028,4116109,79.8102
2029,4116109,79.9053
2030,4116109,80.0
2024,4116208,70.2814
2025,4116208,72.0779
2026,4116208,73.8062
2027,4116208,75.464
2028,4116208,77.0495
2029,4116208,78.5616
2030,4116208,80.0
2024,4116307,57.6626
2025,4116307,61.9753
2026,4116307,66.1068
2027,4116307,70.0067
2028,4116307,73.6368
2029,4116307,76.9721
2030,4116307,80.0
2024,4116406,79.273
2025,4116406,79.3955
2026,4116406,79.5175
2027,4116406,79.6389
2028,4116406,79.7598
2029,4116406,79.8802
2030,4116406,80.0
2024,4116505,44.5731
2025,4116505,51.2357
2026,4116505,57.8546
2027,4116505,64.2029
2028,4116505,70.0892
2029,4116505,75.3789
2030,4116505,80.0
2024,4116604,65.4155
2025,4116604,68.1827
2026,4116604,70.8271
2027,4116604,73.3377
2028,4116604,75.7064
2029,4116604,77.9279
2030,4116604,80.0
2024,4116703,80.0
2025,4116703,80.0
2026,4116703,80.0
2027,4116703,80.0
2028,4116703,80.0
2029,4116703,80.0
2030,4116703,80.0
2024,4116802,79.572
2025,4116802,79.6438
2026,4116802,79.7154
2027,4116802,79.7868
2028,4116802,79.8581
2029,4116802,79.9291
2030,4116802,80.0
2024,4116901,75.0333
2025,4116901,75.9152
2026,4116901,76.7757
2027,4116901,77.6145
2028,4116901,78.4315
2029,4116901,79.2267
2030,4116901,80.0
2024,4116950,80.0
2025,4116950,80.0
2026,4116950,80.0
2027,4116950,80.0
2028,4116950,80.0
2029,4116950,80.0
2030,4116950,80.0
2024,4117008,80.0
2025,4117008,80.0
2026,4117008,80.0
2027,4117008,80.0
2028,4117008,80.0
2029,4117008,80.0
2030,4117008,80.0
2024,4117057,77.8534
2025,4117057,78.2223
2026,4117057,78.5867
2027,4117057,78.9467
2028,4117057,79.3023
2029,4117057,79.6534
2030,4117057,80.0
2024,4117107,78.0144
2025,4117107,78.3549
2026,4117107,78.6916
2027,4117107,79.0244
2028,4117107,79.3535
2029,4117107,79.6786
2030,4117107,80.0
2024,4117206,79.3328
2025,4117206,79.4451
2026,4117206,79.557
2027,4117206,79.6684
2028,4117206,79.7794
2029,4117206,79.8899
2030,4117206,80.0
2024,4117214,80.0
2025,4117214,80.0
2026,4117214,80.0
2027,4117214,80.0
2028,4117214,80.0
2029,4117214,80.0
2030,4117214,80.0
2024,4117222,78.1246
2025,4117222,78.4457
2026,4117222,78.7635
2027,4117222,79.0777
2028,4117222,79.3886
2029,4117222,79.696
2030,4117222,80.0
2024,4117255,80.0
2025,4117255,80.0
2026,4117255,80.0
2027,4117255,80.0
2028,4117255,80.0
2029,4117255,80.0
2030,4117255,80.0
2024,4117271,80.0
2025,4117271,80.0
2026,4117271,80.0
2027,4117271,80.0
2028,4117271,80.0
2029,4117271,80.0
2030,4117271,80.0
2024,4117297,80.0
2025,4117297,80.0
2026,4117297,80.0
2027,4117297,80.0
2028,4117297,80.0
2029,4117297,80.0
2030,4117297,80.0
2024,4117305,65.49
2025,4117305,68.2422
2026,4117305,70.8725
2027,4117305,73.3699
2028,4117305,75.7266
2029,4117305,77.9374
2030,4117305,80.0
2024,4117404,80.0
2025,4117404,80.0
2026,4117404,80.0
2027,4117404,80.0
2028,4117404,80.0
2029,4117404,80.0
2030,4117404,80.0
2024,4117453,80.0
2025,4117453,80.0
2026,4117453,80.0
2027,4117453,80.0
2028,4117453,80.0
2029,4117453,80.0
2030,4117453,80.0
2024,4117503,70.3311
2025,4117503,72.1178
2026,4117503,73.8369
2027,4117503,75.486
2028,4117503,77.0635
2029,4117503,78.5683
2030,4117503,80.0
2024,4117602,59.6989
2025,4117602,63.6104
2026,4117602,67.3499
2027,4117602,70.8811
2028,4117602,74.1767
2029,4117602,77.2193
2030,4117602,80.0
2024,4117701,72.9549
2025,4117701,74.2307
2026,4117701,75.4666
2027,4117701,76.6618
2028,4117701,77.816
2029,4117701,78.9287
2030,4117701,80.0
2024,4117800,75.1505
2025,4117800,76.0106
2026,4117800,76.8501
2027,4117800,77.6689
2028,4117800,78.4668
2029,4117800,79.2439
2030,4117800,80.0
2024,4117909,70.787
2025,4117909,72.484
2026,4117909,74.1185
2027,4117909,75.6885
2028,4117909,77.1926
2029,4117909,78.6298
2030,4117909,80.0
2024,4118006,75.6703
2025,4118006,76.434
2026,4118006,77.181
2027,4118006,77.9111
2028,4118006,78.6243
2029,4118006,79.3206
2030,4118006,80.0
2024,4118105,80.0
2025,4118105,80.0
2026,4118105,80.0
2027,4118105,80.0
2028,4118105,80.0
2029,4118105,80.0
2030,4118105,80.0
2024,4118204,64.894
2025,4118204,67.7659
2026,4118204,70.5096
2027,4118204,73.1125
2028,4118204,75.5653
2029,4118204,77.862
2030,4118204,80.0
2024,4118303,62.6304
2025,4118303,65.957
2026,4118303,69.1334
2027,4118303,72.1385
2028,4118303,74.9571
2029,4118303,77.5792
2030,4118303,80.0
2024,4118402,80.0
2025,4118402,80.0
2026,4118402,80.0
2027,4118402,80.0
2028,4118402,80.0
2029,4118402,80.0
2030,4118402,80.0
2024,4118451,80.0
2025,4118451,80.0
2026,4118451,80.0
2027,4118451,80.0
2028,4118451,80.0
2029,4118451,80.0
2030,4118451,80.0
2024,4118501,78.4811
2025,4118501,78.74
2026,4118501,78.9965
2027,4118501,79.2508
2028,4118501,79.5028
2029,4118501,79.7526
2030,4118501,80.0
2024,4118600,77.9127
2025,4118600,78.2711
2026,4118600,78.6253
2027,4118600,78.9753
2028,4118600,79.3211
2029,4118600,79.6627
2030,4118600,80.0
2024,4118709,80.0
2025,4118709,80.0
2026,4118709,80.0
2027,4118709,80.0
2028,4118709,80.0
2029,4118709,80.0
2030,4118709,80.0
2024,4118808,71.1602
2025,4118808,72.7841
2026,4118808,74.3495
2027,4118808,75.8548
2028,4118808,77.2987
2029,4118808,78.6805
2030,4118808,80.0
2024,4118857,61.3168
2025,4118857,64.9063
2026,4118857,68.3347
2027,4118857,71.5749
2028,4118857,74.6067
2029,4118857,77.4172
2030,4118857,80.0
2024,4118907,78.6341
2025,4118907,78.8664
2026,4118907,79.0968
2027,4118907,79.3254
2028,4118907,79.5521
2029,4118907,79.777
2030,4118907,80.0
2024,4119004,80.0
2025,4119004,80.0
2026,4119004,80.0
2027,4119004,80.0
2028,4119004,80.0
2029,4119004,80.0
2030,4119004,80.0
2024,4119103,80.0
2025,4119103,80.0
2026,4119103,80.0
2027,4119103,80.0
2028,4119103,80.0
2029,4119103,80.0
2030,4119103,80.0
2024,4119152,65.5811
2025,4119152,68.3149
2026,4119152,70.9279
2027,4119152,73.4093
2028,4119152,75.7513
2029,4119152,77.9489
2030,4119152,80.0
2024,4119202,74.891
2025,4119202,75.7995
2026,4119202,76.6855
2027,4119202,77.5486
2028,4119202,78.3887
2029,4119202,79.2059
2030,4119202,80.0
2024,4119251,80.0
2025,4119251,80.0
2026,4119251,80.0
2027,4119251,80.0
2028,4119251,80.0
2029,4119251,80.0
2030,4119251,80.0
2024,4119301,65.0
2025,4119301,68.0
2026,4119301,71.0
2027,4119301,73.0
2028,4119301,76.0
2029,4119301,78.0
2030,4119301,80.0
2024,4119400,74.0802
2025,4119400,75.1414
2026,4119400,76.1731
2027,4119400,77.175
2028,4119400,78.1468
2029,4119400,79.0885
2030,4119400,80.0
2024,4119509,61.9241
2025,4119509,65.3922
2026,4119509,68.704
2027,4119509,71.8354
2028,4119509,74.7685
2029,4119509,77.4919
2030,4119509,80.0
2024,4119608,74.0802
2025,4119608,75.1414
2026,4119608,76.1731
2027,4119608,77.175
2028,4119608,78.1468
2029,4119608,79.0885
2030,4119608,80.0
2024,4119657,80.0
2025,4119657,80.0
2026,4119657,80.0
2027,4119657,80.0
2028,4119657,80.0
2029,4119657,80.0
2030,4119657,80.0
2024,4119707,79.8201
2025,4119707,79.8502
2026,4119707,79.8802
2027,4119707,79.9102
2028,4119707,79.9402
2029,4119707,79.9701
2030,4119707,80.0
2024,4119806,80.0
2025,4119806,80.0
2026,4119806,80.0
2027,4119806,80.0
2028,4119806,80.0
2029,4119806,80.0
2030,4119806,80.0
2024,4119905,76.4266
2025,4119905,77.0516
2026,4119905,77.6648
2027,4119905,78.2663
2028,4119905,78.856
2029,4119905,79.4339
2030,4119905,80.0
2024,4119954,72.5804
2025,4119954,73.9284
2026,4119954,75.2326
2027,4119954,76.4924
2028,4119954,77.7071
2029,4119954,78.8763
2030,4119954,80.0
2024,4120002,75.2092
2025,4120002,76.0583
2026,4120002,76.8874
2027,4120002,77.6962
2028,4120002,78.4845
2029,4120002,79.2525
2030,4120002,80.0
2024,4120101,71.4091
2025,4120101,72.9844
2026,4120101,74.5038
2027,4120101,75.966
2028,4120101,77.3698
2029,4120101,78.7145
2030,4120101,80.0
2024,4120150,80.0
2025,4120150,80.0
2026,4120150,80.0
2027,4120150,80.0
2028,4120150,80.0
2029,4120150,80.0
2030,4120150,80.0
2024,4120200,63.6428
2025,4120200,66.7661
2026,4120200,69.7487
2027,4120200,72.5736
2028,4120200,75.2283
2029,4120200,77.7051
2030,4120200,80.0
2024,4120309,80.0
2025,4120309,80.0
2026,4120309,80.0
2027,4120309,80.0
2028,4120309,80.0
2029,4120309,80.0
2030,4120309,80.0
2024,4120333,77.1431
2025,4120333,77.6385
2026,4120333,78.1262
2027,4120333,78.6062
2028,4120333,79.0785
2029,4120333,79.5431
2030,4120333,80.0
2024,4120358,80.0
2025,4120358,80.0
2026,4120358,80.0
2027,4120358,80.0
2028,4120358,80.0
2029,4120358,80.0
2030,4120358,80.0
2024,4120408,76.8057
2025,4120408,77.3619
2026,4120408,77.9085
2027,4120408,78.4457
2028,4120408,78.9733
2029,4120408,79.4914
2030,4120408,80.0
2024,4120507,56.1543
2025,4120507,60.7601
2026,4120507,65.182
2027,4120507,69.357
2028,4120507,73.2368
2029,4120507,76.7899
2030,4120507,80.0
2024,4120606,80.0
2025,4120606,80.0
2026,4120606,80.0
2027,4120606,80.0
2028,4120606,80.0
2029,4120606,80.0
2030,4120606,80.0
2024,4120655,79.8972
2025,4120655,79.9143
2026,4120655,79.9315
2027,4120655,79.9486
2028,4120655,79.9658
2029,4120655,79.9829
2030,4120655,80.0
2024,4120705,80.0
2025,4120705,80.0
2026,4120705,80.0
2027,4120705,80.0
2028,4120705,80.0
2029,4120705,80.0
2030,4120705,80.0
2024,4120804,68.9235
2025,4120804,70.9887
2026,4120804,72.9705
2027,4120804,74.8649
2028,4120804,76.6689
2029,4120804,78.3809
2030,4120804,80.0
2024,4120853,80.0
2025,4120853,80.0
2026,4120853,80.0
2027,4120853,80.0
2028,4120853,80.0
2029,4120853,80.0
2030,4120853,80.0
2024,4120903,73.0
2025,4120903,74.27
2026,4120903,75.5
2027,4120903,76.68
2028,4120903,77.83
2029,4120903,78.94
2030,4120903,80.0
2024,4121000,50.8932
2025,4121000,56.4839
2026,4121000,61.9144
2027,4121000,67.0625
2028,4121000,71.8312
2029,4121000,76.1551
2030,4121000,80.0
2024,4121109,77.236
2025,4121109,77.7147
2026,4121109,78.1863
2027,4121109,78.6506
2028,4121109,79.1076
2029,4121109,79.5574
2030,4121109,80.0
2024,4121208,73.0548
2025,4121208,74.3114
2026,4121208,75.5291
2027,4121208,76.7072
2028,4121208,77.8451
2029,4121208,78.9428
2030,4121208,80.0
2024,4121257,80.0
2025,4121257,80.0
2026,4121257,80.0
2027,4121257,80.0
2028,4121257,80.0
2029,4121257,80.0
2030,4121257,80.0
2024,4121307,77.4557
2025,4121307,77.8952
2026,4121307,78.3285
2027,4121307,78.7556
2028,4121307,79.1766
2029,4121307,79.5914
2030,4121307,80.0
2024,4121356,78.3282
2025,4121356,78.6137
2026,4121356,78.8965
2027,4121356,79.1765
2028,4121356,79.4537
2029,4121356,79.7282
2030,4121356,80.0
2024,4121406,80.0
2025,4121406,80.0
2026,4121406,80.0
2027,4121406,80.0
2028,4121406,80.0
2029,4121406,80.0
2030,4121406,80.0
2024,4121505,80.0
2025,4121505,80.0
2026,4121505,80.0
2027,4121505,80.0
2028,4121505,80.0
2029,4121505,80.0
2030,4121505,80.0
2024,4121604,72.2811
2025,4121604,73.6869
2026,4121604,75.0459
2027,4121604,76.3573
2028,4121604,77.6204
2029,4121604,78.8346
2030,4121604,80.0
2024,4121703,73.98
2025,4121703,75.0602
2026,4121703,76.11
2027,4121703,77.1291
2028,4121703,78.1172
2029,4121703,79.0741
2030,4121703,80.0
2024,4121752,78.2179
2025,4121752,78.5227
2026,4121752,78.8244
2027,4121752,79.1229
2028,4121752,79.4184
2029,4121752,79.7108
2030,4121752,80.0
2024,4121802,75.4103
2025,4121802,76.2221
2026,4121802,77.0153
2027,4121802,77.7897
2028,4121802,78.5454
2029,4121802,79.2821
2030,4121802,80.0
2024,4121901,80.0
2025,4121901,80.0
2026,4121901,80.0
2027,4121901,80.0
2028,4121901,80.0
2029,4121901,80.0
2030,4121901,80.0
2024,4122008,80.0
2025,4122008,80.0
2026,4122008,80.0
2027,4122008,80.0
2028,4122008,80.0
2029,4122008,80.0
2030,4122008,80.0
2024,4122107,80.0
2025,4122107,80.0
2026,4122107,80.0
2027,4122107,80.0
2028,4122107,80.0
2029,4122107,80.0
2030,4122107,80.0
2024,4122156,80.0
2025,4122156,80.0
2026,4122156,80.0
2027,4122156,80.0
2028,4122156,80.0
2029,4122156,80.0
2030,4122156,80.0
2024,4122172,71.3842
2025,4122172,72.9643
2026,4122172,74.4884
2027,4122172,75.9549
2028,4122172,77.3626
2029,4122172,78.7111
2030,4122172,80.0
2024,4122206,65.2086
2025,4122206,68.0173
2026,4122206,70.7011
2027,4122206,73.2483
2028,4122206,75.6503
2029,4122206,77.9017
2030,4122206,80.0
2024,4122305,80.0
2025,4122305,80.0
2026,4122305,80.0
2027,4122305,80.0
2028,4122305,80.0
2029,4122305,80.0
2030,4122305,80.0
2024,4122404,74.4226
2025,4122404,75.4191
2026,4122404,76.3891
2027,4122404,77.3324
2028,4122404,78.2486
2029,4122404,79.1378
2030,4122404,80.0
2024,4122503,80.0
2025,4122503,80.0
2026,4122503,80.0
2027,4122503,80.0
2028,4122503,80.0
2029,4122503,80.0
2030,4122503,80.0
2024,4122602,70.2814
2025,4122602,72.0779
2026,4122602,73.8062
2027,4122602,75.464
2028,4122602,77.0495
2029,4122602,78.5616
2030,4122602,80.0
2024,4122651,71.0938
2025,4122651,72.7307
2026,4122651,74.3084
2027,4122651,75.8252
2028,4122651,77.2798
2029,4122651,78.6715
2030,4122651,80.0
2024,4122701,80.0
2025,4122701,80.0
2026,4122701,80.0
2027,4122701,80.0
2028,4122701,80.0
2029,4122701,80.0
2030,4122701,80.0
2024,4122800,80.0
2025,4122800,80.0
2026,4122800,80.0
2027,4122800,80.0
2028,4122800,80.0
2029,4122800,80.0
2030,4122800,80.0
2024,4122909,67.0538
2025,4122909,69.4922
2026,4122909,71.8259
2027,4122909,74.0478
2028,4122909,76.1527
2029,4122909,78.1372
2030,4122909,80.0
2024,4123006,80.0
2025,4123006,80.0
2026,4123006,80.0
2027,4123006,80.0
2028,4123006,80.0
2029,4123006,80.0
2030,4123006,80.0
2024,4123105,80.0
2025,4123105,80.0
2026,4123105,80.0
2027,4123105,80.0
2028,4123105,80.0
2029,4123105,80.0
2030,4123105,80.0
2024,4123204,80.0
2025,4123204,80.0
2026,4123204,80.0
2027,4123204,80.0
2028,4123204,80.0
2029,4123204,80.0
2030,4123204,80.0
2024,4123303,80.0
2025,4123303,80.0
2026,4123303,80.0
2027,4123303,80.0
2028,4123303,80.0
2029,4123303,80.0
2030,4123303,80.0
2024,4123402,62.2151
2025,4123402,65.6249
2026,4123402,68.8809
2027,4123402,71.9602
2028,4123402,74.8462
2029,4123402,77.5278
2030,4123402,80.0
2024,4123501,79.3243
2025,4123501,79.438
2026,4123501,79.5514
2027,4123501,79.6642
2028,4123501,79.7766
2029,4123501,79.8885
2030,4123501,80.0
2024,4123600,80.0
2025,4123600,80.0
2026,4123600,80.0
2027,4123600,80.0
2028,4123600,80.0
2029,4123600,80.0
2030,4123600,80.0
2024,4123709,80.0
2025,4123709,80.0
2026,4123709,80.0
2027,4123709,80.0
2028,4123709,80.0
2029,4123709,80.0
2030,4123709,80.0
2024,4123808,80.0
2025,4123808,80.0
2026,4123808,80.0
2027,4123808,80.0
2028,4123808,80.0
2029,4123808,80.0
2030,4123808,80.0
2024,4123824,79.572
2025,4123824,79.6438
2026,4123824,79.7154
2027,4123824,79.7868
2028,4123824,79.8581
2029,4123824,79.9291
2030,4123824,80.0
2024,4123857,76.8141
2025,4123857,77.3688
2026,4123857,77.914
2027,4123857,78.4497
2028,4123857,78.976
2029,4123857,79.4927
2030,4123857,80.0
2024,4123907,74.6316
2025,4123907,75.5888
2026,4123907,76.5212
2027,4123907,77.4287
2028,4123907,78.311
2029,4123907,79.1681
2030,4123907,80.0
2024,4123956,78.8639
2025,4123956,79.0565
2026,4123956,79.2478
2027,4123956,79.4378
2028,4123956,79.6265
2029,4123956,79.8139
2030,4123956,80.0
2024,4124004,78.5236
2025,4124004,78.7751
2026,4124004,79.0244
2027,4124004,79.2715
2028,4124004,79.5165
2029,4124004,79.7593
2030,4124004,80.0
2024,4124020,74.3474
2025,4124020,75.3581
2026,4124020,76.3416
2027,4124020,77.2977
2028,4124020,78.2262
2029,4124020,79.127
2030,4124020,80.0
2024,4124053,80.0
2025,4124053,80.0
2026,4124053,80.0
2027,4124053,80.0
2028,4124053,80.0
2029,4124053,80.0
2030,4124053,80.0
2024,4124103,63.6428
2025,4124103,66.7661
2026,4124103,69.7487
2027,4124103,72.5736
2028,4124103,75.2283
2029,4124103,77.7051
2030,4124103,80.0
2024,4124202,80.0
2025,4124202,80.0
2026,4124202,80.0
2027,4124202,80.0
2028,4124202,80.0
2029,4124202,80.0
2030,4124202,80.0
2024,4124301,80.0
2025,4124301,80.0
2026,4124301,80.0
2027,4124301,80.0
2028,4124301,80.0
2029,4124301,80.0
2030,4124301,80.0
2024,4124400,79.5805
2025,4124400,79.6509
2026,4124400,79.7211
2027,4124400,79.7911
2028,4124400,79.8609
2029,4124400,79.9305
2030,4124400,80.0
2024,4124509,80.0
2025,4124509,80.0
2026,4124509,80.0
2027,4124509,80.0
2028,4124509,80.0
2029,4124509,80.0
2030,4124509,80.0
2024,4124608,78.5406
2025,4124608,78.7891
2026,4124608,79.0355
2027,4124608,79.2798
2028,4124608,79.522
2029,4124608,79.762
2030,4124608,80.0
2024,4124707,80.0
2025,4124707,80.0
2026,4124707,80.0
2027,4124707,80.0
2028,4124707,80.0
2029,4124707,80.0
2030,4124707,80.0
2024,4124806,80.0
2025,4124806,80.0
2026,4124806,80.0
2027,4124806,80.0
2028,4124806,80.0
2029,4124806,80.0
2030,4124806,80.0
2024,4124905,80.0
2025,4124905,80.0
2026,4124905,80.0
2027,4124905,80.0
2028,4124905,80.0
2029,4124905,80.0
2030,4124905,80.0
2024,4125001,64.5213
2025,4125001,67.4681
2026,4125001,70.2829
2027,4125001,72.9518
2028,4125001,75.4647
2029,4125001,77.8151
2030,4125001,80.0
2024,4125100,78.7873
2025,4125100,78.9931
2026,4125100,79.1974
2027,4125100,79.4002
2028,4125100,79.6016
2029,4125100,79.8015
2030,4125100,80.0
2024,4125209,80.0
2025,4125209,80.0
2026,4125209,80.0
2027,4125209,80.0
2028,4125209,80.0
2029,4125209,80.0
2030,4125209,80.0
2024,4125308,80.0
2025,4125308,80.0
2026,4125308,80.0
2027,4125308,80.0
2028,4125308,80.0
2029,4125308,80.0
2030,4125308,80.0
2024,4125357,75.2008
2025,4125357,76.0515
2026,4125357,76.8821
2027,4125357,77.6923
2028,4125357,78.482
2029,4125357,79.2512
2030,4125357,80.0
2024,4125407,80.0
2025,4125407,80.0
2026,4125407,80.0
2027,4125407,80.0
2028,4125407,80.0
2029,4125407,80.0
2030,4125407,80.0
2024,4125456,80.0
2025,4125456,80.0
2026,4125456,80.0
2027,4125456,80.0
2028,4125456,80.0
2029,4125456,80.0
2030,4125456,80.0
2024,4125506,69.2628
2025,4125506,71.2607
2026,4125506,73.179
2027,4125506,75.0141
2028,4125506,76.7635
2029,4125506,78.4257
2030,4125506,80.0
2024,4125555,80.0
2025,4125555,80.0
2026,4125555,80.0
2027,4125555,80.0
2028,4125555,80.0
2029,4125555,80.0
2030,4125555,80.0
2024,4125605,80.0
2025,4125605,80.0
2026,4125605,80.0
2027,4125605,80.0
2028,4125605,80.0
2029,4125605,80.0
2030,4125605,80.0
2024,4125704,74.5731
2025,4125704,75.5413
2026,4125704,76.4842
2027,4125704,77.4017
2028,4125704,78.2935
2029,4125704,79.1596
2030,4125704,80.0
2024,4125753,75.5361
2025,4125753,76.3246
2026,4125753,77.0954
2027,4125753,77.8484
2028,4125753,78.5835
2029,4125753,79.3007
2030,4125753,80.0
2024,4125803,80.0
2025,4125803,80.0
2026,4125803,80.0
2027,4125803,80.0
2028,4125803,80.0
2029,4125803,80.0
2030,4125803,80.0
2024,4125902,73.2047
2025,4125902,74.4326
2026,4125902,75.623
2027,4125902,76.7752
2028,4125902,77.889
2029,4125902,78.9639
2030,4125902,80.0
2024,4126009,80.0
2025,4126009,80.0
2026,4126009,80.0
2027,4126009,80.0
2028,4126009,80.0
2029,4126009,80.0
2030,4126009,80.0
2024,4126108,80.0
2025,4126108,80.0
2026,4126108,80.0
2027,4126108,80.0
2028,4126108,80.0
2029,4126108,80.0
2030,4126108,80.0
2024,4126207,74.3558
2025,4126207,75.3649
2026,4126207,76.3469
2027,4126207,77.3016
2028,4126207,78.2287
2029,4126207,79.1282
2030,4126207,80.0
2024,4126256,61.633
2025,4126256,65.1593
2026,4126256,68.527
2027,4126256,71.7105
2028,4126256,74.6909
2029,4126256,77.4561
2030,4126256,80.0
2024,4126272,80.0
2025,4126272,80.0
2026,4126272,80.0
2027,4126272,80.0
2028,4126272,80.0
2029,4126272,80.0
2030,4126272,80.0
2024,4126306,80.0
2025,4126306,80.0
2026,4126306,80.0
2027,4126306,80.0
2028,4126306,80.0
2029,4126306,80.0
2030,4126306,80.0
2024,4126355,80.0
2025,4126355,80.0
2026,4126355,80.0
2027,4126355,80.0
2028,4126355,80.0
2029,4126355,80.0
2030,4126355,80.0
2024,4126405,80.0
2025,4126405,80.0
2026,4126405,80.0
2027,4126405,80.0
2028,4126405,80.0
2029,4126405,80.0
2030,4126405,80.0
2024,4126504,68.9069
2025,4126504,70.9754
2026,4126504,72.9604
2027,4126504,74.8576
2028,4126504,76.6643
2029,4126504,78.3787
2030,4126504,80.0
2024,4126603,80.0
2025,4126603,80.0
2026,4126603,80.0
2027,4126603,80.0
2028,4126603,80.0
2029,4126603,80.0
2030,4126603,80.0
2024,4126652,66.9214
2025,4126652,69.3863
2026,4126652,71.7451
2027,4126652,73.9903
2028,4126652,76.1164
2029,4126652,78.1202
2030,4126652,80.0
2024,4126678,74.7989
2025,4126678,75.7247
2026,4126678,76.6271
2027,4126678,77.506
2028,4126678,78.3611
2029,4126678,79.1924
2030,4126678,80.0
2024,4126702,52.8891
2025,4126702,58.1141
2026,4126702,63.1633
2027,4126702,67.9395
2028,4126702,72.3674
2029,4126702,76.3962
2030,4126702,80.0
2024,4126801,71.0855
2025,4126801,72.7241
2026,4126801,74.3033
2027,4126801,75.8215
2028,4126801,77.2774
2029,4126801,78.6704
2030,4126801,80.0
2024,4126900,80.0
2025,4126900,80.0
2026,4126900,80.0
2027,4126900,80.0
2028,4126900,80.0
2029,4126900,80.0
2030,4126900,80.0
2024,4127007,77.7094
2025,4127007,78.1038
2026,4127007,78.4932
2027,4127007,78.8774
2028,4127007,79.2567
2029,4127007,79.6309
2030,4127007,80.0
2024,4127106,65.9618
2025,4127106,68.6192
2026,4127106,71.1598
2027,4127106,73.574
2028,4127106,75.8546
2029,4127106,77.9973
2030,4127106,80.0
2024,4127205,80.0
2025,4127205,80.0
2026,4127205,80.0
2027,4127205,80.0
2028,4127205,80.0
2029,4127205,80.0
2030,4127205,80.0
2024,4127304,70.7787
2025,4127304,72.4774
2026,4127304,74.1134
2027,4127304,75.6848
2028,4127304,77.1902
2029,4127304,78.6287
2030,4127304,80.0
2024,4127403,70.3891
2025,4127403,72.1644
2026,4127403,73.8727
2027,4127403,75.5118
2028,4127403,77.0799
2029,4127403,78.5761
2030,4127403,80.0
2024,4127502,78.0907
2025,4127502,78.4178
2026,4127502,78.7413
2027,4127502,79.0613
2028,4127502,79.3778
2029,4127502,79.6907
2030,4127502,80.0
2024,4127601,78.9405
2025,4127601,79.1199
2026,4127601,79.2982
2027,4127601,79.4753
2028,4127601,79.6513
2029,4127601,79.8262
2030,4127601,80.0
2024,4127700,79.6404
2025,4127700,79.7007
2026,4127700,79.7608
2027,4127700,79.8208
2028,4127700,79.8807
2029,4127700,79.9404
2030,4127700,80.0
2024,4127809,80.0
2025,4127809,80.0
2026,4127809,80.0
2027,4127809,80.0
2028,4127809,80.0
2029,4127809,80.0
2030,4127809,80.0
2024,4127858,79.4609
2025,4127858,79.5515
2026,4127858,79.6418
2027,4127858,79.7318
2028,4127858,79.8215
2029,4127858,79.9109
2030,4127858,80.0
2024,4127882,66.1769
2025,4127882,68.7911
2026,4127882,71.2909
2027,4127882,73.6672
2028,4127882,75.9132
2029,4127882,78.0248
2030,4127882,80.0
2024,4127908,72.8051
2025,4127908,74.1097
2026,4127908,75.3729
2027,4127908,76.594
2028,4127908,77.7723
2029,4127908,78.9077
2030,4127908,80.0
2024,4127957,72.1814
2025,4127957,73.6065
2026,4127957,74.9838
2027,4127957,76.3124
2028,4127957,77.5916
2029,4127957,78.8208
2030,4127957,80.0
2024,4127965,80.0
2025,4127965,80.0
2026,4127965,80.0
2027,4127965,80.0
2028,4127965,80.0
2029,4127965,80.0
2030,4127965,80.0
2024,4128005,80.0
2025,4128005,80.0
2026,4128005,80.0
2027,4128005,80.0
2028,4128005,80.0
2029,4128005,80.0
2030,4128005,80.0
2024,4128104,66.7394
2025,4128104,69.2408
2026,4128104,71.634
2027,4128104,73.9112
2028,4128104,76.0667
2029,4128104,78.0968
2030,4128104,80.0
2024,4128203,75.7123
2025,4128203,76.4682
2026,4128203,77.2077
2027,4128203,77.9307
2028,4128203,78.6371
2029,4128203,79.3268
2030,4128203,80.0
2024,4128302,63.5018
2025,4128302,66.6535
2026,4128302,69.663
2027,4128302,72.5129
2028,4128302,75.1905
2029,4128302,77.6875
2030,4128302,80.0
2024,4128401,77.0671
2025,4128401,77.5762
2026,4128401,78.0772
2027,4128401,78.57
2028,4128401,79.0548
2029,4128401,79.5314
2030,4128401,80.0
2024,4128500,80.0
2025,4128500,80.0
2026,4128500,80.0
2027,4128500,80.0
2028,4128500,80.0
2029,4128500,80.0
2030,4128500,80.0
2024,4128534,75.0082
2025,4128534,75.8948
2026,4128534,76.7598
2027,4128534,77.6029
2028,4128534,78.4239
2029,4128534,79.223
2030,4128534,80.0
2024,4128559,56.9389
2025,4128559,61.3927
2026,4128559,65.6636
2027,4128559,69.6952
2028,4128559,73.445
2029,4128559,76.8846
2030,4128559,80.0
2024,4128609,80.0
2025,4128609,80.0
2026,4128609,80.0
2027,4128609,80.0
2028,4128609,80.0
2029,4128609,80.0
2030,4128609,80.0
2024,4128625,68.0
2025,4128625,70.0
2026,4128625,72.0
2027,4128625,74.0
2028,4128625,76.0
2029,4128625,78.0
2030,4128625,80.0
2024,4128633,76.8731
2025,4128633,77.4171
2026,4128633,77.952
2027,4128633,78.4777
2028,4128633,78.9943
2029,4128633,79.5017
2030,4128633,80.0
2024,4128658,78.8809
2025,4128658,79.0706
2026,4128658,79.259
2027,4128658,79.4461
2028,4128658,79.632
2029,4128658,79.8166
2030,4128658,80.0
2024,4128708,72.7385
2025,4128708,74.0559
2026,4128708,75.3313
2027,4128708,76.5638
2028,4128708,77.753
2029,4128708,78.8984
2030,4128708,80.0
2024,4128807,74.7906
2025,4128807,75.7179
2026,4128807,76.6218
2027,4128807,77.5021
2028,4128807,78.3586
2029,4128807,79.1912
2030,4128807,80.0
2024,4200051,73.3046
2025,4200051,74.5134
2026,4200051,75.6856
2027,4200051,76.8207
2028,4200051,77.9182
2029,4200051,78.978
2030,4200051,80.0
2024,4200101,67.3019
2025,4200101,69.6907
2026,4200101,71.9775
2027,4200101,74.1558
2028,4200101,76.2208
2029,4200101,78.1693
2030,4200101,80.0
2024,4200200,80.0
2025,4200200,80.0
2026,4200200,80.0
2027,4200200,80.0
2028,4200200,80.0
2029,4200200,80.0
2030,4200200,80.0
2024,4200309,76.494
2025,4200309,77.1067
2026,4200309,77.7081
2027,4200309,78.2981
2028,4200309,78.8768
2029,4200309,79.4441
2030,4200309,80.0
2024,4200408,67.244
2025,4200408,69.6443
2026,4200408,71.9421
2027,4200408,74.1306
2028,4200408,76.2049
2029,4200408,78.1618
2030,4200408,80.0
2024,4200507,73.4796
2025,4200507,74.655
2026,4200507,75.7954
2027,4200507,76.9004
2028,4200507,77.9696
2029,4200507,79.0028
2030,4200507,80.0
2024,4200556,48.7192
2025,4200556,54.6948
2026,4200556,60.5381
2027,4200556,66.0949
2028,4200556,71.2409
2029,4200556,75.8909
2030,4200556,80.0
2024,4200606,80.0
2025,4200606,80.0
2026,4200606,80.0
2027,4200606,80.0
2028,4200606,80.0
2029,4200606,80.0
2030,4200606,80.0
2024,4200705,48.8241
2025,4200705,54.7815
2026,4200705,60.6049
2027,4200705,66.1419
2028,4200705,71.2696
2029,4200705,75.9037
2030,4200705,80.0
2024,4200754,80.0
2025,4200754,80.0
2026,4200754,80.0
2027,4200754,80.0
2028,4200754,80.0
2029,4200754,80.0
2030,4200754,80.0
2024,4200804,77.8872
2025,4200804,78.2502
2026,4200804,78.6088
2027,4200804,78.9631
2028,4200804,79.313
2029,4200804,79.6587
2030,4200804,80.0
2024,4200903,80.0
2025,4200903,80.0
2026,4200903,80.0
2027,4200903,80.0
2028,4200903,80.0
2029,4200903,80.0
2030,4200903,80.0
2024,4201000,68.3194
2025,4201000,70.5049
2026,4201000,72.6001
2027,4201000,74.6
2028,4201000,76.5012
2029,4201000,78.3016
2030,4201000,80.0
2024,4201109,57.0
2025,4201109,61.0
2026,4201109,66.0
2027,4201109,70.0
2028,4201109,73.0
2029,4201109,77.0
2030,4201109,80.0
2024,4201208,75.3181
2025,4201208,76.147
2026,4201208,76.9566
2027,4201208,77.7468
2028,4201208,78.5174
2029,4201208,79.2685
2030,4201208,80.0
2024,4201257,66.3506
2025,4201257,68.93
2026,4201257,71.3969
2027,4201257,73.7425
2028,4201257,75.9605
2029,4201257,78.047
2030,4201257,80.0
2024,4201273,79.478
2025,4201273,79.5657
2026,4201273,79.6531
2027,4201273,79.7402
2028,4201273,79.8271
2029,4201273,79.9137
2030,4201273,80.0
2024,4201307,56.4921
2025,4201307,61.0325
2026,4201307,65.3894
2027,4201307,69.5027
2028,4201307,73.3264
2029,4201307,76.8306
2030,4201307,80.0
2024,4201505,72.0152
2025,4201505,73.4725
2026,4201505,74.8804
2027,4201505,76.2377
2028,4201505,77.5437
2029,4201505,78.7978
2030,4201505,80.0
2024,4201604,80.0
2025,4201604,80.0
2026,4201604,80.0
2027,4201604,80.0
2028,4201604,80.0
2029,4201604,80.0
2030,4201604,80.0
2024,4201653,76.3593
2025,4201653,76.9966
2026,4201653,77.6216
2027,4201653,78.2346
2028,4201653,78.8353
2029,4201653,79.4237
2030,4201653,80.0
2024,4201703,80.0
2025,4201703,80.0
2026,4201703,80.0
2027,4201703,80.0
2028,4201703,80.0
2029,4201703,80.0
2030,4201703,80.0
2024,4201802,72.5222
2025,4201802,73.8814
2026,4201802,75.1963
2027,4201802,76.4661
2028,4201802,77.6902
2029,4201802,78.8682
2030,4201802,80.0
2024,4201901,65.4487
2025,4201901,68.2091
2026,4201901,70.8473
2027,4201901,73.352
2028,4201901,75.7153
2029,4201901,77.9321
2030,4201901,80.0
2024,4201950,49.5396
2025,4201950,55.3718
2026,4201950,61.0597
2027,4201950,66.4617
2028,4201950,71.4646
2029,4201950,75.9908
2030,4201950,80.0
2024,4202008,63.8086
2025,4202008,66.8987
2026,4202008,69.8495
2027,4202008,72.6449
2028,4202008,75.2729
2029,4202008,77.7258
2030,4202008,80.0
2024,4202057,63.535
2025,4202057,66.68
2026,4202057,69.6832
2027,4202057,72.5272
2028,4202057,75.1994
2029,4202057,77.6916
2030,4202057,80.0
2024,4202073,49.0
2025,4202073,55.0
2026,4202073,61.0
2027,4202073,66.0
2028,4202073,71.0
2029,4202073,76.0
2030,4202073,80.0
2024,4202081,71.6913
2025,4202081,73.2116
2026,4202081,74.679
2027,4202081,76.0923
2028,4202081,77.4506
2029,4202081,78.7532
2030,4202081,80.0
2024,4202099,54.9349
2025,4202099,59.7746
2026,4202099,64.4311
2027,4202099,68.8297
2028,4202099,72.9129
2029,4202099,76.6428
2030,4202099,80.0
2024,4202107,52.7778
2025,4202107,58.0235
2026,4202107,63.0939
2027,4202107,67.8908
2028,4202107,72.3376
2029,4202107,76.3828
2030,4202107,80.0
2024,4202131,80.0
2025,4202131,80.0
2026,4202131,80.0
2027,4202131,80.0
2028,4202131,80.0
2029,4202131,80.0
2030,4202131,80.0
2024,4202156,74.0051
2025,4202156,75.0805
2026,4202156,76.1257
2027,4202156,77.1405
2028,4202156,78.1246
2029,4202156,79.0777
2030,4202156,80.0
2024,4202206,64.4716
2025,4202206,67.4284
2026,4202206,70.2527
2027,4202206,72.9304
2028,4202206,75.4513
2029,4202206,77.8088
2030,4202206,80.0
2024,4202305,45.1645
2025,4202305,51.7333
2026,4202305,58.2428
2027,4202305,64.4771
2028,4202305,70.2561
2029,4202305,75.4528
2030,4202305,80.0
2024,4202404,66.5326
2025,4202404,69.0755
2026,4202404,71.5079
2027,4202404,73.8214
2028,4202404,76.0102
2029,4202404,78.0703
2030,4202404,80.0
2024,4202438,45.4861
2025,4202438,52.0033
2026,4202438,58.4531
2027,4202438,64.6256
2028,4202438,70.3464
2029,4202438,75.4928
2030,4202438,80.0
2024,4202453,63.991
2025,4202453,67.0444
2026,4202453,69.9604
2027,4202453,72.7234
2028,4202453,75.3219
2029,4202453,77.7486
2030,4202453,80.0
2024,4202503,46.819
2025,4202503,53.1178
2026,4202503,59.3187
2027,4202503,65.2363
2028,4202503,70.718
2029,4202503,75.6578
2030,4202503,80.0
2024,4202537,67.1779
2025,4202537,69.5914
2026,4202537,71.9017
2027,4202537,74.1018
2028,4202537,76.1867
2029,4202537,78.1532
2030,4202537,80.0
2024,4202578,74.3474
2025,4202578,75.3581
2026,4202578,76.3416
2027,4202578,77.2977
2028,4202578,78.2262
2029,4202578,79.127
2030,4202578,80.0
2024,4202602,39.4034
2025,4202602,46.8141
2026,4202602,54.3682
2027,4202602,61.7265
2028,4202602,68.5838
2029,4202602,74.7158
2030,4202602,80.0
2024,4202701,71.0358
2025,4202701,72.684
2026,4202701,74.2725
2027,4202701,75.7993
2028,4202701,77.2633
2029,4202701,78.6636
2030,4202701,80.0
2024,4202800,63.8418
2025,4202800,66.9252
2026,4202800,69.8697
2027,4202800,72.6592
2028,4202800,75.2818
2029,4202800,77.7299
2030,4202800,80.0
2024,4202859,65.1093
2025,4202859,67.9379
2026,4202859,70.6407
2027,4202859,73.2054
2028,4202859,75.6234
2029,4202859,77.8892
2030,4202859,80.0
2024,4202875,68.8324
2025,4202875,70.9158
2026,4202875,72.9146
2027,4202875,74.8249
2028,4202875,76.6436
2029,4202875,78.3689
2030,4202875,80.0
2024,4202909,71.0
2025,4202909,72.0
2026,4202909,74.0
2027,4202909,76.0
2028,4202909,77.0
2029,4202909,79.0
2030,4202909,80.0
2024,4203006,71.4838
2025,4203006,73.0445
2026,4203006,74.5502
2027,4203006,75.9994
2028,4203006,77.3911
2029,4203006,78.7247
2030,4203006,80.0
2024,4203105,76.1575
2025,4203105,76.8316
2026,4203105,77.4923
2027,4203105,78.1395
2028,4203105,78.7732
2029,4203105,79.3933
2030,4203105,80.0
2024,4203154,65.7632
2025,4203154,68.4604
2026,4203154,71.0388
2027,4203154,73.488
2028,4203154,75.8007
2029,4203154,77.972
2030,4203154,80.0
2024,4203253,80.0
2025,4203253,80.0
2026,4203253,80.0
2027,4203253,80.0
2028,4203253,80.0
2029,4203253,80.0
2030,4203253,80.0
2024,4203303,68.6752
2025,4203303,70.7898
2026,4203303,72.8182
2027,4203303,74.7559
2028,4203303,76.5999
2029,4203303,78.3482
2030,4203303,80.0
2024,4203402,47.8334
2025,4203402,53.9612
2026,4203402,59.9717
2027,4203402,65.6963
2028,4203402,70.9981
2029,4203402,75.7825
2030,4203402,80.0
2024,4203501,64.049
2025,4203501,67.0907
2026,4203501,69.9957
2027,4203501,72.7484
2028,4203501,75.3375
2029,4203501,77.7558
2030,4203501,80.0
2024,4203600,66.8635
2025,4203600,69.34
2026,4203600,71.7098
2027,4203600,73.9651
2028,4203600,76.1006
2029,4203600,78.1127
2030,4203600,80.0
2024,4203709,62.7135
2025,4203709,66.0234
2026,4203709,69.1838
2027,4203709,72.1742
2028,4203709,74.9793
2029,4203709,77.5895
2030,4203709,80.0
2024,4203808,74.8659
2025,4203808,75.7791
2026,4203808,76.6696
2027,4203808,77.5369
2028,4203808,78.3812
2029,4203808,79.2022
2030,4203808,80.0
2024,4203907,73.4879
2025,4203907,74.6617
2026,4203907,75.8006
2027,4203907,76.9042
2028,4203907,77.972
2029,4203907,79.004
2030,4203907,80.0
2024,4204004,70.182
2025,4204004,71.998
2026,4204004,73.7449
2027,4204004,75.4199
2028,4204004,77.0214
2029,4204004,78.5483
2030,4204004,80.0
2024,4204103,71.21
2025,4204103,72.8241
2026,4204103,74.3804
2027,4204103,75.877
2028,4204103,77.3129
2029,4204103,78.6873
2030,4204103,80.0
2024,4204152,77.7433
2025,4204152,78.1317
2026,4204152,78.5152
2027,4204152,78.8937
2028,4204152,79.2674
2029,4204152,79.6361
2030,4204152,80.0
2024,4204178,36.0696
2025,4204178,43.8831
2026,4204178,52.0123
2027,4204178,60.0362
2028,4204178,67.5554
2029,4204178,74.2663
2030,4204178,80.0
2024,4204194,56.9979
2025,4204194,61.4402
2026,4204194,65.6997
2027,4204194,69.7206
2028,4204194,73.4606
2029,4204194,76.8917
2030,4204194,80.0
2024,4204202,60.1666
2025,4204202,63.9852
2026,4204202,67.6348
2027,4204202,71.0816
2028,4204202,74.3009
2029,4204202,77.2763
2030,4204202,80.0
2024,4204251,68.9235
2025,4204251,70.9887
2026,4204251,72.9705
2027,4204251,74.8649
2028,4204251,76.6689
2029,4204251,78.3809
2030,4204251,80.0
2024,4204301,76.9406
2025,4204301,77.4724
2026,4204301,77.9955
2027,4204301,78.5098
2028,4204301,79.0153
2029,4204301,79.5121
2030,4204301,80.0
2024,4204350,65.0
2025,4204350,68.0
2026,4204350,71.0
2027,4204350,73.0
2028,4204350,76.0
2029,4204350,78.0
2030,4204350,80.0
2024,4204400,75.1589
2025,4204400,76.0174
2026,4204400,76.8555
2027,4204400,77.6728
2028,4204400,78.4694
2029,4204400,79.2451
2030,4204400,80.0
2024,4204459,74.6567
2025,4204459,75.6092
2026,4204459,76.5371
2027,4204459,77.4403
2028,4204459,78.3185
2029,4204459,79.1718
2030,4204459,80.0
2024,4204509,64.2727
2025,4204509,67.2695
2026,4204509,70.1317
2027,4204509,72.8447
2028,4204509,75.3977
2029,4204509,77.7839
2030,4204509,80.0
2024,4204558,62.9957
2025,4204558,66.249
2026,4204558,69.3554
2027,4204558,72.2954
2028,4204558,75.0549
2029,4204558,77.6245
2030,4204558,80.0
2024,4204608,62.5391
2025,4204608,65.8839
2026,4204608,69.0778
2027,4204608,72.0993
2028,4204608,74.9327
2029,4204608,77.5679
2030,4204608,80.0
2024,4204707,80.0
2025,4204707,80.0
2026,4204707,80.0
2027,4204707,80.0
2028,4204707,80.0
2029,4204707,80.0
2030,4204707,80.0
2024,4204806,54.0
2025,4204806,59.0
2026,4204806,64.0
2027,4204806,68.0
2028,4204806,73.0
2029,4204806,77.0
2030,4204806,80.0
2024,4204905,80.0
2025,4204905,80.0
2026,4204905,80.0
2027,4204905,80.0
2028,4204905,80.0
2029,4204905,80.0
2030,4204905,80.0
2024,4205001,63.0206
2025,4205001,66.2689
2026,4205001,69.3705
2027,4205001,72.3061
2028,4205001,75.0615
2029,4205001,77.6276
2030,4205001,80.0
2024,4205100,80.0
2025,4205100,80.0
2026,4205100,80.0
2027,4205100,80.0
2028,4205100,80.0
2029,4205100,80.0
2030,4205100,80.0
2024,4205159,79.0
2025,4205159,79.0
2026,4205159,79.0
2027,4205159,80.0
2028,4205159,80.0
2029,4205159,80.0
2030,4205159,80.0
2024,4205175,71.5004
2025,4205175,73.0578
2026,4205175,74.5605
2027,4205175,76.0068
2028,4205175,77.3959
2029,4205175,78.727
2030,4205175,80.0
2024,4205191,70.0
2025,4205191,72.0
2026,4205191,74.0
2027,4205191,75.0
2028,4205191,77.0
2029,4205191,79.0
2030,4205191,80.0
2024,4205209,60.3918
2025,4205209,64.1657
2026,4205209,67.7719
2027,4205209,71.1782
2028,4205209,74.3607
2029,4205209,77.3038
2030,4205209,80.0
2024,4205308,57.2
2025,4205308,61.6029
2026,4205308,65.8236
2027,4205308,69.8077
2028,4205308,73.5142
2029,4205308,76.9161
2030,4205308,80.0
2024,4205357,80.0
2025,4205357,80.0
2026,4205357,80.0
2027,4205357,80.0
2028,4205357,80.0
2029,4205357,80.0
2030,4205357,80.0
2024,4205431,67.7817
2025,4205431,70.0745
2026,4205431,72.2709
2027,4205431,74.365
2028,4205431,76.3527
2029,4205431,78.2314
2030,4205431,80.0
2024,4205456,62.24
2025,4205456,65.6448
2026,4205456,68.896
2027,4205456,71.9709
2028,4205456,74.8528
2029,4205456,77.5309
2030,4205456,80.0
2024,4205506,68.7331
2025,4205506,70.8362
2026,4205506,72.8537
2027,4205506,74.7813
2028,4205506,76.616
2029,4205506,78.3558
2030,4205506,80.0
2024,4205555,68.0381
2025,4205555,70.2797
2026,4205555,72.4278
2027,4205555,74.477
2028,4205555,76.4235
2029,4205555,78.2648
2030,4205555,80.0
2024,4205605,80.0
2025,4205605,80.0
2026,4205605,80.0
2027,4205605,80.0
2028,4205605,80.0
2029,4205605,80.0
2030,4205605,80.0
2024,4205704,72.0817
2025,4205704,73.5261
2026,4205704,74.9217
2027,4205704,76.2676
2028,4205704,77.5628
2029,4205704,78.807
2030,4205704,80.0
2024,4205803,58.9042
2025,4205803,62.9729
2026,4205803,66.8654
2027,4205803,70.5401
2028,4205803,73.9659
2029,4205803,77.1226
2030,4205803,80.0
2024,4205902,65.3328
2025,4205902,68.1165
2026,4205902,70.7767
2027,4205902,73.3019
2028,4205902,75.6839
2029,4205902,77.9174
2030,4205902,80.0
2024,4206108,67.5749
2025,4206108,69.909
2026,4206108,72.1444
2027,4206108,74.2748
2028,4206108,76.2958
2029,4206108,78.2046
2030,4206108,80.0
2024,4206207,57.1579
2025,4206207,61.5691
2026,4206207,65.7978
2027,4206207,69.7895
2028,4206207,73.503
2029,4206207,76.911
2030,4206207,80.0
2024,4206306,71.7328
2025,4206306,73.245
2026,4206306,74.7048
2027,4206306,76.1109
2028,4206306,77.4625
2029,4206306,78.7589
2030,4206306,80.0
2024,4206405,80.0
2025,4206405,80.0
2026,4206405,80.0
2027,4206405,80.0
2028,4206405,80.0
2029,4206405,80.0
2030,4206405,80.0
2024,4206504,71.8657
2025,4206504,73.352
2026,4206504,74.7874
2027,4206504,76.1705
2028,4206504,77.5006
2029,4206504,78.7772
2030,4206504,80.0
2024,4206603,80.0
2025,4206603,80.0
2026,4206603,80.0
2027,4206603,80.0
2028,4206603,80.0
2029,4206603,80.0
2030,4206603,80.0
2024,4206652,50.1655
2025,4206652,55.8868
2026,4206652,61.4558
2027,4206652,66.7402
2028,4206652,71.6345
2029,4206652,76.0669
2030,4206652,80.0
2024,4206702,57.6458
2025,4206702,61.9617
2026,4206702,66.0965
2027,4206702,69.9995
2028,4206702,73.6323
2029,4206702,76.97
2030,4206702,80.0
2024,4206751,67.9472
2025,4206751,70.2069
2026,4206751,72.3721
2027,4206751,74.4372
2028,4206751,76.3983
2029,4206751,78.253
2030,4206751,80.0
2024,4206801,76.3425
2025,4206801,76.9828
2026,4206801,77.6109
2027,4206801,78.2266
2028,4206801,78.8301
2029,4206801,79.4212
2030,4206801,80.0
2024,4206900,69.5029
2025,4206900,71.4532
2026,4206900,73.3266
2027,4206900,75.1199
2028,4206900,76.8307
2029,4206900,78.4576
2030,4206900,80.0
2024,4207007,71.3925
2025,4207007,72.971
2026,4207007,74.4935
2027,4207007,75.9586
2028,4207007,77.365
2029,4207007,78.7122
2030,4207007,80.0
2024,4207106,58.5188
2025,4207106,62.6635
2026,4207106,66.6301
2027,4207106,70.3746
2028,4207106,73.8638
2029,4207106,77.0758
2030,4207106,80.0
2024,4207205,45.0
2025,4207205,52.0
2026,4207205,58.0
2027,4207205,64.0
2028,4207205,70.0
2029,4207205,75.0
2030,4207205,80.0
2024,4207403,67.2689
2025,4207403,69.6642
2026,4207403,71.9573
2027,4207403,74.1414
2028,4207403,76.2117
2029,4207403,78.165
2030,4207403,80.0
2024,4207502,59.3143
2025,4207502,63.302
2026,4207502,67.1155
2027,4207502,70.7161
2028,4207502,74.0747
2029,4207502,77.1725
2030,4207502,80.0
2024,4207577,75.3097
2025,4207577,76.1402
2026,4207577,76.9513
2027,4207577,77.7429
2028,4207577,78.5149
2029,4207577,79.2673
2030,4207577,80.0
2024,4207601,80.0
2025,4207601,80.0
2026,4207601,80.0
2027,4207601,80.0
2028,4207601,80.0
2029,4207601,80.0
2030,4207601,80.0
2024,4207650,80.0
2025,4207650,80.0
2026,4207650,80.0
2027,4207650,80.0
2028,4207650,80.0
2029,4207650,80.0
2030,4207650,80.0
2024,4207684,62.8878
2025,4207684,66.1627
2026,4207684,69.2898
2027,4207684,72.2491
2028,4207684,75.026
2029,4207684,77.6111
2030,4207684,80.0
2024,4207700,58.2756
2025,4207700,62.4681
2026,4207700,66.4816
2027,4207700,70.2702
2028,4207700,73.7993
2029,4207700,77.0463
2030,4207700,80.0
2024,4207759,63.7423
2025,4207759,66.8457
2026,4207759,69.8092
2027,4207759,72.6164
2028,4207759,75.2551
2029,4207759,77.7175
2030,4207759,80.0
2024,4207809,74.8324
2025,4207809,75.7519
2026,4207809,76.6483
2027,4207809,77.5215
2028,4207809,78.3711
2029,4207809,79.1973
2030,4207809,80.0
2024,4207858,80.0
2025,4207858,80.0
2026,4207858,80.0
2027,4207858,80.0
2028,4207858,80.0
2029,4207858,80.0
2030,4207858,80.0
2024,4207908,73.1047
2025,4207908,74.3518
2026,4207908,75.5604
2027,4207908,76.7298
2028,4207908,77.8597
2029,4207908,78.9498
2030,4207908,80.0
2024,4208005,70.8119
2025,4208005,72.504
2026,4208005,74.1339
2027,4208005,75.6996
2028,4208005,77.1996
2029,4208005,78.6332
2030,4208005,80.0
2024,4208104,67.881
2025,4208104,70.1539
2026,4208104,72.3316
2027,4208104,74.4083
2028,4208104,76.3801
2029,4208104,78.2444
2030,4208104,80.0
2024,4208203,60.4919
2025,4208203,64.2459
2026,4208203,67.8329
2027,4208203,71.2212
2028,4208203,74.3873
2029,4208203,77.3161
2030,4208203,80.0
2024,4208302,69.0228
2025,4208302,71.0683
2026,4208302,73.0315
2027,4208302,74.9085
2028,4208302,76.6966
2029,4208302,78.394
2030,4208302,80.0
2024,4208401,72.9049
2025,4208401,74.1904
2026,4208401,75.4354
2027,4208401,76.6392
2028,4208401,77.8014
2029,4208401,78.9217
2030,4208401,80.0
2024,4208500,66.7643
2025,4208500,69.2607
2026,4208500,71.6492
2027,4208500,73.922
2028,4208500,76.0734
2029,4208500,78.1
2030,4208500,80.0
2024,4208609,74.824
2025,4208609,75.7451
2026,4208609,76.643
2027,4208609,77.5176
2028,4208609,78.3686
2029,4208609,79.1961
2030,4208609,80.0
2024,4208708,57.4861
2025,4208708,61.8332
2026,4208708,65.9988
2027,4208708,69.9308
2028,4208708,73.59
2029,4208708,76.9507
2030,4208708,80.0
2024,4208807,48.3865
2025,4208807,54.4196
2026,4208807,60.3257
2027,4208807,65.9455
2028,4208807,71.1499
2029,4208807,75.8502
2030,4208807,80.0
2024,4208906,73.9133
2025,4208906,75.0061
2026,4208906,76.068
2027,4208906,77.0985
2028,4208906,78.0974
2029,4208906,79.0646
2030,4208906,80.0
2024,4208955,80.0
2025,4208955,80.0
2026,4208955,80.0
2027,4208955,80.0
2028,4208955,80.0
2029,4208955,80.0
2030,4208955,80.0
2024,4209003,62.6138
2025,4209003,65.9437
2026,4209003,69.1233
2027,4209003,72.1314
2028,4209003,74.9527
2029,4209003,77.5772
2030,4209003,80.0
2024,4209102,68.2284
2025,4209102,70.432
2026,4209102,72.5443
2027,4209102,74.5602
2028,4209102,76.4761
2029,4209102,78.2897
2030,4209102,80.0
2024,4209151,43.6814
2025,4209151,50.4824
2026,4209151,57.2656
2027,4209151,63.7862
2028,4209151,69.8359
2029,4209151,75.2668
2030,4209151,80.0
2024,4209177,80.0
2025,4209177,80.0
2026,4209177,80.0
2027,4209177,80.0
2028,4209177,80.0
2029,4209177,80.0
2030,4209177,80.0
2024,4209201,71.5917
2025,4209201,73.1313
2026,4209201,74.6171
2027,4209201,76.0477
2028,4209201,77.422
2029,4209201,78.7395
2030,4209201,80.0
2024,4209300,54.0
2025,4209300,59.0
2026,4209300,64.0
2027,4209300,68.0
2028,4209300,73.0
2029,4209300,77.0
2030,4209300,80.0
2024,4209409,40.1573
2025,4209409,47.4677
2026,4209409,54.8882
2027,4209409,62.0975
2028,4209409,68.8094
2029,4209409,74.8148
2030,4209409,80.0
2024,4209458,78.7788
2025,4209458,78.986
2026,4209458,79.1918
2027,4209458,79.3961
2028,4209458,79.5989
2029,4209458,79.8002
2030,4209458,80.0
2024,4209508,66.8553
2025,4209508,69.3334
2026,4209508,71.7047
2027,4209508,73.9615
2028,4209508,76.0983
2029,4209508,78.1117
2030,4209508,80.0
2024,4209607,66.0445
2025,4209607,68.6853
2026,4209607,71.2102
2027,4209607,73.6098
2028,4209607,75.8771
2029,4209607,78.0079
2030,4209607,80.0
2024,4209706,47.04
2025,4209706,53.3019
2026,4209706,59.4614
2027,4209706,65.3368
2028,4209706,70.7792
2029,4209706,75.685
2030,4209706,80.0
2024,4209805,75.7626
2025,4209805,76.5093
2026,4209805,77.2399
2027,4209805,77.9542
2028,4209805,78.6524
2029,4209805,79.3343
2030,4209805,80.0
2024,4209854,80.0
2025,4209854,80.0
2026,4209854,80.0
2027,4209854,80.0
2028,4209854,80.0
2029,4209854,80.0
2030,4209854,80.0
2024,4209904,63.17
2025,4209904,66.3883
2026,4209904,69.4613
2027,4209904,72.3703
2028,4209904,75.1015
2029,4209904,77.6462
2030,4209904,80.0
2024,4210001,80.0
2025,4210001,80.0
2026,4210001,80.0
2027,4210001,80.0
2028,4210001,80.0
2029,4210001,80.0
2030,4210001,80.0
2024,4210035,74.0134
2025,4210035,75.0872
2026,4210035,76.131
2027,4210035,77.1444
2028,4210035,78.127
2029,4210035,79.0789
2030,4210035,80.0
2024,4210050,80.0
2025,4210050,80.0
2026,4210050,80.0
2027,4210050,80.0
2028,4210050,80.0
2029,4210050,80.0
2030,4210050,80.0
2024,4210100,74.0718
2025,4210100,75.1346
2026,4210100,76.1678
2027,4210100,77.1711
2028,4210100,78.1443
2029,4210100,79.0873
2030,4210100,80.0
2024,4210209,56.1205
2025,4210209,60.7328
2026,4210209,65.1612
2027,4210209,69.3424
2028,4210209,73.2279
2029,4210209,76.7858
2030,4210209,80.0
2024,4210308,70.8202
2025,4210308,72.5107
2026,4210308,74.1391
2027,4210308,75.7033
2028,4210308,77.202
2029,4210308,78.6343
2030,4210308,80.0
2024,4210407,62.0738
2025,4210407,65.5119
2026,4210407,68.795
2027,4210407,71.8996
2028,4210407,74.8085
2029,4210407,77.5104
2030,4210407,80.0
2024,4210506,80.0
2025,4210506,80.0
2026,4210506,80.0
2027,4210506,80.0
2028,4210506,80.0
2029,4210506,80.0
2030,4210506,80.0
2024,4210555,76.0
2025,4210555,77.0
2026,4210555,77.0
2027,4210555,78.0
2028,4210555,79.0
2029,4210555,79.0
2030,4210555,80.0
2024,4210605,72.4058
2025,4210605,73.7875
2026,4210605,75.1237
2027,4210605,76.4136
2028,4210605,77.6564
2029,4210605,78.852
2030,4210605,80.0
2024,4210704,37.0
2025,4210704,45.0
2026,4210704,53.0
2027,4210704,61.0
2028,4210704,68.0
2029,4210704,74.0
2030,4210704,80.0
2024,4210803,58.988
2025,4210803,63.0401
2026,4210803,66.9165
2027,4210803,70.576
2028,4210803,73.9881
2029,4210803,77.1328
2030,4210803,80.0
2024,4210852,45.5486
2025,4210852,52.0557
2026,4210852,58.4938
2027,4210852,64.6544
2028,4210852,70.3639
2029,4210852,75.5006
2030,4210852,80.0
2024,4210902,80.0
2025,4210902,80.0
2026,4210902,80.0
2027,4210902,80.0
2028,4210902,80.0
2029,4210902,80.0
2030,4210902,80.0
2024,4211009,70.4306
2025,4211009,72.1977
2026,4211009,73.8983
2027,4211009,75.5302
2028,4211009,77.0916
2029,4211009,78.5817
2030,4211009,80.0
2024,4211058,66.4251
2025,4211058,68.9895
2026,4211058,71.4423
2027,4211058,73.7748
2028,4211058,75.9808
2029,4211058,78.0565
2030,4211058,80.0
2024,4211108,43.0
2025,4211108,50.0
2026,4211108,57.0
2027,4211108,64.0
2028,4211108,70.0
2029,4211108,75.0
2030,4211108,80.0
2024,4211207,69.95
2025,4211207,71.8119
2026,4211207,73.6019
2027,4211207,75.3173
2028,4211207,76.9561
2029,4211207,78.5172
2030,4211207,80.0
2024,4211256,72.7801
2025,4211256,74.0895
2026,4211256,75.3573
2027,4211256,76.5827
2028,4211256,77.7651
2029,4211256,78.9042
2030,4211256,80.0
2024,4211306,58.8624
2025,4211306,62.9393
2026,4211306,66.8398
2027,4211306,70.5221
2028,4211306,73.9548
2029,4211306,77.1175
2030,4211306,80.0
2024,4211405,70.8865
2025,4211405,72.564
2026,4211405,74.1801
2027,4211405,75.7328
2028,4211405,77.2208
2029,4211405,78.6433
2030,4211405,80.0
2024,4211454,69.4366
2025,4211454,71.4
2026,4211454,73.2858
2027,4211454,75.0907
2028,4211454,76.8121
2029,4211454,78.4488
2030,4211454,80.0
2024,4211504,64.5627
2025,4211504,67.5012
2026,4211504,70.3081
2027,4211504,72.9696
2028,4211504,75.4758
2029,4211504,77.8203
2030,4211504,80.0
2024,4211603,71.2348
2025,4211603,72.8442
2026,4211603,74.3958
2027,4211603,75.8881
2028,4211603,77.32
2029,4211603,78.6907
2030,4211603,80.0
2024,4211652,80.0
2025,4211652,80.0
2026,4211652,80.0
2027,4211652,80.0
2028,4211652,80.0
2029,4211652,80.0
2030,4211652,80.0
2024,4211702,68.1374
2025,4211702,70.3592
2026,4211702,72.4886
2027,4211702,74.5204
2028,4211702,76.4509
2029,4211702,78.2778
2030,4211702,80.0
2024,4211751,59.1972
2025,4211751,63.208
2026,4211751,67.0441
2027,4211751,70.6658
2028,4211751,74.0436
2029,4211751,77.1582
2030,4211751,80.0
2024,4211801,73.7381
2025,4211801,74.8642
2026,4211801,75.9577
2027,4211801,77.0183
2028,4211801,78.0457
2029,4211801,79.0396
2030,4211801,80.0
2024,4211850,50.2697
2025,4211850,55.9723
2026,4211850,61.5215
2027,4211850,66.7864
2028,4211850,71.6627
2029,4211850,76.0795
2030,4211850,80.0
2024,4211876,72.2811
2025,4211876,73.6869
2026,4211876,75.0459
2027,4211876,76.3573
2028,4211876,77.6204
2029,4211876,78.8346
2030,4211876,80.0
2024,4211892,80.0
2025,4211892,80.0
2026,4211892,80.0
2027,4211892,80.0
2028,4211892,80.0
2029,4211892,80.0
2030,4211892,80.0
2024,4212007,80.0
2025,4212007,80.0
2026,4212007,80.0
2027,4212007,80.0
2028,4212007,80.0
2029,4212007,80.0
2030,4212007,80.0
2024,4212056,69.2297
2025,4212056,71.2341
2026,4212056,73.1586
2027,4212056,74.9995
2028,4212056,76.7543
2029,4212056,78.4214
2030,4212056,80.0
2024,4212106,61.8243
2025,4212106,65.3124
2026,4212106,68.6433
2027,4212106,71.7926
2028,4212106,74.7419
2029,4212106,77.4796
2030,4212106,80.0
2024,4212205,72.0318
2025,4212205,73.4859
2026,4212205,74.8907
2027,4212205,76.2452
2028,4212205,77.5484
2029,4212205,78.8001
2030,4212205,80.0
2024,4212239,80.0
2025,4212239,80.0
2026,4212239,80.0
2027,4212239,80.0
2028,4212239,80.0
2029,4212239,80.0
2030,4212239,80.0
2024,4212254,60.0
2025,4212254,64.0
2026,4212254,67.0
2027,4212254,71.0
2028,4212254,74.0
2029,4212254,77.0
2030,4212254,80.0
2024,4212270,54.306
2025,4212270,59.2652
2026,4212270,64.0425
2027,4212270,68.5568
2028,4212270,72.7456
2029,4212270,76.567
2030,4212270,80.0
2024,4212304,65.8459
2025,4212304,68.5266
2026,4212304,71.0892
2027,4212304,73.5238
2028,4212304,75.8231
2029,4212304,77.9826
2030,4212304,80.0
2024,4212403,80.0
2025,4212403,80.0
2026,4212403,80.0
2027,4212403,80.0
2028,4212403,80.0
2029,4212403,80.0
2030,4212403,80.0
2024,4212502,68.7414
2025,4212502,70.8428
2026,4212502,72.8588
2027,4212502,74.785
2028,4212502,76.6183
2029,4212502,78.3569
2030,4212502,80.0
2024,4212601,80.0
2025,4212601,80.0
2026,4212601,80.0
2027,4212601,80.0
2028,4212601,80.0
2029,4212601,80.0
2030,4212601,80.0
2024,4212650,46.5976
2025,4212650,52.9332
2026,4212650,59.1756
2027,4212650,65.1354
2028,4212650,70.6565
2029,4212650,75.6305
2030,4212650,80.0
2024,4212700,67.0
2025,4212700,69.0
2026,4212700,72.0
2027,4212700,74.0
2028,4212700,76.0
2029,4212700,78.0
2030,4212700,80.0
2024,4212809,64.5544
2025,4212809,67.4946
2026,4212809,70.3031
2027,4212809,72.9661
2028,4212809,75.4736
2029,4212809,77.8192
2030,4212809,80.0
2024,4212908,78.5066
2025,4212908,78.761
2026,4212908,79.0132
2027,4212908,79.2632
2028,4212908,79.511
2029,4212908,79.7566
2030,4212908,80.0
2024,4213005,62.7135
2025,4213005,66.0234
2026,4213005,69.1838
2027,4213005,72.1742
2028,4213005,74.9793
2029,4213005,77.5895
2030,4213005,80.0
2024,4213104,80.0
2025,4213104,80.0
2026,4213104,80.0
2027,4213104,80.0
2028,4213104,80.0
2029,4213104,80.0
2030,4213104,80.0
2024,4213153,79.6318
2025,4213153,79.6936
2026,4213153,79.7551
2027,4213153,79.8166
2028,4213153,79.8778
2029,4213153,79.939
2030,4213153,80.0
2024,4213203,65.9369
2025,4213203,68.5993
2026,4213203,71.1447
2027,4213203,73.5632
2028,4213203,75.8479
2029,4213203,77.9942
2030,4213203,80.0
2024,4213302,47.1372
2025,4213302,53.3828
2026,4213302,59.5241
2027,4213302,65.381
2028,4213302,70.8061
2029,4213302,75.697
2030,4213302,80.0
2024,4213351,66.6981
2025,4213351,69.2078
2026,4213351,71.6088
2027,4213351,73.8933
2028,4213351,76.0554
2029,4213351,78.0915
2030,4213351,80.0
2024,4213401,57.5281
2025,4213401,61.867
2026,4213401,66.0245
2027,4213401,69.9488
2028,4213401,73.6011
2029,4213401,76.9558
2030,4213401,80.0
2024,4213500,60.4002
2025,4213500,64.1724
2026,4213500,67.777
2027,4213500,71.1818
2028,4213500,74.3629
2029,4213500,77.3049
2030,4213500,80.0
2024,4213609,72.0152
2025,4213609,73.4725
2026,4213609,74.8804
2027,4213609,76.2377
2028,4213609,77.5437
2029,4213609,78.7978
2030,4213609,80.0
2024,4213708,68.6918
2025,4213708,70.8031
2026,4213708,72.8283
2027,4213708,74.7632
2028,4213708,76.6045
2029,4213708,78.3504
2030,4213708,80.0
2024,4213807,67.9554
2025,4213807,70.2135
2026,4213807,72.3772
2027,4213807,74.4408
2028,4213807,76.4006
2029,4213807,78.254
2030,4213807,80.0
2024,4213906,52.4262
2025,4213906,57.737
2026,4213906,62.8748
2027,4213906,67.737
2028,4213906,72.2435
2029,4213906,76.3404
2030,4213906,80.0
2024,4214003,65.1341
2025,4214003,67.9578
2026,4214003,70.6558
2027,4214003,73.2161
2028,4214003,75.6302
2029,4214003,77.8923
2030,4214003,80.0
2024,4214102,56.3486
2025,4214102,60.9168
2026,4214102,65.3013
2027,4214102,69.4408
2028,4214102,73.2884
2029,4214102,76.8133
2030,4214102,80.0
2024,4214151,80.0
2025,4214151,80.0
2026,4214151,80.0
2027,4214151,80.0
2028,4214151,80.0
2029,4214151,80.0
2030,4214151,80.0
2024,4214201,69.2131
2025,4214201,71.2209
2026,4214201,73.1484
2027,4214201,74.9922
2028,4214201,76.7497
2029,4214201,78.4192
2030,4214201,80.0
2024,4214300,73.8632
2025,4214300,74.9655
2026,4214300,76.0364
2027,4214300,77.0756
2028,4214300,78.0826
2029,4214300,79.0574
2030,4214300,80.0
2024,4214508,69.9418
2025,4214508,71.8052
2026,4214508,73.5968
2027,4214508,75.3136
2028,4214508,76.9538
2029,4214508,78.5161
2030,4214508,80.0
2024,4214607,80.0
2025,4214607,80.0
2026,4214607,80.0
2027,4214607,80.0
2028,4214607,80.0
2029,4214607,80.0
2030,4214607,80.0
2024,4214706,63.9247
2025,4214706,66.9914
2026,4214706,69.9201
2027,4214706,72.6948
2028,4214706,75.3041
2029,4214706,77.7403
2030,4214706,80.0
2024,4214805,61.5665
2025,4214805,65.1061
2026,4214805,68.4866
2027,4214805,71.682
2028,4214805,74.6732
2029,4214805,77.4479
2030,4214805,80.0
2024,4214904,78.6001
2025,4214904,78.8383
2026,4214904,79.0745
2027,4214904,79.3088
2028,4214904,79.5411
2029,4214904,79.7715
2030,4214904,80.0
2024,4215000,63.4189
2025,4215000,66.5872
2026,4215000,69.6126
2027,4215000,72.4773
2028,4215000,75.1683
2029,4215000,77.6771
2030,4215000,80.0
2024,4215059,68.063
2025,4215059,70.2996
2026,4215059,72.443
2027,4215059,74.4878
2028,4215059,76.4303
2029,4215059,78.2681
2030,4215059,80.0
2024,4215075,80.0
2025,4215075,80.0
2026,4215075,80.0
2027,4215075,80.0
2028,4215075,80.0
2029,4215075,80.0
2030,4215075,80.0
2024,4215109,60.8671
2025,4215109,64.5463
2026,4215109,68.0611
2027,4215109,71.382
2028,4215109,74.487
2029,4215109,77.362
2030,4215109,80.0
2024,4215208,56.6861
2025,4215208,61.1889
2026,4215208,65.5085
2027,4215208,69.5863
2028,4215208,73.3779
2029,4215208,76.854
2030,4215208,80.0
2024,4215307,78.2943
2025,4215307,78.5857
2026,4215307,78.8743
2027,4215307,79.16
2028,4215307,79.4429
2029,4215307,79.7229
2030,4215307,80.0
2024,4215356,80.0
2025,4215356,80.0
2026,4215356,80.0
2027,4215356,80.0
2028,4215356,80.0
2029,4215356,80.0
2030,4215356,80.0
2024,4215406,80.0
2025,4215406,80.0
2026,4215406,80.0
2027,4215406,80.0
2028,4215406,80.0
2029,4215406,80.0
2030,4215406,80.0
2024,4215455,70.9777
2025,4215455,72.6374
2026,4215455,74.2365
2027,4215455,75.7734
2028,4215455,77.2467
2029,4215455,78.6557
2030,4215455,80.0
2024,4215505,68.5925
2025,4215505,70.7235
2026,4215505,72.7674
2027,4215505,74.7196
2028,4215505,76.5769
2029,4215505,78.3373
2030,4215505,80.0
2024,4215554,78.5831
2025,4215554,78.8242
2026,4215554,79.0634
2027,4215554,79.3005
2028,4215554,79.5357
2029,4215554,79.7688
2030,4215554,80.0
2024,4215604,80.0
2025,4215604,80.0
2026,4215604,80.0
2027,4215604,80.0
2028,4215604,80.0
2029,4215604,80.0
2030,4215604,80.0
2024,4215653,59.5485
2025,4215653,63.4898
2026,4215653,67.2582
2027,4215653,70.8165
2028,4215653,74.1368
2029,4215653,77.2009
2030,4215653,80.0
2024,4215679,80.0
2025,4215679,80.0
2026,4215679,80.0
2027,4215679,80.0
2028,4215679,80.0
2029,4215679,80.0
2030,4215679,80.0
2024,4215687,58.4098
2025,4215687,62.5759
2026,4215687,66.5636
2027,4215687,70.3278
2028,4215687,73.8349
2029,4215687,77.0626
2030,4215687,80.0
2024,4215695,74.6567
2025,4215695,75.6092
2026,4215695,76.5371
2027,4215695,77.4403
2028,4215695,78.3185
2029,4215695,79.1718
2030,4215695,80.0
2024,4215703,61.8077
2025,4215703,65.2991
2026,4215703,68.6332
2027,4215703,71.7855
2028,4215703,74.7375
2029,4215703,77.4776
2030,4215703,80.0
2024,4215752,80.0
2025,4215752,80.0
2026,4215752,80.0
2027,4215752,80.0
2028,4215752,80.0
2029,4215752,80.0
2030,4215752,80.0
2024,4215802,74.172
2025,4215802,75.2158
2026,4215802,76.231
2027,4215802,77.2171
2028,4215802,78.1741
2029,4215802,79.1017
2030,4215802,80.0
2024,4216008,80.0
2025,4216008,80.0
2026,4216008,80.0
2027,4216008,80.0
2028,4216008,80.0
2029,4216008,80.0
2030,4216008,80.0
2024,4216057,60.9254
2025,4216057,64.593
2026,4216057,68.0966
2027,4216057,71.407
2028,4216057,74.5026
2029,4216057,77.3692
2030,4216057,80.0
2024,4216107,78.6767
2025,4216107,78.9016
2026,4216107,79.1247
2027,4216107,79.3462
2028,4216107,79.5659
2029,4216107,79.7838
2030,4216107,80.0
2024,4216206,50.2523
2025,4216206,55.958
2026,4216206,61.5106
2027,4216206,66.7787
2028,4216206,71.658
2029,4216206,76.0774
2030,4216206,80.0
2024,4216255,80.0
2025,4216255,80.0
2026,4216255,80.0
2027,4216255,80.0
2028,4216255,80.0
2029,4216255,80.0
2030,4216255,80.0
2024,4216305,75.7123
2025,4216305,76.4682
2026,4216305,77.2077
2027,4216305,77.9307
2028,4216305,78.6371
2029,4216305,79.3268
2030,4216305,80.0
2024,4216354,59.2223
2025,4216354,63.2282
2026,4216354,67.0594
2027,4216354,70.6766
2028,4216354,74.0503
2029,4216354,77.1613
2030,4216354,80.0
2024,4216404,77.0
2025,4216404,77.0
2026,4216404,78.0
2027,4216404,78.0
2028,4216404,79.0
2029,4216404,79.0
2030,4216404,80.0
2024,4216503,41.2567
2025,4216503,48.4151
2026,4216503,55.639
2027,4216503,62.6321
2028,4216503,69.1344
2029,4216503,74.9576
2030,4216503,80.0
2024,4216602,67.7817
2025,4216602,70.0745
2026,4216602,72.2709
2027,4216602,74.365
2028,4216602,76.3527
2029,4216602,78.2314
2030,4216602,80.0
2024,4216701,76.9237
2025,4216701,77.4586
2026,4216701,77.9846
2027,4216701,78.5018
2028,4216701,79.0101
2029,4216701,79.5095
2030,4216701,80.0
2024,4216800,76.9996
2025,4216800,77.5208
2026,4216800,78.0336
2027,4216800,78.5379
2028,4216800,79.0337
2029,4216800,79.5211
2030,4216800,80.0
2024,4216909,72.7635
2025,4216909,74.0761
2026,4216909,75.3469
2027,4216909,76.5751
2028,4216909,77.7602
2029,4216909,78.9019
2030,4216909,80.0
2024,4217006,68.0
2025,4217006,70.0
2026,4217006,73.0
2027,4217006,75.0
2028,4217006,76.0
2029,4217006,78.0
2030,4217006,80.0
2024,4217105,69.9335
2025,4217105,71.7986
2026,4217105,73.5917
2027,4217105,75.31
2028,4217105,76.9515
2029,4217105,78.515
2030,4217105,80.0
2024,4217154,80.0
2025,4217154,80.0
2026,4217154,80.0
2027,4217154,80.0
2028,4217154,80.0
2029,4217154,80.0
2030,4217154,80.0
2024,4217204,70.4637
2025,4217204,72.2243
2026,4217204,73.9188
2027,4217204,75.5449
2028,4217204,77.101
2029,4217204,78.5862
2030,4217204,80.0
2024,4217253,74.9077
2025,4217253,75.8131
2026,4217253,76.6961
2027,4217253,77.5563
2028,4217253,78.3937
2029,4217253,79.2083
2030,4217253,80.0
2024,4217303,80.0
2025,4217303,80.0
2026,4217303,80.0
2027,4217303,80.0
2028,4217303,80.0
2029,4217303,80.0
2030,4217303,80.0
2024,4217402,65.8376
2025,4217402,68.52
2026,4217402,71.0842
2027,4217402,73.5203
2028,4217402,75.8209
2029,4217402,77.9815
2030,4217402,80.0
2024,4217501,80.0
2025,4217501,80.0
2026,4217501,80.0
2027,4217501,80.0
2028,4217501,80.0
2029,4217501,80.0
2030,4217501,80.0
2024,4217550,80.0
2025,4217550,80.0
2026,4217550,80.0
2027,4217550,80.0
2028,4217550,80.0
2029,4217550,80.0
2030,4217550,80.0
2024,4217600,64.7035
2025,4217600,67.6137
2026,4217600,70.3938
2027,4217600,73.0304
2028,4217600,75.5138
2029,4217600,77.838
2030,4217600,80.0
2024,4217709,67.3929
2025,4217709,69.7634
2026,4217709,72.0331
2027,4217709,74.1955
2028,4217709,76.2457
2029,4217709,78.181
2030,4217709,80.0
2024,4217758,76.7635
2025,4217758,77.3273
2026,4217758,77.8814
2027,4217758,78.4257
2028,4217758,78.9603
2029,4217758,79.485
2030,4217758,80.0
2024,4217808,70.0
2025,4217808,72.0
2026,4217808,74.0
2027,4217808,75.0
2028,4217808,77.0
2029,4217808,79.0
2030,4217808,80.0
2024,4217907,80.0
2025,4217907,80.0
2026,4217907,80.0
2027,4217907,80.0
2028,4217907,80.0
2029,4217907,80.0
2030,4217907,80.0
2024,4217956,79.1962
2025,4217956,79.3318
2026,4217956,79.4668
2027,4217956,79.6011
2028,4217956,79.7347
2029,4217956,79.8677
2030,4217956,80.0
2024,4218004,50.0093
2025,4218004,55.7583
2026,4218004,61.357
2027,4218004,66.6708
2028,4218004,71.5921
2029,4218004,76.0479
2030,4218004,80.0
2024,4218103,72.6636
2025,4218103,73.9955
2026,4218103,75.2846
2027,4218103,76.53
2028,4218103,77.7312
2029,4218103,78.8879
2030,4218103,80.0
2024,4218202,71.4755
2025,4218202,73.0378
2026,4218202,74.545
2027,4218202,75.9957
2028,4218202,77.3887
2029,4218202,78.7236
2030,4218202,80.0
2024,4218251,61.45
2025,4218251,65.0129
2026,4218251,68.4157
2027,4218251,71.632
2028,4218251,74.6422
2029,4218251,77.4336
2030,4218251,80.0
2024,4218301,54.7651
2025,4218301,59.6372
2026,4218301,64.3263
2027,4218301,68.7561
2028,4218301,72.8678
2029,4218301,76.6224
2030,4218301,80.0
2024,4218350,70.4223
2025,4218350,72.191
2026,4218350,73.8932
2027,4218350,75.5265
2028,4218350,77.0893
2029,4218350,78.5806
2030,4218350,80.0
2024,4218400,73.1464
2025,4218400,74.3855
2026,4218400,75.5865
2027,4218400,76.7487
2028,4218400,77.8719
2029,4218400,78.9557
2030,4218400,80.0
2024,4218509,75.2008
2025,4218509,76.0515
2026,4218509,76.8821
2027,4218509,77.6923
2028,4218509,78.482
2029,4218509,79.2512
2030,4218509,80.0
2024,4218608,70.0412
2025,4218608,71.885
2026,4218608,73.658
2027,4218608,75.3576
2028,4218608,76.9818
2029,4218608,78.5294
2030,4218608,80.0
2024,4218707,71.86
2025,4218707,73.35
2026,4218707,74.78
2027,4218707,76.17
2028,4218707,77.5
2029,4218707,78.78
2030,4218707,80.0
2024,4218756,74.0
2025,4218756,75.0
2026,4218756,76.0
2027,4218756,77.0
2028,4218756,78.0
2029,4218756,79.0
2030,4218756,80.0
2024,4218806,62.6886
2025,4218806,66.0035
2026,4218806,69.1687
2027,4218806,72.1635
2028,4218806,74.9727
2029,4218806,77.5864
2030,4218806,80.0
2024,4218855,69.4449
2025,4218855,71.4067
2026,4218855,73.2909
2027,4218855,75.0943
2028,4218855,76.8145
2029,4218855,78.4499
2030,4218855,80.0
2024,4218905,63.0
2025,4218905,67.0
2026,4218905,70.0
2027,4218905,73.0
2028,4218905,75.0
2029,4218905,78.0
2030,4218905,80.0
2024,4218954,80.0
2025,4218954,80.0
2026,4218954,80.0
2027,4218954,80.0
2028,4218954,80.0
2029,4218954,80.0
2030,4218954,80.0
2024,4219002,70.6461
2025,4219002,72.3708
2026,4219002,74.0314
2027,4219002,75.6258
2028,4219002,77.1526
2029,4219002,78.6108
2030,4219002,80.0
2024,4219101,80.0
2025,4219101,80.0
2026,4219101,80.0
2027,4219101,80.0
2028,4219101,80.0
2029,4219101,80.0
2030,4219101,80.0
2024,4219150,80.0
2025,4219150,80.0
2026,4219150,80.0
2027,4219150,80.0
2028,4219150,80.0
2029,4219150,80.0
2030,4219150,80.0
2024,4219176,66.8222
2025,4219176,69.307
2026,4219176,71.6845
2027,4219176,73.9472
2028,4219176,76.0893
2029,4219176,78.1074
2030,4219176,80.0
2024,4219200,74.3224
2025,4219200,75.3378
2026,4219200,76.3258
2027,4219200,77.2862
2028,4219200,78.2188
2029,4219200,79.1234
2030,4219200,80.0
2024,4219309,61.0587
2025,4219309,64.6997
2026,4219309,68.1777
2027,4219309,71.4642
2028,4219309,74.538
2029,4219309,77.3855
2030,4219309,80.0
2024,4219358,50.261
2025,4219358,55.9652
2026,4219358,61.5161
2027,4219358,66.7826
2028,4219358,71.6604
2029,4219358,76.0784
2030,4219358,80.0
2024,4219408,79.9657
2025,4219408,79.9714
2026,4219408,79.9772
2027,4219408,79.9829
2028,4219408,79.9886
2029,4219408,79.9943
2030,4219408,80.0
2024,4219507,68.7911
2025,4219507,70.8826
2026,4219507,72.8892
2027,4219507,74.8067
2028,4219507,76.6321
2029,4219507,78.3634
2030,4219507,80.0
2024,4219606,72.9049
2025,4219606,74.1904
2026,4219606,75.4354
2027,4219606,76.6392
2028,4219606,77.8014
2029,4219606,78.9217
2030,4219606,80.0
2024,4219705,68.7828
2025,4219705,70.876
2026,4219705,72.8842
2027,4219705,74.8031
2028,4219705,76.6298
2029,4219705,78.3624
2030,4219705,80.0
2024,4219853,67.5005
2025,4219853,69.8495
2026,4219853,72.0989
2027,4219853,74.2423
2028,4219853,76.2753
2029,4219853,78.1949
2030,4219853,80.0
2024,4220000,55.2234
2025,4220000,60.008
2026,4220000,64.609
2027,4220000,68.9546
2028,4220000,72.9896
2029,4220000,76.6776
2030,4220000,80.0
2024,4300034,71.5502
2025,4300034,73.0979
2026,4300034,74.5914
2027,4300034,76.0291
2028,4300034,77.4101
2029,4300034,78.7338
2030,4300034,80.0
2024,4300059,67.1282
2025,4300059,69.5517
2026,4300059,71.8714
2027,4300059,74.0802
2028,4300059,76.1731
2029,4300059,78.1468
2030,4300059,80.0
2024,4300109,60.0831
2025,4300109,63.9184
2026,4300109,67.5839
2027,4300109,71.0458
2028,4300109,74.2787
2029,4300109,77.2661
2030,4300109,80.0
2024,4300208,80.0
2025,4300208,80.0
2026,4300208,80.0
2027,4300208,80.0
2028,4300208,80.0
2029,4300208,80.0
2030,4300208,80.0
2024,4300307,33.0
2025,4300307,41.0
2026,4300307,50.0
2027,4300307,59.0
2028,4300307,67.0
2029,4300307,74.0
2030,4300307,80.0
2024,4300406,58.2505
2025,4300406,62.4479
2026,4300406,66.4662
2027,4300406,70.2594
2028,4300406,73.7926
2029,4300406,77.0433
2030,4300406,80.0
2024,4300455,80.0
2025,4300455,80.0
2026,4300455,80.0
2027,4300455,80.0
2028,4300455,80.0
2029,4300455,80.0
2030,4300455,80.0
2024,4300505,75.7123
2025,4300505,76.4682
2026,4300505,77.2077
2027,4300505,77.9307
2028,4300505,78.6371
2029,4300505,79.3268
2030,4300505,80.0
2024,4300570,73.8382
2025,4300570,74.9453
2026,4300570,76.0207
2027,4300570,77.0641
2028,4300570,78.0752
2029,4300570,79.0538
2030,4300570,80.0
2024,4300604,51.9968
2025,4300604,57.3866
2026,4300604,62.6065
2027,4300604,67.5486
2028,4300604,72.1283
2029,4300604,76.2885
2030,4300604,80.0
2024,4300638,72.0568
2025,4300638,73.506
2026,4300638,74.9062
2027,4300638,76.2564
2028,4300638,77.5556
2029,4300638,78.8036
2030,4300638,80.0
2024,4300646,54.0676
2025,4300646,59.0719
2026,4300646,63.895
2027,4300646,68.4532
2028,4300646,72.6821
2029,4300646,76.5383
2030,4300646,80.0
2024,4300661,70.5549
2025,4300661,72.2975
2026,4300661,73.9751
2027,4300661,75.5853
2028,4300661,77.1268
2029,4300661,78.5985
2030,4300661,80.0
2024,4300802,68.2201
2025,4300802,70.4254
2026,4300802,72.5392
2027,4300802,74.5566
2028,4300802,76.4738
2029,4300802,78.2886
2030,4300802,80.0
2024,4300851,61.2669
2025,4300851,64.8663
2026,4300851,68.3043
2027,4300851,71.5535
2028,4300851,74.5934
2029,4300851,77.4111
2030,4300851,80.0
2024,4300877,76.3425
2025,4300877,76.9828
2026,4300877,77.6109
2027,4300877,78.2266
2028,4300877,78.8301
2029,4300877,79.4212
2030,4300877,80.0
2024,4300901,80.0
2025,4300901,80.0
2026,4300901,80.0
2027,4300901,80.0
2028,4300901,80.0
2029,4300901,80.0
2030,4300901,80.0
2024,4301008,80.0
2025,4301008,80.0
2026,4301008,80.0
2027,4301008,80.0
2028,4301008,80.0
2029,4301008,80.0
2030,4301008,80.0
2024,4301057,69.4863
2025,4301057,71.4399
2026,4301057,73.3164
2027,4301057,75.1126
2028,4301057,76.826
2029,4301057,78.4554
2030,4301057,80.0
2024,4301073,80.0
2025,4301073,80.0
2026,4301073,80.0
2027,4301073,80.0
2028,4301073,80.0
2029,4301073,80.0
2030,4301073,80.0
2024,4301107,46.7039
2025,4301107,53.0218
2026,4301107,59.2443
2027,4301107,65.1838
2028,4301107,70.6861
2029,4301107,75.6436
2030,4301107,80.0
2024,4301206,80.0
2025,4301206,80.0
2026,4301206,80.0
2027,4301206,80.0
2028,4301206,80.0
2029,4301206,80.0
2030,4301206,80.0
2024,4301305,63.3193
2025,4301305,66.5076
2026,4301305,69.5521
2027,4301305,72.4345
2028,4301305,75.1416
2029,4301305,77.6648
2030,4301305,80.0
2024,4301404,63.0
2025,4301404,66.0
2026,4301404,69.0
2027,4301404,72.0
2028,4301404,75.0
2029,4301404,78.0
2030,4301404,80.0
2024,4301503,80.0
2025,4301503,80.0
2026,4301503,80.0
2027,4301503,80.0
2028,4301503,80.0
2029,4301503,80.0
2030,4301503,80.0
2024,4301552,80.0
2025,4301552,80.0
2026,4301552,80.0
2027,4301552,80.0
2028,4301552,80.0
2029,4301552,80.0
2030,4301552,80.0
2024,4301602,64.9768
2025,4301602,67.8321
2026,4301602,70.56
2027,4301602,73.1482
2028,4301602,75.5876
2029,4301602,77.8724
2030,4301602,80.0
2024,4301636,61.97
2025,4301636,65.43
2026,4301636,68.73
2027,4301636,71.85
2028,4301636,74.78
2029,4301636,77.5
2030,4301636,80.0
2024,4301651,80.0
2025,4301651,80.0
2026,4301651,80.0
2027,4301651,80.0
2028,4301651,80.0
2029,4301651,80.0
2030,4301651,80.0
2024,4301701,80.0
2025,4301701,80.0
2026,4301701,80.0
2027,4301701,80.0
2028,4301701,80.0
2029,4301701,80.0
2030,4301701,80.0
2024,4301750,8.0
2025,4301750,14.0
2026,4301750,24.0
2027,4301750,37.0
2028,4301750,53.0
2029,4301750,68.0
2030,4301750,80.0
2024,4301800,74.3725
2025,4301800,75.3785
2026,4301800,76.3575
2027,4301800,77.3093
2028,4301800,78.2337
2029,4301800,79.1306
2030,4301800,80.0
2024,4301859,68.336
2025,4301859,70.5181
2026,4301859,72.6102
2027,4301859,74.6073
2028,4301859,76.5058
2029,4301859,78.3037
2030,4301859,80.0
2024,4301875,64.1484
2025,4301875,67.1702
2026,4301875,70.0562
2027,4301875,72.7912
2028,4301875,75.3642
2029,4301875,77.7683
2030,4301875,80.0
2024,4301909,70.4306
2025,4301909,72.1977
2026,4301909,73.8983
2027,4301909,75.5302
2028,4301909,77.0916
2029,4301909,78.5817
2030,4301909,80.0
2024,4301958,70.5549
2025,4301958,72.2975
2026,4301958,73.9751
2027,4301958,75.5853
2028,4301958,77.1268
2029,4301958,78.5985
2030,4301958,80.0
2024,4302006,55.8246
2025,4302006,60.4939
2026,4302006,64.9793
2027,4302006,69.2146
2028,4302006,73.1493
2029,4302006,76.7501
2030,4302006,80.0
2024,4302055,80.0
2025,4302055,80.0
2026,4302055,80.0
2027,4302055,80.0
2028,4302055,80.0
2029,4302055,80.0
2030,4302055,80.0
2024,4302105,77.7687
2025,4302105,78.1526
2026,4302105,78.5317
2027,4302105,78.9059
2028,4302105,79.2754
2029,4302105,79.6401
2030,4302105,80.0
2024,4302154,77.6163
2025,4302154,78.0272
2026,4302154,78.4327
2027,4302154,78.8327
2028,4302154,79.2273
2029,4302154,79.6164
2030,4302154,80.0
2024,4302204,80.0
2025,4302204,80.0
2026,4302204,80.0
2027,4302204,80.0
2028,4302204,80.0
2029,4302204,80.0
2030,4302204,80.0
2024,4302220,72.7718
2025,4302220,74.0828
2026,4302220,75.3521
2027,4302220,76.5789
2028,4302220,77.7626
2029,4302220,78.903
2030,4302220,80.0
2024,4302238,72.6719
2025,4302238,74.0022
2026,4302238,75.2897
2027,4302238,76.5337
2028,4302238,77.7336
2029,4302238,78.8891
2030,4302238,80.0
2024,4302253,74.3642
2025,4302253,75.3717
2026,4302253,76.3522
2027,4302253,77.3054
2028,4302253,78.2312
2029,4302253,79.1294
2030,4302253,80.0
2024,4302303,73.7464
2025,4302303,74.8709
2026,4302303,75.963
2027,4302303,77.0221
2028,4302303,78.0481
2029,4302303,79.0408
2030,4302303,80.0
2024,4302352,74.6818
2025,4302352,75.6296
2026,4302352,76.553
2027,4302352,77.4519
2028,4302352,78.326
2029,4302352,79.1754
2030,4302352,80.0
2024,4302378,60.1916
2025,4302378,64.0053
2026,4302378,67.65
2027,4302378,71.0924
2028,4302378,74.3075
2029,4302378,77.2794
2030,4302378,80.0
2024,4302402,78.4556
2025,4302402,78.7189
2026,4302402,78.9798
2027,4302402,79.2384
2028,4302402,79.4946
2029,4302402,79.7485
2030,4302402,80.0
2024,4302501,54.9349
2025,4302501,59.7746
2026,4302501,64.4311
2027,4302501,68.8297
2028,4302501,72.9129
2029,4302501,76.6428
2030,4302501,80.0
2024,4302584,80.0
2025,4302584,80.0
2026,4302584,80.0
2027,4302584,80.0
2028,4302584,80.0
2029,4302584,80.0
2030,4302584,80.0
2024,4302600,46.2695
2025,4302600,52.6591
2026,4302600,58.9629
2027,4302600,64.9854
2028,4302600,70.5653
2029,4302600,75.59
2030,4302600,80.0
2024,4302659,67.2937
2025,4302659,69.684
2026,4302659,71.9725
2027,4302659,74.1522
2028,4302659,76.2185
2029,4302659,78.1682
2030,4302659,80.0
2024,4302709,55.9937
2025,4302709,60.6305
2026,4302709,65.0833
2027,4302709,69.2876
2028,4302709,73.1942
2029,4302709,76.7705
2030,4302709,80.0
2024,4302808,58.9545
2025,4302808,63.0133
2026,4302808,66.896
2027,4302808,70.5617
2028,4302808,73.9793
2029,4302808,77.1287
2030,4302808,80.0
2024,4302907,55.5792
2025,4302907,60.2957
2026,4302907,64.8283
2027,4302907,69.1085
2028,4302907,73.0842
2029,4302907,76.7205
2030,4302907,80.0
2024,4303004,61.2086
2025,4303004,64.8197
2026,4303004,68.2689
2027,4303004,71.5285
2028,4303004,74.5779
2029,4303004,77.4039
2030,4303004,80.0
2024,4303103,61.683
2025,4303103,65.1993
2026,4303103,68.5574
2027,4303103,71.7319
2028,4303103,74.7042
2029,4303103,77.4622
2030,4303103,80.0
2024,4303202,80.0
2025,4303202,80.0
2026,4303202,80.0
2027,4303202,80.0
2028,4303202,80.0
2029,4303202,80.0
2030,4303202,80.0
2024,4303301,80.0
2025,4303301,80.0
2026,4303301,80.0
2027,4303301,80.0
2028,4303301,80.0
2029,4303301,80.0
2030,4303301,80.0
2024,4303400,78.7788
2025,4303400,78.986
2026,4303400,79.1918
2027,4303400,79.3961
2028,4303400,79.5989
2029,4303400,79.8002
2030,4303400,80.0
2024,4303509,62.1569
2025,4303509,65.5783
2026,4303509,68.8455
2027,4303509,71.9353
2028,4303509,74.8306
2029,4303509,77.5207
2030,4303509,80.0
2024,4303558,80.0
2025,4303558,80.0
2026,4303558,80.0
2027,4303558,80.0
2028,4303558,80.0
2029,4303558,80.0
2030,4303558,80.0
2024,4303608,63.311
2025,4303608,66.501
2026,4303608,69.547
2027,4303608,72.4309
2028,4303608,75.1393
2029,4303608,77.6637
2030,4303608,80.0
2024,4303673,80.0
2025,4303673,80.0
2026,4303673,80.0
2027,4303673,80.0
2028,4303673,80.0
2029,4303673,80.0
2030,4303673,80.0
2024,4303707,80.0
2025,4303707,80.0
2026,4303707,80.0
2027,4303707,80.0
2028,4303707,80.0
2029,4303707,80.0
2030,4303707,80.0
2024,4303806,80.0
2025,4303806,80.0
2026,4303806,80.0
2027,4303806,80.0
2028,4303806,80.0
2029,4303806,80.0
2030,4303806,80.0
2024,4303905,77.7348
2025,4303905,78.1247
2026,4303905,78.5097
2027,4303905,78.8897
2028,4303905,79.2647
2029,4303905,79.6348
2030,4303905,80.0
2024,4304002,65.7218
2025,4304002,68.4274
2026,4304002,71.0136
2027,4304002,73.4701
2028,4304002,75.7894
2029,4304002,77.9668
2030,4304002,80.0
2024,4304101,33.668
2025,4304101,41.7254
2026,4304101,50.2504
2027,4304101,58.7608
2028,4304101,66.7778
2029,4304101,73.9279
2030,4304101,80.0
2024,4304200,76.065
2025,4304200,76.7561
2026,4304200,77.4331
2027,4304200,78.096
2028,4304200,78.7448
2029,4304200,79.3795
2030,4304200,80.0
2024,4304309,76.1995
2025,4304309,76.8659
2026,4304309,77.5192
2027,4304309,78.1593
2028,4304309,78.7861
2029,4304309,79.3997
2030,4304309,80.0
2024,4304358,53.9739
2025,4304358,58.9958
2026,4304358,63.8369
2027,4304358,68.4125
2028,4304358,72.6571
2029,4304358,76.527
2030,4304358,80.0
2024,4304408,78.8724
2025,4304408,79.0635
2026,4304408,79.2534
2027,4304408,79.4419
2028,4304408,79.6292
2029,4304408,79.8152
2030,4304408,80.0
2024,4304507,79.7431
2025,4304507,79.7861
2026,4304507,79.829
2027,4304507,79.8718
2028,4304507,79.9146
2029,4304507,79.9573
2030,4304507,80.0
2024,4304606,57.6038
2025,4304606,61.9279
2026,4304606,66.0708
2027,4304606,69.9814
2028,4304606,73.6212
2029,4304606,76.965
2030,4304606,80.0
2024,4304614,80.0
2025,4304614,80.0
2026,4304614,80.0
2027,4304614,80.0
2028,4304614,80.0
2029,4304614,80.0
2030,4304614,80.0
2024,4304622,58.1833
2025,4304622,62.3939
2026,4304622,66.4252
2027,4304622,70.2305
2028,4304622,73.7748
2029,4304622,77.0351
2030,4304622,80.0
2024,4304630,34.0
2025,4304630,42.0
2026,4304630,51.0
2027,4304630,59.0
2028,4304630,67.0
2029,4304630,74.0
2030,4304630,80.0
2024,4304655,80.0
2025,4304655,80.0
2026,4304655,80.0
2027,4304655,80.0
2028,4304655,80.0
2029,4304655,80.0
2030,4304655,80.0
2024,4304663,53.8119
2025,4304663,58.8644
2026,4304663,63.7365
2027,4304663,68.342
2028,4304663,72.6139
2029,4304663,76.5075
2030,4304663,80.0
2024,4304671,47.3755
2025,4304671,53.581
2026,4304671,59.6775
2027,4304671,65.4891
2028,4304671,70.8719
2029,4304671,75.7263
2030,4304671,80.0
2024,4304689,69.6519
2025,4304689,71.5727
2026,4304689,73.4183
2027,4304689,75.1856
2028,4304689,76.8724
2029,4304689,78.4774
2030,4304689,80.0
2024,4304697,80.0
2025,4304697,80.0
2026,4304697,80.0
2027,4304697,80.0
2028,4304697,80.0
2029,4304697,80.0
2030,4304697,80.0
2024,4304705,66.52
2025,4304705,69.06
2026,4304705,71.5
2027,4304705,73.81
2028,4304705,76.01
2029,4304705,78.07
2030,4304705,80.0
2024,4304713,80.0
2025,4304713,80.0
2026,4304713,80.0
2027,4304713,80.0
2028,4304713,80.0
2029,4304713,80.0
2030,4304713,80.0
2024,4304804,69.4366
2025,4304804,71.4
2026,4304804,73.2858
2027,4304804,75.0907
2028,4304804,76.8121
2029,4304804,78.4488
2030,4304804,80.0
2024,4304853,58.7702
2025,4304853,62.8654
2026,4304853,66.7836
2027,4304853,70.4826
2028,4304853,73.9304
2029,4304853,77.1063
2030,4304853,80.0
2024,4304903,80.0
2025,4304903,80.0
2026,4304903,80.0
2027,4304903,80.0
2028,4304903,80.0
2029,4304903,80.0
2030,4304903,80.0
2024,4304952,80.0
2025,4304952,80.0
2026,4304952,80.0
2027,4304952,80.0
2028,4304952,80.0
2029,4304952,80.0
2030,4304952,80.0
2024,4305009,80.0
2025,4305009,80.0
2026,4305009,80.0
2027,4305009,80.0
2028,4305009,80.0
2029,4305009,80.0
2030,4305009,80.0
2024,4305108,70.8865
2025,4305108,72.564
2026,4305108,74.1801
2027,4305108,75.7328
2028,4305108,77.2208
2029,4305108,78.6433
2030,4305108,80.0
2024,4305116,75.0
2025,4305116,76.0
2026,4305116,77.0
2027,4305116,78.0
2028,4305116,78.0
2029,4305116,79.0
2030,4305116,80.0
2024,4305124,75.8214
2025,4305124,76.5572
2026,4305124,77.2774
2027,4305124,77.9818
2028,4305124,78.6703
2029,4305124,79.3431
2030,4305124,80.0
2024,4305132,73.1464
2025,4305132,74.3855
2026,4305132,75.5865
2027,4305132,76.7487
2028,4305132,77.8719
2029,4305132,78.9557
2030,4305132,80.0
2024,4305157,54.9349
2025,4305157,59.7746
2026,4305157,64.4311
2027,4305157,68.8297
2028,4305157,72.9129
2029,4305157,76.6428
2030,4305157,80.0
2024,4305173,61.2169
2025,4305173,64.8263
2026,4305173,68.274
2027,4305173,71.532
2028,4305173,74.5801
2029,4305173,77.4049
2030,4305173,80.0
2024,4305207,75.8214
2025,4305207,76.5572
2026,4305207,77.2774
2027,4305207,77.9818
2028,4305207,78.6703
2029,4305207,79.3431
2030,4305207,80.0
2024,4305306,76.023
2025,4305306,76.7218
2026,4305306,77.4062
2027,4305306,78.0763
2028,4305306,78.7319
2029,4305306,79.3732
2030,4305306,80.0
2024,4305355,66.4251
2025,4305355,68.9895
2026,4305355,71.4423
2027,4305355,73.7748
2028,4305355,75.9808
2029,4305355,78.0565
2030,4305355,80.0
2024,4305371,60.542
2025,4305371,64.286
2026,4305371,67.8633
2027,4305371,71.2426
2028,4305371,74.4006
2029,4305371,77.3222
2030,4305371,80.0
2024,4305405,78.7788
2025,4305405,78.986
2026,4305405,79.1918
2027,4305405,79.3961
2028,4305405,79.5989
2029,4305405,79.8002
2030,4305405,80.0
2024,4305439,54.9349
2025,4305439,59.7746
2026,4305439,64.4311
2027,4305439,68.8297
2028,4305439,72.9129
2029,4305439,76.6428
2030,4305439,80.0
2024,4305447,72.464
2025,4305447,73.8344
2026,4305447,75.16
2027,4305447,76.4398
2028,4305447,77.6733
2029,4305447,78.8601
2030,4305447,80.0
2024,4305454,48.7542
2025,4305454,54.7237
2026,4305454,60.5604
2027,4305454,66.1106
2028,4305454,71.2505
2029,4305454,75.8951
2030,4305454,80.0
2024,4305504,80.0
2025,4305504,80.0
2026,4305504,80.0
2027,4305504,80.0
2028,4305504,80.0
2029,4305504,80.0
2030,4305504,80.0
2024,4305587,80.0
2025,4305587,80.0
2026,4305587,80.0
2027,4305587,80.0
2028,4305587,80.0
2029,4305587,80.0
2030,4305587,80.0
2024,4305603,66.3258
2025,4305603,68.9101
2026,4305603,71.3817
2027,4305603,73.7317
2028,4305603,75.9537
2029,4305603,78.0438
2030,4305603,80.0
2024,4305702,80.0
2025,4305702,80.0
2026,4305702,80.0
2027,4305702,80.0
2028,4305702,80.0
2029,4305702,80.0
2030,4305702,80.0
2024,4305801,80.0
2025,4305801,80.0
2026,4305801,80.0
2027,4305801,80.0
2028,4305801,80.0
2029,4305801,80.0
2030,4305801,80.0
2024,4305850,80.0
2025,4305850,80.0
2026,4305850,80.0
2027,4305850,80.0
2028,4305850,80.0
2029,4305850,80.0
2030,4305850,80.0
2024,4305871,80.0
2025,4305871,80.0
2026,4305871,80.0
2027,4305871,80.0
2028,4305871,80.0
2029,4305871,80.0
2030,4305871,80.0
2024,4305900,79.3157
2025,4305900,79.431
2026,4305900,79.5457
2027,4305900,79.66
2028,4305900,79.7738
2029,4305900,79.8871
2030,4305900,80.0
2024,4305934,80.0
2025,4305934,80.0
2026,4305934,80.0
2027,4305934,80.0
2028,4305934,80.0
2029,4305934,80.0
2030,4305934,80.0
2024,4305959,74.9161
2025,4305959,75.8199
2026,4305959,76.7014
2027,4305959,77.5602
2028,4305959,78.3963
2029,4305959,79.2095
2030,4305959,80.0
2024,4305975,66.1355
2025,4305975,68.758
2026,4305975,71.2657
2027,4305975,73.6492
2028,4305975,75.9019
2029,4305975,78.0195
2030,4305975,80.0
2024,4306007,74.2305
2025,4306007,75.2632
2026,4306007,76.2678
2027,4306007,77.244
2028,4306007,78.1914
2029,4306007,79.1101
2030,4306007,80.0
2024,4306056,68.5263
2025,4306056,70.6705
2026,4306056,72.7268
2027,4306056,74.6906
2028,4306056,76.5586
2029,4306056,78.3287
2030,4306056,80.0
2024,4306106,61.1669
2025,4306106,64.7864
2026,4306106,68.2436
2027,4306106,71.5106
2028,4306106,74.5668
2029,4306106,77.3988
2030,4306106,80.0
2024,4306130,78.1076
2025,4306130,78.4318
2026,4306130,78.7524
2027,4306130,79.0695
2028,4306130,79.3832
2029,4306130,79.6933
2030,4306130,80.0
2024,4306205,70.1074
2025,4306205,71.9382
2026,4306205,73.6989
2027,4306205,75.3869
2028,4306205,77.0004
2029,4306205,78.5383
2030,4306205,80.0
2024,4306320,54.6887
2025,4306320,59.5753
2026,4306320,64.2791
2027,4306320,68.7229
2028,4306320,72.8474
2029,4306320,76.6132
2030,4306320,80.0
2024,4306379,69.3456
2025,4306379,71.327
2026,4306379,73.2298
2027,4306379,75.0505
2028,4306379,76.7867
2029,4306379,78.4367
2030,4306379,80.0
2024,4306403,78.6767
2025,4306403,78.9016
2026,4306403,79.1247
2027,4306403,79.3462
2028,4306403,79.5659
2029,4306403,79.7838
2030,4306403,80.0
2024,4306429,78.7788
2025,4306429,78.986
2026,4306429,79.1918
2027,4306429,79.3961
2028,4306429,79.5989
2029,4306429,79.8002
2030,4306429,80.0
2024,4306452,80.0
2025,4306452,80.0
2026,4306452,80.0
2027,4306452,80.0
2028,4306452,80.0
2029,4306452,80.0
2030,4306452,80.0
2024,4306502,63.0123
2025,4306502,66.2623
2026,4306502,69.3655
2027,4306502,72.3026
2028,4306502,75.0593
2029,4306502,77.6266
2030,4306502,80.0
2024,4306551,80.0
2025,4306551,80.0
2026,4306551,80.0
2027,4306551,80.0
2028,4306551,80.0
2029,4306551,80.0
2030,4306551,80.0
2024,4306601,61.1919
2025,4306601,64.8063
2026,4306601,68.2588
2027,4306601,71.5213
2028,4306601,74.5735
2029,4306601,77.4019
2030,4306601,80.0
2024,4306700,80.0
2025,4306700,80.0
2026,4306700,80.0
2027,4306700,80.0
2028,4306700,80.0
2029,4306700,80.0
2030,4306700,80.0
2024,4306734,77.3458
2025,4306734,77.8049
2026,4306734,78.2573
2027,4306734,78.703
2028,4306734,79.1421
2029,4306734,79.5744
2030,4306734,80.0
2024,4306759,80.0
2025,4306759,80.0
2026,4306759,80.0
2027,4306759,80.0
2028,4306759,80.0
2029,4306759,80.0
2030,4306759,80.0
2024,4306809,80.0
2025,4306809,80.0
2026,4306809,80.0
2027,4306809,80.0
2028,4306809,80.0
2029,4306809,80.0
2030,4306809,80.0
2024,4306908,66.52
2025,4306908,69.06
2026,4306908,71.5
2027,4306908,73.81
2028,4306908,76.01
2029,4306908,78.07
2030,4306908,80.0
2024,4306924,77.3796
2025,4306924,77.8327
2026,4306924,78.2792
2027,4306924,78.7192
2028,4306924,79.1527
2029,4306924,79.5796
2030,4306924,80.0
2024,4306932,51.0
2025,4306932,57.0
2026,4306932,62.0
2027,4306932,67.0
2028,4306932,72.0
2029,4306932,76.0
2030,4306932,80.0
2024,4306957,79.5549
2025,4306957,79.6296
2026,4306957,79.7041
2027,4306957,79.7784
2028,4306957,79.8524
2029,4306957,79.9263
2030,4306957,80.0
2024,4306973,74.3642
2025,4306973,75.3717
2026,4306973,76.3522
2027,4306973,77.3054
2028,4306973,78.2312
2029,4306973,79.1294
2030,4306973,80.0
2024,4307005,64.3142
2025,4307005,67.3026
2026,4307005,70.1569
2027,4307005,72.8626
2028,4307005,75.4089
2029,4307005,77.7891
2030,4307005,80.0
2024,4307054,64.9023
2025,4307054,67.7725
2026,4307054,70.5147
2027,4307054,73.1161
2028,4307054,75.5675
2029,4307054,77.863
2030,4307054,80.0
2024,4307104,57.3178
2025,4307104,61.6978
2026,4307104,65.8957
2027,4307104,69.8584
2028,4307104,73.5454
2029,4307104,76.9304
2030,4307104,80.0
2024,4307203,80.0
2025,4307203,80.0
2026,4307203,80.0
2027,4307203,80.0
2028,4307203,80.0
2029,4307203,80.0
2030,4307203,80.0
2024,4307302,69.4449
2025,4307302,71.4067
2026,4307302,73.2909
2027,4307302,75.0943
2028,4307302,76.8145
2029,4307302,78.4499
2030,4307302,80.0
2024,4307401,80.0
2025,4307401,80.0
2026,4307401,80.0
2027,4307401,80.0
2028,4307401,80.0
2029,4307401,80.0
2030,4307401,80.0
2024,4307450,80.0
2025,4307450,80.0
2026,4307450,80.0
2027,4307450,80.0
2028,4307450,80.0
2029,4307450,80.0
2030,4307450,80.0
2024,4307500,80.0
2025,4307500,80.0
2026,4307500,80.0
2027,4307500,80.0
2028,4307500,80.0
2029,4307500,80.0
2030,4307500,80.0
2024,4307559,74.4561
2025,4307559,75.4463
2026,4307559,76.4103
2027,4307559,77.3477
2028,4307559,78.2586
2029,4307559,79.1427
2030,4307559,80.0
2024,4307609,69.3125
2025,4307609,71.3005
2026,4307609,73.2095
2027,4307609,75.036
2028,4307609,76.7774
2029,4307609,78.4323
2030,4307609,80.0
2024,4307708,66.1107
2025,4307708,68.7382
2026,4307708,71.2506
2027,4307708,73.6385
2028,4307708,75.8952
2029,4307708,78.0163
2030,4307708,80.0
2024,4307807,69.6022
2025,4307807,71.5328
2026,4307807,73.3877
2027,4307807,75.1637
2028,4307807,76.8585
2029,4307807,78.4708
2030,4307807,80.0
2024,4307815,80.0
2025,4307815,80.0
2026,4307815,80.0
2027,4307815,80.0
2028,4307815,80.0
2029,4307815,80.0
2030,4307815,80.0
2024,4307831,50.0
2025,4307831,56.0
2026,4307831,61.0
2027,4307831,67.0
2028,4307831,72.0
2029,4307831,76.0
2030,4307831,80.0
2024,4307864,80.0
2025,4307864,80.0
2026,4307864,80.0
2027,4307864,80.0
2028,4307864,80.0
2029,4307864,80.0
2030,4307864,80.0
2024,4307906,80.0
2025,4307906,80.0
2026,4307906,80.0
2027,4307906,80.0
2028,4307906,80.0
2029,4307906,80.0
2030,4307906,80.0
2024,4308003,79.256
2025,4308003,79.3814
2026,4308003,79.5062
2027,4308003,79.6305
2028,4308003,79.7542
2029,4308003,79.8774
2030,4308003,80.0
2024,4308052,78.4471
2025,4308052,78.7119
2026,4308052,78.9743
2027,4308052,79.2343
2028,4308052,79.4919
2029,4308052,79.7471
2030,4308052,80.0
2024,4308078,80.0
2025,4308078,80.0
2026,4308078,80.0
2027,4308078,80.0
2028,4308078,80.0
2029,4308078,80.0
2030,4308078,80.0
2024,4308102,73.9049
2025,4308102,74.9993
2026,4308102,76.0627
2027,4308102,77.0947
2028,4308102,78.0949
2029,4308102,79.0634
2030,4308102,80.0
2024,4308201,79.1536
2025,4308201,79.2965
2026,4308201,79.4386
2027,4308201,79.5801
2028,4308201,79.7208
2029,4308201,79.8607
2030,4308201,80.0
2024,4308250,80.0
2025,4308250,80.0
2026,4308250,80.0
2027,4308250,80.0
2028,4308250,80.0
2029,4308250,80.0
2030,4308250,80.0
2024,4308300,65.0099
2025,4308300,67.8585
2026,4308300,70.5802
2027,4308300,73.1625
2028,4308300,75.5966
2029,4308300,77.8766
2030,4308300,80.0
2024,4308409,80.0
2025,4308409,80.0
2026,4308409,80.0
2027,4308409,80.0
2028,4308409,80.0
2029,4308409,80.0
2030,4308409,80.0
2024,4308433,63.9744
2025,4308433,67.0311
2026,4308433,69.9503
2027,4308433,72.7163
2028,4308433,75.3174
2029,4308433,77.7465
2030,4308433,80.0
2024,4308458,80.0
2025,4308458,80.0
2026,4308458,80.0
2027,4308458,80.0
2028,4308458,80.0
2029,4308458,80.0
2030,4308458,80.0
2024,4308508,65.9866
2025,4308508,68.639
2026,4308508,71.1749
2027,4308508,73.5847
2028,4308508,75.8614
2029,4308508,78.0005
2030,4308508,80.0
2024,4308607,75.0
2025,4308607,76.0
2026,4308607,77.0
2027,4308607,78.0
2028,4308607,79.0
2029,4308607,79.0
2030,4308607,80.0
2024,4308706,78.98
2025,4308706,79.16
2026,4308706,79.33
2027,4308706,79.5
2028,4308706,79.67
2029,4308706,79.83
2030,4308706,80.0
2024,4308854,80.0
2025,4308854,80.0
2026,4308854,80.0
2027,4308854,80.0
2028,4308854,80.0
2029,4308854,80.0
2030,4308854,80.0
2024,4308904,74.5397
2025,4308904,75.5141
2026,4308904,76.4631
2027,4308904,77.3863
2028,4308904,78.2835
2029,4308904,79.1548
2030,4308904,80.0
2024,4309001,76.85
2025,4309001,77.4
2026,4309001,77.94
2027,4309001,78.47
2028,4309001,78.99
2029,4309001,79.5
2030,4309001,80.0
2024,4309050,67.5253
2025,4309050,69.8693
2026,4309050,72.114
2027,4309050,74.2531
2028,4309050,76.2821
2029,4309050,78.1982
2030,4309050,80.0
2024,4309100,79.2133
2025,4309100,79.346
2026,4309100,79.478
2027,4309100,79.6095
2028,4309100,79.7403
2029,4309100,79.8705
2030,4309100,80.0
2024,4309126,38.0
2025,4309126,45.0
2026,4309126,53.0
2027,4309126,61.0
2028,4309126,68.0
2029,4309126,74.0
2030,4309126,80.0
2024,4309209,66.3258
2025,4309209,68.9101
2026,4309209,71.3817
2027,4309209,73.7317
2028,4309209,75.9537
2029,4309209,78.0438
2030,4309209,80.0
2024,4309258,67.0
2025,4309258,69.0
2026,4309258,72.0
2027,4309258,74.0
2028,4309258,76.0
2029,4309258,78.0
2030,4309258,80.0
2024,4309308,54.6972
2025,4309308,59.5821
2026,4309308,64.2843
2027,4309308,68.7266
2028,4309308,72.8497
2029,4309308,76.6142
2030,4309308,80.0
2024,4309407,49.0
2025,4309407,55.0
2026,4309407,61.0
2027,4309407,66.0
2028,4309407,71.0
2029,4309407,76.0
2030,4309407,80.0
2024,4309506,71.8989
2025,4309506,73.3788
2026,4309506,74.808
2027,4309506,76.1855
2028,4309506,77.5102
2029,4309506,78.7818
2030,4309506,80.0
2024,4309555,80.0
2025,4309555,80.0
2026,4309555,80.0
2027,4309555,80.0
2028,4309555,80.0
2029,4309555,80.0
2030,4309555,80.0
2024,4309571,63.311
2025,4309571,66.501
2026,4309571,69.547
2027,4309571,72.4309
2028,4309571,75.1393
2029,4309571,77.6637
2030,4309571,80.0
2024,4309605,72.6137
2025,4309605,73.9552
2026,4309605,75.2534
2027,4309605,76.5074
2028,4309605,77.7167
2029,4309605,78.8809
2030,4309605,80.0
2024,4309654,71.7494
2025,4309654,73.2584
2026,4309654,74.7151
2027,4309654,76.1184
2028,4309654,77.4672
2029,4309654,78.7612
2030,4309654,80.0
2024,4309704,80.0
2025,4309704,80.0
2026,4309704,80.0
2027,4309704,80.0
2028,4309704,80.0
2029,4309704,80.0
2030,4309704,80.0
2024,4309753,72.4391
2025,4309753,73.8143
2026,4309753,75.1444
2027,4309753,76.4286
2028,4309753,77.6661
2029,4309753,78.8566
2030,4309753,80.0
2024,4309803,71.8657
2025,4309803,73.352
2026,4309803,74.7874
2027,4309803,76.1705
2028,4309803,77.5006
2029,4309803,78.7772
2030,4309803,80.0
2024,4309902,78.6852
2025,4309902,78.9086
2026,4309902,79.1303
2027,4309902,79.3503
2028,4309902,79.5686
2029,4309902,79.7852
2030,4309902,80.0
2024,4309951,71.0
2025,4309951,72.0
2026,4309951,74.0
2027,4309951,76.0
2028,4309951,77.0
2029,4309951,79.0
2030,4309951,80.0
2024,4310009,63.2779
2025,4310009,66.4745
2026,4310009,69.5269
2027,4310009,72.4167
2028,4310009,75.1304
2029,4310009,77.6596
2030,4310009,80.0
2024,4310108,80.0
2025,4310108,80.0
2026,4310108,80.0
2027,4310108,80.0
2028,4310108,80.0
2029,4310108,80.0
2030,4310108,80.0
2024,4310207,76.9996
2025,4310207,77.5208
2026,4310207,78.0336
2027,4310207,78.5379
2028,4310207,79.0337
2029,4310207,79.5211
2030,4310207,80.0
2024,4310306,80.0
2025,4310306,80.0
2026,4310306,80.0
2027,4310306,80.0
2028,4310306,80.0
2029,4310306,80.0
2030,4310306,80.0
2024,4310330,68.3442
2025,4310330,70.5248
2026,4310330,72.6153
2027,4310330,74.6109
2028,4310330,76.5081
2029,4310330,78.3048
2030,4310330,80.0
2024,4310363,79.0
2025,4310363,79.0
2026,4310363,79.0
2027,4310363,79.0
2028,4310363,80.0
2029,4310363,80.0
2030,4310363,80.0
2024,4310405,68.7662
2025,4310405,70.8627
2026,4310405,72.874
2027,4310405,74.7958
2028,4310405,76.6252
2029,4310405,78.3602
2030,4310405,80.0
2024,4310413,65.5066
2025,4310413,68.2554
2026,4310413,70.8825
2027,4310413,73.3771
2028,4310413,75.731
2029,4310413,77.9395
2030,4310413,80.0
2024,4310439,80.0
2025,4310439,80.0
2026,4310439,80.0
2027,4310439,80.0
2028,4310439,80.0
2029,4310439,80.0
2030,4310439,80.0
2024,4310462,80.0
2025,4310462,80.0
2026,4310462,80.0
2027,4310462,80.0
2028,4310462,80.0
2029,4310462,80.0
2030,4310462,80.0
2024,4310504,69.2794
2025,4310504,71.2739
2026,4310504,73.1891
2027,4310504,75.0214
2028,4310504,76.7682
2029,4310504,78.4279
2030,4310504,80.0
2024,4310538,62.4311
2025,4310538,65.7976
2026,4310538,69.0122
2027,4310538,72.053
2028,4310538,74.9039
2029,4310538,77.5545
2030,4310538,80.0
2024,4310553,80.0
2025,4310553,80.0
2026,4310553,80.0
2027,4310553,80.0
2028,4310553,80.0
2029,4310553,80.0
2030,4310553,80.0
2024,4310579,80.0
2025,4310579,80.0
2026,4310579,80.0
2027,4310579,80.0
2028,4310579,80.0
2029,4310579,80.0
2030,4310579,80.0
2024,4310603,64.2893
2025,4310603,67.2828
2026,4310603,70.1418
2027,4310603,72.8518
2028,4310603,75.4022
2029,4310603,77.7859
2030,4310603,80.0
2024,4310652,52.6921
2025,4310652,57.9537
2026,4310652,63.0405
2027,4310652,67.8534
2028,4310652,72.3147
2029,4310652,76.3725
2030,4310652,80.0
2024,4310702,80.0
2025,4310702,80.0
2026,4310702,80.0
2027,4310702,80.0
2028,4310702,80.0
2029,4310702,80.0
2030,4310702,80.0
2024,4310751,60.0
2025,4310751,64.0
2026,4310751,68.0
2027,4310751,71.0
2028,4310751,74.0
2029,4310751,77.0
2030,4310751,80.0
2024,4310801,77.7856
2025,4310801,78.1665
2026,4310801,78.5427
2027,4310801,78.9141
2028,4310801,79.2808
2029,4310801,79.6428
2030,4310801,80.0
2024,4310850,80.0
2025,4310850,80.0
2026,4310850,80.0
2027,4310850,80.0
2028,4310850,80.0
2029,4310850,80.0
2030,4310850,80.0
2024,4310876,56.1121
2025,4310876,60.726
2026,4310876,65.1561
2027,4310876,69.3387
2028,4310876,73.2256
2029,4310876,76.7848
2030,4310876,80.0
2024,4310900,80.0
2025,4310900,80.0
2026,4310900,80.0
2027,4310900,80.0
2028,4310900,80.0
2029,4310900,80.0
2030,4310900,80.0
2024,4311007,53.4108
2025,4311007,58.5385
2026,4311007,63.4876
2027,4311007,68.1673
2028,4311007,72.5069
2029,4311007,76.4591
2030,4311007,80.0
2024,4311106,67.3681
2025,4311106,69.7436
2026,4311106,72.018
2027,4311106,74.1847
2028,4311106,76.2389
2029,4311106,78.1778
2030,4311106,80.0
2024,4311122,70.3477
2025,4311122,72.1311
2026,4311122,73.8471
2027,4311122,75.4934
2028,4311122,77.0682
2029,4311122,78.5705
2030,4311122,80.0
2024,4311130,36.0
2025,4311130,44.0
2026,4311130,52.0
2027,4311130,60.0
2028,4311130,68.0
2029,4311130,74.0
2030,4311130,80.0
2024,4311155,64.0324
2025,4311155,67.0775
2026,4311155,69.9856
2027,4311155,72.7412
2028,4311155,75.333
2029,4311155,77.7538
2030,4311155,80.0
2024,4311205,42.0
2025,4311205,49.0
2026,4311205,56.0
2027,4311205,63.0
2028,4311205,69.0
2029,4311205,75.0
2030,4311205,80.0
2024,4311239,72.2811
2025,4311239,73.6869
2026,4311239,75.0459
2027,4311239,76.3573
2028,4311239,77.6204
2029,4311239,78.8346
2030,4311239,80.0
2024,4311254,80.0
2025,4311254,80.0
2026,4311254,80.0
2027,4311254,80.0
2028,4311254,80.0
2029,4311254,80.0
2030,4311254,80.0
2024,4311270,64.8857
2025,4311270,67.7593
2026,4311270,70.5046
2027,4311270,73.1089
2028,4311270,75.563
2029,4311270,77.861
2030,4311270,80.0
2024,4311304,64.1567
2025,4311304,67.1768
2026,4311304,70.0612
2027,4311304,72.7947
2028,4311304,75.3665
2029,4311304,77.7693
2030,4311304,80.0
2024,4311403,75.4858
2025,4311403,76.2836
2026,4311403,77.0633
2027,4311403,77.8249
2028,4311403,78.5682
2029,4311403,79.2933
2030,4311403,80.0
2024,4311502,61.5582
2025,4311502,65.0994
2026,4311502,68.4815
2027,4311502,71.6784
2028,4311502,74.671
2029,4311502,77.4469
2030,4311502,80.0
2024,4311601,74.3307
2025,4311601,75.3446
2026,4311601,76.3311
2027,4311601,77.2901
2028,4311601,78.2212
2029,4311601,79.1246
2030,4311601,80.0
2024,4311627,69.56
2025,4311627,71.5
2026,4311627,73.36
2027,4311627,75.15
2028,4311627,76.85
2029,4311627,78.47
2030,4311627,80.0
2024,4311643,80.0
2025,4311643,80.0
2026,4311643,80.0
2027,4311643,80.0
2028,4311643,80.0
2029,4311643,80.0
2030,4311643,80.0
2024,4311700,69.7347
2025,4311700,71.6391
2026,4311700,73.4693
2027,4311700,75.2222
2028,4311700,76.8957
2029,4311700,78.4884
2030,4311700,80.0
2024,4311718,69.0807
2025,4311718,71.1147
2026,4311718,73.0671
2027,4311718,74.934
2028,4311718,76.7127
2029,4311718,78.4016
2030,4311718,80.0
2024,4311734,68.4684
2025,4311734,70.6241
2026,4311734,72.6913
2027,4311734,74.6652
2028,4311734,76.5425
2029,4311734,78.3211
2030,4311734,80.0
2024,4311759,35.7229
2025,4311759,43.5742
2026,4311759,51.7616
2027,4311759,59.8554
2028,4311759,67.4453
2029,4311759,74.2183
2030,4311759,80.0
2024,4311775,65.3824
2025,4311775,68.1562
2026,4311775,70.807
2027,4311775,73.3234
2028,4311775,75.6974
2029,4311775,77.9237
2030,4311775,80.0
2024,4311791,70.0
2025,4311791,72.0
2026,4311791,74.0
2027,4311791,75.0
2028,4311791,77.0
2029,4311791,79.0
2030,4311791,80.0
2024,4311809,68.7828
2025,4311809,70.876
2026,4311809,72.8842
2027,4311809,74.8031
2028,4311809,76.6298
2029,4311809,78.3624
2030,4311809,80.0
2024,4311908,74.2806
2025,4311908,75.3039
2026,4311908,76.2995
2027,4311908,77.267
2028,4311908,78.2063
2029,4311908,79.1173
2030,4311908,80.0
2024,4311981,64.8526
2025,4311981,67.7328
2026,4311981,70.4844
2027,4311981,73.0946
2028,4311981,75.5541
2029,4311981,77.8568
2030,4311981,80.0
2024,4312005,80.0
2025,4312005,80.0
2026,4312005,80.0
2027,4312005,80.0
2028,4312005,80.0
2029,4312005,80.0
2030,4312005,80.0
2024,4312054,76.494
2025,4312054,77.1067
2026,4312054,77.7081
2027,4312054,78.2981
2028,4312054,78.8768
2029,4312054,79.4441
2030,4312054,80.0
2024,4312104,67.9141
2025,4312104,70.1804
2026,4312104,72.3518
2027,4312104,74.4228
2028,4312104,76.3892
2029,4312104,78.2487
2030,4312104,80.0
2024,4312138,77.0081
2025,4312138,77.5277
2026,4312138,78.039
2027,4312138,78.5419
2028,4312138,79.0364
2029,4312138,79.5224
2030,4312138,80.0
2024,4312153,80.0
2025,4312153,80.0
2026,4312153,80.0
2027,4312153,80.0
2028,4312153,80.0
2029,4312153,80.0
2030,4312153,80.0
2024,4312179,80.0
2025,4312179,80.0
2026,4312179,80.0
2027,4312179,80.0
2028,4312179,80.0
2029,4312179,80.0
2030,4312179,80.0
2024,4312203,80.0
2025,4312203,80.0
2026,4312203,80.0
2027,4312203,80.0
2028,4312203,80.0
2029,4312203,80.0
2030,4312203,80.0
2024,4312252,74.3057
2025,4312252,75.3242
2026,4312252,76.3153
2027,4312252,77.2785
2028,4312252,78.2138
2029,4312252,79.121
2030,4312252,80.0
2024,4312302,79.128
2025,4312302,79.2753
2026,4312302,79.4218
2027,4312302,79.5675
2028,4312302,79.7124
2029,4312302,79.8566
2030,4312302,80.0
2024,4312351,80.0
2025,4312351,80.0
2026,4312351,80.0
2027,4312351,80.0
2028,4312351,80.0
2029,4312351,80.0
2030,4312351,80.0
2024,4312377,66.0114
2025,4312377,68.6588
2026,4312377,71.1901
2027,4312377,73.5955
2028,4312377,75.8681
2029,4312377,78.0036
2030,4312377,80.0
2024,4312385,80.0
2025,4312385,80.0
2026,4312385,80.0
2027,4312385,80.0
2028,4312385,80.0
2029,4312385,80.0
2030,4312385,80.0
2024,4312401,68.2201
2025,4312401,70.4254
2026,4312401,72.5392
2027,4312401,74.5566
2028,4312401,76.4738
2029,4312401,78.2886
2030,4312401,80.0
2024,4312427,80.0
2025,4312427,80.0
2026,4312427,80.0
2027,4312427,80.0
2028,4312427,80.0
2029,4312427,80.0
2030,4312427,80.0
2024,4312443,80.0
2025,4312443,80.0
2026,4312443,80.0
2027,4312443,80.0
2028,4312443,80.0
2029,4312443,80.0
2030,4312443,80.0
2024,4312450,74.0552
2025,4312450,75.1211
2026,4312450,76.1573
2027,4312450,77.1635
2028,4312450,78.1394
2029,4312450,79.0849
2030,4312450,80.0
2024,4312476,56.2388
2025,4312476,60.8282
2026,4312476,65.2339
2027,4312476,69.3934
2028,4312476,73.2592
2029,4312476,76.8
2030,4312476,80.0
2024,4312500,56.1036
2025,4312500,60.7192
2026,4312500,65.1509
2027,4312500,69.3351
2028,4312500,73.2234
2029,4312500,76.7837
2030,4312500,80.0
2024,4312609,55.6808
2025,4312609,60.3777
2026,4312609,64.8908
2027,4312609,69.1524
2028,4312609,73.1111
2029,4312609,76.7327
2030,4312609,80.0
2024,4312617,70.5549
2025,4312617,72.2975
2026,4312617,73.9751
2027,4312617,75.5853
2028,4312617,77.1268
2029,4312617,78.5985
2030,4312617,80.0
2024,4312658,68.3773
2025,4312658,70.5513
2026,4312658,72.6356
2027,4312658,74.6254
2028,4312658,76.5173
2029,4312658,78.3091
2030,4312658,80.0
2024,4312674,74.1887
2025,4312674,75.2294
2026,4312674,76.2415
2027,4312674,77.2248
2028,4312674,78.179
2029,4312674,79.1041
2030,4312674,80.0
2024,4312708,48.1409
2025,4312708,54.2162
2026,4312708,60.1687
2027,4312708,65.8349
2028,4312708,71.0825
2029,4312708,75.8202
2030,4312708,80.0
2024,4312757,80.0
2025,4312757,80.0
2026,4312757,80.0
2027,4312757,80.0
2028,4312757,80.0
2029,4312757,80.0
2030,4312757,80.0
2024,4312807,80.0
2025,4312807,80.0
2026,4312807,80.0
2027,4312807,80.0
2028,4312807,80.0
2029,4312807,80.0
2030,4312807,80.0
2024,4312906,78.2179
2025,4312906,78.5227
2026,4312906,78.8244
2027,4312906,79.1229
2028,4312906,79.4184
2029,4312906,79.7108
2030,4312906,80.0
2024,4312955,80.0
2025,4312955,80.0
2026,4312955,80.0
2027,4312955,80.0
2028,4312955,80.0
2029,4312955,80.0
2030,4312955,80.0
2024,4313003,77.7094
2025,4313003,78.1038
2026,4313003,78.4932
2027,4313003,78.8774
2028,4313003,79.2567
2029,4313003,79.6309
2030,4313003,80.0
2024,4313011,80.0
2025,4313011,80.0
2026,4313011,80.0
2027,4313011,80.0
2028,4313011,80.0
2029,4313011,80.0
2030,4313011,80.0
2024,4313037,80.0
2025,4313037,80.0
2026,4313037,80.0
2027,4313037,80.0
2028,4313037,80.0
2029,4313037,80.0
2030,4313037,80.0
2024,4313060,73.3213
2025,4313060,74.5269
2026,4313060,75.6961
2027,4313060,76.8283
2028,4313060,77.9231
2029,4313060,78.9804
2030,4313060,80.0
2024,4313086,80.0
2025,4313086,80.0
2026,4313086,80.0
2027,4313086,80.0
2028,4313086,80.0
2029,4313086,80.0
2030,4313086,80.0
2024,4313102,80.0
2025,4313102,80.0
2026,4313102,80.0
2027,4313102,80.0
2028,4313102,80.0
2029,4313102,80.0
2030,4313102,80.0
2024,4313201,80.0
2025,4313201,80.0
2026,4313201,80.0
2027,4313201,80.0
2028,4313201,80.0
2029,4313201,80.0
2030,4313201,80.0
2024,4313300,78.9576
2025,4313300,79.134
2026,4313300,79.3094
2027,4313300,79.4837
2028,4313300,79.6569
2029,4313300,79.829
2030,4313300,80.0
2024,4313334,80.0
2025,4313334,80.0
2026,4313334,80.0
2027,4313334,80.0
2028,4313334,80.0
2029,4313334,80.0
2030,4313334,80.0
2024,4313359,80.0
2025,4313359,80.0
2026,4313359,80.0
2027,4313359,80.0
2028,4313359,80.0
2029,4313359,80.0
2030,4313359,80.0
2024,4313375,61.0503
2025,4313375,64.693
2026,4313375,68.1726
2027,4313375,71.4606
2028,4313375,74.5358
2029,4313375,77.3845
2030,4313375,80.0
2024,4313391,80.0
2025,4313391,80.0
2026,4313391,80.0
2027,4313391,80.0
2028,4313391,80.0
2029,4313391,80.0
2030,4313391,80.0
2024,4313409,65.2748
2025,4313409,68.0702
2026,4313409,70.7414
2027,4313409,73.2769
2028,4313409,75.6683
2029,4313409,77.9101
2030,4313409,80.0
2024,4313441,72.7801
2025,4313441,74.0895
2026,4313441,75.3573
2027,4313441,76.5827
2028,4313441,77.7651
2029,4313441,78.9042
2030,4313441,80.0
2024,4313466,80.0
2025,4313466,80.0
2026,4313466,80.0
2027,4313466,80.0
2028,4313466,80.0
2029,4313466,80.0
2030,4313466,80.0
2024,4313490,65.0265
2025,4313490,67.8718
2026,4313490,70.5903
2027,4313490,73.1697
2028,4313490,75.6011
2029,4313490,77.8787
2030,4313490,80.0
2024,4313508,69.7596
2025,4313508,71.659
2026,4313508,73.4846
2027,4313508,75.2331
2028,4313508,76.9026
2029,4313508,78.4918
2030,4313508,80.0
2024,4313607,79.111
2025,4313607,79.2611
2026,4313607,79.4105
2027,4313607,79.5591
2028,4313607,79.7068
2029,4313607,79.8538
2030,4313607,80.0
2024,4313656,57.8811
2025,4313656,62.151
2026,4313656,66.2404
2027,4313656,70.1006
2028,4313656,73.6947
2029,4313656,76.9985
2030,4313656,80.0
2024,4313706,53.8461
2025,4313706,58.8921
2026,4313706,63.7577
2027,4313706,68.3569
2028,4313706,72.623
2029,4313706,76.5116
2030,4313706,80.0
2024,4313805,80.0
2025,4313805,80.0
2026,4313805,80.0
2027,4313805,80.0
2028,4313805,80.0
2029,4313805,80.0
2030,4313805,80.0
2024,4313904,75.9978
2025,4313904,76.7012
2026,4313904,77.3901
2027,4313904,78.0644
2028,4313904,78.7242
2029,4313904,79.3694
2030,4313904,80.0
2024,4313953,73.688
2025,4313953,74.8237
2026,4313953,75.9263
2027,4313953,76.9955
2028,4313953,78.0309
2029,4313953,79.0324
2030,4313953,80.0
2024,4314001,80.0
2025,4314001,80.0
2026,4314001,80.0
2027,4314001,80.0
2028,4314001,80.0
2029,4314001,80.0
2030,4314001,80.0
2024,4314027,80.0
2025,4314027,80.0
2026,4314027,80.0
2027,4314027,80.0
2028,4314027,80.0
2029,4314027,80.0
2030,4314027,80.0
2024,4314035,74.0969
2025,4314035,75.1549
2026,4314035,76.1836
2027,4314035,77.1826
2028,4314035,78.1518
2029,4314035,79.0909
2030,4314035,80.0
2024,4314050,61.5082
2025,4314050,65.0595
2026,4314050,68.4511
2027,4314050,71.657
2028,4314050,74.6577
2029,4314050,77.4407
2030,4314050,80.0
2024,4314068,80.0
2025,4314068,80.0
2026,4314068,80.0
2027,4314068,80.0
2028,4314068,80.0
2029,4314068,80.0
2030,4314068,80.0
2024,4314076,80.0
2025,4314076,80.0
2026,4314076,80.0
2027,4314076,80.0
2028,4314076,80.0
2029,4314076,80.0
2030,4314076,80.0
2024,4314100,62.0987
2025,4314100,65.5318
2026,4314100,68.8101
2027,4314100,71.9103
2028,4314100,74.8151
2029,4314100,77.5135
2030,4314100,80.0
2024,4314134,65.3824
2025,4314134,68.1562
2026,4314134,70.807
2027,4314134,73.3234
2028,4314134,75.6974
2029,4314134,77.9237
2030,4314134,80.0
2024,4314159,66.2762
2025,4314159,68.8705
2026,4314159,71.3515
2027,4314159,73.7102
2028,4314159,75.9402
2029,4314159,78.0374
2030,4314159,80.0
2024,4314175,67.211
2025,4314175,69.6179
2026,4314175,71.9219
2027,4314175,74.1162
2028,4314175,76.1958
2029,4314175,78.1575
2030,4314175,80.0
2024,4314209,69.6933
2025,4314209,71.6059
2026,4314209,73.4438
2027,4314209,75.2039
2028,4314209,76.884
2029,4314209,78.4829
2030,4314209,80.0
2024,4314308,64.5213
2025,4314308,67.4681
2026,4314308,70.2829
2027,4314308,72.9518
2028,4314308,75.4647
2029,4314308,77.8151
2030,4314308,80.0
2024,4314407,39.0
2025,4314407,47.0
2026,4314407,54.0
2027,4314407,62.0
2028,4314407,69.0
2029,4314407,75.0
2030,4314407,80.0
2024,4314423,80.0
2025,4314423,80.0
2026,4314423,80.0
2027,4314423,80.0
2028,4314423,80.0
2029,4314423,80.0
2030,4314423,80.0
2024,4314456,60.3585
2025,4314456,64.139
2026,4314456,67.7516
2027,4314456,71.1639
2028,4314456,74.3519
2029,4314456,77.2998
2030,4314456,80.0
2024,4314464,75.0416
2025,4314464,75.9221
2026,4314464,76.781
2027,4314464,77.6184
2028,4314464,78.434
2029,4314464,79.2279
2030,4314464,80.0
2024,4314472,66.3258
2025,4314472,68.9101
2026,4314472,71.3817
2027,4314472,73.7317
2028,4314472,75.9537
2029,4314472,78.0438
2030,4314472,80.0
2024,4314498,80.0
2025,4314498,80.0
2026,4314498,80.0
2027,4314498,80.0
2028,4314498,80.0
2029,4314498,80.0
2030,4314498,80.0
2024,4314506,69.1883
2025,4314506,71.2009
2026,4314506,73.1332
2027,4314506,74.9813
2028,4314506,76.7428
2029,4314506,78.4159
2030,4314506,80.0
2024,4314548,80.0
2025,4314548,80.0
2026,4314548,80.0
2027,4314548,80.0
2028,4314548,80.0
2029,4314548,80.0
2030,4314548,80.0
2024,4314605,63.3442
2025,4314605,66.5275
2026,4314605,69.5672
2027,4314605,72.4452
2028,4314605,75.1482
2029,4314605,77.6678
2030,4314605,80.0
2024,4314704,73.6463
2025,4314704,74.7899
2026,4314704,75.9001
2027,4314704,76.9764
2028,4314704,78.0186
2029,4314704,79.0265
2030,4314704,80.0
2024,4314753,80.0
2025,4314753,80.0
2026,4314753,80.0
2027,4314753,80.0
2028,4314753,80.0
2029,4314753,80.0
2030,4314753,80.0
2024,4314779,77.8957
2025,4314779,78.2572
2026,4314779,78.6143
2027,4314779,78.9672
2028,4314779,79.3157
2029,4314779,79.66
2030,4314779,80.0
2024,4314787,63.311
2025,4314787,66.501
2026,4314787,69.547
2027,4314787,72.4309
2028,4314787,75.1393
2029,4314787,77.6637
2030,4314787,80.0
2024,4314803,60.0163
2025,4314803,63.8648
2026,4314803,67.5433
2027,4314803,71.0172
2028,4314803,74.261
2029,4314803,77.258
2030,4314803,80.0
2024,4314902,46.305
2025,4314902,52.6888
2026,4314902,58.9859
2027,4314902,65.0016
2028,4314902,70.5752
2029,4314902,75.5943
2030,4314902,80.0
2024,4315008,78.7788
2025,4315008,78.986
2026,4315008,79.1918
2027,4315008,79.3961
2028,4315008,79.5989
2029,4315008,79.8002
2030,4315008,80.0
2024,4315057,47.2167
2025,4315057,53.4489
2026,4315057,59.5753
2027,4315057,65.4171
2028,4315057,70.828
2029,4315057,75.7068
2030,4315057,80.0
2024,4315073,65.9287
2025,4315073,68.5927
2026,4315073,71.1396
2027,4315073,73.5597
2028,4315073,75.8456
2029,4315073,77.9931
2030,4315073,80.0
2024,4315107,73.0548
2025,4315107,74.3114
2026,4315107,75.5291
2027,4315107,76.7072
2028,4315107,77.8451
2029,4315107,78.9428
2030,4315107,80.0
2024,4315131,80.0
2025,4315131,80.0
2026,4315131,80.0
2027,4315131,80.0
2028,4315131,80.0
2029,4315131,80.0
2030,4315131,80.0
2024,4315149,80.0
2025,4315149,80.0
2026,4315149,80.0
2027,4315149,80.0
2028,4315149,80.0
2029,4315149,80.0
2030,4315149,80.0
2024,4315156,78.6511
2025,4315156,78.8805
2026,4315156,79.108
2027,4315156,79.3337
2028,4315156,79.5576
2029,4315156,79.7797
2030,4315156,80.0
2024,4315172,79.9829
2025,4315172,79.9857
2026,4315172,79.9886
2027,4315172,79.9914
2028,4315172,79.9943
2029,4315172,79.9971
2030,4315172,80.0
2024,4315206,80.0
2025,4315206,80.0
2026,4315206,80.0
2027,4315206,80.0
2028,4315206,80.0
2029,4315206,80.0
2030,4315206,80.0
2024,4315305,58.9545
2025,4315305,63.0133
2026,4315305,66.896
2027,4315305,70.5617
2028,4315305,73.9793
2029,4315305,77.1287
2030,4315305,80.0
2024,4315313,57.4188
2025,4315313,61.7791
2026,4315313,65.9576
2027,4315313,69.9018
2028,4315313,73.5722
2029,4315313,76.9426
2030,4315313,80.0
2024,4315354,70.6709
2025,4315354,72.3908
2026,4315354,74.0468
2027,4315354,75.6369
2028,4315354,77.1596
2029,4315354,78.6141
2030,4315354,80.0
2024,4315404,80.0
2025,4315404,80.0
2026,4315404,80.0
2027,4315404,80.0
2028,4315404,80.0
2029,4315404,80.0
2030,4315404,80.0
2024,4315453,80.0
2025,4315453,80.0
2026,4315453,80.0
2027,4315453,80.0
2028,4315453,80.0
2029,4315453,80.0
2030,4315453,80.0
2024,4315503,51.0746
2025,4315503,56.6326
2026,4315503,62.0285
2027,4315503,67.1426
2028,4315503,71.8802
2029,4315503,76.177
2030,4315503,80.0
2024,4315552,80.0
2025,4315552,80.0
2026,4315552,80.0
2027,4315552,80.0
2028,4315552,80.0
2029,4315552,80.0
2030,4315552,80.0
2024,4315602,58.4518
2025,4315602,62.6096
2026,4315602,66.5892
2027,4315602,70.3458
2028,4315602,73.846
2029,4315602,77.0677
2030,4315602,80.0
2024,4315701,74.3892
2025,4315701,75.392
2026,4315701,76.368
2027,4315701,77.317
2028,4315701,78.2387
2029,4315701,79.133
2030,4315701,80.0
2024,4315750,76.6119
2025,4315750,77.2032
2026,4315750,77.7838
2027,4315750,78.3539
2028,4315750,78.9132
2029,4315750,79.462
2030,4315750,80.0
2024,4315800,76.2752
2025,4315800,76.9278
2026,4315800,77.5677
2027,4315800,78.1949
2028,4315800,78.8094
2029,4315800,79.4111
2030,4315800,80.0
2024,4315909,80.0
2025,4315909,80.0
2026,4315909,80.0
2027,4315909,80.0
2028,4315909,80.0
2029,4315909,80.0
2030,4315909,80.0
2024,4316006,80.0
2025,4316006,80.0
2026,4316006,80.0
2027,4316006,80.0
2028,4316006,80.0
2029,4316006,80.0
2030,4316006,80.0
2024,4316105,76.0062
2025,4316105,76.708
2026,4316105,77.3955
2027,4316105,78.0684
2028,4316105,78.7268
2029,4316105,79.3707
2030,4316105,80.0
2024,4316204,80.0
2025,4316204,80.0
2026,4316204,80.0
2027,4316204,80.0
2028,4316204,80.0
2029,4316204,80.0
2030,4316204,80.0
2024,4316303,76.3593
2025,4316303,76.9966
2026,4316303,77.6216
2027,4316303,78.2346
2028,4316303,78.8353
2029,4316303,79.4237
2030,4316303,80.0
2024,4316402,41.9357
2025,4316402,48.9969
2026,4316402,56.0984
2027,4316402,62.9586
2028,4316402,69.3328
2029,4316402,75.0449
2030,4316402,80.0
2024,4316428,78.98
2025,4316428,79.16
2026,4316428,79.33
2027,4316428,79.5
2028,4316428,79.67
2029,4316428,79.83
2030,4316428,80.0
2024,4316436,48.7892
2025,4316436,54.7526
2026,4316436,60.5827
2027,4316436,66.1263
2028,4316436,71.2601
2029,4316436,75.8994
2030,4316436,80.0
2024,4316451,80.0
2025,4316451,80.0
2026,4316451,80.0
2027,4316451,80.0
2028,4316451,80.0
2029,4316451,80.0
2030,4316451,80.0
2024,4316477,80.0
2025,4316477,80.0
2026,4316477,80.0
2027,4316477,80.0
2028,4316477,80.0
2029,4316477,80.0
2030,4316477,80.0
2024,4316501,80.0
2025,4316501,80.0
2026,4316501,80.0
2027,4316501,80.0
2028,4316501,80.0
2029,4316501,80.0
2030,4316501,80.0
2024,4316600,75.2762
2025,4316600,76.1129
2026,4316600,76.93
2027,4316600,77.7273
2028,4316600,78.5048
2029,4316600,79.2623
2030,4316600,80.0
2024,4316709,68.0
2025,4316709,71.0
2026,4316709,73.0
2027,4316709,75.0
2028,4316709,77.0
2029,4316709,78.0
2030,4316709,80.0
2024,4316733,75.7626
2025,4316733,76.5093
2026,4316733,77.2399
2027,4316733,77.9542
2028,4316733,78.6524
2029,4316733,79.3343
2030,4316733,80.0
2024,4316758,80.0
2025,4316758,80.0
2026,4316758,80.0
2027,4316758,80.0
2028,4316758,80.0
2029,4316758,80.0
2030,4316758,80.0
2024,4316808,67.3185
2025,4316808,69.7039
2026,4316808,71.9876
2027,4316808,74.163
2028,4316808,76.2253
2029,4316808,78.1714
2030,4316808,80.0
2024,4316907,67.7155
2025,4316907,70.0215
2026,4316907,72.2304
2027,4316907,74.3361
2028,4316907,76.3345
2029,4316907,78.2228
2030,4316907,80.0
2024,4316956,78.5491
2025,4316956,78.7961
2026,4316956,79.0411
2027,4316956,79.2839
2028,4316956,79.5247
2029,4316956,79.7634
2030,4316956,80.0
2024,4316972,48.3952
2025,4316972,54.4268
2026,4316972,60.3313
2027,4316972,65.9494
2028,4316972,71.1523
2029,4316972,75.8513
2030,4316972,80.0
2024,4317004,53.9313
2025,4317004,58.9612
2026,4317004,63.8105
2027,4317004,68.394
2028,4317004,72.6457
2029,4317004,76.5219
2030,4317004,80.0
2024,4317103,54.7226
2025,4317103,59.6028
2026,4317103,64.3001
2027,4317103,68.7376
2028,4317103,72.8565
2029,4317103,76.6173
2030,4317103,80.0
2024,4317202,73.6047
2025,4317202,74.7562
2026,4317202,75.8739
2027,4317202,76.9574
2028,4317202,78.0063
2029,4317202,79.0206
2030,4317202,80.0
2024,4317251,80.0
2025,4317251,80.0
2026,4317251,80.0
2027,4317251,80.0
2028,4317251,80.0
2029,4317251,80.0
2030,4317251,80.0
2024,4317301,59.9912
2025,4317301,63.8448
2026,4317301,67.528
2027,4317301,71.0064
2028,4317301,74.2543
2029,4317301,77.2549
2030,4317301,80.0
2024,4317400,73.955
2025,4317400,75.0399
2026,4317400,76.0942
2027,4317400,77.1176
2028,4317400,78.1097
2029,4317400,79.0706
2030,4317400,80.0
2024,4317509,66.9214
2025,4317509,69.3863
2026,4317509,71.7451
2027,4317509,73.9903
2028,4317509,76.1164
2029,4317509,78.1202
2030,4317509,80.0
2024,4317558,73.4379
2025,4317558,74.6213
2026,4317558,75.7692
2027,4317558,76.8814
2028,4317558,77.9573
2029,4317558,78.9969
2030,4317558,80.0
2024,4317608,78.0
2025,4317608,78.0
2026,4317608,79.0
2027,4317608,79.0
2028,4317608,79.0
2029,4317608,80.0
2030,4317608,80.0
2024,4317707,74.4811
2025,4317707,75.4666
2026,4317707,76.4261
2027,4317707,77.3593
2028,4317707,78.2661
2029,4317707,79.1463
2030,4317707,80.0
2024,4317756,77.5656
2025,4317756,77.9855
2026,4317756,78.3998
2027,4317756,78.8083
2028,4317756,79.2112
2029,4317756,79.6085
2030,4317756,80.0
2024,4317806,78.0483
2025,4317806,78.3828
2026,4317806,78.7137
2027,4317806,79.0408
2028,4317806,79.3643
2029,4317806,79.684
2030,4317806,80.0
2024,4317905,76.6203
2025,4317905,77.2101
2026,4317905,77.7893
2027,4317905,78.3579
2028,4317905,78.9159
2029,4317905,79.4632
2030,4317905,80.0
2024,4317954,80.0
2025,4317954,80.0
2026,4317954,80.0
2027,4317954,80.0
2028,4317954,80.0
2029,4317954,80.0
2030,4317954,80.0
2024,4318002,67.7817
2025,4318002,70.0745
2026,4318002,72.2709
2027,4318002,74.365
2028,4318002,76.3527
2029,4318002,78.2314
2030,4318002,80.0
2024,4318101,61.8243
2025,4318101,65.3124
2026,4318101,68.6433
2027,4318101,71.7926
2028,4318101,74.7419
2029,4318101,77.4796
2030,4318101,80.0
2024,4318200,60.6504
2025,4318200,64.3728
2026,4318200,67.9293
2027,4318200,71.2891
2028,4318200,74.4294
2029,4318200,77.3355
2030,4318200,80.0
2024,4318309,64.2479
2025,4318309,67.2497
2026,4318309,70.1166
2027,4318309,72.834
2028,4318309,75.391
2029,4318309,77.7808
2030,4318309,80.0
2024,4318408,80.0
2025,4318408,80.0
2026,4318408,80.0
2027,4318408,80.0
2028,4318408,80.0
2029,4318408,80.0
2030,4318408,80.0
2024,4318424,77.0502
2025,4318424,77.5623
2026,4318424,78.0663
2027,4318424,78.562
2028,4318424,79.0495
2029,4318424,79.5289
2030,4318424,80.0
2024,4318440,77.1684
2025,4318440,77.6593
2026,4318440,78.1426
2027,4318440,78.6183
2028,4318440,79.0865
2029,4318440,79.547
2030,4318440,80.0
2024,4318457,78.6682
2025,4318457,78.8945
2026,4318457,79.1192
2027,4318457,79.342
2028,4318457,79.5631
2029,4318457,79.7824
2030,4318457,80.0
2024,4318465,80.0
2025,4318465,80.0
2026,4318465,80.0
2027,4318465,80.0
2028,4318465,80.0
2029,4318465,80.0
2030,4318465,80.0
2024,4318481,78.9405
2025,4318481,79.1199
2026,4318481,79.2982
2027,4318481,79.4753
2028,4318481,79.6513
2029,4318481,79.8262
2030,4318481,80.0
2024,4318499,80.0
2025,4318499,80.0
2026,4318499,80.0
2027,4318499,80.0
2028,4318499,80.0
2029,4318499,80.0
2030,4318499,80.0
2024,4318507,58.2253
2025,4318507,62.4276
2026,4318507,66.4508
2027,4318507,70.2485
2028,4318507,73.7859
2029,4318507,77.0402
2030,4318507,80.0
2024,4318606,65.4155
2025,4318606,68.1827
2026,4318606,70.8271
2027,4318606,73.3377
2028,4318606,75.7064
2029,4318606,77.9279
2030,4318606,80.0
2024,4318614,80.0
2025,4318614,80.0
2026,4318614,80.0
2027,4318614,80.0
2028,4318614,80.0
2029,4318614,80.0
2030,4318614,80.0
2024,4318622,64.629
2025,4318622,67.5541
2026,4318622,70.3484
2027,4318622,72.9982
2028,4318622,75.4937
2029,4318622,77.8286
2030,4318622,80.0
2024,4318705,60.8254
2025,4318705,64.5129
2026,4318705,68.0358
2027,4318705,71.3642
2028,4318705,74.476
2029,4318705,77.3569
2030,4318705,80.0
2024,4318804,79.2218
2025,4318804,79.3531
2026,4318804,79.4837
2027,4318804,79.6137
2028,4318804,79.7431
2029,4318804,79.8718
2030,4318804,80.0
2024,4318903,80.0
2025,4318903,80.0
2026,4318903,80.0
2027,4318903,80.0
2028,4318903,80.0
2029,4318903,80.0
2030,4318903,80.0
2024,4319000,80.0
2025,4319000,80.0
2026,4319000,80.0
2027,4319000,80.0
2028,4319000,80.0
2029,4319000,80.0
2030,4319000,80.0
2024,4319109,80.0
2025,4319109,80.0
2026,4319109,80.0
2027,4319109,80.0
2028,4319109,80.0
2029,4319109,80.0
2030,4319109,80.0
2024,4319125,76.9996
2025,4319125,77.5208
2026,4319125,78.0336
2027,4319125,78.5379
2028,4319125,79.0337
2029,4319125,79.5211
2030,4319125,80.0
2024,4319158,76.86
2025,4319158,77.4
2026,4319158,77.94
2027,4319158,78.47
2028,4319158,78.99
2029,4319158,79.5
2030,4319158,80.0
2024,4319208,61.5582
2025,4319208,65.0994
2026,4319208,68.4815
2027,4319208,71.6784
2028,4319208,74.671
2029,4319208,77.4469
2030,4319208,80.0
2024,4319307,78.0652
2025,4319307,78.3968
2026,4319307,78.7247
2027,4319307,79.049
2028,4319307,79.3697
2029,4319307,79.6867
2030,4319307,80.0
2024,4319356,80.0
2025,4319356,80.0
2026,4319356,80.0
2027,4319356,80.0
2028,4319356,80.0
2029,4319356,80.0
2030,4319356,80.0
2024,4319364,80.0
2025,4319364,80.0
2026,4319364,80.0
2027,4319364,80.0
2028,4319364,80.0
2029,4319364,80.0
2030,4319364,80.0
2024,4319372,80.0
2025,4319372,80.0
2026,4319372,80.0
2027,4319372,80.0
2028,4319372,80.0
2029,4319372,80.0
2030,4319372,80.0
2024,4319406,77.5656
2025,4319406,77.9855
2026,4319406,78.3998
2027,4319406,78.8083
2028,4319406,79.2112
2029,4319406,79.6085
2030,4319406,80.0
2024,4319505,61.4
2025,4319505,64.9729
2026,4319505,68.3853
2027,4319505,71.6106
2028,4319505,74.6289
2029,4319505,77.4274
2030,4319505,80.0
2024,4319604,80.0
2025,4319604,80.0
2026,4319604,80.0
2027,4319604,80.0
2028,4319604,80.0
2029,4319604,80.0
2030,4319604,80.0
2024,4319703,80.0
2025,4319703,80.0
2026,4319703,80.0
2027,4319703,80.0
2028,4319703,80.0
2029,4319703,80.0
2030,4319703,80.0
2024,4319711,80.0
2025,4319711,80.0
2026,4319711,80.0
2027,4319711,80.0
2028,4319711,80.0
2029,4319711,80.0
2030,4319711,80.0
2024,4319737,72.7801
2025,4319737,74.0895
2026,4319737,75.3573
2027,4319737,76.5827
2028,4319737,77.7651
2029,4319737,78.9042
2030,4319737,80.0
2024,4319752,80.0
2025,4319752,80.0
2026,4319752,80.0
2027,4319752,80.0
2028,4319752,80.0
2029,4319752,80.0
2030,4319752,80.0
2024,4319802,77.7264
2025,4319802,78.1177
2026,4319802,78.5041
2027,4319802,78.8856
2028,4319802,79.262
2029,4319802,79.6335
2030,4319802,80.0
2024,4319901,73.8966
2025,4319901,74.9926
2026,4319901,76.0574
2027,4319901,77.0908
2028,4319901,78.0925
2029,4319901,79.0622
2030,4319901,80.0
2024,4320008,62.5972
2025,4320008,65.9304
2026,4320008,69.1132
2027,4320008,72.1243
2028,4320008,74.9483
2029,4320008,77.5751
2030,4320008,80.0
2024,4320107,72.8134
2025,4320107,74.1164
2026,4320107,75.3781
2027,4320107,76.5977
2028,4320107,77.7748
2029,4320107,78.9089
2030,4320107,80.0
2024,4320206,80.0
2025,4320206,80.0
2026,4320206,80.0
2027,4320206,80.0
2028,4320206,80.0
2029,4320206,80.0
2030,4320206,80.0
2024,4320230,80.0
2025,4320230,80.0
2026,4320230,80.0
2027,4320230,80.0
2028,4320230,80.0
2029,4320230,80.0
2030,4320230,80.0
2024,4320263,75.7626
2025,4320263,76.5093
2026,4320263,77.2399
2027,4320263,77.9542
2028,4320263,78.6524
2029,4320263,79.3343
2030,4320263,80.0
2024,4320305,50.0
2025,4320305,56.0
2026,4320305,61.0
2027,4320305,67.0
2028,4320305,72.0
2029,4320305,76.0
2030,4320305,80.0
2024,4320321,80.0
2025,4320321,80.0
2026,4320321,80.0
2027,4320321,80.0
2028,4320321,80.0
2029,4320321,80.0
2030,4320321,80.0
2024,4320354,74.7655
2025,4320354,75.6975
2026,4320354,76.6059
2027,4320354,77.4905
2028,4320354,78.3511
2029,4320354,79.1876
2030,4320354,80.0
2024,4320404,80.0
2025,4320404,80.0
2026,4320404,80.0
2027,4320404,80.0
2028,4320404,80.0
2029,4320404,80.0
2030,4320404,80.0
2024,4320453,80.0
2025,4320453,80.0
2026,4320453,80.0
2027,4320453,80.0
2028,4320453,80.0
2029,4320453,80.0
2030,4320453,80.0
2024,4320503,63.1534
2025,4320503,66.375
2026,4320503,69.4512
2027,4320503,72.3632
2028,4320503,75.0971
2029,4320503,77.6441
2030,4320503,80.0
2024,4320552,75.5696
2025,4320552,76.3519
2026,4320552,77.1168
2027,4320552,77.864
2028,4320552,78.5937
2029,4320552,79.3057
2030,4320552,80.0
2024,4320578,78.7788
2025,4320578,78.986
2026,4320578,79.1918
2027,4320578,79.3961
2028,4320578,79.5989
2029,4320578,79.8002
2030,4320578,80.0
2024,4320602,74.3642
2025,4320602,75.3717
2026,4320602,76.3522
2027,4320602,77.3054
2028,4320602,78.2312
2029,4320602,79.1294
2030,4320602,80.0
2024,4320651,68.8324
2025,4320651,70.9158
2026,4320651,72.9146
2027,4320651,74.8249
2028,4320651,76.6436
2029,4320651,78.3689
2030,4320651,80.0
2024,4320677,71.2929
2025,4320677,72.8909
2026,4320677,74.4318
2027,4320677,75.9141
2028,4320677,77.3366
2029,4320677,78.6986
2030,4320677,80.0
2024,4320701,80.0
2025,4320701,80.0
2026,4320701,80.0
2027,4320701,80.0
2028,4320701,80.0
2029,4320701,80.0
2030,4320701,80.0
2024,4320800,68.4849
2025,4320800,70.6374
2026,4320800,72.7015
2027,4320800,74.6725
2028,4320800,76.5471
2029,4320800,78.3232
2030,4320800,80.0
2024,4320859,63.0538
2025,4320859,66.2954
2026,4320859,69.3907
2027,4320859,72.3204
2028,4320859,75.0704
2029,4320859,77.6317
2030,4320859,80.0
2024,4320909,71.3427
2025,4320909,72.9309
2026,4320909,74.4627
2027,4320909,75.9363
2028,4320909,77.3508
2029,4320909,78.7054
2030,4320909,80.0
2024,4321006,64.4302
2025,4321006,67.3953
2026,4321006,70.2275
2027,4321006,72.9125
2028,4321006,75.4401
2029,4321006,77.8036
2030,4321006,80.0
2024,4321105,62.1403
2025,4321105,65.5651
2026,4321105,68.8354
2027,4321105,71.9281
2028,4321105,74.8262
2029,4321105,77.5186
2030,4321105,80.0
2024,4321204,66.5657
2025,4321204,69.1019
2026,4321204,71.5281
2027,4321204,73.8358
2028,4321204,76.0192
2029,4321204,78.0745
2030,4321204,80.0
2024,4321303,54.6
2025,4321303,59.5
2026,4321303,64.22
2027,4321303,68.68
2028,4321303,72.82
2029,4321303,76.6
2030,4321303,80.0
2024,4321329,80.0
2025,4321329,80.0
2026,4321329,80.0
2027,4321329,80.0
2028,4321329,80.0
2029,4321329,80.0
2030,4321329,80.0
2024,4321352,68.0299
2025,4321352,70.2731
2026,4321352,72.4227
2027,4321352,74.4734
2028,4321352,76.4212
2029,4321352,78.2637
2030,4321352,80.0
2024,4321402,69.6105
2025,4321402,71.5395
2026,4321402,73.3928
2027,4321402,75.1673
2028,4321402,76.8608
2029,4321402,78.4719
2030,4321402,80.0
2024,4321436,69.0228
2025,4321436,71.0683
2026,4321436,73.0315
2027,4321436,74.9085
2028,4321436,76.6966
2029,4321436,78.394
2030,4321436,80.0
2024,4321451,80.0
2025,4321451,80.0
2026,4321451,80.0
2027,4321451,80.0
2028,4321451,80.0
2029,4321451,80.0
2030,4321451,80.0
2024,4321469,80.0
2025,4321469,80.0
2026,4321469,80.0
2027,4321469,80.0
2028,4321469,80.0
2029,4321469,80.0
2030,4321469,80.0
2024,4321477,80.0
2025,4321477,80.0
2026,4321477,80.0
2027,4321477,80.0
2028,4321477,80.0
2029,4321477,80.0
2030,4321477,80.0
2024,4321493,80.0
2025,4321493,80.0
2026,4321493,80.0
2027,4321493,80.0
2028,4321493,80.0
2029,4321493,80.0
2030,4321493,80.0
2024,4321501,65.6804
2025,4321501,68.3943
2026,4321501,70.9884
2027,4321501,73.4522
2028,4321501,75.7782
2029,4321501,77.9615
2030,4321501,80.0
2024,4321600,58.6362
2025,4321600,62.7577
2026,4321600,66.7018
2027,4321600,70.425
2028,4321600,73.8949
2029,4321600,77.09
2030,4321600,80.0
2024,4321626,80.0
2025,4321626,80.0
2026,4321626,80.0
2027,4321626,80.0
2028,4321626,80.0
2029,4321626,80.0
2030,4321626,80.0
2024,4321634,80.0
2025,4321634,80.0
2026,4321634,80.0
2027,4321634,80.0
2028,4321634,80.0
2029,4321634,80.0
2030,4321634,80.0
2024,4321667,80.0
2025,4321667,80.0
2026,4321667,80.0
2027,4321667,80.0
2028,4321667,80.0
2029,4321667,80.0
2030,4321667,80.0
2024,4321709,59.5485
2025,4321709,63.4898
2026,4321709,67.2582
2027,4321709,70.8165
2028,4321709,74.1368
2029,4321709,77.2009
2030,4321709,80.0
2024,4321808,79.1707
2025,4321808,79.3106
2026,4321808,79.4499
2027,4321808,79.5885
2028,4321808,79.7263
2029,4321808,79.8635
2030,4321808,80.0
2024,4321857,80.0
2025,4321857,80.0
2026,4321857,80.0
2027,4321857,80.0
2028,4321857,80.0
2029,4321857,80.0
2030,4321857,80.0
2024,4321907,80.0
2025,4321907,80.0
2026,4321907,80.0
2027,4321907,80.0
2028,4321907,80.0
2029,4321907,80.0
2030,4321907,80.0
2024,4321956,80.0
2025,4321956,80.0
2026,4321956,80.0
2027,4321956,80.0
2028,4321956,80.0
2029,4321956,80.0
2030,4321956,80.0
2024,4322004,68.9566
2025,4322004,71.0152
2026,4322004,72.9908
2027,4322004,74.8794
2028,4322004,76.6781
2029,4322004,78.3853
2030,4322004,80.0
2024,4322103,66.8635
2025,4322103,69.34
2026,4322103,71.7098
2027,4322103,73.9651
2028,4322103,76.1006
2029,4322103,78.1127
2030,4322103,80.0
2024,4322152,70.1074
2025,4322152,71.9382
2026,4322152,73.6989
2027,4322152,75.3869
2028,4322152,77.0004
2029,4322152,78.5383
2030,4322152,80.0
2024,4322186,80.0
2025,4322186,80.0
2026,4322186,80.0
2027,4322186,80.0
2028,4322186,80.0
2029,4322186,80.0
2030,4322186,80.0
2024,4322202,73.188
2025,4322202,74.4191
2026,4322202,75.6125
2027,4322202,76.7677
2028,4322202,77.8841
2029,4322202,78.9615
2030,4322202,80.0
2024,4322251,80.0
2025,4322251,80.0
2026,4322251,80.0
2027,4322251,80.0
2028,4322251,80.0
2029,4322251,80.0
2030,4322251,80.0
2024,4322301,80.0
2025,4322301,80.0
2026,4322301,80.0
2027,4322301,80.0
2028,4322301,80.0
2029,4322301,80.0
2030,4322301,80.0
2024,4322327,80.0
2025,4322327,80.0
2026,4322327,80.0
2027,4322327,80.0
2028,4322327,80.0
2029,4322327,80.0
2030,4322327,80.0
2024,4322343,80.0
2025,4322343,80.0
2026,4322343,80.0
2027,4322343,80.0
2028,4322343,80.0
2029,4322343,80.0
2030,4322343,80.0
2024,4322376,62.3314
2025,4322376,65.7179
2026,4322376,68.9516
2027,4322376,72.0102
2028,4322376,74.8772
2029,4322376,77.5422
2030,4322376,80.0
2024,4322400,64.3887
2025,4322400,67.3622
2026,4322400,70.2023
2027,4322400,72.8947
2028,4322400,75.4289
2029,4322400,77.7984
2030,4322400,80.0
2024,4322509,68.245
2025,4322509,70.4453
2026,4322509,72.5544
2027,4322509,74.5674
2028,4322509,76.4806
2029,4322509,78.2918
2030,4322509,80.0
2024,4322525,80.0
2025,4322525,80.0
2026,4322525,80.0
2027,4322525,80.0
2028,4322525,80.0
2029,4322525,80.0
2030,4322525,80.0
2024,4322533,80.0
2025,4322533,80.0
2026,4322533,80.0
2027,4322533,80.0
2028,4322533,80.0
2029,4322533,80.0
2030,4322533,80.0
2024,4322541,76.86
2025,4322541,77.4
2026,4322541,77.94
2027,4322541,78.47
2028,4322541,78.99
2029,4322541,79.5
2030,4322541,80.0
2024,4322558,80.0
2025,4322558,80.0
2026,4322558,80.0
2027,4322558,80.0
2028,4322558,80.0
2029,4322558,80.0
2030,4322558,80.0
2024,4322608,78.4132
2025,4322608,78.6838
2026,4322608,78.952
2027,4322608,79.2178
2028,4322608,79.481
2029,4322608,79.7417
2030,4322608,80.0
2024,4322707,68.6587
2025,4322707,70.7766
2026,4322707,72.808
2027,4322707,74.7487
2028,4322707,76.5953
2029,4322707,78.346
2030,4322707,80.0
2024,4322806,77.5656
2025,4322806,77.9855
2026,4322806,78.3998
2027,4322806,78.8083
2028,4322806,79.2112
2029,4322806,79.6085
2030,4322806,80.0
2024,4322855,80.0
2025,4322855,80.0
2026,4322855,80.0
2027,4322855,80.0
2028,4322855,80.0
2029,4322855,80.0
2030,4322855,80.0
2024,4322905,80.0
2025,4322905,80.0
2026,4322905,80.0
2027,4322905,80.0
2028,4322905,80.0
2029,4322905,80.0
2030,4322905,80.0
2024,4323002,62.3646
2025,4323002,65.7445
2026,4323002,68.9718
2027,4323002,72.0244
2028,4323002,74.8861
2029,4323002,77.5463
2030,4323002,80.0
2024,4323101,73.4879
2025,4323101,74.6617
2026,4323101,75.8006
2027,4323101,76.9042
2028,4323101,77.972
2029,4323101,79.004
2030,4323101,80.0
2024,4323200,80.0
2025,4323200,80.0
2026,4323200,80.0
2027,4323200,80.0
2028,4323200,80.0
2029,4323200,80.0
2030,4323200,80.0
2024,4323309,80.0
2025,4323309,80.0
2026,4323309,80.0
2027,4323309,80.0
2028,4323309,80.0
2029,4323309,80.0
2030,4323309,80.0
2024,4323358,73.0
2025,4323358,74.0
2026,4323358,75.0
2027,4323358,77.0
2028,4323358,78.0
2029,4323358,79.0
2030,4323358,80.0
2024,4323408,80.0
2025,4323408,80.0
2026,4323408,80.0
2027,4323408,80.0
2028,4323408,80.0
2029,4323408,80.0
2030,4323408,80.0
2024,4323457,54.1102
2025,4323457,59.1064
2026,4323457,63.9213
2027,4323457,68.4718
2028,4323457,72.6934
2029,4323457,76.5434
2030,4323457,80.0
2024,4323507,80.0
2025,4323507,80.0
2026,4323507,80.0
2027,4323507,80.0
2028,4323507,80.0
2029,4323507,80.0
2030,4323507,80.0
2024,4323606,80.0
2025,4323606,80.0
2026,4323606,80.0
2027,4323606,80.0
2028,4323606,80.0
2029,4323606,80.0
2030,4323606,80.0
2024,4323705,75.1421
2025,4323705,76.0038
2026,4323705,76.8448
2027,4323705,77.665
2028,4323705,78.4643
2029,4323705,79.2426
2030,4323705,80.0
2024,4323770,80.0
2025,4323770,80.0
2026,4323770,80.0
2027,4323770,80.0
2028,4323770,80.0
2029,4323770,80.0
2030,4323770,80.0
2024,4323804,60.6837
2025,4323804,64.3995
2026,4323804,67.9496
2027,4323804,71.3034
2028,4323804,74.4383
2029,4323804,77.3396
2030,4323804,80.0
2024,5000203,71.7494
2025,5000203,73.2584
2026,5000203,74.7151
2027,5000203,76.1184
2028,5000203,77.4672
2029,5000203,78.7612
2030,5000203,80.0
2024,5000252,77.1937
2025,5000252,77.6801
2026,5000252,78.159
2027,5000252,78.6304
2028,5000252,79.0944
2029,5000252,79.5509
2030,5000252,80.0
2024,5000609,48.0443
2025,5000609,54.1361
2026,5000609,60.1068
2027,5000609,65.7914
2028,5000609,71.056
2029,5000609,75.8083
2030,5000609,80.0
2024,5000708,34.5593
2025,5000708,42.5311
2026,5000708,50.9112
2027,5000708,59.2404
2028,5000708,67.0704
2029,5000708,74.0551
2030,5000708,80.0
2024,5000807,67.608
2025,5000807,69.9355
2026,5000807,72.1646
2027,5000807,74.2892
2028,5000807,76.3049
2029,5000807,78.2089
2030,5000807,80.0
2024,5000856,80.0
2025,5000856,80.0
2026,5000856,80.0
2027,5000856,80.0
2028,5000856,80.0
2029,5000856,80.0
2030,5000856,80.0
2024,5000906,58.3679
2025,5000906,62.5422
2026,5000906,66.538
2027,5000906,70.3098
2028,5000906,73.8237
2029,5000906,77.0575
2030,5000906,80.0
2024,5001003,56.1628
2025,5001003,60.7669
2026,5001003,65.1872
2027,5001003,69.3606
2028,5001003,73.2391
2029,5001003,76.7909
2030,5001003,80.0
2024,5001102,71.5917
2025,5001102,73.1313
2026,5001102,74.6171
2027,5001102,76.0477
2028,5001102,77.422
2029,5001102,78.7395
2030,5001102,80.0
2024,5001243,74.8491
2025,5001243,75.7655
2026,5001243,76.6589
2027,5001243,77.5292
2028,5001243,78.3762
2029,5001243,79.1998
2030,5001243,80.0
2024,5001508,33.165
2025,5001508,41.2681
2026,5001508,49.8736
2027,5001508,58.4866
2028,5001508,66.6105
2029,5001508,73.8552
2030,5001508,80.0
2024,5001904,44.1775
2025,5001904,50.9019
2026,5001904,57.5939
2027,5001904,64.0185
2028,5001904,69.9771
2029,5001904,75.3293
2030,5001904,80.0
2024,5002001,51.2559
2025,5002001,56.781
2026,5002001,62.1424
2027,5002001,67.2226
2028,5002001,71.9291
2029,5002001,76.199
2030,5002001,80.0
2024,5002100,49.5832
2025,5002100,55.4076
2026,5002100,61.0873
2027,5002100,66.4811
2028,5002100,71.4765
2029,5002100,75.9961
2030,5002100,80.0
2024,5002159,50.3217
2025,5002159,56.015
2026,5002159,61.5544
2027,5002159,66.8095
2028,5002159,71.6768
2029,5002159,76.0858
2030,5002159,80.0
2024,5002209,57.7803
2025,5002209,62.0699
2026,5002209,66.1788
2027,5002209,70.0573
2028,5002209,73.668
2029,5002209,76.9863
2030,5002209,80.0
2024,5002308,56.3908
2025,5002308,60.9508
2026,5002308,65.3273
2027,5002308,69.459
2028,5002308,73.2996
2029,5002308,76.8184
2030,5002308,80.0
2024,5002407,57.4104
2025,5002407,61.7723
2026,5002407,65.9524
2027,5002407,69.8982
2028,5002407,73.5699
2029,5002407,76.9416
2030,5002407,80.0
2024,5002605,39.1697
2025,5002605,46.611
2026,5002605,54.2061
2027,5002605,61.6107
2028,5002605,68.5134
2029,5002605,74.685
2030,5002605,80.0
2024,5002704,47.6926
2025,5002704,53.8444
2026,5002704,59.8814
2027,5002704,65.6327
2028,5002704,70.9593
2029,5002704,75.7652
2030,5002704,80.0
2024,5002803,54.4762
2025,5002803,59.4031
2026,5002803,64.1478
2027,5002803,68.6307
2028,5002803,72.7909
2029,5002803,76.5875
2030,5002803,80.0
2024,5002902,44.2315
2025,5002902,50.9475
2026,5002902,57.6295
2027,5002902,64.0437
2028,5002902,69.9925
2029,5002902,75.3361
2030,5002902,80.0
2024,5002951,49.1822
2025,5002951,55.0771
2026,5002951,60.8328
2027,5002951,66.3022
2028,5002951,71.3673
2029,5002951,75.9473
2030,5002951,80.0
2024,5003108,51.2128
2025,5003108,56.7457
2026,5003108,62.1153
2027,5003108,67.2036
2028,5003108,71.9174
2029,5003108,76.1938
2030,5003108,80.0
2024,5003157,79.128
2025,5003157,79.2753
2026,5003157,79.4218
2027,5003157,79.5675
2028,5003157,79.7124
2029,5003157,79.8566
2030,5003157,80.0
2024,5003207,47.6134
2025,5003207,53.7786
2026,5003207,59.8305
2027,5003207,65.5968
2028,5003207,70.9375
2029,5003207,75.7555
2030,5003207,80.0
2024,5003256,45.245
2025,5003256,51.8009
2026,5003256,58.2954
2027,5003256,64.5143
2028,5003256,70.2787
2029,5003256,75.4628
2030,5003256,80.0
2024,5003306,45.994
2025,5003306,52.4288
2026,5003306,58.784
2027,5003306,64.8592
2028,5003306,70.4885
2029,5003306,75.5558
2030,5003306,80.0
2024,5003454,80.0
2025,5003454,80.0
2026,5003454,80.0
2027,5003454,80.0
2028,5003454,80.0
2029,5003454,80.0
2030,5003454,80.0
2024,5003488,44.627
2025,5003488,51.2811
2026,5003488,57.8901
2027,5003488,64.2279
2028,5003488,70.1045
2029,5003488,75.3856
2030,5003488,80.0
2024,5003504,35.9349
2025,5003504,43.7632
2026,5003504,51.915
2027,5003504,59.9661
2028,5003504,67.5127
2029,5003504,74.2476
2030,5003504,80.0
2024,5003702,46.6508
2025,5003702,52.9775
2026,5003702,59.21
2027,5003702,65.1596
2028,5003702,70.6713
2029,5003702,75.6371
2030,5003702,80.0
2024,5003751,76.0986
2025,5003751,76.7835
2026,5003751,77.4546
2027,5003751,78.1118
2028,5003751,78.7551
2029,5003751,79.3845
2030,5003751,80.0
2024,5003801,63.9744
2025,5003801,67.0311
2026,5003801,69.9503
2027,5003801,72.7163
2028,5003801,75.3174
2029,5003801,77.7465
2030,5003801,80.0
2024,5003900,62.1236
2025,5003900,65.5518
2026,5003900,68.8253
2027,5003900,71.921
2028,5003900,74.8218
2029,5003900,77.5165
2030,5003900,80.0
2024,5004007,79.0683
2025,5004007,79.2258
2026,5004007,79.3824
2027,5004007,79.5381
2028,5004007,79.6929
2029,5004007,79.8469
2030,5004007,80.0
2024,5004106,52.2975
2025,5004106,57.632
2026,5004106,62.7944
2027,5004106,67.6805
2028,5004106,72.209
2029,5004106,76.3249
2030,5004106,80.0
2024,5004304,44.7346
2025,5004304,51.3718
2026,5004304,57.9608
2027,5004304,64.2779
2028,5004304,70.1349
2029,5004304,75.3991
2030,5004304,80.0
2024,5004403,40.5094
2025,5004403,47.7718
2026,5004403,55.1296
2027,5004403,62.2696
2028,5004403,68.914
2029,5004403,74.8607
2030,5004403,80.0
2024,5004502,70.787
2025,5004502,72.484
2026,5004502,74.1185
2027,5004502,75.6885
2028,5004502,77.1926
2029,5004502,78.6298
2030,5004502,80.0
2024,5004601,74.3809
2025,5004601,75.3852
2026,5004601,76.3627
2027,5004601,77.3131
2028,5004601,78.2362
2029,5004601,79.1318
2030,5004601,80.0
2024,5004700,64.8194
2025,5004700,67.7063
2026,5004700,70.4643
2027,5004700,73.0804
2028,5004700,75.5451
2029,5004700,77.8526
2030,5004700,80.0
2024,5004809,18.9101
2025,5004809,27.2462
2026,5004809,37.5551
2027,5004809,49.1305
2028,5004809,60.7999
2029,5004809,71.3532
2030,5004809,80.0
2024,5004908,44.896
2025,5004908,51.5076
2026,5004908,58.0668
2027,5004908,64.3528
2028,5004908,70.1804
2029,5004908,75.4193
2030,5004908,80.0
2024,5005004,42.018
2025,5005004,49.0673
2026,5005004,56.1539
2027,5005004,62.998
2028,5005004,69.3568
2029,5005004,75.0555
2030,5005004,80.0
2024,5005103,68.8324
2025,5005103,70.9158
2026,5005103,72.9146
2027,5005103,74.8249
2028,5005103,76.6436
2029,5005103,78.3689
2030,5005103,80.0
2024,5005152,29.8246
2025,5005152,38.1779
2026,5005152,47.294
2027,5005152,56.5943
2028,5005152,65.4522
2029,5005152,73.3535
2030,5005152,80.0
2024,5005202,32.3908
2025,5005202,40.5602
2026,5005202,49.288
2027,5005202,58.0594
2028,5005202,66.3494
2029,5005202,73.742
2030,5005202,80.0
2024,5005251,80.0
2025,5005251,80.0
2026,5005251,80.0
2027,5005251,80.0
2028,5005251,80.0
2029,5005251,80.0
2030,5005251,80.0
2024,5005400,46.819
2025,5005400,53.1178
2026,5005400,59.3187
2027,5005400,65.2363
2028,5005400,70.718
2029,5005400,75.6578
2030,5005400,80.0
2024,5005608,33.8154
2025,5005608,41.8591
2026,5005608,50.3603
2027,5005608,58.8407
2028,5005608,66.8266
2029,5005608,73.9491
2030,5005608,80.0
2024,5005681,80.0
2025,5005681,80.0
2026,5005681,80.0
2027,5005681,80.0
2028,5005681,80.0
2029,5005681,80.0
2030,5005681,80.0
2024,5005707,63.535
2025,5005707,66.68
2026,5005707,69.6832
2027,5005707,72.5272
2028,5005707,75.1994
2029,5005707,77.6916
2030,5005707,80.0
2024,5005806,58.2588
2025,5005806,62.4546
2026,5005806,66.4713
2027,5005806,70.263
2028,5005806,73.7948
2029,5005806,77.0443
2030,5005806,80.0
2024,5006002,43.7898
2025,5006002,50.5742
2026,5006002,57.3375
2027,5006002,63.837
2028,5006002,69.8668
2029,5006002,75.2805
2030,5006002,80.0
2024,5006200,61.97
2025,5006200,65.43
2026,5006200,68.73
2027,5006200,71.85
2028,5006200,74.78
2029,5006200,77.5
2030,5006200,80.0
2024,5006259,52.6921
2025,5006259,57.9537
2026,5006259,63.0405
2027,5006259,67.8534
2028,5006259,72.3147
2029,5006259,76.3725
2030,5006259,80.0
2024,5006275,76.9237
2025,5006275,77.4586
2026,5006275,77.9846
2027,5006275,78.5018
2028,5006275,79.0101
2029,5006275,79.5095
2030,5006275,80.0
2024,5006309,37.7107
2025,5006309,45.3348
2026,5006309,53.1841
2027,5006309,60.8789
2028,5006309,68.0684
2029,5006309,74.4902
2030,5006309,80.0
2024,5006358,50.5557
2025,5006358,56.2071
2026,5006358,61.702
2027,5006358,66.9132
2028,5006358,71.7401
2029,5006358,76.1142
2030,5006358,80.0
2024,5006408,40.5279
2025,5006408,47.7878
2026,5006408,55.1423
2027,5006408,62.2786
2028,5006408,68.9195
2029,5006408,74.8631
2030,5006408,80.0
2024,5006606,61.45
2025,5006606,65.0129
2026,5006606,68.4157
2027,5006606,71.632
2028,5006606,74.6422
2029,5006606,77.4336
2030,5006606,80.0
2024,5006903,37.5496
2025,5006903,45.193
2026,5006903,53.0701
2027,5006903,60.7971
2028,5006903,68.0186
2029,5006903,74.4684
2030,5006903,80.0
2024,5007109,41.1647
2025,5007109,48.336
2026,5007109,55.5765
2027,5007109,62.5877
2028,5007109,69.1074
2029,5007109,74.9457
2030,5007109,80.0
2024,5007208,46.4292
2025,5007208,52.7926
2026,5007208,59.0665
2027,5007208,65.0584
2028,5007208,70.6097
2029,5007208,75.6097
2030,5007208,80.0
2024,5007307,57.5449
2025,5007307,61.8806
2026,5007307,66.0348
2027,5007307,69.9561
2028,5007307,73.6056
2029,5007307,76.9578
2030,5007307,80.0
2024,5007406,52.6321
2025,5007406,57.9048
2026,5007406,63.0031
2027,5007406,67.8271
2028,5007406,72.2986
2029,5007406,76.3652
2030,5007406,80.0
2024,5007505,45.1198
2025,5007505,51.6958
2026,5007505,58.2135
2027,5007505,64.4565
2028,5007505,70.2435
2029,5007505,75.4472
2030,5007505,80.0
2024,5007554,53.4706
2025,5007554,58.5871
2026,5007554,63.5248
2027,5007554,68.1933
2028,5007554,72.5228
2029,5007554,76.4664
2030,5007554,80.0
2024,5007695,56.8968
2025,5007695,61.3588
2026,5007695,65.6378
2027,5007695,69.6771
2028,5007695,73.4338
2029,5007695,76.8795
2030,5007695,80.0
2024,5007703,58.5188
2025,5007703,62.6635
2026,5007703,66.6301
2027,5007703,70.3746
2028,5007703,73.8638
2029,5007703,77.0758
2030,5007703,80.0
2024,5007802,33.8744
2025,5007802,41.9125
2026,5007802,50.4041
2027,5007802,58.8725
2028,5007802,66.846
2029,5007802,73.9575
2030,5007802,80.0
2024,5007901,42.8477
2025,5007901,49.7748
2026,5007901,56.7106
2027,5007901,63.393
2028,5007901,69.5969
2029,5007901,75.1613
2030,5007901,80.0
2024,5007935,52.8035
2025,5007935,58.0444
2026,5007935,63.1099
2027,5007935,67.9021
2028,5007935,72.3445
2029,5007935,76.3859
2030,5007935,80.0
2024,5007950,56.2979
2025,5007950,60.8759
2026,5007950,65.2702
2027,5007950,69.4189
2028,5007950,73.2749
2029,5007950,76.8072
2030,5007950,80.0
2024,5007976,79.0172
2025,5007976,79.1834
2026,5007976,79.3487
2027,5007976,79.513
2028,5007976,79.6763
2029,5007976,79.8386
2030,5007976,80.0
2024,5008008,63.6594
2025,5008008,66.7794
2026,5008008,69.7588
2027,5008008,72.5807
2028,5008008,75.2328
2029,5008008,77.7071
2030,5008008,80.0
2024,5008305,71.4755
2025,5008305,73.0378
2026,5008305,74.545
2027,5008305,75.9957
2028,5008305,77.3887
2029,5008305,78.7236
2030,5008305,80.0
2024,5008404,67.7652
2025,5008404,70.0612
2026,5008404,72.2607
2027,5008404,74.3578
2028,5008404,76.3482
2029,5008404,78.2293
2030,5008404,80.0
2024,5100102,44.5192
2025,5100102,51.1903
2026,5100102,57.8192
2027,5100102,64.1778
2028,5100102,70.074
2029,5100102,75.3721
2030,5100102,80.0
2024,5100201,62.564
2025,5100201,65.9039
2026,5100201,69.093
2027,5100201,72.11
2028,5100201,74.9394
2029,5100201,77.571
2030,5100201,80.0
2024,5100250,57.9063
2025,5100250,62.1712
2026,5100250,66.2558
2027,5100250,70.1115
2028,5100250,73.7014
2029,5100250,77.0016
2030,5100250,80.0
2024,5100300,74.7906
2025,5100300,75.7179
2026,5100300,76.6218
2027,5100300,77.5021
2028,5100300,78.3586
2029,5100300,79.1912
2030,5100300,80.0
2024,5100359,80.0
2025,5100359,80.0
2026,5100359,80.0
2027,5100359,80.0
2028,5100359,80.0
2029,5100359,80.0
2030,5100359,80.0
2024,5100409,46.9251
2025,5100409,53.2062
2026,5100409,59.3873
2027,5100409,65.2846
2028,5100409,70.7474
2029,5100409,75.6709
2030,5100409,80.0
2024,5100508,69.5691
2025,5100508,71.5063
2026,5100508,73.3673
2027,5100508,75.1491
2028,5100508,76.8492
2029,5100508,78.4664
2030,5100508,80.0
2024,5100607,73.5213
2025,5100607,74.6887
2026,5100607,75.8215
2027,5100607,76.9194
2028,5100607,77.9818
2029,5100607,79.0087
2030,5100607,80.0
2024,5100805,53.8205
2025,5100805,58.8713
2026,5100805,63.7418
2027,5100805,68.3457
2028,5100805,72.6162
2029,5100805,76.5085
2030,5100805,80.0
2024,5101001,80.0
2025,5101001,80.0
2026,5101001,80.0
2027,5101001,80.0
2028,5101001,80.0
2029,5101001,80.0
2030,5101001,80.0
2024,5101209,29.4035
2025,5101209,37.7814
2026,5101209,46.9585
2027,5101209,56.346
2028,5101209,65.2997
2029,5101209,73.2877
2030,5101209,80.0
2024,5101258,53.6413
2025,5101258,58.7258
2026,5101258,63.6307
2027,5101258,68.2677
2028,5101258,72.5684
2029,5101258,76.4869
2030,5101258,80.0
2024,5101308,65.2417
2025,5101308,68.0438
2026,5101308,70.7213
2027,5101308,73.2626
2028,5101308,75.6593
2029,5101308,77.9059
2030,5101308,80.0
2024,5101407,63.4438
2025,5101407,66.6071
2026,5101407,69.6277
2027,5101407,72.488
2028,5101407,75.1749
2029,5101407,77.6802
2030,5101407,80.0
2024,5101605,63.3442
2025,5101605,66.5275
2026,5101605,69.5672
2027,5101605,72.4452
2028,5101605,75.1482
2029,5101605,77.6678
2030,5101605,80.0
2024,5101704,55.7062
2025,5101704,60.3983
2026,5101704,64.9064
2027,5101704,69.1634
2028,5101704,73.1179
2029,5101704,76.7358
2030,5101704,80.0
2024,5101803,64.281
2025,5101803,67.2761
2026,5101803,70.1368
2027,5101803,72.8483
2028,5101803,75.3999
2029,5101803,77.7849
2030,5101803,80.0
2024,5101852,38.3436
2025,5101852,45.8899
2026,5101852,53.6296
2027,5101852,61.1983
2028,5101852,68.2626
2029,5101852,74.5752
2030,5101852,80.0
2024,5101902,56.5595
2025,5101902,61.0869
2026,5101902,65.4309
2027,5101902,69.5318
2028,5101902,73.3443
2029,5101902,76.8388
2030,5101902,80.0
2024,5102504,52.8292
2025,5102504,58.0653
2026,5102504,63.1259
2027,5102504,67.9133
2028,5102504,72.3514
2029,5102504,76.389
2030,5102504,80.0
2024,5102603,45.1914
2025,5102603,51.7559
2026,5102603,58.2603
2027,5102603,64.4895
2028,5102603,70.2636
2029,5102603,75.4561
2030,5102603,80.0
2024,5102637,65.1589
2025,5102637,67.9776
2026,5102637,70.6709
2027,5102637,73.2269
2028,5102637,75.6369
2029,5102637,77.8954
2030,5102637,80.0
2024,5102678,60.1582
2025,5102678,63.9786
2026,5102678,67.6297
2027,5102678,71.0781
2028,5102678,74.2987
2029,5102678,77.2753
2030,5102678,80.0
2024,5102686,53.0
2025,5102686,59.0
2026,5102686,63.0
2027,5102686,68.0
2028,5102686,73.0
2029,5102686,76.0
2030,5102686,80.0
2024,5102694,41.4682
2025,5102694,48.5965
2026,5102694,55.7824
2027,5102694,62.7341
2028,5102694,69.1963
2029,5102694,74.9848
2030,5102694,80.0
2024,5102702,39.4034
2025,5102702,46.8141
2026,5102702,54.3682
2027,5102702,61.7265
2028,5102702,68.5838
2029,5102702,74.7158
2030,5102702,80.0
2024,5102793,48.4916
2025,5102793,54.5066
2026,5102793,60.3929
2027,5102793,65.9927
2028,5102793,71.1787
2029,5102793,75.8631
2030,5102793,80.0
2024,5102850,65.879
2025,5102850,68.553
2026,5102850,71.1094
2027,5102850,73.5382
2028,5102850,75.8321
2029,5102850,77.9868
2030,5102850,80.0
2024,5103007,52.9747
2025,5103007,58.1838
2026,5103007,63.2165
2027,5103007,67.9769
2028,5103007,72.3903
2029,5103007,76.4066
2030,5103007,80.0
2024,5103056,61.97
2025,5103056,65.43
2026,5103056,68.73
2027,5103056,71.86
2028,5103056,74.78
2029,5103056,77.5
2030,5103056,80.0
2024,5103106,78.8979
2025,5103106,79.0847
2026,5103106,79.2702
2027,5103106,79.4544
2028,5103106,79.6375
2029,5103106,79.8194
2030,5103106,80.0
2024,5103205,54.2975
2025,5103205,59.2583
2026,5103205,64.0373
2027,5103205,68.5531
2028,5103205,72.7433
2029,5103205,76.566
2030,5103205,80.0
2024,5103254,47.7806
2025,5103254,53.9175
2026,5103254,59.9378
2027,5103254,65.6724
2028,5103254,70.9835
2029,5103254,75.776
2030,5103254,80.0
2024,5103304,61.4583
2025,5103304,65.0195
2026,5103304,68.4208
2027,5103304,71.6356
2028,5103304,74.6444
2029,5103304,77.4346
2030,5103304,80.0
2024,5103353,42.3104
2025,5103353,49.317
2026,5103353,56.3506
2027,5103353,63.1376
2028,5103353,69.4416
2029,5103353,75.0929
2030,5103353,80.0
2024,5103361,47.0224
2025,5103361,53.2872
2026,5103361,59.45
2027,5103361,65.3288
2028,5103361,70.7743
2029,5103361,75.6829
2030,5103361,80.0
2024,5103379,61.9408
2025,5103379,65.4055
2026,5103379,68.7141
2027,5103379,71.8425
2028,5103379,74.773
2029,5103379,77.494
2030,5103379,80.0
2024,5103403,58.2588
2025,5103403,62.4546
2026,5103403,66.4713
2027,5103403,70.263
2028,5103403,73.7948
2029,5103403,77.0443
2030,5103403,80.0
2024,5103437,40.1388
2025,5103437,47.4516
2026,5103437,54.8755
2027,5103437,62.0884
2028,5103437,68.8039
2029,5103437,74.8124
2030,5103437,80.0
2024,5103452,61.7994
2025,5103452,65.2924
2026,5103452,68.6282
2027,5103452,71.7819
2028,5103452,74.7353
2029,5103452,77.4766
2030,5103452,80.0
2024,5103502,56.7198
2025,5103502,61.2161
2026,5103502,65.5292
2027,5103502,69.6008
2028,5103502,73.3868
2029,5103502,76.8581
2030,5103502,80.0
2024,5103601,80.0
2025,5103601,80.0
2026,5103601,80.0
2027,5103601,80.0
2028,5103601,80.0
2029,5103601,80.0
2030,5103601,80.0
2024,5103700,67.5997
2025,5103700,69.9289
2026,5103700,72.1595
2027,5103700,74.2856
2028,5103700,76.3026
2029,5103700,78.2078
2030,5103700,80.0
2024,5103809,80.0
2025,5103809,80.0
2026,5103809,80.0
2027,5103809,80.0
2028,5103809,80.0
2029,5103809,80.0
2030,5103809,80.0
2024,5103858,50.6769
2025,5103858,56.3066
2026,5103858,61.7783
2027,5103858,66.9668
2028,5103858,71.7729
2029,5103858,76.1289
2030,5103858,80.0
2024,5103908,80.0
2025,5103908,80.0
2026,5103908,80.0
2027,5103908,80.0
2028,5103908,80.0
2029,5103908,80.0
2030,5103908,80.0
2024,5103957,80.0
2025,5103957,80.0
2026,5103957,80.0
2027,5103957,80.0
2028,5103957,80.0
2029,5103957,80.0
2030,5103957,80.0
2024,5104104,63.9827
2025,5104104,67.0378
2026,5104104,69.9554
2027,5104104,72.7198
2028,5104104,75.3197
2029,5104104,77.7475
2030,5104104,80.0
2024,5104203,80.0
2025,5104203,80.0
2026,5104203,80.0
2027,5104203,80.0
2028,5104203,80.0
2029,5104203,80.0
2030,5104203,80.0
2024,5104500,50.3997
2025,5104500,56.0791
2026,5104500,61.6036
2027,5104500,66.8441
2028,5104500,71.6979
2029,5104500,76.0953
2030,5104500,80.0
2024,5104526,64.8277
2025,5104526,67.713
2026,5104526,70.4693
2027,5104526,73.0839
2028,5104526,75.5474
2029,5104526,77.8536
2030,5104526,80.0
2024,5104542,80.0
2025,5104542,80.0
2026,5104542,80.0
2027,5104542,80.0
2028,5104542,80.0
2029,5104542,80.0
2030,5104542,80.0
2024,5104559,61.6414
2025,5104559,65.166
2026,5104559,68.5321
2027,5104559,71.7141
2028,5104559,74.6932
2029,5104559,77.4571
2030,5104559,80.0
2024,5104609,48.5266
2025,5104609,54.5356
2026,5104609,60.4152
2027,5104609,66.0085
2028,5104609,71.1883
2029,5104609,75.8673
2030,5104609,80.0
2024,5104807,60.8254
2025,5104807,64.5129
2026,5104807,68.0358
2027,5104807,71.3642
2028,5104807,74.476
2029,5104807,77.3569
2030,5104807,80.0
2024,5104906,59.891
2025,5104906,63.7644
2026,5104906,67.467
2027,5104906,70.9635
2028,5104906,74.2277
2029,5104906,77.2427
2030,5104906,80.0
2024,5105002,52.1171
2025,5105002,57.4849
2026,5105002,62.6817
2027,5105002,67.6014
2028,5105002,72.1606
2029,5105002,76.3031
2030,5105002,80.0
2024,5105101,57.7551
2025,5105101,62.0496
2026,5105101,66.1634
2027,5105101,70.0464
2028,5105101,73.6613
2029,5105101,76.9833
2030,5105101,80.0
2024,5105150,51.0919
2025,5105150,56.6467
2026,5105150,62.0394
2027,5105150,67.1503
2028,5105150,71.8849
2029,5105150,76.1791
2030,5105150,80.0
2024,5105176,63.0704
2025,5105176,66.3087
2026,5105176,69.4008
2027,5105176,72.3275
2028,5105176,75.0749
2029,5105176,77.6338
2030,5105176,80.0
2024,5105200,53.7864
2025,5105200,58.8436
2026,5105200,63.7207
2027,5105200,68.3309
2028,5105200,72.6071
2029,5105200,76.5044
2030,5105200,80.0
2024,5105234,80.0
2025,5105234,80.0
2026,5105234,80.0
2027,5105234,80.0
2028,5105234,80.0
2029,5105234,80.0
2030,5105234,80.0
2024,5105259,66.5905
2025,5105259,69.1218
2026,5105259,71.5432
2027,5105259,73.8466
2028,5105259,76.026
2029,5105259,78.0777
2030,5105259,80.0
2024,5105309,44.1685
2025,5105309,50.8943
2026,5105309,57.5879
2027,5105309,64.0143
2028,5105309,69.9746
2029,5105309,75.3281
2030,5105309,80.0
2024,5105507,52.1687
2025,5105507,57.5269
2026,5105507,62.714
2027,5105507,67.624
2028,5105507,72.1744
2029,5105507,76.3093
2030,5105507,80.0
2024,5105580,65.2252
2025,5105580,68.0305
2026,5105580,70.7112
2027,5105580,73.2555
2028,5105580,75.6548
2029,5105580,77.9038
2030,5105580,80.0
2024,5105606,67.9472
2025,5105606,70.2069
2026,5105606,72.3721
2027,5105606,74.4372
2028,5105606,76.3983
2029,5105606,78.253
2030,5105606,80.0
2024,5105622,56.357
2025,5105622,60.9236
2026,5105622,65.3065
2027,5105622,69.4444
2028,5105622,73.2906
2029,5105622,76.8143
2030,5105622,80.0
2024,5105903,60.7671
2025,5105903,64.4662
2026,5105903,68.0003
2027,5105903,71.3391
2028,5105903,74.4604
2029,5105903,77.3498
2030,5105903,80.0
2024,5106000,52.7863
2025,5106000,58.0304
2026,5106000,63.0993
2027,5106000,67.8946
2028,5106000,72.3399
2029,5106000,76.3838
2030,5106000,80.0
2024,5106109,70.3808
2025,5106109,72.1577
2026,5106109,73.8676
2027,5106109,75.5081
2028,5106109,77.0776
2029,5106109,78.575
2030,5106109,80.0
2024,5106158,74.3391
2025,5106158,75.3513
2026,5106158,76.3364
2027,5106158,77.2939
2028,5106158,78.2237
2029,5106158,79.1258
2030,5106158,80.0
2024,5106174,51.3422
2025,5106174,56.8516
2026,5106174,62.1966
2027,5106174,67.2607
2028,5106174,71.9523
2029,5106174,76.2094
2030,5106174,80.0
2024,5106182,59.2892
2025,5106182,63.2819
2026,5106182,67.1002
2027,5106182,70.7053
2028,5106182,74.068
2029,5106182,77.1694
2030,5106182,80.0
2024,5106190,79.3328
2025,5106190,79.4451
2026,5106190,79.557
2027,5106190,79.6684
2028,5106190,79.7794
2029,5106190,79.8899
2030,5106190,80.0
2024,5106208,59.6905
2025,5106208,63.6037
2026,5106208,67.3448
2027,5106208,70.8775
2028,5106208,74.1745
2029,5106208,77.2183
2030,5106208,80.0
2024,5106216,60.4502
2025,5106216,64.2125
2026,5106216,67.8075
2027,5106216,71.2033
2028,5106216,74.3762
2029,5106216,77.311
2030,5106216,80.0
2024,5106224,66.7891
2025,5106224,69.2805
2026,5106224,71.6643
2027,5106224,73.9328
2028,5106224,76.0802
2029,5106224,78.1032
2030,5106224,80.0
2024,5106232,55.5623
2025,5106232,60.282
2026,5106232,64.8178
2027,5106232,69.1012
2028,5106232,73.0797
2029,5106232,76.7185
2030,5106232,80.0
2024,5106240,74.2806
2025,5106240,75.3039
2026,5106240,76.2995
2027,5106240,77.267
2028,5106240,78.2063
2029,5106240,79.1173
2030,5106240,80.0
2024,5106257,72.9299
2025,5106257,74.2105
2026,5106257,75.451
2027,5106257,76.6505
2028,5106257,77.8087
2029,5106257,78.9252
2030,5106257,80.0
2024,5106265,57.9903
2025,5106265,62.2387
2026,5106265,66.3072
2027,5106265,70.1476
2028,5106265,73.7236
2029,5106265,77.0117
2030,5106265,80.0
2024,5106273,65.7714
2025,5106273,68.4671
2026,5106273,71.0439
2027,5106273,73.4916
2028,5106273,75.8029
2029,5106273,77.9731
2030,5106273,80.0
2024,5106281,62.3314
2025,5106281,65.7179
2026,5106281,68.9516
2027,5106281,72.0102
2028,5106281,74.8772
2029,5106281,77.5422
2030,5106281,80.0
2024,5106299,63.8832
2025,5106299,66.9583
2026,5106299,69.8949
2027,5106299,72.677
2028,5106299,75.2929
2029,5106299,77.7351
2030,5106299,80.0
2024,5106307,50.9882
2025,5106307,56.5618
2026,5106307,61.9742
2027,5106307,67.1045
2028,5106307,71.8569
2029,5106307,76.1666
2030,5106307,80.0
2024,5106315,72.6137
2025,5106315,73.9552
2026,5106315,75.2534
2027,5106315,76.5074
2028,5106315,77.7167
2029,5106315,78.8809
2030,5106315,80.0
2024,5106372,60.592
2025,5106372,64.326
2026,5106372,67.8938
2027,5106372,71.2641
2028,5106372,74.4139
2029,5106372,77.3283
2030,5106372,80.0
2024,5106422,42.7295
2025,5106422,49.6742
2026,5106422,56.6316
2027,5106422,63.3369
2028,5106422,69.5628
2029,5106422,75.1463
2030,5106422,80.0
2024,5106455,62.1652
2025,5106455,65.585
2026,5106455,68.8506
2027,5106455,71.9388
2028,5106455,74.8329
2029,5106455,77.5217
2030,5106455,80.0
2024,5106505,38.4472
2025,5106505,45.9806
2026,5106505,53.7022
2027,5106505,61.2502
2028,5106505,68.2942
2029,5106505,74.589
2030,5106505,80.0
2024,5106653,71.3178
2025,5106653,72.9109
2026,5106653,74.4472
2027,5106653,75.9252
2028,5106653,77.3437
2029,5106653,78.702
2030,5106653,80.0
2024,5106703,77.2529
2025,5106703,77.7286
2026,5106703,78.1972
2027,5106703,78.6586
2028,5106703,79.1129
2029,5106703,79.56
2030,5106703,80.0
2024,5106752,69.9418
2025,5106752,71.8052
2026,5106752,73.5968
2027,5106752,75.3136
2028,5106752,76.9538
2029,5106752,78.5161
2030,5106752,80.0
2024,5106778,38.1268
2025,5106778,45.7
2026,5106778,53.4773
2027,5106778,61.0892
2028,5106778,68.1963
2029,5106778,74.5461
2030,5106778,80.0
2024,5106802,76.25
2025,5106802,76.9072
2026,5106802,77.5515
2027,5106802,78.183
2028,5106802,78.8016
2029,5106802,79.4073
2030,5106802,80.0
2024,5106828,49.7398
2025,5106828,55.5366
2026,5106828,61.1865
2027,5106828,66.5509
2028,5106828,71.519
2029,5106828,76.0152
2030,5106828,80.0
2024,5106851,80.0
2025,5106851,80.0
2026,5106851,80.0
2027,5106851,80.0
2028,5106851,80.0
2029,5106851,80.0
2030,5106851,80.0
2024,5107008,52.4691
2025,5107008,57.772
2026,5107008,62.9015
2027,5107008,67.7558
2028,5107008,72.255
2029,5107008,76.3456
2030,5107008,80.0
2024,5107040,54.2124
2025,5107040,59.1893
2026,5107040,63.9846
2027,5107040,68.5162
2028,5107040,72.7206
2029,5107040,76.5558
2030,5107040,80.0
2024,5107065,61.5166
2025,5107065,65.0661
2026,5107065,68.4562
2027,5107065,71.6606
2028,5107065,74.6599
2029,5107065,77.4417
2030,5107065,80.0
2024,5107107,80.0
2025,5107107,80.0
2026,5107107,80.0
2027,5107107,80.0
2028,5107107,80.0
2029,5107107,80.0
2030,5107107,80.0
2024,5107156,76.8225
2025,5107156,77.3757
2026,5107156,77.9194
2027,5107156,78.4537
2028,5107156,78.9786
2029,5107156,79.494
2030,5107156,80.0
2024,5107180,66.1438
2025,5107180,68.7647
2026,5107180,71.2708
2027,5107180,73.6528
2028,5107180,75.9042
2029,5107180,78.0205
2030,5107180,80.0
2024,5107198,54.0506
2025,5107198,59.058
2026,5107198,63.8844
2027,5107198,68.4458
2028,5107198,72.6775
2029,5107198,76.5363
2030,5107198,80.0
2024,5107206,53.0
2025,5107206,59.0
2026,5107206,63.0
2027,5107206,68.0
2028,5107206,72.0
2029,5107206,76.0
2030,5107206,80.0
2024,5107248,72.8383
2025,5107248,74.1366
2026,5107248,75.3937
2027,5107248,76.609
2028,5107248,77.782
2029,5107248,78.9124
2030,5107248,80.0
2024,5107263,56.6945
2025,5107263,61.1957
2026,5107263,65.5137
2027,5107263,69.5899
2028,5107263,73.3801
2029,5107263,76.8551
2030,5107263,80.0
2024,5107297,80.0
2025,5107297,80.0
2026,5107297,80.0
2027,5107297,80.0
2028,5107297,80.0
2029,5107297,80.0
2030,5107297,80.0
2024,5107305,74.2305
2025,5107305,75.2632
2026,5107305,76.2678
2027,5107305,77.244
2028,5107305,78.1914
2029,5107305,79.1101
2030,5107305,80.0
2024,5107354,56.036
2025,5107354,60.6646
2026,5107354,65.1093
2027,5107354,69.3059
2028,5107354,73.2054
2029,5107354,76.7756
2030,5107354,80.0
2024,5107404,73.9967
2025,5107404,75.0737
2026,5107404,76.1205
2027,5107404,77.1367
2028,5107404,78.1221
2029,5107404,79.0765
2030,5107404,80.0
2024,5107578,36.1753
2025,5107578,43.9772
2026,5107578,52.0885
2027,5107578,60.0911
2028,5107578,67.5889
2029,5107578,74.2809
2030,5107578,80.0
2024,5107602,57.2589
2025,5107602,61.6504
2026,5107602,65.8597
2027,5107602,69.833
2028,5107602,73.5298
2029,5107602,76.9232
2030,5107602,80.0
2024,5107701,58.0155
2025,5107701,62.259
2026,5107701,66.3226
2027,5107701,70.1584
2028,5107701,73.7303
2029,5107701,77.0148
2030,5107701,80.0
2024,5107743,57.9063
2025,5107743,62.1712
2026,5107743,66.2558
2027,5107743,70.1115
2028,5107743,73.7014
2029,5107743,77.0016
2030,5107743,80.0
2024,5107750,80.0
2025,5107750,80.0
2026,5107750,80.0
2027,5107750,80.0
2028,5107750,80.0
2029,5107750,80.0
2030,5107750,80.0
2024,5107768,67.2606
2025,5107768,69.6576
2026,5107768,71.9523
2027,5107768,74.1378
2028,5107768,76.2094
2029,5107768,78.1639
2030,5107768,80.0
2024,5107776,46.1007
2025,5107776,52.518
2026,5107776,58.8533
2027,5107776,64.9081
2028,5107776,70.5182
2029,5107776,75.5691
2030,5107776,80.0
2024,5107792,64.1153
2025,5107792,67.1437
2026,5107792,70.036
2027,5107792,72.7769
2028,5107792,75.3553
2029,5107792,77.7641
2030,5107792,80.0
2024,5107800,58.1078
2025,5107800,62.3332
2026,5107800,66.379
2027,5107800,70.1981
2028,5107800,73.7548
2029,5107800,77.026
2030,5107800,80.0
2024,5107859,41.615
2025,5107859,48.7224
2026,5107859,55.8818
2027,5107859,62.8047
2028,5107859,69.2393
2029,5107859,75.0038
2030,5107859,80.0
2024,5107875,71.3925
2025,5107875,72.971
2026,5107875,74.4935
2027,5107875,75.9586
2028,5107875,77.365
2029,5107875,78.7122
2030,5107875,80.0
2024,5107883,67.7321
2025,5107883,70.0348
2026,5107883,72.2405
2027,5107883,74.3433
2028,5107883,76.339
2029,5107883,78.225
2030,5107883,80.0
2024,5107909,60.8421
2025,5107909,64.5263
2026,5107909,68.0459
2027,5107909,71.3713
2028,5107909,74.4804
2029,5107909,77.3589
2030,5107909,80.0
2024,5107925,79.2133
2025,5107925,79.346
2026,5107925,79.478
2027,5107925,79.6095
2028,5107925,79.7403
2029,5107925,79.8705
2030,5107925,80.0
2024,5107941,56.1459
2025,5107941,60.7533
2026,5107941,65.1768
2027,5107941,69.3533
2028,5107941,73.2346
2029,5107941,76.7888
2030,5107941,80.0
2024,5107958,53.829
2025,5107958,58.8782
2026,5107958,63.7471
2027,5107958,68.3494
2028,5107958,72.6185
2029,5107958,76.5096
2030,5107958,80.0
2024,5108006,59.9161
2025,5108006,63.7845
2026,5108006,67.4822
2027,5108006,70.9742
2028,5108006,74.2344
2029,5108006,77.2458
2030,5108006,80.0
2024,5108055,62.2483
2025,5108055,65.6515
2026,5108055,68.9011
2027,5108055,71.9745
2028,5108055,74.8551
2029,5108055,77.5319
2030,5108055,80.0
2024,5108105,52.0
2025,5108105,58.0
2026,5108105,63.0
2027,5108105,68.0
2028,5108105,72.0
2029,5108105,76.0
2030,5108105,80.0
2024,5108204,80.0
2025,5108204,80.0
2026,5108204,80.0
2027,5108204,80.0
2028,5108204,80.0
2029,5108204,80.0
2030,5108204,80.0
2024,5108303,63.6262
2025,5108303,66.7529
2026,5108303,69.7386
2027,5108303,72.5664
2028,5108303,75.2239
2029,5108303,77.703
2030,5108303,80.0
2024,5108352,53.9228
2025,5108352,58.9543
2026,5108352,63.8052
2027,5108352,68.3902
2028,5108352,72.6435
2029,5108352,76.5209
2030,5108352,80.0
2024,5108402,53.18
2025,5108402,58.3509
2026,5108402,63.3442
2027,5108402,68.0666
2028,5108402,72.4452
2029,5108402,76.4313
2030,5108402,80.0
2024,5108501,41.5416
2025,5108501,48.6595
2026,5108501,55.8321
2027,5108501,62.7694
2028,5108501,69.2178
2029,5108501,74.9943
2030,5108501,80.0
2024,5108600,53.1373
2025,5108600,58.3161
2026,5108600,63.3177
2027,5108600,68.0479
2028,5108600,72.4338
2029,5108600,76.4262
2030,5108600,80.0
2024,5108808,69.95
2025,5108808,71.8119
2026,5108808,73.6019
2027,5108808,75.3173
2028,5108808,76.9561
2029,5108808,78.5172
2030,5108808,80.0
2024,5108857,49.905
2025,5108857,55.6725
2026,5108857,61.2911
2027,5108857,66.6244
2028,5108857,71.5639
2029,5108857,76.0352
2030,5108857,80.0
2024,5108907,64.7615
2025,5108907,67.66
2026,5108907,70.429
2027,5108907,73.0554
2028,5108907,75.5295
2029,5108907,77.8453
2030,5108907,80.0
2024,5108956,77.5825
2025,5108956,77.9994
2026,5108956,78.4107
2027,5108956,78.8165
2028,5108956,79.2166
2029,5108956,79.6111
2030,5108956,80.0
2024,5200050,63.1783
2025,5200050,66.3949
2026,5200050,69.4664
2027,5200050,72.3739
2028,5200050,75.1038
2029,5200050,77.6472
2030,5200050,80.0
2024,5200100,79.111
2025,5200100,79.2611
2026,5200100,79.4105
2027,5200100,79.5591
2028,5200100,79.7068
2029,5200100,79.8538
2030,5200100,80.0
2024,5200134,62.06
2025,5200134,65.5
2026,5200134,68.78
2027,5200134,71.89
2028,5200134,74.8
2029,5200134,77.51
2030,5200134,80.0
2024,5200159,80.0
2025,5200159,80.0
2026,5200159,80.0
2027,5200159,80.0
2028,5200159,80.0
2029,5200159,80.0
2030,5200159,80.0
2024,5200175,59.8242
2025,5200175,63.7109
2026,5200175,67.4263
2027,5200175,70.9348
2028,5200175,74.21
2029,5200175,77.2346
2030,5200175,80.0
2024,5200209,71.2348
2025,5200209,72.8442
2026,5200209,74.3958
2027,5200209,75.8881
2028,5200209,77.32
2029,5200209,78.6907
2030,5200209,80.0
2024,5200258,53.9995
2025,5200258,59.0166
2026,5200258,63.8528
2027,5200258,68.4236
2028,5200258,72.6639
2029,5200258,76.5301
2030,5200258,80.0
2024,5200308,76.84
2025,5200308,77.39
2026,5200308,77.93
2027,5200308,78.46
2028,5200308,78.98
2029,5200308,79.5
2030,5200308,80.0
2024,5200506,80.0
2025,5200506,80.0
2026,5200506,80.0
2027,5200506,80.0
2028,5200506,80.0
2029,5200506,80.0
2030,5200506,80.0
2024,5200555,68.8076
2025,5200555,70.8959
2026,5200555,72.8994
2027,5200555,74.814
2028,5200555,76.6367
2029,5200555,78.3656
2030,5200555,80.0
2024,5200605,80.0
2025,5200605,80.0
2026,5200605,80.0
2027,5200605,80.0
2028,5200605,80.0
2029,5200605,80.0
2030,5200605,80.0
2024,5200803,67.0951
2025,5200803,69.5253
2026,5200803,71.8512
2027,5200803,74.0658
2028,5200803,76.164
2029,5200803,78.1426
2030,5200803,80.0
2024,5200829,80.0
2025,5200829,80.0
2026,5200829,80.0
2027,5200829,80.0
2028,5200829,80.0
2029,5200829,80.0
2030,5200829,80.0
2024,5200852,75.1756
2025,5200852,76.0311
2026,5200852,76.8661
2027,5200852,77.6806
2028,5200852,78.4744
2029,5200852,79.2476
2030,5200852,80.0
2024,5200902,72.2146
2025,5200902,73.6333
2026,5200902,75.0045
2027,5200902,76.3274
2028,5200902,77.6012
2029,5200902,78.8254
2030,5200902,80.0
2024,5201108,73.4296
2025,5201108,74.6145
2026,5201108,75.764
2027,5201108,76.8776
2028,5201108,77.9549
2029,5201108,78.9957
2030,5201108,80.0
2024,5201207,80.0
2025,5201207,80.0
2026,5201207,80.0
2027,5201207,80.0
2028,5201207,80.0
2029,5201207,80.0
2030,5201207,80.0
2024,5201306,80.0
2025,5201306,80.0
2026,5201306,80.0
2027,5201306,80.0
2028,5201306,80.0
2029,5201306,80.0
2030,5201306,80.0
2024,5201405,63.8666
2025,5201405,66.945
2026,5201405,69.8848
2027,5201405,72.6699
2028,5201405,75.2885
2029,5201405,77.733
2030,5201405,80.0
2024,5201454,62.9708
2025,5201454,66.2291
2026,5201454,69.3403
2027,5201454,72.2847
2028,5201454,75.0482
2029,5201454,77.6214
2030,5201454,80.0
2024,5201504,64.9354
2025,5201504,67.799
2026,5201504,70.5348
2027,5201504,73.1304
2028,5201504,75.5764
2029,5201504,77.8672
2030,5201504,80.0
2024,5201603,77.6756
2025,5201603,78.076
2026,5201603,78.4712
2027,5201603,78.8612
2028,5201603,79.246
2029,5201603,79.6256
2030,5201603,80.0
2024,5201702,66.2596
2025,5201702,68.8572
2026,5201702,71.3414
2027,5201702,73.703
2028,5201702,75.9357
2029,5201702,78.0353
2030,5201702,80.0
2024,5201801,59.1219
2025,5201801,63.1476
2026,5201801,66.9982
2027,5201801,70.6335
2028,5201801,74.0237
2029,5201801,77.149
2030,5201801,80.0
2024,5202155,49.1648
2025,5202155,55.0627
2026,5202155,60.8217
2027,5202155,66.2944
2028,5202155,71.3626
2029,5202155,75.9452
2030,5202155,80.0
2024,5202353,80.0
2025,5202353,80.0
2026,5202353,80.0
2027,5202353,80.0
2028,5202353,80.0
2029,5202353,80.0
2030,5202353,80.0
2024,5202502,79.8458
2025,5202502,79.8716
2026,5202502,79.8973
2027,5202502,79.923
2028,5202502,79.9487
2029,5202502,79.9744
2030,5202502,80.0
2024,5202601,76.5866
2025,5202601,77.1825
2026,5202601,77.7676
2027,5202601,78.3419
2028,5202601,78.9054
2029,5202601,79.4581
2030,5202601,80.0
2024,5202809,72.7884
2025,5202809,74.0963
2026,5202809,75.3625
2027,5202809,76.5864
2028,5202809,77.7675
2029,5202809,78.9054
2030,5202809,80.0
2024,5203104,66.8635
2025,5203104,69.34
2026,5203104,71.7098
2027,5203104,73.9651
2028,5203104,76.1006
2029,5203104,78.1127
2030,5203104,80.0
2024,5203203,80.0
2025,5203203,80.0
2026,5203203,80.0
2027,5203203,80.0
2028,5203203,80.0
2029,5203203,80.0
2030,5203203,80.0
2024,5203302,64.3225
2025,5203302,67.3092
2026,5203302,70.162
2027,5203302,72.8661
2028,5203302,75.4111
2029,5203302,77.7901
2030,5203302,80.0
2024,5203401,79.2645
2025,5203401,79.3885
2026,5203401,79.5119
2027,5203401,79.6347
2028,5203401,79.757
2029,5203401,79.8788
2030,5203401,80.0
2024,5203500,76.393
2025,5203500,77.0241
2026,5203500,77.6432
2027,5203500,78.2504
2028,5203500,78.8456
2029,5203500,79.4288
2030,5203500,80.0
2024,5203559,61.6746
2025,5203559,65.1926
2026,5203559,68.5523
2027,5203559,71.7284
2028,5203559,74.702
2029,5203559,77.4612
2030,5203559,80.0
2024,5203575,53.9995
2025,5203575,59.0166
2026,5203575,63.8528
2027,5203575,68.4236
2028,5203575,72.6639
2029,5203575,76.5301
2030,5203575,80.0
2024,5203609,54.025
2025,5203609,59.0373
2026,5203609,63.8686
2027,5203609,68.4347
2028,5203609,72.6707
2029,5203609,76.5332
2030,5203609,80.0
2024,5203807,80.0
2025,5203807,80.0
2026,5203807,80.0
2027,5203807,80.0
2028,5203807,80.0
2029,5203807,80.0
2030,5203807,80.0
2024,5203906,70.7787
2025,5203906,72.4774
2026,5203906,74.1134
2027,5203906,75.6848
2028,5203906,77.1902
2029,5203906,78.6287
2030,5203906,80.0
2024,5203939,80.0
2025,5203939,80.0
2026,5203939,80.0
2027,5203939,80.0
2028,5203939,80.0
2029,5203939,80.0
2030,5203939,80.0
2024,5203962,54.3316
2025,5203962,59.2859
2026,5203962,64.0583
2027,5203962,68.5679
2028,5203962,72.7524
2029,5203962,76.5701
2030,5203962,80.0
2024,5204003,71.3095
2025,5204003,72.9042
2026,5204003,74.4421
2027,5204003,75.9215
2028,5204003,77.3413
2029,5204003,78.7009
2030,5204003,80.0
2024,5204102,74.2472
2025,5204102,75.2768
2026,5204102,76.2784
2027,5204102,77.2516
2028,5204102,78.1964
2029,5204102,79.1125
2030,5204102,80.0
2024,5204201,67.4508
2025,5204201,69.8098
2026,5204201,72.0685
2027,5204201,74.2207
2028,5204201,76.2617
2029,5204201,78.1885
2030,5204201,80.0
2024,5204250,73.6797
2025,5204250,74.8169
2026,5204250,75.9211
2027,5204250,76.9917
2028,5204250,78.0285
2029,5204250,79.0312
2030,5204250,80.0
2024,5204300,74.2806
2025,5204300,75.3039
2026,5204300,76.2995
2027,5204300,77.267
2028,5204300,78.2063
2029,5204300,79.1173
2030,5204300,80.0
2024,5204409,77.1009
2025,5204409,77.6039
2026,5204409,78.099
2027,5204409,78.5861
2028,5204409,79.0653
2029,5204409,79.5366
2030,5204409,80.0
2024,5204508,62.3397
2025,5204508,65.7245
2026,5204508,68.9566
2027,5204508,72.0137
2028,5204508,74.8795
2029,5204508,77.5432
2030,5204508,80.0
2024,5204557,73.2713
2025,5204557,74.4865
2026,5204557,75.6647
2027,5204557,76.8055
2028,5204557,77.9085
2029,5204557,78.9733
2030,5204557,80.0
2024,5204607,79.4438
2025,5204607,79.5373
2026,5204607,79.6305
2027,5204607,79.7233
2028,5204607,79.8159
2029,5204607,79.9081
2030,5204607,80.0
2024,5204656,71.9654
2025,5204656,73.4323
2026,5204656,74.8494
2027,5204656,76.2153
2028,5204656,77.5293
2029,5204656,78.7909
2030,5204656,80.0
2024,5204706,74.7404
2025,5204706,75.6771
2026,5204706,76.5901
2027,5204706,77.4789
2028,5204706,78.3436
2029,5204706,79.1839
2030,5204706,80.0
2024,5204805,79.9143
2025,5204805,79.9286
2026,5204805,79.9429
2027,5204805,79.9572
2028,5204805,79.9715
2029,5204805,79.9857
2030,5204805,80.0
2024,5204854,80.0
2025,5204854,80.0
2026,5204854,80.0
2027,5204854,80.0
2028,5204854,80.0
2029,5204854,80.0
2030,5204854,80.0
2024,5204904,67.6245
2025,5204904,69.9487
2026,5204904,72.1747
2027,5204904,74.2964
2028,5204904,76.3094
2029,5204904,78.211
2030,5204904,80.0
2024,5204953,66.3837
2025,5204953,68.9564
2026,5204953,71.417
2027,5204953,73.7568
2028,5204953,75.9695
2029,5204953,78.0512
2030,5204953,80.0
2024,5205000,79.0172
2025,5205000,79.1834
2026,5205000,79.3487
2027,5205000,79.513
2028,5205000,79.6763
2029,5205000,79.8386
2030,5205000,80.0
2024,5205059,80.0
2025,5205059,80.0
2026,5205059,80.0
2027,5205059,80.0
2028,5205059,80.0
2029,5205059,80.0
2030,5205059,80.0
2024,5205109,67.3516
2025,5205109,69.7304
2026,5205109,72.0079
2027,5205109,74.1774
2028,5205109,76.2344
2029,5205109,78.1757
2030,5205109,80.0
2024,5205208,70.2648
2025,5205208,72.0646
2026,5205208,73.796
2027,5205208,75.4567
2028,5205208,77.0448
2029,5205208,78.5594
2030,5205208,80.0
2024,5205307,63.0
2025,5205307,67.0
2026,5205307,70.0
2027,5205307,73.0
2028,5205307,75.0
2029,5205307,78.0
2030,5205307,80.0
2024,5205406,80.0
2025,5205406,80.0
2026,5205406,80.0
2027,5205406,80.0
2028,5205406,80.0
2029,5205406,80.0
2030,5205406,80.0
2024,5205455,47.3843
2025,5205455,53.5883
2026,5205455,59.6832
2027,5205455,65.4931
2028,5205455,70.8743
2029,5205455,75.7274
2030,5205455,80.0
2024,5205471,80.0
2025,5205471,80.0
2026,5205471,80.0
2027,5205471,80.0
2028,5205471,80.0
2029,5205471,80.0
2030,5205471,80.0
2024,5205497,56.036
2025,5205497,60.6646
2026,5205497,65.1093
2027,5205497,69.3059
2028,5205497,73.2054
2029,5205497,76.7756
2030,5205497,80.0
2024,5205513,79.5976
2025,5205513,79.6651
2026,5205513,79.7324
2027,5205513,79.7996
2028,5205513,79.8665
2029,5205513,79.9334
2030,5205513,80.0
2024,5205521,65.5645
2025,5205521,68.3017
2026,5205521,70.9178
2027,5205521,73.4021
2028,5205521,75.7468
2029,5205521,77.9468
2030,5205521,80.0
2024,5205703,77.7856
2025,5205703,78.1665
2026,5205703,78.5427
2027,5205703,78.9141
2028,5205703,79.2808
2029,5205703,79.6428
2030,5205703,80.0
2024,5205802,73.3379
2025,5205802,74.5404
2026,5205802,75.7065
2027,5205802,76.8359
2028,5205802,77.928
2029,5205802,78.9827
2030,5205802,80.0
2024,5205901,72.7884
2025,5205901,74.0963
2026,5205901,75.3625
2027,5205901,76.5864
2028,5205901,77.7675
2029,5205901,78.9054
2030,5205901,80.0
2024,5206206,69.8672
2025,5206206,71.7454
2026,5206206,73.5509
2027,5206206,75.2807
2028,5206206,76.9329
2029,5206206,78.5061
2030,5206206,80.0
2024,5206305,80.0
2025,5206305,80.0
2026,5206305,80.0
2027,5206305,80.0
2028,5206305,80.0
2029,5206305,80.0
2030,5206305,80.0
2024,5206404,68.8821
2025,5206404,70.9555
2026,5206404,72.9451
2027,5206404,74.8467
2028,5206404,76.6574
2029,5206404,78.3754
2030,5206404,80.0
2024,5206503,59.8827
2025,5206503,63.7577
2026,5206503,67.4619
2027,5206503,70.9599
2028,5206503,74.2255
2029,5206503,77.2417
2030,5206503,80.0
2024,5206602,76.7635
2025,5206602,77.3273
2026,5206602,77.8814
2027,5206602,78.4257
2028,5206602,78.9603
2029,5206602,79.485
2030,5206602,80.0
2024,5206701,72.05
2025,5206701,73.5
2026,5206701,74.9
2027,5206701,76.25
2028,5206701,77.55
2029,5206701,78.8
2030,5206701,80.0
2024,5206800,80.0
2025,5206800,80.0
2026,5206800,80.0
2027,5206800,80.0
2028,5206800,80.0
2029,5206800,80.0
2030,5206800,80.0
2024,5206909,80.0
2025,5206909,80.0
2026,5206909,80.0
2027,5206909,80.0
2028,5206909,80.0
2029,5206909,80.0
2030,5206909,80.0
2024,5207105,80.0
2025,5207105,80.0
2026,5207105,80.0
2027,5207105,80.0
2028,5207105,80.0
2029,5207105,80.0
2030,5207105,80.0
2024,5207253,78.4726
2025,5207253,78.733
2026,5207253,78.991
2027,5207253,79.2467
2028,5207253,79.5001
2029,5207253,79.7512
2030,5207253,80.0
2024,5207352,77.1515
2025,5207352,77.6454
2026,5207352,78.1317
2027,5207352,78.6103
2028,5207352,79.0812
2029,5207352,79.5444
2030,5207352,80.0
2024,5207402,80.0
2025,5207402,80.0
2026,5207402,80.0
2027,5207402,80.0
2028,5207402,80.0
2029,5207402,80.0
2030,5207402,80.0
2024,5207501,69.2545
2025,5207501,71.254
2026,5207501,73.1739
2027,5207501,75.0105
2028,5207501,76.7612
2029,5207501,78.4246
2030,5207501,80.0
2024,5207535,74.6065
2025,5207535,75.5684
2026,5207535,76.5054
2027,5207535,77.4171
2028,5207535,78.3035
2029,5207535,79.1645
2030,5207535,80.0
2024,5207600,80.0
2025,5207600,80.0
2026,5207600,80.0
2027,5207600,80.0
2028,5207600,80.0
2029,5207600,80.0
2030,5207600,80.0
2024,5207808,77.312
2025,5207808,77.7771
2026,5207808,78.2354
2027,5207808,78.6869
2028,5207808,79.1314
2029,5207808,79.5692
2030,5207808,80.0
2024,5207907,68.8986
2025,5207907,70.9688
2026,5207907,72.9553
2027,5207907,74.854
2028,5207907,76.662
2029,5207907,78.3776
2030,5207907,80.0
2024,5208004,66.028
2025,5208004,68.6721
2026,5208004,71.2002
2027,5208004,73.6026
2028,5208004,75.8726
2029,5208004,78.0058
2030,5208004,80.0
2024,5208103,72.2645
2025,5208103,73.6735
2026,5208103,75.0356
2027,5208103,76.3499
2028,5208103,77.6156
2029,5208103,78.8323
2030,5208103,80.0
2024,5208152,80.0
2025,5208152,80.0
2026,5208152,80.0
2027,5208152,80.0
2028,5208152,80.0
2029,5208152,80.0
2030,5208152,80.0
2024,5208301,79.9229
2025,5208301,79.9357
2026,5208301,79.9486
2027,5208301,79.9615
2028,5208301,79.9743
2029,5208301,79.9872
2030,5208301,80.0
2024,5208400,75.0
2025,5208400,76.0
2026,5208400,77.0
2027,5208400,78.0
2028,5208400,79.0
2029,5208400,79.0
2030,5208400,80.0
2024,5208509,50.3564
2025,5208509,56.0435
2026,5208509,61.5763
2027,5208509,66.8249
2028,5208509,71.6862
2029,5208509,76.09
2030,5208509,80.0
2024,5208608,79.8201
2025,5208608,79.8502
2026,5208608,79.8802
2027,5208608,79.9102
2028,5208608,79.9402
2029,5208608,79.9701
2030,5208608,80.0
2024,5208707,68.7414
2025,5208707,70.8428
2026,5208707,72.8588
2027,5208707,74.785
2028,5208707,76.6183
2029,5208707,78.3569
2030,5208707,80.0
2024,5208806,70.8616
2025,5208806,72.544
2026,5208806,74.1647
2027,5208806,75.7217
2028,5208806,77.2138
2029,5208806,78.6399
2030,5208806,80.0
2024,5208905,69.4863
2025,5208905,71.4399
2026,5208905,73.3164
2027,5208905,75.1126
2028,5208905,76.826
2029,5208905,78.4554
2030,5208905,80.0
2024,5209101,70.0909
2025,5209101,71.9249
2026,5209101,73.6887
2027,5209101,75.3796
2028,5209101,76.9958
2029,5209101,78.5361
2030,5209101,80.0
2024,5209150,46.0
2025,5209150,53.0
2026,5209150,59.0
2027,5209150,65.0
2028,5209150,71.0
2029,5209150,76.0
2030,5209150,80.0
2024,5209200,66.7808
2025,5209200,69.2739
2026,5209200,71.6593
2027,5209200,73.9292
2028,5209200,76.078
2029,5209200,78.1021
2030,5209200,80.0
2024,5209291,73.7464
2025,5209291,74.8709
2026,5209291,75.963
2027,5209291,77.0221
2028,5209291,78.0481
2029,5209291,79.0408
2030,5209291,80.0
2024,5209408,39.0855
2025,5209408,46.5376
2026,5209408,54.1476
2027,5209408,61.5688
2028,5209408,68.488
2029,5209408,74.6738
2030,5209408,80.0
2024,5209457,56.9474
2025,5209457,61.3995
2026,5209457,65.6688
2027,5209457,69.6989
2028,5209457,73.4472
2029,5209457,76.8856
2030,5209457,80.0
2024,5209606,57.9567
2025,5209606,62.2117
2026,5209606,66.2867
2027,5209606,70.1331
2028,5209606,73.7147
2029,5209606,77.0077
2030,5209606,80.0
2024,5209705,70.7372
2025,5209705,72.4441
2026,5209705,74.0878
2027,5209705,75.6664
2028,5209705,77.1785
2029,5209705,78.6231
2030,5209705,80.0
2024,5209804,70.1488
2025,5209804,71.9714
2026,5209804,73.7244
2027,5209804,75.4053
2028,5209804,77.0121
2029,5209804,78.5438
2030,5209804,80.0
2024,5209903,66.6319
2025,5209903,69.1548
2026,5209903,71.5684
2027,5209903,73.8645
2028,5209903,76.0373
2029,5209903,78.083
2030,5209903,80.0
2024,5209937,76.7719
2025,5209937,77.3342
2026,5209937,77.8868
2027,5209937,78.4297
2028,5209937,78.9629
2029,5209937,79.4863
2030,5209937,80.0
2024,5209952,69.2297
2025,5209952,71.2341
2026,5209952,73.1586
2027,5209952,74.9995
2028,5209952,76.7543
2029,5209952,78.4214
2030,5209952,80.0
2024,5210000,80.0
2025,5210000,80.0
2026,5210000,80.0
2027,5210000,80.0
2028,5210000,80.0
2029,5210000,80.0
2030,5210000,80.0
2024,5210109,66.7064
2025,5210109,69.2144
2026,5210109,71.6139
2027,5210109,73.8968
2028,5210109,76.0576
2029,5210109,78.0925
2030,5210109,80.0
2024,5210158,80.0
2025,5210158,80.0
2026,5210158,80.0
2027,5210158,80.0
2028,5210158,80.0
2029,5210158,80.0
2030,5210158,80.0
2024,5210208,78.6001
2025,5210208,78.8383
2026,5210208,79.0745
2027,5210208,79.3088
2028,5210208,79.5411
2029,5210208,79.7715
2030,5210208,80.0
2024,5210307,80.0
2025,5210307,80.0
2026,5210307,80.0
2027,5210307,80.0
2028,5210307,80.0
2029,5210307,80.0
2030,5210307,80.0
2024,5210406,79.111
2025,5210406,79.2611
2026,5210406,79.4105
2027,5210406,79.5591
2028,5210406,79.7068
2029,5210406,79.8538
2030,5210406,80.0
2024,5210562,80.0
2025,5210562,80.0
2026,5210562,80.0
2027,5210562,80.0
2028,5210562,80.0
2029,5210562,80.0
2030,5210562,80.0
2024,5210604,80.0
2025,5210604,80.0
2026,5210604,80.0
2027,5210604,80.0
2028,5210604,80.0
2029,5210604,80.0
2030,5210604,80.0
2024,5210802,80.0
2025,5210802,80.0
2026,5210802,80.0
2027,5210802,80.0
2028,5210802,80.0
2029,5210802,80.0
2030,5210802,80.0
2024,5210901,79.0087
2025,5210901,79.1764
2026,5210901,79.3431
2027,5210901,79.5088
2028,5210901,79.6735
2029,5210901,79.8373
2030,5210901,80.0
2024,5211008,41.1739
2025,5211008,48.3439
2026,5211008,55.5827
2027,5211008,62.5921
2028,5211008,69.1101
2029,5211008,74.9469
2030,5211008,80.0
2024,5211206,80.0
2025,5211206,80.0
2026,5211206,80.0
2027,5211206,80.0
2028,5211206,80.0
2029,5211206,80.0
2030,5211206,80.0
2024,5211305,77.2106
2025,5211305,77.6939
2026,5211305,78.1699
2027,5211305,78.6385
2028,5211305,79.0997
2029,5211305,79.5535
2030,5211305,80.0
2024,5211404,80.0
2025,5211404,80.0
2026,5211404,80.0
2027,5211404,80.0
2028,5211404,80.0
2029,5211404,80.0
2030,5211404,80.0
2024,5211503,71.4091
2025,5211503,72.9844
2026,5211503,74.5038
2027,5211503,75.966
2028,5211503,77.3698
2029,5211503,78.7145
2030,5211503,80.0
2024,5211602,80.0
2025,5211602,80.0
2026,5211602,80.0
2027,5211602,80.0
2028,5211602,80.0
2029,5211602,80.0
2030,5211602,80.0
2024,5211701,77.6079
2025,5211701,78.0203
2026,5211701,78.4272
2027,5211701,78.8286
2028,5211701,79.2246
2029,5211701,79.615
2030,5211701,80.0
2024,5211800,80.0
2025,5211800,80.0
2026,5211800,80.0
2027,5211800,80.0
2028,5211800,80.0
2029,5211800,80.0
2030,5211800,80.0
2024,5211909,66.6319
2025,5211909,69.1548
2026,5211909,71.5684
2027,5211909,73.8645
2028,5211909,76.0373
2029,5211909,78.083
2030,5211909,80.0
2024,5212006,80.0
2025,5212006,80.0
2026,5212006,80.0
2027,5212006,80.0
2028,5212006,80.0
2029,5212006,80.0
2030,5212006,80.0
2024,5212055,80.0
2025,5212055,80.0
2026,5212055,80.0
2027,5212055,80.0
2028,5212055,80.0
2029,5212055,80.0
2030,5212055,80.0
2024,5212105,61.5665
2025,5212105,65.1061
2026,5212105,68.4866
2027,5212105,71.682
2028,5212105,74.6732
2029,5212105,77.4479
2030,5212105,80.0
2024,5212204,62.4643
2025,5212204,65.8242
2026,5212204,69.0324
2027,5212204,72.0672
2028,5212204,74.9127
2029,5212204,77.5587
2030,5212204,80.0
2024,5212253,80.0
2025,5212253,80.0
2026,5212253,80.0
2027,5212253,80.0
2028,5212253,80.0
2029,5212253,80.0
2030,5212253,80.0
2024,5212303,78.0144
2025,5212303,78.3549
2026,5212303,78.6916
2027,5212303,79.0244
2028,5212303,79.3535
2029,5212303,79.6786
2030,5212303,80.0
2024,5212501,66.665
2025,5212501,69.1813
2026,5212501,71.5886
2027,5212501,73.8789
2028,5212501,76.0463
2029,5212501,78.0872
2030,5212501,80.0
2024,5212600,80.0
2025,5212600,80.0
2026,5212600,80.0
2027,5212600,80.0
2028,5212600,80.0
2029,5212600,80.0
2030,5212600,80.0
2024,5212709,55.2827
2025,5212709,60.056
2026,5212709,64.6456
2027,5212709,68.9803
2028,5212709,73.0054
2029,5212709,76.6848
2030,5212709,80.0
2024,5212808,71.2597
2025,5212808,72.8642
2026,5212808,74.4112
2027,5212808,75.8992
2028,5212808,77.3271
2029,5212808,78.6941
2030,5212808,80.0
2024,5212907,80.0
2025,5212907,80.0
2026,5212907,80.0
2027,5212907,80.0
2028,5212907,80.0
2029,5212907,80.0
2030,5212907,80.0
2024,5212956,63.0704
2025,5212956,66.3087
2026,5212956,69.4008
2027,5212956,72.3275
2028,5212956,75.0749
2029,5212956,77.6338
2030,5212956,80.0
2024,5213004,78.6852
2025,5213004,78.9086
2026,5213004,79.1303
2027,5213004,79.3503
2028,5213004,79.5686
2029,5213004,79.7852
2030,5213004,80.0
2024,5213053,68.8324
2025,5213053,70.9158
2026,5213053,72.9146
2027,5213053,74.8249
2028,5213053,76.6436
2029,5213053,78.3689
2030,5213053,80.0
2024,5213087,76.3173
2025,5213087,76.9622
2026,5213087,77.5947
2027,5213087,78.2147
2028,5213087,78.8223
2029,5213087,79.4174
2030,5213087,80.0
2024,5213103,80.0
2025,5213103,80.0
2026,5213103,80.0
2027,5213103,80.0
2028,5213103,80.0
2029,5213103,80.0
2030,5213103,80.0
2024,5213400,80.0
2025,5213400,80.0
2026,5213400,80.0
2027,5213400,80.0
2028,5213400,80.0
2029,5213400,80.0
2030,5213400,80.0
2024,5213509,74.824
2025,5213509,75.7451
2026,5213509,76.643
2027,5213509,77.5176
2028,5213509,78.3686
2029,5213509,79.1961
2030,5213509,80.0
2024,5213707,68.7497
2025,5213707,70.8495
2026,5213707,72.8639
2027,5213707,74.7886
2028,5213707,76.6206
2029,5213707,78.358
2030,5213707,80.0
2024,5213756,68.2532
2025,5213756,70.4519
2026,5213756,72.5595
2027,5213756,74.5711
2028,5213756,76.4829
2029,5213756,78.2929
2030,5213756,80.0
2024,5213772,62.7882
2025,5213772,66.0831
2026,5213772,69.2293
2027,5213772,72.2063
2028,5213772,74.9993
2029,5213772,77.5988
2030,5213772,80.0
2024,5213806,65.2003
2025,5213806,68.0107
2026,5213806,70.6961
2027,5213806,73.2447
2028,5213806,75.6481
2029,5213806,77.9007
2030,5213806,80.0
2024,5213855,80.0
2025,5213855,80.0
2026,5213855,80.0
2027,5213855,80.0
2028,5213855,80.0
2029,5213855,80.0
2030,5213855,80.0
2024,5213905,80.0
2025,5213905,80.0
2026,5213905,80.0
2027,5213905,80.0
2028,5213905,80.0
2029,5213905,80.0
2030,5213905,80.0
2024,5214002,55.9599
2025,5214002,60.6032
2026,5214002,65.0625
2027,5214002,69.273
2028,5214002,73.1852
2029,5214002,76.7664
2030,5214002,80.0
2024,5214051,80.0
2025,5214051,80.0
2026,5214051,80.0
2027,5214051,80.0
2028,5214051,80.0
2029,5214051,80.0
2030,5214051,80.0
2024,5214101,80.0
2025,5214101,80.0
2026,5214101,80.0
2027,5214101,80.0
2028,5214101,80.0
2029,5214101,80.0
2030,5214101,80.0
2024,5214408,79.1451
2025,5214408,79.2894
2026,5214408,79.433
2027,5214408,79.5759
2028,5214408,79.718
2029,5214408,79.8594
2030,5214408,80.0
2024,5214507,69.9997
2025,5214507,71.8518
2026,5214507,73.6325
2027,5214507,75.3393
2028,5214507,76.9701
2029,5214507,78.5239
2030,5214507,80.0
2024,5214606,73.955
2025,5214606,75.0399
2026,5214606,76.0942
2027,5214606,77.1176
2028,5214606,78.1097
2029,5214606,79.0706
2030,5214606,80.0
2024,5214705,80.0
2025,5214705,80.0
2026,5214705,80.0
2027,5214705,80.0
2028,5214705,80.0
2029,5214705,80.0
2030,5214705,80.0
2024,5214804,20.7929
2025,5214804,29.2454
2026,5214804,39.4237
2027,5214804,50.6105
2028,5214804,61.7365
2029,5214804,71.7549
2030,5214804,80.0
2024,5214838,66.9214
2025,5214838,69.3863
2026,5214838,71.7451
2027,5214838,73.9903
2028,5214838,76.1164
2029,5214838,78.1202
2030,5214838,80.0
2024,5214861,80.0
2025,5214861,80.0
2026,5214861,80.0
2027,5214861,80.0
2028,5214861,80.0
2029,5214861,80.0
2030,5214861,80.0
2024,5214879,80.0
2025,5214879,80.0
2026,5214879,80.0
2027,5214879,80.0
2028,5214879,80.0
2029,5214879,80.0
2030,5214879,80.0
2024,5214903,64.3804
2025,5214903,67.3556
2026,5214903,70.1972
2027,5214903,72.8911
2028,5214903,75.4267
2029,5214903,77.7974
2030,5214903,80.0
2024,5215009,80.0
2025,5215009,80.0
2026,5215009,80.0
2027,5215009,80.0
2028,5215009,80.0
2029,5215009,80.0
2030,5215009,80.0
2024,5215207,80.0
2025,5215207,80.0
2026,5215207,80.0
2027,5215207,80.0
2028,5215207,80.0
2029,5215207,80.0
2030,5215207,80.0
2024,5215231,56.8715
2025,5215231,61.3384
2026,5215231,65.6223
2027,5215231,69.6662
2028,5215231,73.4271
2029,5215231,76.8764
2030,5215231,80.0
2024,5215256,80.0
2025,5215256,80.0
2026,5215256,80.0
2027,5215256,80.0
2028,5215256,80.0
2029,5215256,80.0
2030,5215256,80.0
2024,5215306,80.0
2025,5215306,80.0
2026,5215306,80.0
2027,5215306,80.0
2028,5215306,80.0
2029,5215306,80.0
2030,5215306,80.0
2024,5215405,80.0
2025,5215405,80.0
2026,5215405,80.0
2027,5215405,80.0
2028,5215405,80.0
2029,5215405,80.0
2030,5215405,80.0
2024,5215504,67.8065
2025,5215504,70.0943
2026,5215504,72.286
2027,5215504,74.3758
2028,5215504,76.3596
2029,5215504,78.2347
2030,5215504,80.0
2024,5215603,61.841
2025,5215603,65.3257
2026,5215603,68.6535
2027,5215603,71.7997
2028,5215603,74.7464
2029,5215603,77.4817
2030,5215603,80.0
2024,5215652,79.6147
2025,5215652,79.6793
2026,5215652,79.7438
2027,5215652,79.8081
2028,5215652,79.8722
2029,5215652,79.9362
2030,5215652,80.0
2024,5215702,69.9086
2025,5215702,71.7786
2026,5215702,73.5764
2027,5215702,75.299
2028,5215702,76.9445
2029,5215702,78.5117
2030,5215702,80.0
2024,5215801,35.7229
2025,5215801,43.5742
2026,5215801,51.7616
2027,5215801,59.8554
2028,5215801,67.4453
2029,5215801,74.2183
2030,5215801,80.0
2024,5215900,80.0
2025,5215900,80.0
2026,5215900,80.0
2027,5215900,80.0
2028,5215900,80.0
2029,5215900,80.0
2030,5215900,80.0
2024,5216007,76.0398
2025,5216007,76.7355
2026,5216007,77.417
2027,5216007,78.0842
2028,5216007,78.7371
2029,5216007,79.3757
2030,5216007,80.0
2024,5216304,80.0
2025,5216304,80.0
2026,5216304,80.0
2027,5216304,80.0
2028,5216304,80.0
2029,5216304,80.0
2030,5216304,80.0
2024,5216403,64.8277
2025,5216403,67.713
2026,5216403,70.4693
2027,5216403,73.0839
2028,5216403,75.5474
2029,5216403,77.8536
2030,5216403,80.0
2024,5216452,77.972
2025,5216452,78.32
2026,5216452,78.664
2027,5216452,79.004
2028,5216452,79.34
2029,5216452,79.672
2030,5216452,80.0
2024,5216809,62.7135
2025,5216809,66.0234
2026,5216809,69.1838
2027,5216809,72.1742
2028,5216809,74.9793
2029,5216809,77.5895
2030,5216809,80.0
2024,5216908,80.0
2025,5216908,80.0
2026,5216908,80.0
2027,5216908,80.0
2028,5216908,80.0
2029,5216908,80.0
2030,5216908,80.0
2024,5217104,69.9003
2025,5217104,71.772
2026,5217104,73.5713
2027,5217104,75.2953
2028,5217104,76.9422
2029,5217104,78.5106
2030,5217104,80.0
2024,5217203,78.3792
2025,5217203,78.6558
2026,5217203,78.9298
2027,5217203,79.2012
2028,5217203,79.4701
2029,5217203,79.7363
2030,5217203,80.0
2024,5217302,74.0134
2025,5217302,75.0872
2026,5217302,76.131
2027,5217302,77.1444
2028,5217302,78.127
2029,5217302,79.0789
2030,5217302,80.0
2024,5217401,69.4035
2025,5217401,71.3735
2026,5217401,73.2655
2027,5217401,75.0761
2028,5217401,76.8029
2029,5217401,78.4444
2030,5217401,80.0
2024,5217609,67.8727
2025,5217609,70.1473
2026,5217609,72.3265
2027,5217609,74.4047
2028,5217609,76.3778
2029,5217609,78.2433
2030,5217609,80.0
2024,5217708,74.4059
2025,5217708,75.4056
2026,5217708,76.3786
2027,5217708,77.3247
2028,5217708,78.2436
2029,5217708,79.1354
2030,5217708,80.0
2024,5218003,56.3401
2025,5218003,60.91
2026,5218003,65.2962
2027,5218003,69.4371
2028,5218003,73.2861
2029,5218003,76.8123
2030,5218003,80.0
2024,5218052,80.0
2025,5218052,80.0
2026,5218052,80.0
2027,5218052,80.0
2028,5218052,80.0
2029,5218052,80.0
2030,5218052,80.0
2024,5218102,72.9882
2025,5218102,74.2576
2026,5218102,75.4874
2027,5218102,76.6769
2028,5218102,77.8257
2029,5218102,78.9334
2030,5218102,80.0
2024,5218300,76.7382
2025,5218300,77.3066
2026,5218300,77.8651
2027,5218300,78.4137
2028,5218300,78.9524
2029,5218300,79.4812
2030,5218300,80.0
2024,5218391,80.0
2025,5218391,80.0
2026,5218391,80.0
2027,5218391,80.0
2028,5218391,80.0
2029,5218391,80.0
2030,5218391,80.0
2024,5218508,69.0807
2025,5218508,71.1147
2026,5218508,73.0671
2027,5218508,74.934
2028,5218508,76.7127
2029,5218508,78.4016
2030,5218508,80.0
2024,5218607,70.1074
2025,5218607,71.9382
2026,5218607,73.6989
2027,5218607,75.3869
2028,5218607,77.0004
2029,5218607,78.5383
2030,5218607,80.0
2024,5218706,77.0756
2025,5218706,77.5831
2026,5218706,78.0826
2027,5218706,78.574
2028,5218706,79.0574
2029,5218706,79.5327
2030,5218706,80.0
2024,5218789,79.3669
2025,5218789,79.4735
2026,5218789,79.5796
2027,5218789,79.6853
2028,5218789,79.7906
2029,5218789,79.8955
2030,5218789,80.0
2024,5218805,80.0
2025,5218805,80.0
2026,5218805,80.0
2027,5218805,80.0
2028,5218805,80.0
2029,5218805,80.0
2030,5218805,80.0
2024,5218904,77.8957
2025,5218904,78.2572
2026,5218904,78.6143
2027,5218904,78.9672
2028,5218904,79.3157
2029,5218904,79.66
2030,5218904,80.0
2024,5219001,78.3707
2025,5219001,78.6488
2026,5219001,78.9243
2027,5219001,79.1971
2028,5219001,79.4673
2029,5219001,79.735
2030,5219001,80.0
2024,5219100,78.5321
2025,5219100,78.7821
2026,5219100,79.0299
2027,5219100,79.2757
2028,5219100,79.5192
2029,5219100,79.7607
2030,5219100,80.0
2024,5219209,73.7464
2025,5219209,74.8709
2026,5219209,75.963
2027,5219209,77.0221
2028,5219209,78.0481
2029,5219209,79.0408
2030,5219209,80.0
2024,5219258,77.3542
2025,5219258,77.8118
2026,5219258,78.2628
2027,5219258,78.7071
2028,5219258,79.1447
2029,5219258,79.5757
2030,5219258,80.0
2024,5219357,79.5634
2025,5219357,79.6367
2026,5219357,79.7097
2027,5219357,79.7826
2028,5219357,79.8553
2029,5219357,79.9277
2030,5219357,80.0
2024,5219407,78.932
2025,5219407,79.1129
2026,5219407,79.2926
2027,5219407,79.4712
2028,5219407,79.6486
2029,5219407,79.8249
2030,5219407,80.0
2024,5219456,80.0
2025,5219456,80.0
2026,5219456,80.0
2027,5219456,80.0
2028,5219456,80.0
2029,5219456,80.0
2030,5219456,80.0
2024,5219506,80.0
2025,5219506,80.0
2026,5219506,80.0
2027,5219506,80.0
2028,5219506,80.0
2029,5219506,80.0
2030,5219506,80.0
2024,5219605,80.0
2025,5219605,80.0
2026,5219605,80.0
2027,5219605,80.0
2028,5219605,80.0
2029,5219605,80.0
2030,5219605,80.0
2024,5219704,80.0
2025,5219704,80.0
2026,5219704,80.0
2027,5219704,80.0
2028,5219704,80.0
2029,5219704,80.0
2030,5219704,80.0
2024,5219712,80.0
2025,5219712,80.0
2026,5219712,80.0
2027,5219712,80.0
2028,5219712,80.0
2029,5219712,80.0
2030,5219712,80.0
2024,5219738,80.0
2025,5219738,80.0
2026,5219738,80.0
2027,5219738,80.0
2028,5219738,80.0
2029,5219738,80.0
2030,5219738,80.0
2024,5219753,49.0
2025,5219753,55.0
2026,5219753,61.0
2027,5219753,66.0
2028,5219753,71.0
2029,5219753,76.0
2030,5219753,80.0
2024,5219803,51.2387
2025,5219803,56.7669
2026,5219803,62.1316
2027,5219803,67.215
2028,5219803,71.9244
2029,5219803,76.1969
2030,5219803,80.0
2024,5219902,62.4311
2025,5219902,65.7976
2026,5219902,69.0122
2027,5219902,72.053
2028,5219902,74.9039
2029,5219902,77.5545
2030,5219902,80.0
2024,5220009,80.0
2025,5220009,80.0
2026,5220009,80.0
2027,5220009,80.0
2028,5220009,80.0
2029,5220009,80.0
2030,5220009,80.0
2024,5220058,80.0
2025,5220058,80.0
2026,5220058,80.0
2027,5220058,80.0
2028,5220058,80.0
2029,5220058,80.0
2030,5220058,80.0
2024,5220108,68.7
2025,5220108,70.8097
2026,5220108,72.8334
2027,5220108,74.7668
2028,5220108,76.6068
2029,5220108,78.3515
2030,5220108,80.0
2024,5220157,76.065
2025,5220157,76.7561
2026,5220157,77.4331
2027,5220157,78.096
2028,5220157,78.7448
2029,5220157,79.3795
2030,5220157,80.0
2024,5220207,80.0
2025,5220207,80.0
2026,5220207,80.0
2027,5220207,80.0
2028,5220207,80.0
2029,5220207,80.0
2030,5220207,80.0
2024,5220264,80.0
2025,5220264,80.0
2026,5220264,80.0
2027,5220264,80.0
2028,5220264,80.0
2029,5220264,80.0
2030,5220264,80.0
2024,5220280,80.0
2025,5220280,80.0
2026,5220280,80.0
2027,5220280,80.0
2028,5220280,80.0
2029,5220280,80.0
2030,5220280,80.0
2024,5220405,73.9049
2025,5220405,74.9993
2026,5220405,76.0627
2027,5220405,77.0947
2028,5220405,78.0949
2029,5220405,79.0634
2030,5220405,80.0
2024,5220454,53.6755
2025,5220454,58.7535
2026,5220454,63.6519
2027,5220454,68.2826
2028,5220454,72.5775
2029,5220454,76.4911
2030,5220454,80.0
2024,5220504,58.7032
2025,5220504,62.8115
2026,5220504,66.7427
2027,5220504,70.4538
2028,5220504,73.9126
2029,5220504,77.0982
2030,5220504,80.0
2024,5220603,80.0
2025,5220603,80.0
2026,5220603,80.0
2027,5220603,80.0
2028,5220603,80.0
2029,5220603,80.0
2030,5220603,80.0
2024,5220686,80.0
2025,5220686,80.0
2026,5220686,80.0
2027,5220686,80.0
2028,5220686,80.0
2029,5220686,80.0
2030,5220686,80.0
2024,5220702,61.3501
2025,5220702,64.9329
2026,5220702,68.355
2027,5220702,71.5892
2028,5220702,74.6156
2029,5220702,77.4213
2030,5220702,80.0
2024,5221007,71.2514
2025,5221007,72.8575
2026,5221007,74.4061
2027,5221007,75.8955
2028,5221007,77.3247
2029,5221007,78.693
2030,5221007,80.0
2024,5221080,60.667
2025,5221080,64.3861
2026,5221080,67.9394
2027,5221080,71.2962
2028,5221080,74.4339
2029,5221080,77.3375
2030,5221080,80.0
2024,5221197,61.5166
2025,5221197,65.0661
2026,5221197,68.4562
2027,5221197,71.6606
2028,5221197,74.6599
2029,5221197,77.4417
2030,5221197,80.0
2024,5221304,79.5378
2025,5221304,79.6154
2026,5221304,79.6927
2027,5221304,79.7699
2028,5221304,79.8468
2029,5221304,79.9235
2030,5221304,80.0
2024,5221403,68.5594
2025,5221403,70.697
2026,5221403,72.7471
2027,5221403,74.7051
2028,5221403,76.5677
2029,5221403,78.333
2030,5221403,80.0
2024,5221452,80.0
2025,5221452,80.0
2026,5221452,80.0
2027,5221452,80.0
2028,5221452,80.0
2029,5221452,80.0
2030,5221452,80.0
2024,5221502,73.7381
2025,5221502,74.8642
2026,5221502,75.9577
2027,5221502,77.0183
2028,5221502,78.0457
2029,5221502,79.0396
2030,5221502,80.0
2024,5221551,70.066
2025,5221551,71.9049
2026,5221551,73.6734
2027,5221551,75.3686
2028,5221551,76.9888
2029,5221551,78.5327
2030,5221551,80.0
2024,5221577,45.2361
2025,5221577,51.7934
2026,5221577,58.2896
2027,5221577,64.5102
2028,5221577,70.2762
2029,5221577,75.4617
2030,5221577,80.0
2024,5221601,71.0192
2025,5221601,72.6707
2026,5221601,74.2622
2027,5221601,75.7919
2028,5221601,77.2585
2029,5221601,78.6613
2030,5221601,80.0
2024,5221700,76.25
2025,5221700,76.9072
2026,5221700,77.5515
2027,5221700,78.183
2028,5221700,78.8016
2029,5221700,79.4073
2030,5221700,80.0
2024,5221809,78.3792
2025,5221809,78.6558
2026,5221809,78.9298
2027,5221809,79.2012
2028,5221809,79.4701
2029,5221809,79.7363
2030,5221809,80.0
2024,5221858,60.5586
2025,5221858,64.2993
2026,5221858,67.8735
2027,5221858,71.2498
2028,5221858,74.405
2029,5221858,77.3242
2030,5221858,80.0
2024,5221908,80.0
2025,5221908,80.0
2026,5221908,80.0
2027,5221908,80.0
2028,5221908,80.0
2029,5221908,80.0
2030,5221908,80.0
2024,5222005,80.0
2025,5222005,80.0
2026,5222005,80.0
2027,5222005,80.0
2028,5222005,80.0
2029,5222005,80.0
2030,5222005,80.0
2024,5222054,79.0
2025,5222054,79.0
2026,5222054,79.0
2027,5222054,79.0
2028,5222054,80.0
2029,5222054,80.0
2030,5222054,80.0
2024,5222203,80.0
2025,5222203,80.0
2026,5222203,80.0
2027,5222203,80.0
2028,5222203,80.0
2029,5222203,80.0
2030,5222203,80.0
2024,5222302,75.2929
2025,5222302,76.1266
2026,5222302,76.9407
2027,5222302,77.7351
2028,5222302,78.5098
2029,5222302,79.2648
2030,5222302,80.0
